{
"type": "FeatureCollection",
"name": "community-areas",
"crs": { "type": "name", "properties": { "name": "urn:ogc:def:crs:OGC:1.3:CRS84" } },
"xy_coordinate_resolution": 1e-05,
"features": [
{ "type": "Feature", "properties": { "id": 1, "name": "Rogers Park", "areaKm2": 4.758 }, "geometry": { "type": "MultiPolygon", "coordinates": [ [ [ [ -87.65574, 41.99818 ], [ -87.6558, 41.99821 ], [ -87.656, 41.99824 ], [ -87.6569, 41.99823 ], [ -87.65853, 41.99821 ], [ -87.65955, 41.9982 ], [ -87.6615, 41.99818 ], [ -87.66401, 41.99815 ], [ -87.66521, 41.99814 ], [ -87.66575, 41.99813 ], [ -87.66766, 41.99811 ], [ -87.67037, 41.99808 ], [ -87.67086, 41.99807 ], [ -87.67501, 41.99799 ], [ -87.67684, 41.99796 ], [ -87.6771, 41.99853 ], [ -87.67771, 41.99985 ], [ -87.67807, 42.00064 ], [ -87.67942, 42.00357 ], [ -87.67987, 42.00454 ], [ -87.68009, 42.00502 ], [ -87.68065, 42.00625 ], [ -87.68122, 42.00748 ], [ -87.68176, 42.00865 ], [ -87.68193, 42.00905 ], [ -87.68262, 42.011 ], [ -87.68292, 42.01186 ], [ -87.68303, 42.01214 ], [ -87.68318, 42.01261 ], [ -87.68373, 42.01416 ], [ -87.68404, 42.01503 ], [ -87.68415, 42.01539 ], [ -87.68418, 42.01553 ], [ -87.68428, 42.01638 ], [ -87.68448, 42.01811 ], [ -87.68457, 42.01887 ], [ -87.68465, 42.01948 ], [ -87.68268, 42.01947 ], [ -87.68066, 42.01945 ], [ -87.68024, 42.01944 ], [ -87.67728, 42.01943 ], [ -87.67708, 42.01941 ], [ -87.67647, 42.01941 ], [ -87.67607, 42.0194 ], [ -87.67568, 42.0194 ], [ -87.67398, 42.01939 ], [ -87.67312, 42.01939 ], [ -87.67624, 42.02193 ], [ -87.67665, 42.02246 ], [ -87.67706, 42.02304 ], [ -87.6707, 42.02299 ], [ -87.66513, 42.02295 ], [ -87.66527, 42.02275 ], [ -87.66527, 42.02262 ], [ -87.66517, 42.02247 ], [ -87.66505, 42.02236 ], [ -87.66479, 42.02222 ], [ -87.66475, 42.02209 ], [ -87.6647, 42.02203 ], [ -87.66463, 42.02187 ], [ -87.66465, 42.02179 ], [ -87.66472, 42.02173 ], [ -87.66465, 42.02161 ], [ -87.66453, 42.02149 ], [ -87.66427, 42.0213 ], [ -87.66419, 42.02125 ], [ -87.66401, 42.02133 ], [ -87.66386, 42.02073 ], [ -87.66387, 42.02068 ], [ -87.66381, 42.02045 ], [ -87.66374, 42.02039 ], [ -87.66375, 42.02035 ], [ -87.66393, 42.02032 ], [ -87.66388, 42.02018 ], [ -87.66401, 42.02018 ], [ -87.66385, 42.01966 ], [ -87.66393, 42.01964 ], [ -87.66388, 42.01952 ], [ -87.66364, 42.0195 ], [ -87.66364, 42.01937 ], [ -87.66383, 42.01936 ], [ -87.66387, 42.01933 ], [ -87.66387, 42.0192 ], [ -87.66397, 42.01919 ], [ -87.66398, 42.01908 ], [ -87.66393, 42.019 ], [ -87.66372, 42.01874 ], [ -87.66357, 42.01863 ], [ -87.66342, 42.01862 ], [ -87.66336, 42.01858 ], [ -87.66328, 42.01843 ], [ -87.66328, 42.01832 ], [ -87.66333, 42.0183 ], [ -87.66333, 42.01815 ], [ -87.66341, 42.01815 ], [ -87.66334, 42.01797 ], [ -87.66329, 42.01792 ], [ -87.66327, 42.01776 ], [ -87.66314, 42.01772 ], [ -87.66313, 42.01729 ], [ -87.66319, 42.01729 ], [ -87.66315, 42.01717 ], [ -87.66302, 42.01715 ], [ -87.66299, 42.01709 ], [ -87.66306, 42.01688 ], [ -87.66309, 42.01685 ], [ -87.66301, 42.01674 ], [ -87.66288, 42.0167 ], [ -87.66281, 42.01665 ], [ -87.66277, 42.01654 ], [ -87.66272, 42.01619 ], [ -87.66255, 42.01605 ], [ -87.66254, 42.01595 ], [ -87.66258, 42.01586 ], [ -87.66255, 42.0158 ], [ -87.66253, 42.01561 ], [ -87.66247, 42.01543 ], [ -87.66229, 42.01521 ], [ -87.66222, 42.01511 ], [ -87.66217, 42.01498 ], [ -87.66209, 42.01496 ], [ -87.66207, 42.01485 ], [ -87.66202, 42.01471 ], [ -87.662, 42.01458 ], [ -87.6619, 42.01443 ], [ -87.66178, 42.01404 ], [ -87.6617, 42.01397 ], [ -87.66157, 42.01373 ], [ -87.6615, 42.01347 ], [ -87.66152, 42.01341 ], [ -87.66162, 42.01332 ], [ -87.6615, 42.01312 ], [ -87.66133, 42.01295 ], [ -87.66125, 42.01277 ], [ -87.66119, 42.01277 ], [ -87.66118, 42.01259 ], [ -87.66105, 42.01238 ], [ -87.66094, 42.01224 ], [ -87.66094, 42.01221 ], [ -87.66107, 42.01217 ], [ -87.66103, 42.01205 ], [ -87.66079, 42.01175 ], [ -87.66064, 42.01162 ], [ -87.66038, 42.01145 ], [ -87.66015, 42.01124 ], [ -87.66014, 42.01122 ], [ -87.66028, 42.01116 ], [ -87.66012, 42.01098 ], [ -87.65922, 42.01024 ], [ -87.65902, 42.00998 ], [ -87.6589, 42.00985 ], [ -87.65889, 42.00978 ], [ -87.65895, 42.00976 ], [ -87.65884, 42.00975 ], [ -87.65879, 42.00971 ], [ -87.65866, 42.00954 ], [ -87.65841, 42.00931 ], [ -87.65831, 42.00924 ], [ -87.65812, 42.00905 ], [ -87.65781, 42.00874 ], [ -87.65752, 42.00845 ], [ -87.65734, 42.00832 ], [ -87.65718, 42.00817 ], [ -87.65698, 42.008 ], [ -87.65684, 42.00784 ], [ -87.65674, 42.00768 ], [ -87.65646, 42.00742 ], [ -87.65614, 42.00721 ], [ -87.65574, 42.00696 ], [ -87.65537, 42.00671 ], [ -87.6551, 42.00692 ], [ -87.65506, 42.0069 ], [ -87.65534, 42.00668 ], [ -87.65584, 42.00631 ], [ -87.65739, 42.00628 ], [ -87.65741, 42.0062 ], [ -87.65742, 42.00562 ], [ -87.65738, 42.00538 ], [ -87.65731, 42.00507 ], [ -87.65707, 42.00462 ], [ -87.65702, 42.00459 ], [ -87.65703, 42.00453 ], [ -87.65697, 42.00442 ], [ -87.65682, 42.00424 ], [ -87.65671, 42.00422 ], [ -87.65729, 42.00421 ], [ -87.65729, 42.00392 ], [ -87.65724, 42.00371 ], [ -87.65711, 42.00356 ], [ -87.65698, 42.0032 ], [ -87.65701, 42.00313 ], [ -87.65692, 42.00295 ], [ -87.65688, 42.00275 ], [ -87.6569, 42.0026 ], [ -87.65687, 42.00252 ], [ -87.65656, 42.00212 ], [ -87.65645, 42.00206 ], [ -87.6563, 42.00178 ], [ -87.65619, 42.0015 ], [ -87.65604, 42.00122 ], [ -87.65599, 42.0011 ], [ -87.65597, 42.00093 ], [ -87.65604, 42.00079 ], [ -87.65601, 42.00066 ], [ -87.65572, 41.99984 ], [ -87.65562, 41.99955 ], [ -87.65531, 41.99911 ], [ -87.65521, 41.99906 ], [ -87.65509, 41.9989 ], [ -87.65483, 41.9985 ], [ -87.6546, 41.99824 ], [ -87.65456, 41.99817 ], [ -87.65574, 41.99818 ] ] ] ] } },
{ "type": "Feature", "properties": { "id": 2, "name": "West Ridge", "areaKm2": 9.138 }, "geometry": { "type": "MultiPolygon", "coordinates": [ [ [ [ -87.68457, 42.01887 ], [ -87.68448, 42.01811 ], [ -87.68428, 42.01638 ], [ -87.68418, 42.01553 ], [ -87.68415, 42.01539 ], [ -87.68404, 42.01503 ], [ -87.68373, 42.01416 ], [ -87.68318, 42.01261 ], [ -87.68303, 42.01214 ], [ -87.68292, 42.01186 ], [ -87.68262, 42.011 ], [ -87.68193, 42.00905 ], [ -87.68176, 42.00865 ], [ -87.68122, 42.00748 ], [ -87.68065, 42.00625 ], [ -87.68009, 42.00502 ], [ -87.67987, 42.00454 ], [ -87.67942, 42.00357 ], [ -87.67807, 42.00064 ], [ -87.67771, 41.99985 ], [ -87.6771, 41.99853 ], [ -87.67684, 41.99796 ], [ -87.67501, 41.99799 ], [ -87.67501, 41.9979 ], [ -87.67492, 41.99504 ], [ -87.67489, 41.99424 ], [ -87.67483, 41.99208 ], [ -87.67485, 41.99076 ], [ -87.67676, 41.99072 ], [ -87.68051, 41.99066 ], [ -87.68685, 41.99055 ], [ -87.68807, 41.99052 ], [ -87.68967, 41.9905 ], [ -87.68961, 41.98881 ], [ -87.68954, 41.98658 ], [ -87.6895, 41.98527 ], [ -87.68948, 41.98466 ], [ -87.68946, 41.98407 ], [ -87.68946, 41.98344 ], [ -87.68945, 41.98317 ], [ -87.69144, 41.98316 ], [ -87.69371, 41.98315 ], [ -87.69446, 41.98315 ], [ -87.6968, 41.98313 ], [ -87.69727, 41.98313 ], [ -87.69852, 41.98312 ], [ -87.69971, 41.98312 ], [ -87.70053, 41.98311 ], [ -87.70234, 41.98311 ], [ -87.70506, 41.98309 ], [ -87.7069, 41.98308 ], [ -87.70702, 41.98354 ], [ -87.70719, 41.98398 ], [ -87.70726, 41.98428 ], [ -87.70732, 41.98445 ], [ -87.70739, 41.98459 ], [ -87.70744, 41.9848 ], [ -87.70751, 41.98495 ], [ -87.70751, 41.98517 ], [ -87.7077, 41.98564 ], [ -87.70782, 41.98603 ], [ -87.70783, 41.98614 ], [ -87.70788, 41.98635 ], [ -87.7078, 41.98638 ], [ -87.70777, 41.98649 ], [ -87.70785, 41.98647 ], [ -87.70794, 41.98652 ], [ -87.70816, 41.98704 ], [ -87.70821, 41.98725 ], [ -87.70822, 41.98735 ], [ -87.70828, 41.98748 ], [ -87.70827, 41.98754 ], [ -87.70834, 41.98778 ], [ -87.70836, 41.98789 ], [ -87.70847, 41.98819 ], [ -87.70852, 41.98842 ], [ -87.70848, 41.98849 ], [ -87.70859, 41.98867 ], [ -87.70869, 41.9889 ], [ -87.70877, 41.98928 ], [ -87.70883, 41.98944 ], [ -87.70886, 41.98945 ], [ -87.70891, 41.98975 ], [ -87.70898, 41.98996 ], [ -87.70898, 41.99008 ], [ -87.70908, 41.99035 ], [ -87.70937, 41.9913 ], [ -87.70938, 41.99141 ], [ -87.70952, 41.99161 ], [ -87.70958, 41.9919 ], [ -87.70974, 41.99242 ], [ -87.70982, 41.99273 ], [ -87.70985, 41.99281 ], [ -87.70998, 41.99334 ], [ -87.71016, 41.99402 ], [ -87.71019, 41.99424 ], [ -87.71024, 41.99449 ], [ -87.71032, 41.9948 ], [ -87.71041, 41.99529 ], [ -87.71051, 41.99583 ], [ -87.71062, 41.9967 ], [ -87.71064, 41.99701 ], [ -87.71063, 41.99702 ], [ -87.71067, 41.99737 ], [ -87.70945, 41.99739 ], [ -87.70948, 42.00117 ], [ -87.70948, 42.00452 ], [ -87.70932, 42.01054 ], [ -87.70919, 42.01167 ], [ -87.70918, 42.01195 ], [ -87.70901, 42.01913 ], [ -87.70849, 42.01915 ], [ -87.7045, 42.01923 ], [ -87.70414, 42.01923 ], [ -87.70213, 42.01927 ], [ -87.70016, 42.01931 ], [ -87.69878, 42.01935 ], [ -87.69736, 42.01938 ], [ -87.69345, 42.01946 ], [ -87.69209, 42.01949 ], [ -87.69044, 42.01952 ], [ -87.68999, 42.01953 ], [ -87.68912, 42.01953 ], [ -87.68838, 42.01952 ], [ -87.68629, 42.01951 ], [ -87.68465, 42.01948 ], [ -87.68457, 42.01887 ] ] ] ] } },
{ "type": "Feature", "properties": { "id": 3, "name": "Uptown", "areaKm2": 6.043 }, "geometry": { "type": "MultiPolygon", "coordinates": [ [ [ [ -87.644, 41.95465 ], [ -87.64431, 41.95466 ], [ -87.6451, 41.95464 ], [ -87.64929, 41.95457 ], [ -87.65131, 41.95454 ], [ -87.65254, 41.95452 ], [ -87.65334, 41.95451 ], [ -87.65568, 41.95447 ], [ -87.65659, 41.95445 ], [ -87.65747, 41.95445 ], [ -87.65982, 41.95441 ], [ -87.66132, 41.95439 ], [ -87.66225, 41.95438 ], [ -87.66288, 41.95538 ], [ -87.66371, 41.95673 ], [ -87.66405, 41.95728 ], [ -87.66434, 41.95775 ], [ -87.66447, 41.95796 ], [ -87.66464, 41.95833 ], [ -87.66485, 41.9588 ], [ -87.66519, 41.95963 ], [ -87.66558, 41.96065 ], [ -87.66591, 41.96147 ], [ -87.66595, 41.96163 ], [ -87.66848, 41.9616 ], [ -87.66981, 41.96158 ], [ -87.67015, 41.96158 ], [ -87.67398, 41.96153 ], [ -87.67402, 41.96325 ], [ -87.67408, 41.96507 ], [ -87.67408, 41.96526 ], [ -87.6741, 41.96634 ], [ -87.67419, 41.96918 ], [ -87.67421, 41.97004 ], [ -87.67419, 41.97025 ], [ -87.67424, 41.97168 ], [ -87.67425, 41.97189 ], [ -87.67429, 41.97327 ], [ -87.67434, 41.97346 ], [ -87.67435, 41.97422 ], [ -87.67438, 41.9751 ], [ -87.67441, 41.9761 ], [ -87.67079, 41.97615 ], [ -87.6686, 41.97619 ], [ -87.66803, 41.9762 ], [ -87.66457, 41.97625 ], [ -87.66295, 41.97628 ], [ -87.66132, 41.9763 ], [ -87.65294, 41.97643 ], [ -87.65186, 41.97644 ], [ -87.65126, 41.97646 ], [ -87.65107, 41.97648 ], [ -87.65082, 41.97652 ], [ -87.64978, 41.97679 ], [ -87.6494, 41.97685 ], [ -87.64912, 41.97684 ], [ -87.64904, 41.97681 ], [ -87.64896, 41.97696 ], [ -87.64886, 41.97704 ], [ -87.64729, 41.97775 ], [ -87.64712, 41.9777 ], [ -87.64682, 41.97756 ], [ -87.64669, 41.97747 ], [ -87.64614, 41.97784 ], [ -87.64611, 41.97781 ], [ -87.64666, 41.97744 ], [ -87.64648, 41.97723 ], [ -87.64639, 41.97705 ], [ -87.64636, 41.97684 ], [ -87.64626, 41.97347 ], [ -87.64623, 41.97322 ], [ -87.64618, 41.97298 ], [ -87.6461, 41.97274 ], [ -87.64601, 41.9725 ], [ -87.6458, 41.97208 ], [ -87.64557, 41.97166 ], [ -87.64532, 41.97125 ], [ -87.64503, 41.9708 ], [ -87.64495, 41.97071 ], [ -87.64465, 41.97032 ], [ -87.64424, 41.96983 ], [ -87.64397, 41.96954 ], [ -87.64367, 41.96924 ], [ -87.64315, 41.96877 ], [ -87.64263, 41.96835 ], [ -87.64274, 41.96827 ], [ -87.64301, 41.96849 ], [ -87.64327, 41.96831 ], [ -87.64297, 41.96806 ], [ -87.6428, 41.96805 ], [ -87.64262, 41.96817 ], [ -87.64267, 41.96822 ], [ -87.64256, 41.9683 ], [ -87.64197, 41.96783 ], [ -87.64153, 41.96752 ], [ -87.6407, 41.96704 ], [ -87.64049, 41.96692 ], [ -87.64012, 41.96683 ], [ -87.639, 41.96657 ], [ -87.63802, 41.96623 ], [ -87.63743, 41.96604 ], [ -87.63644, 41.96578 ], [ -87.63587, 41.96567 ], [ -87.63509, 41.96554 ], [ -87.63453, 41.96549 ], [ -87.6341, 41.96548 ], [ -87.63355, 41.96543 ], [ -87.63298, 41.96536 ], [ -87.63258, 41.96526 ], [ -87.63239, 41.96519 ], [ -87.63199, 41.96507 ], [ -87.63202, 41.96562 ], [ -87.63198, 41.96608 ], [ -87.63192, 41.96639 ], [ -87.63184, 41.96669 ], [ -87.63169, 41.96711 ], [ -87.63147, 41.96757 ], [ -87.6313, 41.96787 ], [ -87.631, 41.9683 ], [ -87.63097, 41.96838 ], [ -87.63097, 41.9685 ], [ -87.63106, 41.96866 ], [ -87.63123, 41.96876 ], [ -87.63139, 41.96879 ], [ -87.63154, 41.96878 ], [ -87.63168, 41.96874 ], [ -87.63182, 41.96863 ], [ -87.63188, 41.96855 ], [ -87.6319, 41.96843 ], [ -87.63187, 41.96832 ], [ -87.63175, 41.96819 ], [ -87.63182, 41.96815 ], [ -87.63192, 41.96825 ], [ -87.63198, 41.96841 ], [ -87.63197, 41.96854 ], [ -87.63187, 41.9687 ], [ -87.63168, 41.96881 ], [ -87.63146, 41.96886 ], [ -87.63123, 41.96883 ], [ -87.63101, 41.96872 ], [ -87.63092, 41.96862 ], [ -87.63087, 41.9685 ], [ -87.63087, 41.96841 ], [ -87.63091, 41.96829 ], [ -87.63117, 41.96793 ], [ -87.63143, 41.96748 ], [ -87.63157, 41.96717 ], [ -87.6317, 41.96685 ], [ -87.6318, 41.96653 ], [ -87.63189, 41.96608 ], [ -87.63193, 41.96562 ], [ -87.63193, 41.96546 ], [ -87.63191, 41.9651 ], [ -87.63184, 41.96465 ], [ -87.63181, 41.96449 ], [ -87.63167, 41.96404 ], [ -87.63141, 41.96387 ], [ -87.63122, 41.96368 ], [ -87.63111, 41.96353 ], [ -87.63104, 41.9634 ], [ -87.631, 41.96323 ], [ -87.63101, 41.96298 ], [ -87.63107, 41.96284 ], [ -87.63119, 41.96269 ], [ -87.63131, 41.96255 ], [ -87.63153, 41.96241 ], [ -87.63173, 41.96232 ], [ -87.63206, 41.96224 ], [ -87.63251, 41.96208 ], [ -87.63263, 41.96201 ], [ -87.63289, 41.96191 ], [ -87.63339, 41.96177 ], [ -87.63369, 41.96164 ], [ -87.63385, 41.96153 ], [ -87.63422, 41.96138 ], [ -87.63448, 41.96122 ], [ -87.63485, 41.96091 ], [ -87.63505, 41.96071 ], [ -87.63529, 41.96046 ], [ -87.63538, 41.96039 ], [ -87.63559, 41.9602 ], [ -87.63599, 41.9599 ], [ -87.63632, 41.9597 ], [ -87.63664, 41.95954 ], [ -87.6369, 41.95946 ], [ -87.63716, 41.95941 ], [ -87.63746, 41.95937 ], [ -87.63794, 41.95934 ], [ -87.63817, 41.95935 ], [ -87.63854, 41.95938 ], [ -87.63895, 41.95942 ], [ -87.63933, 41.9595 ], [ -87.63977, 41.95961 ], [ -87.6401, 41.95967 ], [ -87.6403, 41.95919 ], [ -87.64037, 41.95921 ], [ -87.64016, 41.95969 ], [ -87.64047, 41.95978 ], [ -87.64067, 41.95988 ], [ -87.6408, 41.95998 ], [ -87.64094, 41.96023 ], [ -87.64097, 41.96037 ], [ -87.64095, 41.96049 ], [ -87.64086, 41.96065 ], [ -87.64074, 41.96079 ], [ -87.64051, 41.96088 ], [ -87.64038, 41.9609 ], [ -87.64026, 41.96089 ], [ -87.64012, 41.96083 ], [ -87.63968, 41.96058 ], [ -87.63932, 41.9604 ], [ -87.63907, 41.96033 ], [ -87.63882, 41.96029 ], [ -87.63847, 41.96028 ], [ -87.63817, 41.96031 ], [ -87.63764, 41.9604 ], [ -87.63732, 41.96049 ], [ -87.63703, 41.9606 ], [ -87.63677, 41.96073 ], [ -87.63639, 41.96094 ], [ -87.63607, 41.96117 ], [ -87.63583, 41.96138 ], [ -87.63557, 41.96169 ], [ -87.63544, 41.96187 ], [ -87.63535, 41.96204 ], [ -87.63533, 41.96213 ], [ -87.63533, 41.96231 ], [ -87.63537, 41.96243 ], [ -87.63551, 41.96261 ], [ -87.63573, 41.96277 ], [ -87.63592, 41.96284 ], [ -87.63631, 41.96289 ], [ -87.63659, 41.96289 ], [ -87.63685, 41.96288 ], [ -87.63791, 41.96275 ], [ -87.63789, 41.96269 ], [ -87.63836, 41.96264 ], [ -87.63838, 41.9627 ], [ -87.63957, 41.96254 ], [ -87.64005, 41.96249 ], [ -87.64119, 41.96235 ], [ -87.64146, 41.96229 ], [ -87.64164, 41.96222 ], [ -87.64185, 41.9621 ], [ -87.64206, 41.96191 ], [ -87.64217, 41.96176 ], [ -87.64228, 41.96152 ], [ -87.6423, 41.96137 ], [ -87.64228, 41.96119 ], [ -87.6422, 41.96096 ], [ -87.64195, 41.96068 ], [ -87.64167, 41.96044 ], [ -87.6416, 41.96035 ], [ -87.64153, 41.96018 ], [ -87.64152, 41.96009 ], [ -87.64161, 41.9594 ], [ -87.64161, 41.95939 ], [ -87.64102, 41.95935 ], [ -87.64103, 41.9593 ], [ -87.64163, 41.95933 ], [ -87.64167, 41.95909 ], [ -87.64175, 41.95836 ], [ -87.6417, 41.95814 ], [ -87.64162, 41.95784 ], [ -87.64154, 41.9574 ], [ -87.64153, 41.95715 ], [ -87.64142, 41.95659 ], [ -87.64135, 41.95629 ], [ -87.64129, 41.95586 ], [ -87.64123, 41.95564 ], [ -87.64113, 41.95518 ], [ -87.64102, 41.9548 ], [ -87.644, 41.95465 ] ] ] ] } },
{ "type": "Feature", "properties": { "id": 4, "name": "Lincoln Square", "areaKm2": 6.623 }, "geometry": { "type": "MultiPolygon", "coordinates": [ [ [ [ -87.67438, 41.9751 ], [ -87.67435, 41.97422 ], [ -87.67434, 41.97346 ], [ -87.67429, 41.97327 ], [ -87.67425, 41.97189 ], [ -87.67424, 41.97168 ], [ -87.67419, 41.97025 ], [ -87.67421, 41.97004 ], [ -87.67419, 41.96918 ], [ -87.6741, 41.96634 ], [ -87.67408, 41.96526 ], [ -87.67408, 41.96507 ], [ -87.67402, 41.96325 ], [ -87.67398, 41.96153 ], [ -87.67491, 41.96151 ], [ -87.67736, 41.96147 ], [ -87.67861, 41.96146 ], [ -87.68093, 41.96143 ], [ -87.68315, 41.9614 ], [ -87.68433, 41.96138 ], [ -87.68643, 41.96134 ], [ -87.68893, 41.96131 ], [ -87.69086, 41.9613 ], [ -87.69475, 41.96127 ], [ -87.69485, 41.96148 ], [ -87.69493, 41.96173 ], [ -87.69501, 41.9619 ], [ -87.69507, 41.96199 ], [ -87.69509, 41.96209 ], [ -87.69516, 41.96217 ], [ -87.69524, 41.96234 ], [ -87.6953, 41.96254 ], [ -87.69548, 41.96293 ], [ -87.69562, 41.96318 ], [ -87.69578, 41.96337 ], [ -87.69597, 41.96356 ], [ -87.69605, 41.96368 ], [ -87.69642, 41.96404 ], [ -87.69667, 41.96429 ], [ -87.69693, 41.96457 ], [ -87.69704, 41.96472 ], [ -87.69729, 41.96491 ], [ -87.69751, 41.96511 ], [ -87.69793, 41.96553 ], [ -87.69831, 41.96589 ], [ -87.69847, 41.96608 ], [ -87.69902, 41.96662 ], [ -87.69911, 41.96673 ], [ -87.69949, 41.96708 ], [ -87.69956, 41.96718 ], [ -87.6998, 41.96738 ], [ -87.69987, 41.96747 ], [ -87.70011, 41.96765 ], [ -87.70049, 41.968 ], [ -87.70073, 41.96825 ], [ -87.70091, 41.96837 ], [ -87.70108, 41.96852 ], [ -87.70144, 41.96894 ], [ -87.70145, 41.96906 ], [ -87.70154, 41.9692 ], [ -87.70179, 41.96946 ], [ -87.70188, 41.96954 ], [ -87.70202, 41.96962 ], [ -87.70224, 41.96986 ], [ -87.70256, 41.97023 ], [ -87.70278, 41.97053 ], [ -87.7028, 41.97058 ], [ -87.70306, 41.97098 ], [ -87.70309, 41.97105 ], [ -87.70322, 41.97124 ], [ -87.70357, 41.97195 ], [ -87.70366, 41.97234 ], [ -87.70376, 41.97268 ], [ -87.70382, 41.97305 ], [ -87.70386, 41.97316 ], [ -87.70393, 41.97328 ], [ -87.70404, 41.97355 ], [ -87.70421, 41.97401 ], [ -87.70434, 41.97444 ], [ -87.70439, 41.97469 ], [ -87.70446, 41.97486 ], [ -87.70449, 41.97503 ], [ -87.70449, 41.9752 ], [ -87.70459, 41.97537 ], [ -87.70464, 41.97561 ], [ -87.70471, 41.9757 ], [ -87.70473, 41.97585 ], [ -87.70483, 41.97614 ], [ -87.70481, 41.9762 ], [ -87.70487, 41.97645 ], [ -87.70493, 41.97657 ], [ -87.70496, 41.97673 ], [ -87.70506, 41.97706 ], [ -87.70517, 41.9774 ], [ -87.70519, 41.97744 ], [ -87.70523, 41.97762 ], [ -87.70534, 41.97805 ], [ -87.70536, 41.97818 ], [ -87.70542, 41.9784 ], [ -87.70551, 41.97865 ], [ -87.70565, 41.97899 ], [ -87.70571, 41.97921 ], [ -87.70576, 41.97933 ], [ -87.70591, 41.97983 ], [ -87.70596, 41.97992 ], [ -87.70601, 41.98019 ], [ -87.70608, 41.98045 ], [ -87.7062, 41.98071 ], [ -87.70625, 41.98095 ], [ -87.7063, 41.98103 ], [ -87.70636, 41.98119 ], [ -87.70649, 41.98165 ], [ -87.7065, 41.98176 ], [ -87.70659, 41.98199 ], [ -87.70666, 41.98213 ], [ -87.70672, 41.98244 ], [ -87.70682, 41.98274 ], [ -87.7069, 41.98308 ], [ -87.70506, 41.98309 ], [ -87.70234, 41.98311 ], [ -87.70053, 41.98311 ], [ -87.69971, 41.98312 ], [ -87.69852, 41.98312 ], [ -87.69727, 41.98313 ], [ -87.6968, 41.98313 ], [ -87.69446, 41.98315 ], [ -87.69371, 41.98315 ], [ -87.69144, 41.98316 ], [ -87.68945, 41.98317 ], [ -87.68946, 41.98344 ], [ -87.68946, 41.98407 ], [ -87.68948, 41.98466 ], [ -87.6895, 41.98527 ], [ -87.68954, 41.98658 ], [ -87.68961, 41.98881 ], [ -87.68967, 41.9905 ], [ -87.68807, 41.99052 ], [ -87.68685, 41.99055 ], [ -87.68051, 41.99066 ], [ -87.67676, 41.99072 ], [ -87.67485, 41.99076 ], [ -87.67471, 41.99076 ], [ -87.67465, 41.98852 ], [ -87.67462, 41.98732 ], [ -87.6746, 41.98679 ], [ -87.67469, 41.9866 ], [ -87.6747, 41.98653 ], [ -87.67464, 41.9844 ], [ -87.67461, 41.98347 ], [ -87.67461, 41.98326 ], [ -87.67459, 41.98237 ], [ -87.67456, 41.98148 ], [ -87.67451, 41.97981 ], [ -87.67442, 41.97968 ], [ -87.67437, 41.97808 ], [ -87.67437, 41.97801 ], [ -87.67445, 41.9779 ], [ -87.67446, 41.97782 ], [ -87.67442, 41.97644 ], [ -87.67441, 41.9761 ], [ -87.67438, 41.9751 ] ] ] ] } },
{ "type": "Feature", "properties": { "id": 5, "name": "North Center", "areaKm2": 5.296 }, "geometry": { "type": "MultiPolygon", "coordinates": [ [ [ [ -87.67594, 41.93231 ], [ -87.68042, 41.93226 ], [ -87.68233, 41.93224 ], [ -87.68284, 41.93223 ], [ -87.68284, 41.93233 ], [ -87.68306, 41.93276 ], [ -87.68341, 41.93334 ], [ -87.68343, 41.9334 ], [ -87.68353, 41.93344 ], [ -87.68398, 41.93355 ], [ -87.68409, 41.93356 ], [ -87.68427, 41.93362 ], [ -87.68455, 41.93364 ], [ -87.68466, 41.93367 ], [ -87.68493, 41.93367 ], [ -87.68506, 41.93369 ], [ -87.68526, 41.93379 ], [ -87.68549, 41.9338 ], [ -87.68567, 41.9339 ], [ -87.68588, 41.93401 ], [ -87.68597, 41.93403 ], [ -87.6866, 41.93467 ], [ -87.68683, 41.93491 ], [ -87.68683, 41.93496 ], [ -87.68692, 41.93513 ], [ -87.68703, 41.93527 ], [ -87.6874, 41.93562 ], [ -87.68747, 41.9357 ], [ -87.68767, 41.9359 ], [ -87.68787, 41.93604 ], [ -87.68799, 41.9361 ], [ -87.68815, 41.9362 ], [ -87.68849, 41.93643 ], [ -87.6886, 41.93646 ], [ -87.68878, 41.93649 ], [ -87.68925, 41.93652 ], [ -87.68993, 41.93661 ], [ -87.69007, 41.93665 ], [ -87.69041, 41.9369 ], [ -87.69072, 41.9374 ], [ -87.69078, 41.93754 ], [ -87.69087, 41.93785 ], [ -87.69106, 41.93824 ], [ -87.69132, 41.93859 ], [ -87.69143, 41.9387 ], [ -87.69149, 41.93879 ], [ -87.69167, 41.93892 ], [ -87.6919, 41.939 ], [ -87.69219, 41.93915 ], [ -87.69234, 41.93922 ], [ -87.69243, 41.9393 ], [ -87.69244, 41.93938 ], [ -87.69266, 41.93946 ], [ -87.69279, 41.93952 ], [ -87.69286, 41.9396 ], [ -87.69306, 41.93978 ], [ -87.69331, 41.93993 ], [ -87.69363, 41.94026 ], [ -87.69367, 41.94036 ], [ -87.69379, 41.94051 ], [ -87.69387, 41.94069 ], [ -87.69395, 41.94079 ], [ -87.69408, 41.94102 ], [ -87.69418, 41.94112 ], [ -87.69431, 41.94134 ], [ -87.69446, 41.94151 ], [ -87.69459, 41.9417 ], [ -87.69491, 41.94218 ], [ -87.695, 41.94234 ], [ -87.69528, 41.94277 ], [ -87.6954, 41.9431 ], [ -87.69545, 41.94331 ], [ -87.69548, 41.94358 ], [ -87.69619, 41.94657 ], [ -87.6962, 41.9467 ], [ -87.69622, 41.94702 ], [ -87.69632, 41.94742 ], [ -87.69634, 41.94761 ], [ -87.69637, 41.94774 ], [ -87.69647, 41.94795 ], [ -87.69657, 41.94839 ], [ -87.69664, 41.94875 ], [ -87.69668, 41.94891 ], [ -87.6968, 41.9496 ], [ -87.69683, 41.94969 ], [ -87.69686, 41.95001 ], [ -87.69684, 41.95024 ], [ -87.69679, 41.95039 ], [ -87.69654, 41.95085 ], [ -87.6964, 41.95102 ], [ -87.69621, 41.95135 ], [ -87.69615, 41.95149 ], [ -87.69597, 41.95183 ], [ -87.69592, 41.9519 ], [ -87.69579, 41.95216 ], [ -87.69566, 41.95235 ], [ -87.6955, 41.95261 ], [ -87.6954, 41.95271 ], [ -87.69507, 41.95311 ], [ -87.69465, 41.95368 ], [ -87.69458, 41.95381 ], [ -87.69455, 41.95392 ], [ -87.69449, 41.95434 ], [ -87.69448, 41.95452 ], [ -87.69444, 41.95466 ], [ -87.69444, 41.95502 ], [ -87.69447, 41.95505 ], [ -87.69447, 41.95537 ], [ -87.69443, 41.95552 ], [ -87.69439, 41.95588 ], [ -87.69439, 41.95638 ], [ -87.69437, 41.95654 ], [ -87.69437, 41.95681 ], [ -87.69427, 41.95685 ], [ -87.69427, 41.95703 ], [ -87.69438, 41.95706 ], [ -87.69438, 41.95742 ], [ -87.69434, 41.95772 ], [ -87.69435, 41.95789 ], [ -87.6944, 41.95807 ], [ -87.69444, 41.95851 ], [ -87.69458, 41.9592 ], [ -87.6946, 41.95939 ], [ -87.69459, 41.95964 ], [ -87.69466, 41.96006 ], [ -87.69468, 41.96037 ], [ -87.69467, 41.96056 ], [ -87.69469, 41.96077 ], [ -87.6947, 41.9611 ], [ -87.69475, 41.96127 ], [ -87.69086, 41.9613 ], [ -87.68893, 41.96131 ], [ -87.68643, 41.96134 ], [ -87.68433, 41.96138 ], [ -87.68315, 41.9614 ], [ -87.68093, 41.96143 ], [ -87.67861, 41.96146 ], [ -87.67736, 41.96147 ], [ -87.67491, 41.96151 ], [ -87.67398, 41.96153 ], [ -87.67393, 41.95984 ], [ -87.67392, 41.95958 ], [ -87.67388, 41.95796 ], [ -87.67389, 41.9578 ], [ -87.67389, 41.95765 ], [ -87.67384, 41.95598 ], [ -87.67379, 41.95436 ], [ -87.6738, 41.95408 ], [ -87.67375, 41.95253 ], [ -87.67375, 41.95233 ], [ -87.67371, 41.95068 ], [ -87.67372, 41.95048 ], [ -87.67368, 41.94883 ], [ -87.67365, 41.94846 ], [ -87.67361, 41.94716 ], [ -87.67372, 41.94693 ], [ -87.67365, 41.94646 ], [ -87.67365, 41.94612 ], [ -87.67363, 41.94538 ], [ -87.67357, 41.94371 ], [ -87.67357, 41.94342 ], [ -87.67355, 41.94299 ], [ -87.67353, 41.94211 ], [ -87.6735, 41.94086 ], [ -87.67345, 41.94023 ], [ -87.67344, 41.9398 ], [ -87.67344, 41.93943 ], [ -87.67342, 41.93894 ], [ -87.67341, 41.93805 ], [ -87.67338, 41.93711 ], [ -87.67335, 41.93599 ], [ -87.67347, 41.93599 ], [ -87.67338, 41.9334 ], [ -87.67336, 41.93234 ], [ -87.67594, 41.93231 ] ] ] ] } },
{ "type": "Feature", "properties": { "id": 6, "name": "Lake View", "areaKm2": 8.096 }, "geometry": { "type": "MultiPolygon", "coordinates": [ [ [ [ -87.64085, 41.95425 ], [ -87.64078, 41.95418 ], [ -87.64067, 41.95389 ], [ -87.64059, 41.95361 ], [ -87.64049, 41.9536 ], [ -87.64033, 41.95315 ], [ -87.64022, 41.95289 ], [ -87.64003, 41.95247 ], [ -87.63984, 41.95202 ], [ -87.63958, 41.95145 ], [ -87.63952, 41.95134 ], [ -87.6392, 41.95062 ], [ -87.63889, 41.94999 ], [ -87.63864, 41.94943 ], [ -87.63845, 41.94904 ], [ -87.63814, 41.94847 ], [ -87.63791, 41.94801 ], [ -87.63755, 41.94743 ], [ -87.63738, 41.94721 ], [ -87.63708, 41.94682 ], [ -87.63688, 41.94656 ], [ -87.63649, 41.94608 ], [ -87.63625, 41.94576 ], [ -87.63584, 41.94531 ], [ -87.63559, 41.94505 ], [ -87.6355, 41.94495 ], [ -87.63515, 41.94458 ], [ -87.63506, 41.94448 ], [ -87.63471, 41.94414 ], [ -87.63362, 41.94315 ], [ -87.6334, 41.94296 ], [ -87.63316, 41.94274 ], [ -87.63305, 41.94262 ], [ -87.633, 41.94248 ], [ -87.63303, 41.94233 ], [ -87.63315, 41.94221 ], [ -87.63337, 41.94215 ], [ -87.63345, 41.94214 ], [ -87.63364, 41.94218 ], [ -87.63384, 41.94232 ], [ -87.63388, 41.94239 ], [ -87.63398, 41.9427 ], [ -87.63406, 41.94291 ], [ -87.63427, 41.94311 ], [ -87.63449, 41.94319 ], [ -87.63469, 41.94321 ], [ -87.6349, 41.94316 ], [ -87.63502, 41.94311 ], [ -87.63516, 41.94301 ], [ -87.63536, 41.94292 ], [ -87.63548, 41.9429 ], [ -87.63573, 41.94291 ], [ -87.6359, 41.94297 ], [ -87.63607, 41.9431 ], [ -87.63618, 41.94324 ], [ -87.63658, 41.94409 ], [ -87.63696, 41.9449 ], [ -87.63682, 41.94505 ], [ -87.63731, 41.94575 ], [ -87.63742, 41.94582 ], [ -87.6381, 41.94603 ], [ -87.6387, 41.9462 ], [ -87.63868, 41.94624 ], [ -87.63889, 41.94631 ], [ -87.63914, 41.94633 ], [ -87.63964, 41.94633 ], [ -87.63979, 41.94636 ], [ -87.63997, 41.94645 ], [ -87.64002, 41.9464 ], [ -87.64026, 41.94652 ], [ -87.6401, 41.94672 ], [ -87.6402, 41.94676 ], [ -87.64027, 41.9467 ], [ -87.64041, 41.94683 ], [ -87.64078, 41.9473 ], [ -87.64089, 41.94743 ], [ -87.64103, 41.94755 ], [ -87.64121, 41.94767 ], [ -87.64143, 41.94781 ], [ -87.64166, 41.94792 ], [ -87.64187, 41.948 ], [ -87.64201, 41.94801 ], [ -87.64211, 41.94797 ], [ -87.64213, 41.94786 ], [ -87.64202, 41.94768 ], [ -87.64189, 41.94753 ], [ -87.64163, 41.94728 ], [ -87.64136, 41.94704 ], [ -87.64064, 41.94646 ], [ -87.64033, 41.94618 ], [ -87.6401, 41.94601 ], [ -87.64003, 41.94591 ], [ -87.64004, 41.94577 ], [ -87.6402, 41.94552 ], [ -87.64012, 41.94538 ], [ -87.6402, 41.94529 ], [ -87.64041, 41.94524 ], [ -87.6405, 41.94506 ], [ -87.6405, 41.94496 ], [ -87.64046, 41.94483 ], [ -87.64037, 41.94471 ], [ -87.63959, 41.9436 ], [ -87.63933, 41.94352 ], [ -87.63911, 41.94337 ], [ -87.63897, 41.94325 ], [ -87.63885, 41.94311 ], [ -87.63867, 41.94286 ], [ -87.63858, 41.94268 ], [ -87.63851, 41.94251 ], [ -87.63843, 41.94212 ], [ -87.6384, 41.94178 ], [ -87.6384, 41.94143 ], [ -87.63835, 41.94129 ], [ -87.63826, 41.94114 ], [ -87.63803, 41.94087 ], [ -87.63754, 41.94028 ], [ -87.63753, 41.94029 ], [ -87.63712, 41.93983 ], [ -87.63704, 41.93981 ], [ -87.63695, 41.94026 ], [ -87.63673, 41.94023 ], [ -87.63682, 41.93976 ], [ -87.63668, 41.93974 ], [ -87.63631, 41.93974 ], [ -87.63584, 41.93978 ], [ -87.6358, 41.93961 ], [ -87.6355, 41.93971 ], [ -87.63531, 41.93984 ], [ -87.63517, 41.93995 ], [ -87.63499, 41.94015 ], [ -87.63478, 41.94069 ], [ -87.63517, 41.94071 ], [ -87.63515, 41.94086 ], [ -87.6351, 41.94085 ], [ -87.63511, 41.94075 ], [ -87.63478, 41.94073 ], [ -87.63473, 41.94099 ], [ -87.6347, 41.94141 ], [ -87.6346, 41.94154 ], [ -87.63445, 41.94159 ], [ -87.63445, 41.94186 ], [ -87.63434, 41.94186 ], [ -87.63433, 41.94173 ], [ -87.63412, 41.9417 ], [ -87.634, 41.94162 ], [ -87.6339, 41.9415 ], [ -87.63385, 41.94134 ], [ -87.63386, 41.9411 ], [ -87.63388, 41.94073 ], [ -87.63386, 41.94038 ], [ -87.63373, 41.94002 ], [ -87.6337, 41.93985 ], [ -87.63355, 41.93936 ], [ -87.63343, 41.93904 ], [ -87.63317, 41.93843 ], [ -87.63299, 41.93808 ], [ -87.63275, 41.93782 ], [ -87.63237, 41.93738 ], [ -87.63229, 41.93724 ], [ -87.63243, 41.93718 ], [ -87.63233, 41.937 ], [ -87.63224, 41.9367 ], [ -87.63219, 41.93648 ], [ -87.63221, 41.93639 ], [ -87.63217, 41.93614 ], [ -87.6321, 41.93584 ], [ -87.63203, 41.93569 ], [ -87.63196, 41.9356 ], [ -87.63192, 41.93548 ], [ -87.63187, 41.93545 ], [ -87.63172, 41.93519 ], [ -87.63165, 41.93512 ], [ -87.63145, 41.93481 ], [ -87.63094, 41.93421 ], [ -87.63071, 41.93391 ], [ -87.6305, 41.93375 ], [ -87.63044, 41.93367 ], [ -87.63042, 41.9335 ], [ -87.63047, 41.93333 ], [ -87.63053, 41.93321 ], [ -87.63061, 41.93316 ], [ -87.63071, 41.93306 ], [ -87.63071, 41.93252 ], [ -87.63076, 41.93257 ], [ -87.63077, 41.93303 ], [ -87.63091, 41.93298 ], [ -87.63138, 41.93297 ], [ -87.63138, 41.9328 ], [ -87.6314, 41.93269 ], [ -87.63144, 41.93264 ], [ -87.6316, 41.93258 ], [ -87.63182, 41.93258 ], [ -87.632, 41.9326 ], [ -87.63225, 41.93259 ], [ -87.63244, 41.93259 ], [ -87.63256, 41.93263 ], [ -87.63282, 41.93293 ], [ -87.63393, 41.93291 ], [ -87.63393, 41.93301 ], [ -87.63424, 41.93299 ], [ -87.63447, 41.93292 ], [ -87.63472, 41.9328 ], [ -87.63624, 41.93285 ], [ -87.63675, 41.93289 ], [ -87.63735, 41.93293 ], [ -87.63809, 41.93293 ], [ -87.64006, 41.9329 ], [ -87.64171, 41.93286 ], [ -87.64228, 41.93285 ], [ -87.64714, 41.93276 ], [ -87.64865, 41.93273 ], [ -87.64987, 41.9327 ], [ -87.65094, 41.93269 ], [ -87.65341, 41.93265 ], [ -87.65472, 41.93262 ], [ -87.65717, 41.93258 ], [ -87.65951, 41.93254 ], [ -87.66043, 41.93253 ], [ -87.66336, 41.93248 ], [ -87.66608, 41.93244 ], [ -87.66707, 41.93242 ], [ -87.66779, 41.93241 ], [ -87.67035, 41.93238 ], [ -87.67131, 41.93237 ], [ -87.67336, 41.93234 ], [ -87.67338, 41.9334 ], [ -87.67347, 41.93599 ], [ -87.67335, 41.93599 ], [ -87.67338, 41.93711 ], [ -87.67341, 41.93805 ], [ -87.67342, 41.93894 ], [ -87.67344, 41.93943 ], [ -87.67344, 41.9398 ], [ -87.67345, 41.94023 ], [ -87.6735, 41.94086 ], [ -87.67353, 41.94211 ], [ -87.67355, 41.94299 ], [ -87.67357, 41.94342 ], [ -87.67357, 41.94371 ], [ -87.67363, 41.94538 ], [ -87.67365, 41.94612 ], [ -87.67365, 41.94646 ], [ -87.67372, 41.94693 ], [ -87.67361, 41.94716 ], [ -87.67365, 41.94846 ], [ -87.67368, 41.94883 ], [ -87.67372, 41.95048 ], [ -87.67371, 41.95068 ], [ -87.67375, 41.95233 ], [ -87.67375, 41.95253 ], [ -87.6738, 41.95408 ], [ -87.67379, 41.95436 ], [ -87.67384, 41.95598 ], [ -87.67389, 41.95765 ], [ -87.67389, 41.9578 ], [ -87.67388, 41.95796 ], [ -87.67392, 41.95958 ], [ -87.67393, 41.95984 ], [ -87.67398, 41.96153 ], [ -87.67015, 41.96158 ], [ -87.66981, 41.96158 ], [ -87.66848, 41.9616 ], [ -87.66595, 41.96163 ], [ -87.66591, 41.96147 ], [ -87.66558, 41.96065 ], [ -87.66519, 41.95963 ], [ -87.66485, 41.9588 ], [ -87.66464, 41.95833 ], [ -87.66447, 41.95796 ], [ -87.66434, 41.95775 ], [ -87.66405, 41.95728 ], [ -87.66371, 41.95673 ], [ -87.66288, 41.95538 ], [ -87.66225, 41.95438 ], [ -87.66132, 41.95439 ], [ -87.65982, 41.95441 ], [ -87.65747, 41.95445 ], [ -87.65659, 41.95445 ], [ -87.65568, 41.95447 ], [ -87.65334, 41.95451 ], [ -87.65254, 41.95452 ], [ -87.65131, 41.95454 ], [ -87.64929, 41.95457 ], [ -87.6451, 41.95464 ], [ -87.64431, 41.95466 ], [ -87.644, 41.95465 ], [ -87.64102, 41.9548 ], [ -87.64085, 41.95425 ] ] ] ] } },
{ "type": "Feature", "properties": { "id": 7, "name": "Lincoln Park", "areaKm2": 8.199 }, "geometry": { "type": "MultiPolygon", "coordinates": [ [ [ [ -87.63182, 41.93244 ], [ -87.63154, 41.93244 ], [ -87.63128, 41.93242 ], [ -87.63115, 41.93258 ], [ -87.63107, 41.93259 ], [ -87.63124, 41.93239 ], [ -87.631, 41.93227 ], [ -87.63085, 41.93217 ], [ -87.63074, 41.93198 ], [ -87.63069, 41.93187 ], [ -87.63067, 41.93177 ], [ -87.6307, 41.9316 ], [ -87.63079, 41.93139 ], [ -87.63086, 41.93115 ], [ -87.63095, 41.93081 ], [ -87.63097, 41.93069 ], [ -87.631, 41.93041 ], [ -87.63101, 41.93008 ], [ -87.63096, 41.92964 ], [ -87.63091, 41.92932 ], [ -87.63083, 41.92901 ], [ -87.63075, 41.92882 ], [ -87.63069, 41.9286 ], [ -87.63049, 41.92822 ], [ -87.6304, 41.92808 ], [ -87.63061, 41.928 ], [ -87.63052, 41.92786 ], [ -87.63033, 41.92763 ], [ -87.63014, 41.92744 ], [ -87.63003, 41.92734 ], [ -87.62979, 41.92708 ], [ -87.62964, 41.9268 ], [ -87.6296, 41.92658 ], [ -87.6296, 41.92635 ], [ -87.62963, 41.92622 ], [ -87.62971, 41.92609 ], [ -87.62988, 41.92616 ], [ -87.63018, 41.92589 ], [ -87.63027, 41.92575 ], [ -87.63027, 41.92543 ], [ -87.63023, 41.92499 ], [ -87.63019, 41.92468 ], [ -87.63012, 41.9243 ], [ -87.63008, 41.92415 ], [ -87.63008, 41.92404 ], [ -87.62994, 41.92355 ], [ -87.6299, 41.92348 ], [ -87.62971, 41.9233 ], [ -87.62958, 41.9232 ], [ -87.62927, 41.923 ], [ -87.629, 41.92275 ], [ -87.62838, 41.92312 ], [ -87.62834, 41.92307 ], [ -87.62927, 41.92252 ], [ -87.6293, 41.92255 ], [ -87.62949, 41.92244 ], [ -87.62943, 41.92229 ], [ -87.62926, 41.92204 ], [ -87.62899, 41.92169 ], [ -87.6289, 41.9216 ], [ -87.62885, 41.92148 ], [ -87.62868, 41.92129 ], [ -87.62854, 41.92103 ], [ -87.62776, 41.9214 ], [ -87.6277, 41.92136 ], [ -87.62876, 41.92086 ], [ -87.62879, 41.92089 ], [ -87.62893, 41.92082 ], [ -87.62892, 41.92073 ], [ -87.62878, 41.92049 ], [ -87.62868, 41.92029 ], [ -87.62856, 41.92012 ], [ -87.62843, 41.91998 ], [ -87.62823, 41.91983 ], [ -87.628, 41.91957 ], [ -87.62796, 41.9195 ], [ -87.62735, 41.9198 ], [ -87.62733, 41.91975 ], [ -87.62837, 41.91924 ], [ -87.62844, 41.91924 ], [ -87.62841, 41.91914 ], [ -87.62829, 41.91902 ], [ -87.62815, 41.9188 ], [ -87.62789, 41.91853 ], [ -87.62779, 41.91844 ], [ -87.62749, 41.91822 ], [ -87.62735, 41.918 ], [ -87.62683, 41.9183 ], [ -87.6268, 41.91825 ], [ -87.62786, 41.91764 ], [ -87.62791, 41.9176 ], [ -87.62758, 41.91721 ], [ -87.62735, 41.91706 ], [ -87.62708, 41.91684 ], [ -87.62693, 41.91669 ], [ -87.62685, 41.91656 ], [ -87.62671, 41.91644 ], [ -87.62609, 41.91684 ], [ -87.62604, 41.91679 ], [ -87.62681, 41.91629 ], [ -87.62663, 41.91613 ], [ -87.62629, 41.91576 ], [ -87.62609, 41.91563 ], [ -87.62592, 41.91559 ], [ -87.6258, 41.91553 ], [ -87.62564, 41.91537 ], [ -87.62545, 41.91522 ], [ -87.62501, 41.91483 ], [ -87.62482, 41.9147 ], [ -87.62455, 41.91455 ], [ -87.62434, 41.91438 ], [ -87.62402, 41.91418 ], [ -87.62354, 41.91395 ], [ -87.62327, 41.91381 ], [ -87.62291, 41.91368 ], [ -87.62243, 41.91357 ], [ -87.6221, 41.91355 ], [ -87.62173, 41.91353 ], [ -87.62155, 41.91354 ], [ -87.62109, 41.9136 ], [ -87.62077, 41.91377 ], [ -87.62059, 41.91379 ], [ -87.62052, 41.91371 ], [ -87.62049, 41.91358 ], [ -87.62056, 41.91343 ], [ -87.62057, 41.91337 ], [ -87.62037, 41.91358 ], [ -87.62026, 41.91378 ], [ -87.6202, 41.91397 ], [ -87.62019, 41.91409 ], [ -87.6202, 41.9145 ], [ -87.62024, 41.91463 ], [ -87.62034, 41.91473 ], [ -87.62047, 41.91479 ], [ -87.62064, 41.91482 ], [ -87.62079, 41.91481 ], [ -87.62096, 41.91475 ], [ -87.62099, 41.91479 ], [ -87.62088, 41.91484 ], [ -87.62066, 41.91487 ], [ -87.62055, 41.91486 ], [ -87.62033, 41.91478 ], [ -87.6202, 41.91466 ], [ -87.62014, 41.9145 ], [ -87.62013, 41.91406 ], [ -87.62017, 41.91386 ], [ -87.62022, 41.91372 ], [ -87.62029, 41.91359 ], [ -87.62044, 41.91341 ], [ -87.62056, 41.91331 ], [ -87.62078, 41.91318 ], [ -87.62105, 41.91306 ], [ -87.62126, 41.913 ], [ -87.62159, 41.91293 ], [ -87.62209, 41.9129 ], [ -87.62232, 41.91286 ], [ -87.62263, 41.91279 ], [ -87.62284, 41.91272 ], [ -87.62303, 41.91263 ], [ -87.62329, 41.91247 ], [ -87.62376, 41.9121 ], [ -87.62446, 41.91157 ], [ -87.62471, 41.91156 ], [ -87.6264, 41.91137 ], [ -87.62657, 41.91167 ], [ -87.62683, 41.91137 ], [ -87.6269, 41.91131 ], [ -87.62708, 41.91126 ], [ -87.62717, 41.91125 ], [ -87.63101, 41.91119 ], [ -87.63138, 41.9112 ], [ -87.63197, 41.91116 ], [ -87.63505, 41.91116 ], [ -87.63685, 41.91114 ], [ -87.64222, 41.91106 ], [ -87.64306, 41.91104 ], [ -87.64362, 41.911 ], [ -87.644, 41.911 ], [ -87.64498, 41.91097 ], [ -87.64879, 41.91091 ], [ -87.65373, 41.91083 ], [ -87.65457, 41.91082 ], [ -87.65578, 41.91079 ], [ -87.65686, 41.91078 ], [ -87.65693, 41.91108 ], [ -87.65701, 41.91127 ], [ -87.65706, 41.91144 ], [ -87.65712, 41.91157 ], [ -87.65741, 41.91236 ], [ -87.6576, 41.91281 ], [ -87.65772, 41.91343 ], [ -87.65786, 41.91381 ], [ -87.65808, 41.91411 ], [ -87.65831, 41.91436 ], [ -87.65865, 41.91471 ], [ -87.65923, 41.91515 ], [ -87.65955, 41.91531 ], [ -87.65987, 41.91545 ], [ -87.66027, 41.91571 ], [ -87.66074, 41.91597 ], [ -87.66093, 41.91612 ], [ -87.66117, 41.91618 ], [ -87.66133, 41.91618 ], [ -87.66162, 41.91608 ], [ -87.66178, 41.91601 ], [ -87.66207, 41.91592 ], [ -87.66228, 41.91581 ], [ -87.66245, 41.91569 ], [ -87.66265, 41.91559 ], [ -87.66279, 41.91557 ], [ -87.66303, 41.91549 ], [ -87.66362, 41.91562 ], [ -87.66377, 41.91568 ], [ -87.6639, 41.91589 ], [ -87.66404, 41.91628 ], [ -87.66422, 41.9168 ], [ -87.6643, 41.91712 ], [ -87.66445, 41.91755 ], [ -87.6646, 41.9178 ], [ -87.66475, 41.91799 ], [ -87.66496, 41.91815 ], [ -87.66543, 41.91859 ], [ -87.66572, 41.91893 ], [ -87.66607, 41.91944 ], [ -87.66646, 41.92003 ], [ -87.66734, 41.92088 ], [ -87.66768, 41.92134 ], [ -87.6681, 41.92203 ], [ -87.66837, 41.92217 ], [ -87.66893, 41.92228 ], [ -87.66928, 41.92239 ], [ -87.66951, 41.92241 ], [ -87.66976, 41.92241 ], [ -87.67015, 41.92237 ], [ -87.67063, 41.92238 ], [ -87.67089, 41.92238 ], [ -87.67111, 41.92241 ], [ -87.67165, 41.92255 ], [ -87.67189, 41.92266 ], [ -87.67216, 41.92281 ], [ -87.67297, 41.9234 ], [ -87.67346, 41.92378 ], [ -87.67377, 41.924 ], [ -87.67426, 41.92439 ], [ -87.67442, 41.92463 ], [ -87.67446, 41.92484 ], [ -87.67451, 41.92574 ], [ -87.67451, 41.92595 ], [ -87.67455, 41.92614 ], [ -87.67475, 41.92643 ], [ -87.67494, 41.92666 ], [ -87.67583, 41.92723 ], [ -87.67652, 41.92759 ], [ -87.6772, 41.92784 ], [ -87.67779, 41.92802 ], [ -87.67829, 41.92812 ], [ -87.67971, 41.92846 ], [ -87.67984, 41.92861 ], [ -87.67995, 41.92886 ], [ -87.68016, 41.92929 ], [ -87.6804, 41.9298 ], [ -87.68047, 41.92993 ], [ -87.6808, 41.93064 ], [ -87.68129, 41.93093 ], [ -87.68215, 41.9314 ], [ -87.68284, 41.93215 ], [ -87.68284, 41.93223 ], [ -87.68233, 41.93224 ], [ -87.68042, 41.93226 ], [ -87.67594, 41.93231 ], [ -87.67336, 41.93234 ], [ -87.67131, 41.93237 ], [ -87.67035, 41.93238 ], [ -87.66779, 41.93241 ], [ -87.66707, 41.93242 ], [ -87.66608, 41.93244 ], [ -87.66336, 41.93248 ], [ -87.66043, 41.93253 ], [ -87.65951, 41.93254 ], [ -87.65717, 41.93258 ], [ -87.65472, 41.93262 ], [ -87.65341, 41.93265 ], [ -87.65094, 41.93269 ], [ -87.64987, 41.9327 ], [ -87.64865, 41.93273 ], [ -87.64714, 41.93276 ], [ -87.64228, 41.93285 ], [ -87.64171, 41.93286 ], [ -87.64006, 41.9329 ], [ -87.63809, 41.93293 ], [ -87.63735, 41.93293 ], [ -87.63675, 41.93289 ], [ -87.63624, 41.93285 ], [ -87.63472, 41.9328 ], [ -87.63447, 41.93292 ], [ -87.63424, 41.93299 ], [ -87.63393, 41.93301 ], [ -87.63393, 41.93291 ], [ -87.63282, 41.93293 ], [ -87.63256, 41.93263 ], [ -87.63244, 41.93259 ], [ -87.63225, 41.93259 ], [ -87.632, 41.9326 ], [ -87.63182, 41.93258 ], [ -87.63182, 41.93244 ] ] ] ] } },
{ "type": "Feature", "properties": { "id": 8, "name": "Near North Side", "areaKm2": 7.117 }, "geometry": { "type": "MultiPolygon", "coordinates": [ [ [ [ -87.62466, 41.91142 ], [ -87.62469, 41.91085 ], [ -87.62475, 41.91069 ], [ -87.6248, 41.91062 ], [ -87.62499, 41.91046 ], [ -87.62504, 41.91039 ], [ -87.62512, 41.91018 ], [ -87.62514, 41.90982 ], [ -87.62509, 41.90911 ], [ -87.62502, 41.90854 ], [ -87.62481, 41.90753 ], [ -87.6248, 41.90753 ], [ -87.6246, 41.907 ], [ -87.6244, 41.90643 ], [ -87.62398, 41.90523 ], [ -87.62357, 41.90408 ], [ -87.62372, 41.90405 ], [ -87.62356, 41.90392 ], [ -87.62334, 41.90382 ], [ -87.62317, 41.90372 ], [ -87.62287, 41.90348 ], [ -87.62259, 41.90319 ], [ -87.6223, 41.90285 ], [ -87.62195, 41.9024 ], [ -87.62185, 41.90217 ], [ -87.62187, 41.90205 ], [ -87.62164, 41.90197 ], [ -87.62127, 41.90188 ], [ -87.62057, 41.90175 ], [ -87.61992, 41.90156 ], [ -87.61964, 41.90142 ], [ -87.61939, 41.90125 ], [ -87.61923, 41.9011 ], [ -87.6191, 41.90094 ], [ -87.61898, 41.90077 ], [ -87.6188, 41.90048 ], [ -87.61849, 41.90002 ], [ -87.61795, 41.89921 ], [ -87.61749, 41.89852 ], [ -87.6172, 41.89806 ], [ -87.61685, 41.89755 ], [ -87.61636, 41.89688 ], [ -87.61587, 41.89613 ], [ -87.61513, 41.895 ], [ -87.61491, 41.89467 ], [ -87.61369, 41.89313 ], [ -87.61337, 41.89323 ], [ -87.61287, 41.89336 ], [ -87.61255, 41.89341 ], [ -87.61214, 41.89334 ], [ -87.61203, 41.89333 ], [ -87.61188, 41.89354 ], [ -87.61138, 41.89433 ], [ -87.61135, 41.89439 ], [ -87.61083, 41.8952 ], [ -87.61079, 41.89527 ], [ -87.61038, 41.89593 ], [ -87.61018, 41.89621 ], [ -87.61003, 41.89624 ], [ -87.60882, 41.89627 ], [ -87.60801, 41.89627 ], [ -87.60785, 41.89625 ], [ -87.60738, 41.89625 ], [ -87.60681, 41.89627 ], [ -87.60669, 41.89623 ], [ -87.60655, 41.89624 ], [ -87.60655, 41.89628 ], [ -87.60587, 41.8963 ], [ -87.60586, 41.89625 ], [ -87.60573, 41.89625 ], [ -87.60567, 41.89629 ], [ -87.60541, 41.89628 ], [ -87.60514, 41.8963 ], [ -87.605, 41.89633 ], [ -87.60468, 41.89633 ], [ -87.60403, 41.89633 ], [ -87.60313, 41.89636 ], [ -87.60268, 41.89636 ], [ -87.60243, 41.89637 ], [ -87.60237, 41.89634 ], [ -87.60234, 41.89622 ], [ -87.60232, 41.89489 ], [ -87.60231, 41.89467 ], [ -87.60232, 41.89418 ], [ -87.60229, 41.89331 ], [ -87.60235, 41.89326 ], [ -87.60429, 41.89324 ], [ -87.60982, 41.89315 ], [ -87.6098, 41.89222 ], [ -87.60446, 41.89231 ], [ -87.60304, 41.89233 ], [ -87.60091, 41.89237 ], [ -87.60091, 41.89241 ], [ -87.60078, 41.89244 ], [ -87.60059, 41.89242 ], [ -87.60058, 41.89224 ], [ -87.59855, 41.89227 ], [ -87.59852, 41.89145 ], [ -87.60057, 41.89142 ], [ -87.60056, 41.89111 ], [ -87.60072, 41.89107 ], [ -87.60089, 41.89111 ], [ -87.60089, 41.89115 ], [ -87.6039, 41.8911 ], [ -87.60452, 41.89109 ], [ -87.60954, 41.89101 ], [ -87.60949, 41.8894 ], [ -87.60957, 41.8894 ], [ -87.60955, 41.88931 ], [ -87.61123, 41.88931 ], [ -87.61137, 41.88974 ], [ -87.61144, 41.89063 ], [ -87.61356, 41.89058 ], [ -87.61362, 41.89045 ], [ -87.61423, 41.89041 ], [ -87.61441, 41.8904 ], [ -87.61441, 41.89056 ], [ -87.61555, 41.89054 ], [ -87.61556, 41.89048 ], [ -87.6158, 41.89051 ], [ -87.61606, 41.8905 ], [ -87.61606, 41.89045 ], [ -87.61651, 41.89044 ], [ -87.61651, 41.8905 ], [ -87.61678, 41.89046 ], [ -87.61703, 41.89046 ], [ -87.61703, 41.89051 ], [ -87.61733, 41.89051 ], [ -87.61765, 41.89053 ], [ -87.61785, 41.89053 ], [ -87.61795, 41.89043 ], [ -87.61868, 41.89043 ], [ -87.61961, 41.89046 ], [ -87.61987, 41.89047 ], [ -87.61987, 41.89017 ], [ -87.6196, 41.89018 ], [ -87.61868, 41.89016 ], [ -87.61732, 41.89018 ], [ -87.61441, 41.89022 ], [ -87.61271, 41.89023 ], [ -87.61259, 41.89016 ], [ -87.61256, 41.88992 ], [ -87.61255, 41.88963 ], [ -87.61397, 41.88841 ], [ -87.61527, 41.88842 ], [ -87.61585, 41.88839 ], [ -87.61692, 41.88835 ], [ -87.61726, 41.88833 ], [ -87.61801, 41.88831 ], [ -87.61908, 41.88843 ], [ -87.6212, 41.88866 ], [ -87.62271, 41.88884 ], [ -87.62361, 41.88891 ], [ -87.62386, 41.88889 ], [ -87.62403, 41.88882 ], [ -87.62419, 41.88882 ], [ -87.62444, 41.88887 ], [ -87.62473, 41.88889 ], [ -87.62509, 41.88891 ], [ -87.62529, 41.88884 ], [ -87.62566, 41.88868 ], [ -87.62599, 41.88851 ], [ -87.62636, 41.88824 ], [ -87.62682, 41.88794 ], [ -87.62704, 41.88781 ], [ -87.62726, 41.88766 ], [ -87.62762, 41.88751 ], [ -87.62824, 41.88745 ], [ -87.62879, 41.88744 ], [ -87.62928, 41.88742 ], [ -87.63007, 41.88742 ], [ -87.63078, 41.88743 ], [ -87.63126, 41.88745 ], [ -87.63223, 41.88748 ], [ -87.63273, 41.88748 ], [ -87.6328, 41.88747 ], [ -87.63337, 41.88748 ], [ -87.63377, 41.88753 ], [ -87.63427, 41.88752 ], [ -87.63484, 41.88747 ], [ -87.6352, 41.88747 ], [ -87.63562, 41.88745 ], [ -87.6358, 41.88743 ], [ -87.63598, 41.88734 ], [ -87.63684, 41.88681 ], [ -87.63709, 41.88668 ], [ -87.63727, 41.88656 ], [ -87.63744, 41.88642 ], [ -87.63759, 41.88623 ], [ -87.63839, 41.88673 ], [ -87.63856, 41.88687 ], [ -87.63877, 41.88716 ], [ -87.63885, 41.88737 ], [ -87.63892, 41.88764 ], [ -87.639, 41.88788 ], [ -87.63906, 41.88814 ], [ -87.6392, 41.88845 ], [ -87.63923, 41.88864 ], [ -87.63928, 41.88885 ], [ -87.63936, 41.88908 ], [ -87.63944, 41.88923 ], [ -87.63979, 41.88964 ], [ -87.64012, 41.89 ], [ -87.64067, 41.89064 ], [ -87.64104, 41.89118 ], [ -87.64119, 41.89143 ], [ -87.64127, 41.89163 ], [ -87.64146, 41.8919 ], [ -87.64157, 41.89205 ], [ -87.64174, 41.89219 ], [ -87.64193, 41.89237 ], [ -87.64204, 41.8925 ], [ -87.64228, 41.89274 ], [ -87.64245, 41.89287 ], [ -87.64272, 41.89304 ], [ -87.64294, 41.89322 ], [ -87.64322, 41.89338 ], [ -87.64355, 41.89354 ], [ -87.64373, 41.89382 ], [ -87.64381, 41.89392 ], [ -87.64398, 41.89402 ], [ -87.64407, 41.89414 ], [ -87.64412, 41.89427 ], [ -87.64414, 41.89478 ], [ -87.64419, 41.89593 ], [ -87.64423, 41.89664 ], [ -87.64443, 41.89724 ], [ -87.64478, 41.89754 ], [ -87.64489, 41.89769 ], [ -87.64541, 41.89776 ], [ -87.64632, 41.89786 ], [ -87.6479, 41.89797 ], [ -87.64879, 41.89809 ], [ -87.6494, 41.89831 ], [ -87.64974, 41.89856 ], [ -87.65086, 41.89941 ], [ -87.65103, 41.89952 ], [ -87.65136, 41.89974 ], [ -87.6519, 41.90001 ], [ -87.65212, 41.90008 ], [ -87.65248, 41.90014 ], [ -87.65258, 41.90012 ], [ -87.65291, 41.90018 ], [ -87.65343, 41.90028 ], [ -87.65451, 41.90053 ], [ -87.65538, 41.90081 ], [ -87.65589, 41.90117 ], [ -87.65592, 41.90121 ], [ -87.65616, 41.90169 ], [ -87.65618, 41.90192 ], [ -87.65647, 41.90262 ], [ -87.65734, 41.9034 ], [ -87.6575, 41.9036 ], [ -87.65816, 41.90453 ], [ -87.65829, 41.90504 ], [ -87.65817, 41.90567 ], [ -87.65796, 41.90705 ], [ -87.65774, 41.90844 ], [ -87.65749, 41.90909 ], [ -87.65923, 41.90907 ], [ -87.65919, 41.9092 ], [ -87.65895, 41.90985 ], [ -87.65694, 41.91052 ], [ -87.65685, 41.91074 ], [ -87.65686, 41.91078 ], [ -87.65578, 41.91079 ], [ -87.65457, 41.91082 ], [ -87.65373, 41.91083 ], [ -87.64879, 41.91091 ], [ -87.64498, 41.91097 ], [ -87.644, 41.911 ], [ -87.64362, 41.911 ], [ -87.64306, 41.91104 ], [ -87.64222, 41.91106 ], [ -87.63685, 41.91114 ], [ -87.63505, 41.91116 ], [ -87.63197, 41.91116 ], [ -87.63138, 41.9112 ], [ -87.63101, 41.91119 ], [ -87.62717, 41.91125 ], [ -87.62708, 41.91126 ], [ -87.6269, 41.91131 ], [ -87.62683, 41.91137 ], [ -87.62657, 41.91167 ], [ -87.6264, 41.91137 ], [ -87.62471, 41.91156 ], [ -87.62446, 41.91157 ], [ -87.62466, 41.91142 ] ] ] ] } },
{ "type": "Feature", "properties": { "id": 9, "name": "Edison Park", "areaKm2": 2.937 }, "geometry": { "type": "MultiPolygon", "coordinates": [ [ [ [ -87.80677, 41.99981 ], [ -87.80678, 41.99855 ], [ -87.8068, 41.99667 ], [ -87.80681, 41.99623 ], [ -87.80682, 41.99539 ], [ -87.80793, 41.9954 ], [ -87.81033, 41.99542 ], [ -87.81032, 41.99655 ], [ -87.81035, 41.99712 ], [ -87.81094, 41.99713 ], [ -87.81401, 41.99705 ], [ -87.81717, 41.99696 ], [ -87.8183, 41.99693 ], [ -87.81941, 41.99691 ], [ -87.82111, 41.99686 ], [ -87.82141, 41.99685 ], [ -87.8214, 41.99692 ], [ -87.82139, 41.99945 ], [ -87.82138, 42.00055 ], [ -87.82137, 42.00083 ], [ -87.82134, 42.00392 ], [ -87.82135, 42.00412 ], [ -87.82131, 42.00723 ], [ -87.82132, 42.00748 ], [ -87.8213, 42.00838 ], [ -87.82128, 42.00928 ], [ -87.82127, 42.00983 ], [ -87.82125, 42.01136 ], [ -87.81973, 42.01139 ], [ -87.81973, 42.01193 ], [ -87.8201, 42.01193 ], [ -87.82007, 42.01557 ], [ -87.82123, 42.01554 ], [ -87.82121, 42.01864 ], [ -87.8186, 42.0187 ], [ -87.81741, 42.01873 ], [ -87.8162, 42.01875 ], [ -87.81161, 42.01885 ], [ -87.81131, 42.01886 ], [ -87.80796, 42.01893 ], [ -87.8073, 42.01895 ], [ -87.80655, 42.01896 ], [ -87.80656, 42.01818 ], [ -87.80658, 42.01652 ], [ -87.80662, 42.01368 ], [ -87.80661, 42.01343 ], [ -87.80662, 42.01326 ], [ -87.80664, 42.01148 ], [ -87.80664, 42.01115 ], [ -87.80666, 42.01014 ], [ -87.80667, 42.00843 ], [ -87.8067, 42.00651 ], [ -87.80674, 42.00235 ], [ -87.80676, 42.00084 ], [ -87.80677, 41.99981 ] ] ] ] } },
{ "type": "Feature", "properties": { "id": 10, "name": "Norwood Park", "areaKm2": 11.323 }, "geometry": { "type": "MultiPolygon", "coordinates": [ [ [ [ -87.78166, 41.9974 ], [ -87.78242, 41.99739 ], [ -87.78285, 41.9974 ], [ -87.78287, 41.99616 ], [ -87.78005, 41.99489 ], [ -87.779, 41.9944 ], [ -87.77839, 41.99412 ], [ -87.77782, 41.99386 ], [ -87.77783, 41.99377 ], [ -87.77785, 41.99279 ], [ -87.77786, 41.99223 ], [ -87.77787, 41.99159 ], [ -87.77789, 41.99012 ], [ -87.77793, 41.98822 ], [ -87.77799, 41.98494 ], [ -87.77804, 41.9829 ], [ -87.77824, 41.98291 ], [ -87.78017, 41.98291 ], [ -87.78103, 41.9829 ], [ -87.78331, 41.9829 ], [ -87.78378, 41.98291 ], [ -87.78436, 41.9829 ], [ -87.78542, 41.9829 ], [ -87.78745, 41.9829 ], [ -87.78773, 41.9829 ], [ -87.78775, 41.9818 ], [ -87.78779, 41.97994 ], [ -87.78785, 41.9768 ], [ -87.78786, 41.97642 ], [ -87.78791, 41.97366 ], [ -87.78797, 41.9709 ], [ -87.788, 41.96929 ], [ -87.78801, 41.96889 ], [ -87.78812, 41.96889 ], [ -87.79273, 41.96885 ], [ -87.79298, 41.96884 ], [ -87.79758, 41.9688 ], [ -87.79782, 41.9688 ], [ -87.79904, 41.9688 ], [ -87.8, 41.96879 ], [ -87.8024, 41.96878 ], [ -87.80252, 41.96877 ], [ -87.80253, 41.96841 ], [ -87.80254, 41.9683 ], [ -87.80541, 41.96828 ], [ -87.80619, 41.96828 ], [ -87.80716, 41.96827 ], [ -87.80715, 41.96918 ], [ -87.80712, 41.9697 ], [ -87.80709, 41.97123 ], [ -87.80708, 41.97252 ], [ -87.80706, 41.9732 ], [ -87.80707, 41.97386 ], [ -87.80706, 41.97434 ], [ -87.80707, 41.97454 ], [ -87.80729, 41.97454 ], [ -87.80806, 41.97452 ], [ -87.81173, 41.97442 ], [ -87.81548, 41.97432 ], [ -87.81596, 41.97431 ], [ -87.81692, 41.97429 ], [ -87.81692, 41.97391 ], [ -87.81695, 41.97066 ], [ -87.81708, 41.97065 ], [ -87.81899, 41.97061 ], [ -87.81897, 41.97322 ], [ -87.81943, 41.97322 ], [ -87.81943, 41.97403 ], [ -87.8194, 41.97422 ], [ -87.81968, 41.97422 ], [ -87.82305, 41.97413 ], [ -87.82404, 41.97411 ], [ -87.82542, 41.97407 ], [ -87.82588, 41.97405 ], [ -87.82674, 41.97403 ], [ -87.82674, 41.97314 ], [ -87.83173, 41.97306 ], [ -87.83172, 41.97395 ], [ -87.83342, 41.97392 ], [ -87.83341, 41.97492 ], [ -87.83363, 41.97491 ], [ -87.83363, 41.97537 ], [ -87.83644, 41.97532 ], [ -87.83663, 41.97531 ], [ -87.83661, 41.97699 ], [ -87.83661, 41.97733 ], [ -87.83659, 41.97803 ], [ -87.83658, 41.97954 ], [ -87.83658, 41.9864 ], [ -87.82373, 41.98456 ], [ -87.82333, 41.98451 ], [ -87.82314, 41.98586 ], [ -87.82311, 41.98614 ], [ -87.82293, 41.98742 ], [ -87.82283, 41.98822 ], [ -87.82236, 41.99167 ], [ -87.82231, 41.99204 ], [ -87.82216, 41.99311 ], [ -87.82208, 41.99361 ], [ -87.82181, 41.99522 ], [ -87.82172, 41.99566 ], [ -87.82161, 41.99613 ], [ -87.82141, 41.99685 ], [ -87.82111, 41.99686 ], [ -87.81941, 41.99691 ], [ -87.8183, 41.99693 ], [ -87.81717, 41.99696 ], [ -87.81401, 41.99705 ], [ -87.81094, 41.99713 ], [ -87.81035, 41.99712 ], [ -87.81032, 41.99655 ], [ -87.81033, 41.99542 ], [ -87.80793, 41.9954 ], [ -87.80682, 41.99539 ], [ -87.80681, 41.99623 ], [ -87.8068, 41.99667 ], [ -87.80678, 41.99855 ], [ -87.80677, 41.99981 ], [ -87.80676, 42.00084 ], [ -87.80584, 42.00085 ], [ -87.80539, 42.00086 ], [ -87.80531, 42.0009 ], [ -87.80529, 42.0015 ], [ -87.8047, 42.0015 ], [ -87.8046, 42.0015 ], [ -87.80168, 42.00154 ], [ -87.80108, 42.00154 ], [ -87.80109, 42.00087 ], [ -87.79966, 42.00087 ], [ -87.79948, 41.99999 ], [ -87.79901, 41.99999 ], [ -87.79799, 42.0 ], [ -87.79714, 42.00001 ], [ -87.79713, 42.00005 ], [ -87.79712, 42.00094 ], [ -87.79612, 42.00095 ], [ -87.7937, 42.00096 ], [ -87.79174, 42.00097 ], [ -87.79117, 42.00098 ], [ -87.79065, 42.0004 ], [ -87.79019, 42.00061 ], [ -87.79, 42.00047 ], [ -87.78981, 42.0004 ], [ -87.78944, 42.00029 ], [ -87.78921, 42.0002 ], [ -87.78912, 42.00019 ], [ -87.78893, 42.00008 ], [ -87.78877, 42.00002 ], [ -87.7886, 41.99993 ], [ -87.78843, 41.99979 ], [ -87.78811, 41.99966 ], [ -87.78793, 41.99963 ], [ -87.78761, 41.99964 ], [ -87.78749, 41.99967 ], [ -87.78729, 41.99976 ], [ -87.78703, 41.99983 ], [ -87.78686, 41.99985 ], [ -87.78673, 41.99984 ], [ -87.78645, 41.99975 ], [ -87.78629, 41.99974 ], [ -87.78597, 41.99975 ], [ -87.78559, 41.99972 ], [ -87.78534, 41.99975 ], [ -87.78513, 41.99982 ], [ -87.78498, 41.99991 ], [ -87.78479, 42.00004 ], [ -87.78463, 42.00014 ], [ -87.78445, 42.00017 ], [ -87.78428, 42.00019 ], [ -87.78382, 42.00014 ], [ -87.78357, 42.00007 ], [ -87.78327, 42.00001 ], [ -87.78318, 42.00002 ], [ -87.78302, 42.00012 ], [ -87.78292, 42.00031 ], [ -87.78291, 42.0005 ], [ -87.7828, 42.00101 ], [ -87.78273, 42.0012 ], [ -87.78261, 42.00145 ], [ -87.78242, 42.00179 ], [ -87.7823, 42.00204 ], [ -87.78215, 42.00237 ], [ -87.78203, 42.00259 ], [ -87.78181, 42.00283 ], [ -87.78164, 42.00294 ], [ -87.78151, 42.00296 ], [ -87.7811, 42.0029 ], [ -87.78099, 42.00287 ], [ -87.78083, 42.00276 ], [ -87.78068, 42.00261 ], [ -87.78054, 42.00238 ], [ -87.78039, 42.00187 ], [ -87.78029, 42.00161 ], [ -87.78027, 42.00141 ], [ -87.78027, 42.00111 ], [ -87.78023, 42.0008 ], [ -87.7802, 42.0002 ], [ -87.78015, 42.00001 ], [ -87.78013, 41.99986 ], [ -87.78005, 41.99947 ], [ -87.78001, 41.99933 ], [ -87.77999, 41.99911 ], [ -87.78004, 41.99868 ], [ -87.78009, 41.99812 ], [ -87.78004, 41.9978 ], [ -87.78002, 41.99741 ], [ -87.78166, 41.9974 ] ], [ [ -87.83358, 41.98357 ], [ -87.8336, 41.98267 ], [ -87.83421, 41.98266 ], [ -87.83445, 41.98267 ], [ -87.83507, 41.98267 ], [ -87.83509, 41.98115 ], [ -87.83435, 41.98116 ], [ -87.83436, 41.98085 ], [ -87.8351, 41.98084 ], [ -87.8351, 41.9805 ], [ -87.82886, 41.9806 ], [ -87.82886, 41.98033 ], [ -87.82869, 41.98033 ], [ -87.8287, 41.97929 ], [ -87.82808, 41.97929 ], [ -87.82808, 41.97912 ], [ -87.8287, 41.97912 ], [ -87.8287, 41.97884 ], [ -87.82864, 41.97884 ], [ -87.82864, 41.97844 ], [ -87.82972, 41.97842 ], [ -87.82971, 41.97813 ], [ -87.83002, 41.97813 ], [ -87.83005, 41.97806 ], [ -87.83004, 41.97733 ], [ -87.82961, 41.97734 ], [ -87.8296, 41.97696 ], [ -87.83362, 41.97689 ], [ -87.83362, 41.97592 ], [ -87.82696, 41.97603 ], [ -87.82455, 41.97607 ], [ -87.82443, 41.97607 ], [ -87.82435, 41.97669 ], [ -87.82396, 41.97966 ], [ -87.82364, 41.98214 ], [ -87.82352, 41.98309 ], [ -87.82443, 41.98308 ], [ -87.8253, 41.98307 ], [ -87.82527, 41.98196 ], [ -87.82675, 41.98194 ], [ -87.82814, 41.98192 ], [ -87.82814, 41.98238 ], [ -87.82816, 41.98373 ], [ -87.82818, 41.98384 ], [ -87.82831, 41.98379 ], [ -87.82857, 41.98377 ], [ -87.82953, 41.98376 ], [ -87.83199, 41.98372 ], [ -87.83295, 41.98371 ], [ -87.8332, 41.9837 ], [ -87.83321, 41.98357 ], [ -87.83358, 41.98357 ] ] ] ] } },
{ "type": "Feature", "properties": { "id": 11, "name": "Jefferson Park", "areaKm2": 6.022 }, "geometry": { "type": "MultiPolygon", "coordinates": [ [ [ [ -87.75462, 41.96794 ], [ -87.75664, 41.96792 ], [ -87.75783, 41.9679 ], [ -87.75909, 41.96789 ], [ -87.76056, 41.96787 ], [ -87.76075, 41.96788 ], [ -87.76136, 41.96759 ], [ -87.76261, 41.96767 ], [ -87.76279, 41.96768 ], [ -87.76478, 41.9678 ], [ -87.76525, 41.96781 ], [ -87.76748, 41.96778 ], [ -87.7675, 41.96869 ], [ -87.77, 41.96865 ], [ -87.7754, 41.96858 ], [ -87.77703, 41.96856 ], [ -87.77732, 41.96854 ], [ -87.77964, 41.96852 ], [ -87.78419, 41.96846 ], [ -87.78677, 41.96843 ], [ -87.78776, 41.96841 ], [ -87.78801, 41.96841 ], [ -87.78801, 41.96889 ], [ -87.788, 41.96929 ], [ -87.78797, 41.9709 ], [ -87.78791, 41.97366 ], [ -87.78786, 41.97642 ], [ -87.78785, 41.9768 ], [ -87.78779, 41.97994 ], [ -87.78775, 41.9818 ], [ -87.78773, 41.9829 ], [ -87.78745, 41.9829 ], [ -87.78542, 41.9829 ], [ -87.78436, 41.9829 ], [ -87.78378, 41.98291 ], [ -87.78331, 41.9829 ], [ -87.78103, 41.9829 ], [ -87.78017, 41.98291 ], [ -87.77824, 41.98291 ], [ -87.77804, 41.9829 ], [ -87.77799, 41.98494 ], [ -87.77793, 41.98822 ], [ -87.77789, 41.99012 ], [ -87.77787, 41.99159 ], [ -87.77786, 41.99223 ], [ -87.77785, 41.99279 ], [ -87.77783, 41.99377 ], [ -87.77782, 41.99386 ], [ -87.77839, 41.99412 ], [ -87.779, 41.9944 ], [ -87.78005, 41.99489 ], [ -87.78287, 41.99616 ], [ -87.78285, 41.9974 ], [ -87.78242, 41.99739 ], [ -87.78166, 41.9974 ], [ -87.78002, 41.99741 ], [ -87.77997, 41.99714 ], [ -87.7799, 41.99695 ], [ -87.77971, 41.99678 ], [ -87.77962, 41.99673 ], [ -87.77949, 41.99671 ], [ -87.77923, 41.99671 ], [ -87.77888, 41.99677 ], [ -87.77875, 41.99682 ], [ -87.77857, 41.99701 ], [ -87.77839, 41.99711 ], [ -87.77826, 41.99714 ], [ -87.77801, 41.99712 ], [ -87.77772, 41.99706 ], [ -87.77754, 41.99702 ], [ -87.77731, 41.99699 ], [ -87.77714, 41.99703 ], [ -87.77697, 41.99719 ], [ -87.77678, 41.99725 ], [ -87.77661, 41.99723 ], [ -87.7765, 41.99715 ], [ -87.77641, 41.99704 ], [ -87.77605, 41.99673 ], [ -87.77596, 41.99668 ], [ -87.77576, 41.99667 ], [ -87.77541, 41.99671 ], [ -87.77513, 41.99677 ], [ -87.77487, 41.99687 ], [ -87.77438, 41.99701 ], [ -87.77407, 41.99705 ], [ -87.77386, 41.99706 ], [ -87.77349, 41.99706 ], [ -87.77296, 41.99699 ], [ -87.77264, 41.99693 ], [ -87.77245, 41.99688 ], [ -87.77201, 41.99673 ], [ -87.77169, 41.99659 ], [ -87.77155, 41.9965 ], [ -87.77143, 41.99639 ], [ -87.77136, 41.99631 ], [ -87.77125, 41.99612 ], [ -87.77118, 41.99587 ], [ -87.77115, 41.99561 ], [ -87.77118, 41.99534 ], [ -87.77123, 41.99519 ], [ -87.77137, 41.99491 ], [ -87.77157, 41.99463 ], [ -87.7718, 41.99442 ], [ -87.7721, 41.99416 ], [ -87.7723, 41.99404 ], [ -87.77251, 41.99395 ], [ -87.77262, 41.99389 ], [ -87.77284, 41.99381 ], [ -87.77309, 41.99376 ], [ -87.77349, 41.99364 ], [ -87.77359, 41.99357 ], [ -87.77368, 41.99345 ], [ -87.77371, 41.99335 ], [ -87.7737, 41.99312 ], [ -87.77366, 41.99293 ], [ -87.77358, 41.99269 ], [ -87.77349, 41.99248 ], [ -87.77342, 41.99235 ], [ -87.77329, 41.99219 ], [ -87.77302, 41.99189 ], [ -87.7729, 41.99179 ], [ -87.77263, 41.99169 ], [ -87.77239, 41.99164 ], [ -87.77214, 41.99161 ], [ -87.77182, 41.99154 ], [ -87.77119, 41.99152 ], [ -87.77098, 41.99145 ], [ -87.77088, 41.99136 ], [ -87.77084, 41.99125 ], [ -87.77087, 41.99112 ], [ -87.77094, 41.99103 ], [ -87.77113, 41.99095 ], [ -87.7714, 41.9909 ], [ -87.77148, 41.99084 ], [ -87.77157, 41.99069 ], [ -87.77167, 41.99045 ], [ -87.77173, 41.99027 ], [ -87.77174, 41.9901 ], [ -87.7717, 41.99 ], [ -87.77157, 41.98981 ], [ -87.77146, 41.98962 ], [ -87.7714, 41.98954 ], [ -87.77112, 41.98931 ], [ -87.77094, 41.98922 ], [ -87.77061, 41.98912 ], [ -87.77048, 41.98906 ], [ -87.77022, 41.98902 ], [ -87.76967, 41.989 ], [ -87.76947, 41.98898 ], [ -87.76882, 41.98887 ], [ -87.76845, 41.9888 ], [ -87.7682, 41.98877 ], [ -87.76793, 41.98878 ], [ -87.76783, 41.9888 ], [ -87.76776, 41.98886 ], [ -87.76762, 41.98906 ], [ -87.7676, 41.98924 ], [ -87.76767, 41.9895 ], [ -87.76764, 41.98958 ], [ -87.76758, 41.98964 ], [ -87.76723, 41.98987 ], [ -87.76706, 41.98995 ], [ -87.7669, 41.99001 ], [ -87.76636, 41.99012 ], [ -87.76618, 41.99015 ], [ -87.76596, 41.99015 ], [ -87.76576, 41.99014 ], [ -87.76565, 41.99011 ], [ -87.7655, 41.99001 ], [ -87.76493, 41.98983 ], [ -87.76469, 41.98971 ], [ -87.76448, 41.98952 ], [ -87.76431, 41.98939 ], [ -87.76415, 41.98936 ], [ -87.76401, 41.98939 ], [ -87.76394, 41.98943 ], [ -87.76383, 41.98962 ], [ -87.76377, 41.98967 ], [ -87.76362, 41.98973 ], [ -87.7635, 41.98975 ], [ -87.76317, 41.98976 ], [ -87.76304, 41.98978 ], [ -87.76291, 41.98985 ], [ -87.76277, 41.98997 ], [ -87.76267, 41.99016 ], [ -87.7626, 41.99025 ], [ -87.76248, 41.99026 ], [ -87.76223, 41.99017 ], [ -87.7621, 41.99014 ], [ -87.76204, 41.99008 ], [ -87.76204, 41.98985 ], [ -87.76196, 41.98972 ], [ -87.76186, 41.9895 ], [ -87.7617, 41.98921 ], [ -87.76159, 41.9889 ], [ -87.7616, 41.98873 ], [ -87.76169, 41.98856 ], [ -87.76184, 41.98844 ], [ -87.76217, 41.98832 ], [ -87.76227, 41.98824 ], [ -87.76232, 41.98808 ], [ -87.76229, 41.98795 ], [ -87.76209, 41.98778 ], [ -87.76194, 41.9877 ], [ -87.76183, 41.98767 ], [ -87.76162, 41.98768 ], [ -87.76152, 41.98771 ], [ -87.76114, 41.98774 ], [ -87.76093, 41.98782 ], [ -87.76074, 41.98795 ], [ -87.76067, 41.98797 ], [ -87.75909, 41.98505 ], [ -87.75879, 41.9843 ], [ -87.75816, 41.98295 ], [ -87.75801, 41.98295 ], [ -87.75642, 41.97989 ], [ -87.75506, 41.97729 ], [ -87.75533, 41.97745 ], [ -87.75533, 41.97691 ], [ -87.75528, 41.97536 ], [ -87.75528, 41.9751 ], [ -87.75519, 41.9725 ], [ -87.75396, 41.97252 ], [ -87.75289, 41.97253 ], [ -87.75282, 41.9725 ], [ -87.7528, 41.97236 ], [ -87.7528, 41.97179 ], [ -87.75274, 41.97149 ], [ -87.7527, 41.97014 ], [ -87.75267, 41.96947 ], [ -87.75263, 41.9682 ], [ -87.75264, 41.96797 ], [ -87.75462, 41.96794 ] ] ] ] } },
{ "type": "Feature", "properties": { "id": 12, "name": "Forest Glen", "areaKm2": 8.274 }, "geometry": { "type": "MultiPolygon", "coordinates": [ [ [ [ -87.72786, 41.99546 ], [ -87.72889, 41.99405 ], [ -87.72915, 41.99369 ], [ -87.73009, 41.99246 ], [ -87.73049, 41.99192 ], [ -87.73186, 41.99009 ], [ -87.73287, 41.99008 ], [ -87.73306, 41.9898 ], [ -87.73407, 41.98847 ], [ -87.73414, 41.98832 ], [ -87.73429, 41.98823 ], [ -87.73524, 41.98778 ], [ -87.7365, 41.98715 ], [ -87.73737, 41.98678 ], [ -87.73807, 41.98646 ], [ -87.73841, 41.98632 ], [ -87.73838, 41.98545 ], [ -87.73837, 41.98499 ], [ -87.73831, 41.98271 ], [ -87.7397, 41.98269 ], [ -87.74061, 41.98266 ], [ -87.74085, 41.98266 ], [ -87.74183, 41.98264 ], [ -87.74227, 41.98262 ], [ -87.74302, 41.98261 ], [ -87.74307, 41.98262 ], [ -87.74311, 41.9827 ], [ -87.74432, 41.98267 ], [ -87.745, 41.98264 ], [ -87.7458, 41.98263 ], [ -87.74585, 41.98263 ], [ -87.74699, 41.98263 ], [ -87.74704, 41.98285 ], [ -87.74713, 41.98308 ], [ -87.74731, 41.98333 ], [ -87.74743, 41.98344 ], [ -87.74772, 41.98358 ], [ -87.74798, 41.98367 ], [ -87.74826, 41.98368 ], [ -87.74824, 41.98301 ], [ -87.74819, 41.9819 ], [ -87.74817, 41.98119 ], [ -87.74819, 41.98079 ], [ -87.74815, 41.98024 ], [ -87.74812, 41.97927 ], [ -87.74805, 41.97717 ], [ -87.74803, 41.97632 ], [ -87.74799, 41.97534 ], [ -87.74798, 41.97468 ], [ -87.74793, 41.9731 ], [ -87.7479, 41.97277 ], [ -87.74792, 41.97245 ], [ -87.7479, 41.97156 ], [ -87.7479, 41.97125 ], [ -87.74787, 41.97021 ], [ -87.74785, 41.96972 ], [ -87.74776, 41.96932 ], [ -87.7477, 41.96911 ], [ -87.74762, 41.96899 ], [ -87.74764, 41.96896 ], [ -87.74751, 41.96864 ], [ -87.74751, 41.96854 ], [ -87.74763, 41.96813 ], [ -87.74772, 41.96803 ], [ -87.74937, 41.96801 ], [ -87.75126, 41.96798 ], [ -87.75264, 41.96797 ], [ -87.75263, 41.9682 ], [ -87.75267, 41.96947 ], [ -87.7527, 41.97014 ], [ -87.75274, 41.97149 ], [ -87.7528, 41.97179 ], [ -87.7528, 41.97236 ], [ -87.75282, 41.9725 ], [ -87.75289, 41.97253 ], [ -87.75396, 41.97252 ], [ -87.75519, 41.9725 ], [ -87.75528, 41.9751 ], [ -87.75528, 41.97536 ], [ -87.75533, 41.97691 ], [ -87.75533, 41.97745 ], [ -87.75506, 41.97729 ], [ -87.75642, 41.97989 ], [ -87.75801, 41.98295 ], [ -87.75816, 41.98295 ], [ -87.75879, 41.9843 ], [ -87.75909, 41.98505 ], [ -87.76067, 41.98797 ], [ -87.76074, 41.98795 ], [ -87.76093, 41.98782 ], [ -87.76114, 41.98774 ], [ -87.76152, 41.98771 ], [ -87.76162, 41.98768 ], [ -87.76183, 41.98767 ], [ -87.76194, 41.9877 ], [ -87.76209, 41.98778 ], [ -87.76229, 41.98795 ], [ -87.76232, 41.98808 ], [ -87.76227, 41.98824 ], [ -87.76217, 41.98832 ], [ -87.76184, 41.98844 ], [ -87.76169, 41.98856 ], [ -87.7616, 41.98873 ], [ -87.76159, 41.9889 ], [ -87.7617, 41.98921 ], [ -87.76186, 41.9895 ], [ -87.76196, 41.98972 ], [ -87.76204, 41.98985 ], [ -87.76204, 41.99008 ], [ -87.7621, 41.99014 ], [ -87.76223, 41.99017 ], [ -87.76248, 41.99026 ], [ -87.7626, 41.99025 ], [ -87.76267, 41.99016 ], [ -87.76277, 41.98997 ], [ -87.76291, 41.98985 ], [ -87.76304, 41.98978 ], [ -87.76317, 41.98976 ], [ -87.7635, 41.98975 ], [ -87.76362, 41.98973 ], [ -87.76377, 41.98967 ], [ -87.76383, 41.98962 ], [ -87.76394, 41.98943 ], [ -87.76401, 41.98939 ], [ -87.76415, 41.98936 ], [ -87.76431, 41.98939 ], [ -87.76448, 41.98952 ], [ -87.76469, 41.98971 ], [ -87.76493, 41.98983 ], [ -87.7655, 41.99001 ], [ -87.76565, 41.99011 ], [ -87.76576, 41.99014 ], [ -87.76596, 41.99015 ], [ -87.76618, 41.99015 ], [ -87.76636, 41.99012 ], [ -87.7669, 41.99001 ], [ -87.76706, 41.98995 ], [ -87.76723, 41.98987 ], [ -87.76758, 41.98964 ], [ -87.76764, 41.98958 ], [ -87.76767, 41.9895 ], [ -87.7676, 41.98924 ], [ -87.76762, 41.98906 ], [ -87.76776, 41.98886 ], [ -87.76783, 41.9888 ], [ -87.76793, 41.98878 ], [ -87.7682, 41.98877 ], [ -87.76845, 41.9888 ], [ -87.76882, 41.98887 ], [ -87.76947, 41.98898 ], [ -87.76967, 41.989 ], [ -87.77022, 41.98902 ], [ -87.77048, 41.98906 ], [ -87.77061, 41.98912 ], [ -87.77094, 41.98922 ], [ -87.77112, 41.98931 ], [ -87.7714, 41.98954 ], [ -87.77146, 41.98962 ], [ -87.77157, 41.98981 ], [ -87.7717, 41.99 ], [ -87.77174, 41.9901 ], [ -87.77173, 41.99027 ], [ -87.77167, 41.99045 ], [ -87.77157, 41.99069 ], [ -87.77148, 41.99084 ], [ -87.7714, 41.9909 ], [ -87.77113, 41.99095 ], [ -87.77094, 41.99103 ], [ -87.77087, 41.99112 ], [ -87.77084, 41.99125 ], [ -87.77088, 41.99136 ], [ -87.77098, 41.99145 ], [ -87.77119, 41.99152 ], [ -87.77182, 41.99154 ], [ -87.77214, 41.99161 ], [ -87.77239, 41.99164 ], [ -87.77263, 41.99169 ], [ -87.7729, 41.99179 ], [ -87.77302, 41.99189 ], [ -87.77329, 41.99219 ], [ -87.77342, 41.99235 ], [ -87.77349, 41.99248 ], [ -87.77358, 41.99269 ], [ -87.77366, 41.99293 ], [ -87.7737, 41.99312 ], [ -87.77371, 41.99335 ], [ -87.77368, 41.99345 ], [ -87.77359, 41.99357 ], [ -87.77349, 41.99364 ], [ -87.77309, 41.99376 ], [ -87.77284, 41.99381 ], [ -87.77262, 41.99389 ], [ -87.77251, 41.99395 ], [ -87.7723, 41.99404 ], [ -87.7721, 41.99416 ], [ -87.7718, 41.99442 ], [ -87.77157, 41.99463 ], [ -87.77137, 41.99491 ], [ -87.77123, 41.99519 ], [ -87.77118, 41.99534 ], [ -87.77115, 41.99561 ], [ -87.77118, 41.99587 ], [ -87.77125, 41.99612 ], [ -87.77136, 41.99631 ], [ -87.77143, 41.99639 ], [ -87.77155, 41.9965 ], [ -87.77169, 41.99659 ], [ -87.77201, 41.99673 ], [ -87.77245, 41.99688 ], [ -87.77264, 41.99693 ], [ -87.77296, 41.99699 ], [ -87.77349, 41.99706 ], [ -87.77386, 41.99706 ], [ -87.77407, 41.99705 ], [ -87.77438, 41.99701 ], [ -87.77487, 41.99687 ], [ -87.77513, 41.99677 ], [ -87.77541, 41.99671 ], [ -87.77576, 41.99667 ], [ -87.77596, 41.99668 ], [ -87.77605, 41.99673 ], [ -87.77641, 41.99704 ], [ -87.7765, 41.99715 ], [ -87.77661, 41.99723 ], [ -87.77678, 41.99725 ], [ -87.77697, 41.99719 ], [ -87.77714, 41.99703 ], [ -87.77731, 41.99699 ], [ -87.77754, 41.99702 ], [ -87.77772, 41.99706 ], [ -87.77801, 41.99712 ], [ -87.77826, 41.99714 ], [ -87.77839, 41.99711 ], [ -87.77857, 41.99701 ], [ -87.77875, 41.99682 ], [ -87.77888, 41.99677 ], [ -87.77923, 41.99671 ], [ -87.77949, 41.99671 ], [ -87.77962, 41.99673 ], [ -87.77971, 41.99678 ], [ -87.7799, 41.99695 ], [ -87.77997, 41.99714 ], [ -87.78002, 41.99741 ], [ -87.78004, 41.9978 ], [ -87.78009, 41.99812 ], [ -87.78004, 41.99868 ], [ -87.77999, 41.99911 ], [ -87.78001, 41.99933 ], [ -87.78005, 41.99947 ], [ -87.78013, 41.99986 ], [ -87.78015, 42.00001 ], [ -87.7802, 42.0002 ], [ -87.78023, 42.0008 ], [ -87.78027, 42.00111 ], [ -87.78027, 42.00141 ], [ -87.78029, 42.00161 ], [ -87.78039, 42.00187 ], [ -87.78054, 42.00238 ], [ -87.78068, 42.00261 ], [ -87.78083, 42.00276 ], [ -87.78099, 42.00287 ], [ -87.7811, 42.0029 ], [ -87.78151, 42.00296 ], [ -87.78164, 42.00294 ], [ -87.78181, 42.00283 ], [ -87.78203, 42.00259 ], [ -87.78215, 42.00237 ], [ -87.7823, 42.00204 ], [ -87.78242, 42.00179 ], [ -87.78261, 42.00145 ], [ -87.78273, 42.0012 ], [ -87.7828, 42.00101 ], [ -87.78291, 42.0005 ], [ -87.78292, 42.00031 ], [ -87.78302, 42.00012 ], [ -87.78318, 42.00002 ], [ -87.78327, 42.00001 ], [ -87.78357, 42.00007 ], [ -87.78382, 42.00014 ], [ -87.78428, 42.00019 ], [ -87.78445, 42.00017 ], [ -87.78463, 42.00014 ], [ -87.78479, 42.00004 ], [ -87.78498, 41.99991 ], [ -87.78513, 41.99982 ], [ -87.78534, 41.99975 ], [ -87.78559, 41.99972 ], [ -87.78597, 41.99975 ], [ -87.78629, 41.99974 ], [ -87.78645, 41.99975 ], [ -87.78673, 41.99984 ], [ -87.78686, 41.99985 ], [ -87.78703, 41.99983 ], [ -87.78729, 41.99976 ], [ -87.78749, 41.99967 ], [ -87.78761, 41.99964 ], [ -87.78793, 41.99963 ], [ -87.78811, 41.99966 ], [ -87.78843, 41.99979 ], [ -87.7886, 41.99993 ], [ -87.78877, 42.00002 ], [ -87.78893, 42.00008 ], [ -87.78912, 42.00019 ], [ -87.78921, 42.0002 ], [ -87.78944, 42.00029 ], [ -87.78981, 42.0004 ], [ -87.79, 42.00047 ], [ -87.79019, 42.00061 ], [ -87.788, 42.00166 ], [ -87.78539, 42.0029 ], [ -87.782, 42.0045 ], [ -87.78224, 42.00465 ], [ -87.78255, 42.00489 ], [ -87.78277, 42.00509 ], [ -87.7831, 42.00542 ], [ -87.78329, 42.00564 ], [ -87.78454, 42.0071 ], [ -87.78568, 42.00844 ], [ -87.78627, 42.00913 ], [ -87.78835, 42.01156 ], [ -87.78872, 42.012 ], [ -87.78779, 42.01201 ], [ -87.78724, 42.01199 ], [ -87.78652, 42.01199 ], [ -87.78503, 42.012 ], [ -87.78269, 42.012 ], [ -87.78207, 42.012 ], [ -87.78154, 42.01201 ], [ -87.78109, 42.01201 ], [ -87.78037, 42.01199 ], [ -87.77927, 42.01199 ], [ -87.77926, 42.01214 ], [ -87.77915, 42.01357 ], [ -87.7791, 42.01544 ], [ -87.77904, 42.01544 ], [ -87.77697, 42.01539 ], [ -87.77705, 42.0121 ], [ -87.77705, 42.01198 ], [ -87.77628, 42.01197 ], [ -87.77335, 42.01196 ], [ -87.77322, 42.01169 ], [ -87.7731, 42.01148 ], [ -87.77233, 42.01 ], [ -87.77174, 42.00886 ], [ -87.77161, 42.00859 ], [ -87.77094, 42.00731 ], [ -87.7707, 42.00683 ], [ -87.77036, 42.00619 ], [ -87.77027, 42.00623 ], [ -87.76995, 42.00638 ], [ -87.76917, 42.00486 ], [ -87.76814, 42.00439 ], [ -87.76785, 42.00425 ], [ -87.76772, 42.00423 ], [ -87.76655, 42.00368 ], [ -87.76593, 42.0034 ], [ -87.76579, 42.00333 ], [ -87.76571, 42.00344 ], [ -87.76547, 42.00374 ], [ -87.76754, 42.00471 ], [ -87.76746, 42.00832 ], [ -87.76184, 42.00827 ], [ -87.76166, 42.00827 ], [ -87.7617, 42.00734 ], [ -87.76172, 42.00678 ], [ -87.76177, 42.00563 ], [ -87.76185, 42.00389 ], [ -87.76186, 42.00354 ], [ -87.76189, 42.00324 ], [ -87.76195, 42.00266 ], [ -87.76199, 42.00249 ], [ -87.76227, 42.00169 ], [ -87.76143, 42.00132 ], [ -87.75971, 42.00051 ], [ -87.75945, 42.00039 ], [ -87.75865, 42.00002 ], [ -87.75842, 41.9999 ], [ -87.75767, 41.99955 ], [ -87.75662, 41.99905 ], [ -87.75637, 41.99894 ], [ -87.75547, 41.99852 ], [ -87.75444, 41.99804 ], [ -87.75435, 41.99798 ], [ -87.7529, 41.9973 ], [ -87.74816, 41.99729 ], [ -87.74604, 41.99728 ], [ -87.74094, 41.99725 ], [ -87.72903, 41.99724 ], [ -87.72642, 41.99725 ], [ -87.72786, 41.99546 ] ] ] ] } },
{ "type": "Feature", "properties": { "id": 13, "name": "North Park", "areaKm2": 6.525 }, "geometry": { "type": "MultiPolygon", "coordinates": [ [ [ [ -87.70682, 41.98274 ], [ -87.70672, 41.98244 ], [ -87.70666, 41.98213 ], [ -87.70659, 41.98199 ], [ -87.7065, 41.98176 ], [ -87.70649, 41.98165 ], [ -87.70636, 41.98119 ], [ -87.7063, 41.98103 ], [ -87.70625, 41.98095 ], [ -87.7062, 41.98071 ], [ -87.70608, 41.98045 ], [ -87.70601, 41.98019 ], [ -87.70596, 41.97992 ], [ -87.70591, 41.97983 ], [ -87.70576, 41.97933 ], [ -87.70571, 41.97921 ], [ -87.70565, 41.97899 ], [ -87.70551, 41.97865 ], [ -87.70542, 41.9784 ], [ -87.70536, 41.97818 ], [ -87.70534, 41.97805 ], [ -87.70523, 41.97762 ], [ -87.70519, 41.97744 ], [ -87.70517, 41.9774 ], [ -87.70506, 41.97706 ], [ -87.70496, 41.97673 ], [ -87.70493, 41.97657 ], [ -87.70487, 41.97645 ], [ -87.70481, 41.9762 ], [ -87.70483, 41.97614 ], [ -87.70473, 41.97585 ], [ -87.70471, 41.9757 ], [ -87.70464, 41.97561 ], [ -87.70459, 41.97537 ], [ -87.70449, 41.9752 ], [ -87.70449, 41.97503 ], [ -87.70446, 41.97486 ], [ -87.70439, 41.97469 ], [ -87.70434, 41.97444 ], [ -87.70421, 41.97401 ], [ -87.70404, 41.97355 ], [ -87.70478, 41.97395 ], [ -87.70513, 41.97402 ], [ -87.7054, 41.9741 ], [ -87.70553, 41.97412 ], [ -87.70587, 41.97422 ], [ -87.70616, 41.97429 ], [ -87.70668, 41.97443 ], [ -87.70722, 41.97455 ], [ -87.70779, 41.97467 ], [ -87.70809, 41.9747 ], [ -87.70842, 41.97469 ], [ -87.70874, 41.97468 ], [ -87.70903, 41.97462 ], [ -87.70936, 41.97455 ], [ -87.70968, 41.97446 ], [ -87.70999, 41.97435 ], [ -87.71035, 41.97425 ], [ -87.7106, 41.97414 ], [ -87.71083, 41.97406 ], [ -87.71115, 41.97386 ], [ -87.7113, 41.97369 ], [ -87.71164, 41.97307 ], [ -87.71202, 41.97266 ], [ -87.71215, 41.97253 ], [ -87.71232, 41.97244 ], [ -87.71253, 41.97237 ], [ -87.71283, 41.97228 ], [ -87.71325, 41.97213 ], [ -87.71365, 41.97203 ], [ -87.71403, 41.97197 ], [ -87.71444, 41.97195 ], [ -87.71462, 41.97193 ], [ -87.71508, 41.97193 ], [ -87.71567, 41.97192 ], [ -87.71596, 41.97198 ], [ -87.7162, 41.97209 ], [ -87.71696, 41.97252 ], [ -87.71774, 41.97291 ], [ -87.71807, 41.9731 ], [ -87.71829, 41.9732 ], [ -87.71871, 41.97335 ], [ -87.71895, 41.97346 ], [ -87.71915, 41.97358 ], [ -87.71972, 41.97382 ], [ -87.72013, 41.97396 ], [ -87.72037, 41.97401 ], [ -87.72056, 41.97408 ], [ -87.72082, 41.97409 ], [ -87.72109, 41.97411 ], [ -87.72177, 41.97421 ], [ -87.72199, 41.97427 ], [ -87.72243, 41.97441 ], [ -87.7228, 41.97457 ], [ -87.72355, 41.97504 ], [ -87.72379, 41.97524 ], [ -87.72393, 41.97544 ], [ -87.72421, 41.97569 ], [ -87.72444, 41.97581 ], [ -87.72475, 41.97591 ], [ -87.72505, 41.97598 ], [ -87.72568, 41.9761 ], [ -87.72597, 41.97612 ], [ -87.72623, 41.97609 ], [ -87.72656, 41.97601 ], [ -87.72691, 41.97585 ], [ -87.72712, 41.97572 ], [ -87.72731, 41.97554 ], [ -87.72823, 41.97553 ], [ -87.7282, 41.97428 ], [ -87.72818, 41.97363 ], [ -87.72813, 41.97188 ], [ -87.72896, 41.97187 ], [ -87.73183, 41.97184 ], [ -87.73188, 41.97359 ], [ -87.73195, 41.97366 ], [ -87.73204, 41.97366 ], [ -87.73312, 41.97365 ], [ -87.73315, 41.97475 ], [ -87.73317, 41.97548 ], [ -87.73535, 41.97546 ], [ -87.73599, 41.97545 ], [ -87.73848, 41.97543 ], [ -87.74105, 41.9754 ], [ -87.74233, 41.97539 ], [ -87.74284, 41.97538 ], [ -87.74418, 41.97537 ], [ -87.74485, 41.97538 ], [ -87.74611, 41.97537 ], [ -87.74675, 41.97535 ], [ -87.74799, 41.97534 ], [ -87.74803, 41.97632 ], [ -87.74805, 41.97717 ], [ -87.74812, 41.97927 ], [ -87.74815, 41.98024 ], [ -87.74819, 41.98079 ], [ -87.74817, 41.98119 ], [ -87.74819, 41.9819 ], [ -87.74824, 41.98301 ], [ -87.74826, 41.98368 ], [ -87.74798, 41.98367 ], [ -87.74772, 41.98358 ], [ -87.74743, 41.98344 ], [ -87.74731, 41.98333 ], [ -87.74713, 41.98308 ], [ -87.74704, 41.98285 ], [ -87.74699, 41.98263 ], [ -87.74585, 41.98263 ], [ -87.7458, 41.98263 ], [ -87.745, 41.98264 ], [ -87.74432, 41.98267 ], [ -87.74311, 41.9827 ], [ -87.74307, 41.98262 ], [ -87.74302, 41.98261 ], [ -87.74227, 41.98262 ], [ -87.74183, 41.98264 ], [ -87.74085, 41.98266 ], [ -87.74061, 41.98266 ], [ -87.7397, 41.98269 ], [ -87.73831, 41.98271 ], [ -87.73837, 41.98499 ], [ -87.73838, 41.98545 ], [ -87.73841, 41.98632 ], [ -87.73807, 41.98646 ], [ -87.73737, 41.98678 ], [ -87.7365, 41.98715 ], [ -87.73524, 41.98778 ], [ -87.73429, 41.98823 ], [ -87.73414, 41.98832 ], [ -87.73407, 41.98847 ], [ -87.73306, 41.9898 ], [ -87.73287, 41.99008 ], [ -87.73186, 41.99009 ], [ -87.73049, 41.99192 ], [ -87.73009, 41.99246 ], [ -87.72915, 41.99369 ], [ -87.72889, 41.99405 ], [ -87.72786, 41.99546 ], [ -87.72642, 41.99725 ], [ -87.71858, 41.99728 ], [ -87.71759, 41.99729 ], [ -87.71603, 41.99729 ], [ -87.71395, 41.99731 ], [ -87.71067, 41.99737 ], [ -87.71063, 41.99702 ], [ -87.71064, 41.99701 ], [ -87.71062, 41.9967 ], [ -87.71051, 41.99583 ], [ -87.71041, 41.99529 ], [ -87.71032, 41.9948 ], [ -87.71024, 41.99449 ], [ -87.71019, 41.99424 ], [ -87.71016, 41.99402 ], [ -87.70998, 41.99334 ], [ -87.70985, 41.99281 ], [ -87.70982, 41.99273 ], [ -87.70974, 41.99242 ], [ -87.70958, 41.9919 ], [ -87.70952, 41.99161 ], [ -87.70938, 41.99141 ], [ -87.70937, 41.9913 ], [ -87.70908, 41.99035 ], [ -87.70898, 41.99008 ], [ -87.70898, 41.98996 ], [ -87.70891, 41.98975 ], [ -87.70886, 41.98945 ], [ -87.70883, 41.98944 ], [ -87.70877, 41.98928 ], [ -87.70869, 41.9889 ], [ -87.70859, 41.98867 ], [ -87.70848, 41.98849 ], [ -87.70852, 41.98842 ], [ -87.70847, 41.98819 ], [ -87.70836, 41.98789 ], [ -87.70834, 41.98778 ], [ -87.70827, 41.98754 ], [ -87.70828, 41.98748 ], [ -87.70822, 41.98735 ], [ -87.70821, 41.98725 ], [ -87.70816, 41.98704 ], [ -87.70794, 41.98652 ], [ -87.70785, 41.98647 ], [ -87.70777, 41.98649 ], [ -87.7078, 41.98638 ], [ -87.70788, 41.98635 ], [ -87.70783, 41.98614 ], [ -87.70782, 41.98603 ], [ -87.7077, 41.98564 ], [ -87.70751, 41.98517 ], [ -87.70751, 41.98495 ], [ -87.70744, 41.9848 ], [ -87.70739, 41.98459 ], [ -87.70732, 41.98445 ], [ -87.70726, 41.98428 ], [ -87.70719, 41.98398 ], [ -87.70702, 41.98354 ], [ -87.7069, 41.98308 ], [ -87.70682, 41.98274 ] ] ] ] } },
{ "type": "Feature", "properties": { "id": 14, "name": "Albany Park", "areaKm2": 4.97 }, "geometry": { "type": "MultiPolygon", "coordinates": [ [ [ [ -87.70393, 41.97328 ], [ -87.70386, 41.97316 ], [ -87.70382, 41.97305 ], [ -87.70376, 41.97268 ], [ -87.70366, 41.97234 ], [ -87.70357, 41.97195 ], [ -87.70322, 41.97124 ], [ -87.70309, 41.97105 ], [ -87.70306, 41.97098 ], [ -87.7028, 41.97058 ], [ -87.70278, 41.97053 ], [ -87.70256, 41.97023 ], [ -87.70224, 41.96986 ], [ -87.70202, 41.96962 ], [ -87.70188, 41.96954 ], [ -87.70179, 41.96946 ], [ -87.70154, 41.9692 ], [ -87.70145, 41.96906 ], [ -87.70144, 41.96894 ], [ -87.70108, 41.96852 ], [ -87.70091, 41.96837 ], [ -87.70073, 41.96825 ], [ -87.70049, 41.968 ], [ -87.70011, 41.96765 ], [ -87.69987, 41.96747 ], [ -87.6998, 41.96738 ], [ -87.69956, 41.96718 ], [ -87.69949, 41.96708 ], [ -87.69911, 41.96673 ], [ -87.69902, 41.96662 ], [ -87.69847, 41.96608 ], [ -87.69831, 41.96589 ], [ -87.69793, 41.96553 ], [ -87.69751, 41.96511 ], [ -87.69729, 41.96491 ], [ -87.69704, 41.96472 ], [ -87.69693, 41.96457 ], [ -87.69667, 41.96429 ], [ -87.69642, 41.96404 ], [ -87.69605, 41.96368 ], [ -87.69597, 41.96356 ], [ -87.69578, 41.96337 ], [ -87.69562, 41.96318 ], [ -87.69548, 41.96293 ], [ -87.6953, 41.96254 ], [ -87.69524, 41.96234 ], [ -87.69516, 41.96217 ], [ -87.69509, 41.96209 ], [ -87.69507, 41.96199 ], [ -87.69501, 41.9619 ], [ -87.69493, 41.96173 ], [ -87.69485, 41.96148 ], [ -87.69475, 41.96127 ], [ -87.69814, 41.96125 ], [ -87.69896, 41.96125 ], [ -87.70069, 41.96123 ], [ -87.70242, 41.96123 ], [ -87.70318, 41.96122 ], [ -87.70496, 41.96121 ], [ -87.70651, 41.9612 ], [ -87.70716, 41.96119 ], [ -87.70846, 41.96119 ], [ -87.71152, 41.96115 ], [ -87.71225, 41.96114 ], [ -87.71341, 41.96113 ], [ -87.71517, 41.9611 ], [ -87.7184, 41.96107 ], [ -87.71959, 41.96105 ], [ -87.72239, 41.96102 ], [ -87.72389, 41.961 ], [ -87.726, 41.96097 ], [ -87.72861, 41.96094 ], [ -87.72969, 41.96093 ], [ -87.73383, 41.96377 ], [ -87.73521, 41.96473 ], [ -87.73673, 41.96576 ], [ -87.73785, 41.96654 ], [ -87.7379, 41.96796 ], [ -87.7379, 41.96813 ], [ -87.73944, 41.96812 ], [ -87.74016, 41.96811 ], [ -87.74352, 41.96808 ], [ -87.74507, 41.96806 ], [ -87.7459, 41.96805 ], [ -87.74721, 41.96804 ], [ -87.74772, 41.96803 ], [ -87.74763, 41.96813 ], [ -87.74751, 41.96854 ], [ -87.74751, 41.96864 ], [ -87.74764, 41.96896 ], [ -87.74762, 41.96899 ], [ -87.7477, 41.96911 ], [ -87.74776, 41.96932 ], [ -87.74785, 41.96972 ], [ -87.74787, 41.97021 ], [ -87.7479, 41.97125 ], [ -87.7479, 41.97156 ], [ -87.74792, 41.97245 ], [ -87.7479, 41.97277 ], [ -87.74793, 41.9731 ], [ -87.74798, 41.97468 ], [ -87.74799, 41.97534 ], [ -87.74675, 41.97535 ], [ -87.74611, 41.97537 ], [ -87.74485, 41.97538 ], [ -87.74418, 41.97537 ], [ -87.74284, 41.97538 ], [ -87.74233, 41.97539 ], [ -87.74105, 41.9754 ], [ -87.73848, 41.97543 ], [ -87.73599, 41.97545 ], [ -87.73535, 41.97546 ], [ -87.73317, 41.97548 ], [ -87.73315, 41.97475 ], [ -87.73312, 41.97365 ], [ -87.73204, 41.97366 ], [ -87.73195, 41.97366 ], [ -87.73188, 41.97359 ], [ -87.73183, 41.97184 ], [ -87.72896, 41.97187 ], [ -87.72813, 41.97188 ], [ -87.72818, 41.97363 ], [ -87.7282, 41.97428 ], [ -87.72823, 41.97553 ], [ -87.72731, 41.97554 ], [ -87.72712, 41.97572 ], [ -87.72691, 41.97585 ], [ -87.72656, 41.97601 ], [ -87.72623, 41.97609 ], [ -87.72597, 41.97612 ], [ -87.72568, 41.9761 ], [ -87.72505, 41.97598 ], [ -87.72475, 41.97591 ], [ -87.72444, 41.97581 ], [ -87.72421, 41.97569 ], [ -87.72393, 41.97544 ], [ -87.72379, 41.97524 ], [ -87.72355, 41.97504 ], [ -87.7228, 41.97457 ], [ -87.72243, 41.97441 ], [ -87.72199, 41.97427 ], [ -87.72177, 41.97421 ], [ -87.72109, 41.97411 ], [ -87.72082, 41.97409 ], [ -87.72056, 41.97408 ], [ -87.72037, 41.97401 ], [ -87.72013, 41.97396 ], [ -87.71972, 41.97382 ], [ -87.71915, 41.97358 ], [ -87.71895, 41.97346 ], [ -87.71871, 41.97335 ], [ -87.71829, 41.9732 ], [ -87.71807, 41.9731 ], [ -87.71774, 41.97291 ], [ -87.71696, 41.97252 ], [ -87.7162, 41.97209 ], [ -87.71596, 41.97198 ], [ -87.71567, 41.97192 ], [ -87.71508, 41.97193 ], [ -87.71462, 41.97193 ], [ -87.71444, 41.97195 ], [ -87.71403, 41.97197 ], [ -87.71365, 41.97203 ], [ -87.71325, 41.97213 ], [ -87.71283, 41.97228 ], [ -87.71253, 41.97237 ], [ -87.71232, 41.97244 ], [ -87.71215, 41.97253 ], [ -87.71202, 41.97266 ], [ -87.71164, 41.97307 ], [ -87.7113, 41.97369 ], [ -87.71115, 41.97386 ], [ -87.71083, 41.97406 ], [ -87.7106, 41.97414 ], [ -87.71035, 41.97425 ], [ -87.70999, 41.97435 ], [ -87.70968, 41.97446 ], [ -87.70936, 41.97455 ], [ -87.70903, 41.97462 ], [ -87.70874, 41.97468 ], [ -87.70842, 41.97469 ], [ -87.70809, 41.9747 ], [ -87.70779, 41.97467 ], [ -87.70722, 41.97455 ], [ -87.70668, 41.97443 ], [ -87.70616, 41.97429 ], [ -87.70587, 41.97422 ], [ -87.70553, 41.97412 ], [ -87.7054, 41.9741 ], [ -87.70513, 41.97402 ], [ -87.70478, 41.97395 ], [ -87.70404, 41.97355 ], [ -87.70393, 41.97328 ] ] ] ] } },
{ "type": "Feature", "properties": { "id": 15, "name": "Portage Park", "areaKm2": 10.231 }, "geometry": { "type": "MultiPolygon", "coordinates": [ [ [ [ -87.75126, 41.96798 ], [ -87.74937, 41.96801 ], [ -87.74772, 41.96803 ], [ -87.74772, 41.96708 ], [ -87.74767, 41.96553 ], [ -87.74764, 41.96452 ], [ -87.7476, 41.96424 ], [ -87.74741, 41.96383 ], [ -87.74718, 41.96339 ], [ -87.74791, 41.96348 ], [ -87.74766, 41.9634 ], [ -87.7471, 41.96323 ], [ -87.74698, 41.96299 ], [ -87.74696, 41.9629 ], [ -87.74701, 41.96279 ], [ -87.74717, 41.96264 ], [ -87.74701, 41.96248 ], [ -87.74651, 41.96191 ], [ -87.7461, 41.96168 ], [ -87.74502, 41.96108 ], [ -87.74444, 41.96076 ], [ -87.74486, 41.96076 ], [ -87.74648, 41.96074 ], [ -87.74505, 41.958 ], [ -87.74426, 41.9565 ], [ -87.74361, 41.95516 ], [ -87.74327, 41.95448 ], [ -87.74273, 41.95347 ], [ -87.7425, 41.95347 ], [ -87.74243, 41.9504 ], [ -87.74238, 41.948 ], [ -87.74237, 41.94709 ], [ -87.74235, 41.94619 ], [ -87.74231, 41.94438 ], [ -87.74225, 41.94254 ], [ -87.74296, 41.94253 ], [ -87.7429, 41.94069 ], [ -87.7424, 41.9407 ], [ -87.74216, 41.9407 ], [ -87.74211, 41.93889 ], [ -87.74217, 41.93889 ], [ -87.74365, 41.93887 ], [ -87.74664, 41.93883 ], [ -87.74789, 41.93881 ], [ -87.7508, 41.93878 ], [ -87.75248, 41.93876 ], [ -87.75515, 41.93872 ], [ -87.75604, 41.93871 ], [ -87.75709, 41.9387 ], [ -87.75859, 41.93867 ], [ -87.76108, 41.93864 ], [ -87.76255, 41.93863 ], [ -87.766, 41.93858 ], [ -87.76847, 41.93855 ], [ -87.77054, 41.93852 ], [ -87.77621, 41.93845 ], [ -87.77624, 41.9391 ], [ -87.77627, 41.93978 ], [ -87.77637, 41.94245 ], [ -87.77638, 41.94267 ], [ -87.77647, 41.94496 ], [ -87.77651, 41.94594 ], [ -87.77667, 41.95008 ], [ -87.77669, 41.95062 ], [ -87.77672, 41.95145 ], [ -87.77674, 41.95197 ], [ -87.77677, 41.95306 ], [ -87.77711, 41.95305 ], [ -87.77913, 41.95301 ], [ -87.78227, 41.95297 ], [ -87.78656, 41.95292 ], [ -87.78658, 41.95348 ], [ -87.7866, 41.9542 ], [ -87.78665, 41.95555 ], [ -87.78668, 41.95611 ], [ -87.78671, 41.95691 ], [ -87.78676, 41.95813 ], [ -87.78679, 41.95909 ], [ -87.78681, 41.96022 ], [ -87.78682, 41.96071 ], [ -87.78688, 41.9625 ], [ -87.78689, 41.96269 ], [ -87.78696, 41.96314 ], [ -87.78705, 41.9633 ], [ -87.78678, 41.96347 ], [ -87.78677, 41.96355 ], [ -87.78676, 41.96452 ], [ -87.78674, 41.9664 ], [ -87.78674, 41.96734 ], [ -87.78676, 41.96763 ], [ -87.78675, 41.96833 ], [ -87.78677, 41.96843 ], [ -87.78419, 41.96846 ], [ -87.77964, 41.96852 ], [ -87.77732, 41.96854 ], [ -87.77703, 41.96856 ], [ -87.7754, 41.96858 ], [ -87.77, 41.96865 ], [ -87.7675, 41.96869 ], [ -87.76748, 41.96778 ], [ -87.76525, 41.96781 ], [ -87.76478, 41.9678 ], [ -87.76279, 41.96768 ], [ -87.76261, 41.96767 ], [ -87.76136, 41.96759 ], [ -87.76075, 41.96788 ], [ -87.76056, 41.96787 ], [ -87.75909, 41.96789 ], [ -87.75783, 41.9679 ], [ -87.75664, 41.96792 ], [ -87.75462, 41.96794 ], [ -87.75264, 41.96797 ], [ -87.75126, 41.96798 ] ] ] ] } },
{ "type": "Feature", "properties": { "id": 16, "name": "Irving Park", "areaKm2": 8.319 }, "geometry": { "type": "MultiPolygon", "coordinates": [ [ [ [ -87.6947, 41.9611 ], [ -87.69469, 41.96077 ], [ -87.69467, 41.96056 ], [ -87.69468, 41.96037 ], [ -87.69466, 41.96006 ], [ -87.69459, 41.95964 ], [ -87.6946, 41.95939 ], [ -87.69458, 41.9592 ], [ -87.69444, 41.95851 ], [ -87.6944, 41.95807 ], [ -87.69435, 41.95789 ], [ -87.69434, 41.95772 ], [ -87.69438, 41.95742 ], [ -87.69438, 41.95706 ], [ -87.69427, 41.95703 ], [ -87.69427, 41.95685 ], [ -87.69437, 41.95681 ], [ -87.69437, 41.95654 ], [ -87.69439, 41.95638 ], [ -87.69439, 41.95588 ], [ -87.69443, 41.95552 ], [ -87.69447, 41.95537 ], [ -87.69447, 41.95505 ], [ -87.69444, 41.95502 ], [ -87.69444, 41.95466 ], [ -87.69448, 41.95452 ], [ -87.69449, 41.95434 ], [ -87.69455, 41.95392 ], [ -87.69458, 41.95381 ], [ -87.69465, 41.95368 ], [ -87.69507, 41.95311 ], [ -87.6954, 41.95271 ], [ -87.6955, 41.95261 ], [ -87.69566, 41.95235 ], [ -87.69579, 41.95216 ], [ -87.69592, 41.9519 ], [ -87.69597, 41.95183 ], [ -87.69615, 41.95149 ], [ -87.69621, 41.95135 ], [ -87.6964, 41.95102 ], [ -87.69654, 41.95085 ], [ -87.69679, 41.95039 ], [ -87.69684, 41.95024 ], [ -87.69686, 41.95001 ], [ -87.69683, 41.94969 ], [ -87.6968, 41.9496 ], [ -87.69668, 41.94891 ], [ -87.69664, 41.94875 ], [ -87.69657, 41.94839 ], [ -87.69647, 41.94795 ], [ -87.69637, 41.94774 ], [ -87.69634, 41.94761 ], [ -87.69632, 41.94742 ], [ -87.69622, 41.94702 ], [ -87.6962, 41.9467 ], [ -87.69865, 41.94668 ], [ -87.70028, 41.94667 ], [ -87.70088, 41.94665 ], [ -87.70197, 41.94665 ], [ -87.7025, 41.94665 ], [ -87.70343, 41.94665 ], [ -87.70738, 41.94664 ], [ -87.70884, 41.94662 ], [ -87.71034, 41.9466 ], [ -87.71234, 41.94657 ], [ -87.71285, 41.94656 ], [ -87.71419, 41.94655 ], [ -87.71463, 41.94653 ], [ -87.71593, 41.94652 ], [ -87.7172, 41.94651 ], [ -87.72088, 41.94646 ], [ -87.72215, 41.94645 ], [ -87.72459, 41.94641 ], [ -87.72562, 41.9464 ], [ -87.7274, 41.94637 ], [ -87.72737, 41.9452 ], [ -87.72733, 41.94417 ], [ -87.72732, 41.94371 ], [ -87.72726, 41.94145 ], [ -87.72721, 41.94014 ], [ -87.72719, 41.9391 ], [ -87.72871, 41.93907 ], [ -87.73142, 41.93904 ], [ -87.73277, 41.93902 ], [ -87.73522, 41.93899 ], [ -87.73782, 41.93895 ], [ -87.73879, 41.93894 ], [ -87.74033, 41.93892 ], [ -87.74211, 41.93889 ], [ -87.74216, 41.9407 ], [ -87.7424, 41.9407 ], [ -87.7429, 41.94069 ], [ -87.74296, 41.94253 ], [ -87.74225, 41.94254 ], [ -87.74231, 41.94438 ], [ -87.74235, 41.94619 ], [ -87.74237, 41.94709 ], [ -87.74238, 41.948 ], [ -87.74243, 41.9504 ], [ -87.7425, 41.95347 ], [ -87.74273, 41.95347 ], [ -87.74327, 41.95448 ], [ -87.74361, 41.95516 ], [ -87.74426, 41.9565 ], [ -87.74505, 41.958 ], [ -87.74648, 41.96074 ], [ -87.74486, 41.96076 ], [ -87.74444, 41.96076 ], [ -87.74502, 41.96108 ], [ -87.7461, 41.96168 ], [ -87.74651, 41.96191 ], [ -87.74701, 41.96248 ], [ -87.74717, 41.96264 ], [ -87.74701, 41.96279 ], [ -87.74696, 41.9629 ], [ -87.74698, 41.96299 ], [ -87.7471, 41.96323 ], [ -87.74766, 41.9634 ], [ -87.74791, 41.96348 ], [ -87.74718, 41.96339 ], [ -87.74741, 41.96383 ], [ -87.7476, 41.96424 ], [ -87.74764, 41.96452 ], [ -87.74767, 41.96553 ], [ -87.74772, 41.96708 ], [ -87.74772, 41.96803 ], [ -87.74721, 41.96804 ], [ -87.7459, 41.96805 ], [ -87.74507, 41.96806 ], [ -87.74352, 41.96808 ], [ -87.74016, 41.96811 ], [ -87.73944, 41.96812 ], [ -87.7379, 41.96813 ], [ -87.7379, 41.96796 ], [ -87.73785, 41.96654 ], [ -87.73673, 41.96576 ], [ -87.73521, 41.96473 ], [ -87.73383, 41.96377 ], [ -87.72969, 41.96093 ], [ -87.72861, 41.96094 ], [ -87.726, 41.96097 ], [ -87.72389, 41.961 ], [ -87.72239, 41.96102 ], [ -87.71959, 41.96105 ], [ -87.7184, 41.96107 ], [ -87.71517, 41.9611 ], [ -87.71341, 41.96113 ], [ -87.71225, 41.96114 ], [ -87.71152, 41.96115 ], [ -87.70846, 41.96119 ], [ -87.70716, 41.96119 ], [ -87.70651, 41.9612 ], [ -87.70496, 41.96121 ], [ -87.70318, 41.96122 ], [ -87.70242, 41.96123 ], [ -87.70069, 41.96123 ], [ -87.69896, 41.96125 ], [ -87.69814, 41.96125 ], [ -87.69475, 41.96127 ], [ -87.6947, 41.9611 ] ] ] ] } },
{ "type": "Feature", "properties": { "id": 17, "name": "Dunning", "areaKm2": 9.618 }, "geometry": { "type": "MultiPolygon", "coordinates": [ [ [ [ -87.77906, 41.93841 ], [ -87.78198, 41.93837 ], [ -87.78399, 41.93835 ], [ -87.78502, 41.93833 ], [ -87.78651, 41.93831 ], [ -87.78753, 41.93829 ], [ -87.78987, 41.93826 ], [ -87.79077, 41.93824 ], [ -87.79373, 41.93819 ], [ -87.79457, 41.93818 ], [ -87.79795, 41.93812 ], [ -87.79897, 41.93811 ], [ -87.80105, 41.93808 ], [ -87.8015, 41.93807 ], [ -87.80413, 41.93803 ], [ -87.80443, 41.93803 ], [ -87.80524, 41.93802 ], [ -87.80675, 41.938 ], [ -87.8067, 41.93661 ], [ -87.80662, 41.93451 ], [ -87.80714, 41.93451 ], [ -87.80941, 41.93446 ], [ -87.81323, 41.93438 ], [ -87.81639, 41.93431 ], [ -87.81643, 41.93556 ], [ -87.81651, 41.93775 ], [ -87.81652, 41.93794 ], [ -87.81917, 41.93789 ], [ -87.82334, 41.9378 ], [ -87.82594, 41.93775 ], [ -87.82657, 41.93775 ], [ -87.82964, 41.93769 ], [ -87.83321, 41.93762 ], [ -87.83345, 41.9376 ], [ -87.83462, 41.93757 ], [ -87.83481, 41.93758 ], [ -87.83479, 41.93775 ], [ -87.83482, 41.93834 ], [ -87.83486, 41.93934 ], [ -87.83491, 41.94044 ], [ -87.83494, 41.94095 ], [ -87.83497, 41.9415 ], [ -87.83508, 41.9443 ], [ -87.83512, 41.94467 ], [ -87.83518, 41.94479 ], [ -87.83643, 41.94476 ], [ -87.83649, 41.94622 ], [ -87.8365, 41.94695 ], [ -87.83652, 41.94734 ], [ -87.83658, 41.949 ], [ -87.83663, 41.95034 ], [ -87.83666, 41.95188 ], [ -87.83669, 41.95405 ], [ -87.83669, 41.956 ], [ -87.83667, 41.95783 ], [ -87.8367, 41.95936 ], [ -87.83385, 41.95941 ], [ -87.83268, 41.95944 ], [ -87.8326, 41.95908 ], [ -87.83234, 41.95802 ], [ -87.83209, 41.95707 ], [ -87.83202, 41.95672 ], [ -87.83197, 41.95638 ], [ -87.83182, 41.95567 ], [ -87.83183, 41.95517 ], [ -87.83182, 41.95455 ], [ -87.83183, 41.95404 ], [ -87.83181, 41.95348 ], [ -87.8318, 41.95284 ], [ -87.83179, 41.95231 ], [ -87.83179, 41.95216 ], [ -87.82963, 41.95222 ], [ -87.82608, 41.95231 ], [ -87.82171, 41.95242 ], [ -87.82133, 41.95243 ], [ -87.81931, 41.95248 ], [ -87.81856, 41.95249 ], [ -87.81775, 41.95252 ], [ -87.81612, 41.95256 ], [ -87.81526, 41.95258 ], [ -87.81449, 41.9526 ], [ -87.81304, 41.95263 ], [ -87.81235, 41.95265 ], [ -87.81106, 41.95268 ], [ -87.8103, 41.95269 ], [ -87.80917, 41.95273 ], [ -87.80757, 41.95277 ], [ -87.80727, 41.95276 ], [ -87.8073, 41.95358 ], [ -87.80729, 41.95387 ], [ -87.80653, 41.95422 ], [ -87.80231, 41.95624 ], [ -87.80146, 41.95665 ], [ -87.79861, 41.95801 ], [ -87.798, 41.9583 ], [ -87.79745, 41.95857 ], [ -87.79473, 41.95987 ], [ -87.79433, 41.96003 ], [ -87.7942, 41.96006 ], [ -87.79277, 41.96009 ], [ -87.7918, 41.96012 ], [ -87.79127, 41.96013 ], [ -87.79071, 41.96013 ], [ -87.78815, 41.96018 ], [ -87.78729, 41.96021 ], [ -87.78681, 41.96022 ], [ -87.78679, 41.95909 ], [ -87.78676, 41.95813 ], [ -87.78671, 41.95691 ], [ -87.78668, 41.95611 ], [ -87.78665, 41.95555 ], [ -87.7866, 41.9542 ], [ -87.78658, 41.95348 ], [ -87.78656, 41.95292 ], [ -87.78227, 41.95297 ], [ -87.77913, 41.95301 ], [ -87.77711, 41.95305 ], [ -87.77677, 41.95306 ], [ -87.77674, 41.95197 ], [ -87.77672, 41.95145 ], [ -87.77669, 41.95062 ], [ -87.77667, 41.95008 ], [ -87.77651, 41.94594 ], [ -87.77647, 41.94496 ], [ -87.77638, 41.94267 ], [ -87.77637, 41.94245 ], [ -87.77627, 41.93978 ], [ -87.77624, 41.9391 ], [ -87.77621, 41.93845 ], [ -87.77906, 41.93841 ] ] ] ] } },
{ "type": "Feature", "properties": { "id": 18, "name": "Montclare", "areaKm2": 2.56 }, "geometry": { "type": "MultiPolygon", "coordinates": [ [ [ [ -87.79152, 41.91813 ], [ -87.79387, 41.91899 ], [ -87.79511, 41.91944 ], [ -87.79512, 41.91954 ], [ -87.79629, 41.91997 ], [ -87.80073, 41.92158 ], [ -87.80166, 41.92191 ], [ -87.80253, 41.92224 ], [ -87.80327, 41.9225 ], [ -87.80402, 41.92276 ], [ -87.80473, 41.92298 ], [ -87.80559, 41.92321 ], [ -87.80623, 41.92337 ], [ -87.80624, 41.92359 ], [ -87.80627, 41.92464 ], [ -87.80631, 41.92555 ], [ -87.80634, 41.92642 ], [ -87.80642, 41.92874 ], [ -87.80648, 41.93041 ], [ -87.80657, 41.93304 ], [ -87.80662, 41.93451 ], [ -87.8067, 41.93661 ], [ -87.80675, 41.938 ], [ -87.80524, 41.93802 ], [ -87.80443, 41.93803 ], [ -87.80413, 41.93803 ], [ -87.8015, 41.93807 ], [ -87.80105, 41.93808 ], [ -87.79897, 41.93811 ], [ -87.79795, 41.93812 ], [ -87.79457, 41.93818 ], [ -87.79373, 41.93819 ], [ -87.79077, 41.93824 ], [ -87.79072, 41.93659 ], [ -87.7907, 41.93629 ], [ -87.79059, 41.93277 ], [ -87.79069, 41.93277 ], [ -87.79067, 41.93199 ], [ -87.79064, 41.9311 ], [ -87.7905, 41.92655 ], [ -87.79041, 41.92377 ], [ -87.79039, 41.92364 ], [ -87.7904, 41.92344 ], [ -87.79031, 41.9207 ], [ -87.79026, 41.91898 ], [ -87.79023, 41.91867 ], [ -87.79019, 41.91853 ], [ -87.79008, 41.91821 ], [ -87.78994, 41.91801 ], [ -87.78974, 41.91777 ], [ -87.78964, 41.91767 ], [ -87.78942, 41.91751 ], [ -87.79152, 41.91813 ] ] ] ] } },
{ "type": "Feature", "properties": { "id": 19, "name": "Belmont Cragin", "areaKm2": 10.128 }, "geometry": { "type": "MultiPolygon", "coordinates": [ [ [ [ -87.74273, 41.91407 ], [ -87.74601, 41.91447 ], [ -87.74601, 41.91439 ], [ -87.74702, 41.91452 ], [ -87.74752, 41.91455 ], [ -87.74772, 41.91457 ], [ -87.7483, 41.91464 ], [ -87.75263, 41.91517 ], [ -87.75334, 41.91526 ], [ -87.75509, 41.91547 ], [ -87.75564, 41.91549 ], [ -87.75589, 41.91549 ], [ -87.75588, 41.9154 ], [ -87.7562, 41.91547 ], [ -87.75751, 41.91576 ], [ -87.75925, 41.91609 ], [ -87.76289, 41.91653 ], [ -87.76351, 41.9166 ], [ -87.76381, 41.91663 ], [ -87.76462, 41.91668 ], [ -87.76523, 41.91671 ], [ -87.76585, 41.91672 ], [ -87.7664, 41.91672 ], [ -87.76991, 41.91667 ], [ -87.77052, 41.91666 ], [ -87.774, 41.91661 ], [ -87.7784, 41.91655 ], [ -87.78175, 41.91649 ], [ -87.7849, 41.91645 ], [ -87.78527, 41.91645 ], [ -87.78561, 41.91647 ], [ -87.78601, 41.9165 ], [ -87.78644, 41.91656 ], [ -87.78703, 41.91667 ], [ -87.78742, 41.91677 ], [ -87.78783, 41.9169 ], [ -87.78816, 41.91701 ], [ -87.78896, 41.9173 ], [ -87.78927, 41.91743 ], [ -87.78942, 41.91751 ], [ -87.78964, 41.91767 ], [ -87.78974, 41.91777 ], [ -87.78994, 41.91801 ], [ -87.79008, 41.91821 ], [ -87.79019, 41.91853 ], [ -87.79023, 41.91867 ], [ -87.79026, 41.91898 ], [ -87.79031, 41.9207 ], [ -87.7904, 41.92344 ], [ -87.79039, 41.92364 ], [ -87.79041, 41.92377 ], [ -87.7905, 41.92655 ], [ -87.79064, 41.9311 ], [ -87.79067, 41.93199 ], [ -87.79069, 41.93277 ], [ -87.79059, 41.93277 ], [ -87.7907, 41.93629 ], [ -87.79072, 41.93659 ], [ -87.79077, 41.93824 ], [ -87.78987, 41.93826 ], [ -87.78753, 41.93829 ], [ -87.78651, 41.93831 ], [ -87.78502, 41.93833 ], [ -87.78399, 41.93835 ], [ -87.78198, 41.93837 ], [ -87.77906, 41.93841 ], [ -87.77621, 41.93845 ], [ -87.77054, 41.93852 ], [ -87.76847, 41.93855 ], [ -87.766, 41.93858 ], [ -87.76255, 41.93863 ], [ -87.76108, 41.93864 ], [ -87.75859, 41.93867 ], [ -87.75709, 41.9387 ], [ -87.75604, 41.93871 ], [ -87.75515, 41.93872 ], [ -87.75248, 41.93876 ], [ -87.7508, 41.93878 ], [ -87.74789, 41.93881 ], [ -87.74664, 41.93883 ], [ -87.74365, 41.93887 ], [ -87.74217, 41.93889 ], [ -87.74206, 41.93592 ], [ -87.74193, 41.93213 ], [ -87.74186, 41.93032 ], [ -87.7418, 41.9288 ], [ -87.74169, 41.92576 ], [ -87.74165, 41.92464 ], [ -87.74159, 41.92262 ], [ -87.74155, 41.92134 ], [ -87.74151, 41.91974 ], [ -87.74146, 41.91788 ], [ -87.74141, 41.91631 ], [ -87.74137, 41.91518 ], [ -87.74137, 41.91509 ], [ -87.74134, 41.9139 ], [ -87.74273, 41.91407 ] ] ] ] } },
{ "type": "Feature", "properties": { "id": 20, "name": "Hermosa", "areaKm2": 3.027 }, "geometry": { "type": "MultiPolygon", "coordinates": [ [ [ [ -87.73004, 41.929 ], [ -87.72957, 41.92808 ], [ -87.72786, 41.92478 ], [ -87.7277, 41.92447 ], [ -87.72677, 41.92448 ], [ -87.72676, 41.92428 ], [ -87.72674, 41.92331 ], [ -87.72669, 41.92314 ], [ -87.72659, 41.92297 ], [ -87.72644, 41.92265 ], [ -87.72658, 41.92265 ], [ -87.72708, 41.92265 ], [ -87.72673, 41.92198 ], [ -87.7267, 41.92188 ], [ -87.72667, 41.92102 ], [ -87.72661, 41.91899 ], [ -87.72488, 41.91902 ], [ -87.72406, 41.91743 ], [ -87.72391, 41.9172 ], [ -87.72422, 41.9172 ], [ -87.7242, 41.91707 ], [ -87.72411, 41.91687 ], [ -87.72408, 41.91605 ], [ -87.72406, 41.91537 ], [ -87.72314, 41.91538 ], [ -87.72235, 41.91364 ], [ -87.724, 41.91362 ], [ -87.72419, 41.91358 ], [ -87.7247, 41.91358 ], [ -87.72575, 41.91359 ], [ -87.72645, 41.91359 ], [ -87.72834, 41.91357 ], [ -87.73011, 41.91355 ], [ -87.73184, 41.91352 ], [ -87.73499, 41.91349 ], [ -87.73672, 41.91347 ], [ -87.73735, 41.91347 ], [ -87.73801, 41.9135 ], [ -87.73878, 41.91356 ], [ -87.73941, 41.91363 ], [ -87.74103, 41.91382 ], [ -87.74134, 41.9139 ], [ -87.74137, 41.91509 ], [ -87.74137, 41.91518 ], [ -87.74141, 41.91631 ], [ -87.74146, 41.91788 ], [ -87.74151, 41.91974 ], [ -87.74155, 41.92134 ], [ -87.74159, 41.92262 ], [ -87.74165, 41.92464 ], [ -87.74169, 41.92576 ], [ -87.7418, 41.9288 ], [ -87.74186, 41.93032 ], [ -87.74193, 41.93213 ], [ -87.74206, 41.93592 ], [ -87.74217, 41.93889 ], [ -87.74211, 41.93889 ], [ -87.74033, 41.93892 ], [ -87.73879, 41.93894 ], [ -87.73782, 41.93895 ], [ -87.73522, 41.93899 ], [ -87.73498, 41.93854 ], [ -87.73293, 41.93458 ], [ -87.73256, 41.93386 ], [ -87.73146, 41.93173 ], [ -87.73004, 41.929 ] ] ] ] } },
{ "type": "Feature", "properties": { "id": 21, "name": "Avondale", "areaKm2": 5.133 }, "geometry": { "type": "MultiPolygon", "coordinates": [ [ [ [ -87.68797, 41.93551 ], [ -87.68793, 41.93328 ], [ -87.68792, 41.93258 ], [ -87.68788, 41.93218 ], [ -87.68886, 41.93216 ], [ -87.69014, 41.93215 ], [ -87.69119, 41.93214 ], [ -87.69319, 41.93213 ], [ -87.69376, 41.93213 ], [ -87.69428, 41.93212 ], [ -87.69636, 41.9321 ], [ -87.69662, 41.9321 ], [ -87.69791, 41.9321 ], [ -87.69853, 41.93209 ], [ -87.70209, 41.93207 ], [ -87.70279, 41.93206 ], [ -87.70352, 41.93205 ], [ -87.70464, 41.93204 ], [ -87.70654, 41.93203 ], [ -87.70706, 41.93203 ], [ -87.70784, 41.93203 ], [ -87.71127, 41.93198 ], [ -87.71168, 41.93198 ], [ -87.71225, 41.93198 ], [ -87.71273, 41.93196 ], [ -87.71415, 41.93195 ], [ -87.715, 41.93193 ], [ -87.71664, 41.93192 ], [ -87.71888, 41.93189 ], [ -87.72065, 41.93187 ], [ -87.72133, 41.93186 ], [ -87.72289, 41.93184 ], [ -87.72534, 41.93181 ], [ -87.72665, 41.9318 ], [ -87.72898, 41.93176 ], [ -87.73146, 41.93173 ], [ -87.73256, 41.93386 ], [ -87.73293, 41.93458 ], [ -87.73498, 41.93854 ], [ -87.73522, 41.93899 ], [ -87.73277, 41.93902 ], [ -87.73142, 41.93904 ], [ -87.72871, 41.93907 ], [ -87.72719, 41.9391 ], [ -87.72721, 41.94014 ], [ -87.72726, 41.94145 ], [ -87.72732, 41.94371 ], [ -87.72733, 41.94417 ], [ -87.72737, 41.9452 ], [ -87.7274, 41.94637 ], [ -87.72562, 41.9464 ], [ -87.72459, 41.94641 ], [ -87.72215, 41.94645 ], [ -87.72088, 41.94646 ], [ -87.7172, 41.94651 ], [ -87.71593, 41.94652 ], [ -87.71463, 41.94653 ], [ -87.71419, 41.94655 ], [ -87.71285, 41.94656 ], [ -87.71234, 41.94657 ], [ -87.71034, 41.9466 ], [ -87.70884, 41.94662 ], [ -87.70738, 41.94664 ], [ -87.70343, 41.94665 ], [ -87.7025, 41.94665 ], [ -87.70197, 41.94665 ], [ -87.70088, 41.94665 ], [ -87.70028, 41.94667 ], [ -87.69865, 41.94668 ], [ -87.6962, 41.9467 ], [ -87.69619, 41.94657 ], [ -87.69548, 41.94358 ], [ -87.69545, 41.94331 ], [ -87.6954, 41.9431 ], [ -87.69528, 41.94277 ], [ -87.695, 41.94234 ], [ -87.69491, 41.94218 ], [ -87.69459, 41.9417 ], [ -87.69446, 41.94151 ], [ -87.69431, 41.94134 ], [ -87.69418, 41.94112 ], [ -87.69408, 41.94102 ], [ -87.69395, 41.94079 ], [ -87.69387, 41.94069 ], [ -87.69379, 41.94051 ], [ -87.69367, 41.94036 ], [ -87.69363, 41.94026 ], [ -87.69331, 41.93993 ], [ -87.69306, 41.93978 ], [ -87.69286, 41.9396 ], [ -87.69279, 41.93952 ], [ -87.69266, 41.93946 ], [ -87.69244, 41.93938 ], [ -87.69243, 41.9393 ], [ -87.69234, 41.93922 ], [ -87.69219, 41.93915 ], [ -87.6919, 41.939 ], [ -87.69167, 41.93892 ], [ -87.69149, 41.93879 ], [ -87.69143, 41.9387 ], [ -87.69132, 41.93859 ], [ -87.69106, 41.93824 ], [ -87.69087, 41.93785 ], [ -87.69078, 41.93754 ], [ -87.69072, 41.9374 ], [ -87.69041, 41.9369 ], [ -87.69007, 41.93665 ], [ -87.68993, 41.93661 ], [ -87.68925, 41.93652 ], [ -87.68878, 41.93649 ], [ -87.6886, 41.93646 ], [ -87.68849, 41.93643 ], [ -87.68815, 41.9362 ], [ -87.68799, 41.9361 ], [ -87.68797, 41.93551 ] ] ] ] } },
{ "type": "Feature", "properties": { "id": 22, "name": "Logan Square", "areaKm2": 9.289 }, "geometry": { "type": "MultiPolygon", "coordinates": [ [ [ [ -87.68284, 41.93215 ], [ -87.68215, 41.9314 ], [ -87.68129, 41.93093 ], [ -87.6808, 41.93064 ], [ -87.68047, 41.92993 ], [ -87.6804, 41.9298 ], [ -87.68016, 41.92929 ], [ -87.67995, 41.92886 ], [ -87.67984, 41.92861 ], [ -87.67971, 41.92846 ], [ -87.67829, 41.92812 ], [ -87.67779, 41.92802 ], [ -87.6772, 41.92784 ], [ -87.67652, 41.92759 ], [ -87.67583, 41.92723 ], [ -87.67494, 41.92666 ], [ -87.67475, 41.92643 ], [ -87.67455, 41.92614 ], [ -87.67451, 41.92595 ], [ -87.67451, 41.92574 ], [ -87.67446, 41.92484 ], [ -87.67442, 41.92463 ], [ -87.67426, 41.92439 ], [ -87.67377, 41.924 ], [ -87.67346, 41.92378 ], [ -87.67297, 41.9234 ], [ -87.67216, 41.92281 ], [ -87.67189, 41.92266 ], [ -87.67165, 41.92255 ], [ -87.67111, 41.92241 ], [ -87.67089, 41.92238 ], [ -87.67063, 41.92238 ], [ -87.67015, 41.92237 ], [ -87.66976, 41.92241 ], [ -87.66951, 41.92241 ], [ -87.66928, 41.92239 ], [ -87.66893, 41.92228 ], [ -87.66837, 41.92217 ], [ -87.6681, 41.92203 ], [ -87.66768, 41.92134 ], [ -87.66734, 41.92088 ], [ -87.66646, 41.92003 ], [ -87.66607, 41.91944 ], [ -87.66572, 41.91893 ], [ -87.66543, 41.91859 ], [ -87.66496, 41.91815 ], [ -87.66475, 41.91799 ], [ -87.6646, 41.9178 ], [ -87.66445, 41.91755 ], [ -87.6643, 41.91712 ], [ -87.66422, 41.9168 ], [ -87.66404, 41.91628 ], [ -87.6639, 41.91589 ], [ -87.66377, 41.91568 ], [ -87.66362, 41.91562 ], [ -87.66381, 41.9155 ], [ -87.66418, 41.91534 ], [ -87.66512, 41.91493 ], [ -87.66525, 41.91489 ], [ -87.66536, 41.91483 ], [ -87.66594, 41.91457 ], [ -87.66621, 41.91448 ], [ -87.66681, 41.91434 ], [ -87.66744, 41.91428 ], [ -87.6676, 41.91428 ], [ -87.6678, 41.9143 ], [ -87.66793, 41.91427 ], [ -87.66901, 41.91425 ], [ -87.67023, 41.91429 ], [ -87.67306, 41.91424 ], [ -87.67496, 41.91421 ], [ -87.67523, 41.9142 ], [ -87.6757, 41.9142 ], [ -87.67633, 41.91418 ], [ -87.67755, 41.91417 ], [ -87.67756, 41.91472 ], [ -87.67974, 41.91468 ], [ -87.68245, 41.91462 ], [ -87.68242, 41.91358 ], [ -87.68315, 41.91406 ], [ -87.68714, 41.914 ], [ -87.68751, 41.91399 ], [ -87.69087, 41.91396 ], [ -87.69099, 41.91386 ], [ -87.69105, 41.91396 ], [ -87.69116, 41.91396 ], [ -87.69281, 41.91395 ], [ -87.69709, 41.91391 ], [ -87.6971, 41.914 ], [ -87.69765, 41.914 ], [ -87.69799, 41.914 ], [ -87.69824, 41.91395 ], [ -87.6993, 41.91394 ], [ -87.69988, 41.91394 ], [ -87.70163, 41.91392 ], [ -87.70198, 41.91392 ], [ -87.70233, 41.91392 ], [ -87.70233, 41.91382 ], [ -87.70334, 41.91381 ], [ -87.70686, 41.91377 ], [ -87.70685, 41.91372 ], [ -87.70702, 41.91366 ], [ -87.70754, 41.91366 ], [ -87.71028, 41.91363 ], [ -87.71489, 41.91357 ], [ -87.71666, 41.91355 ], [ -87.71666, 41.91364 ], [ -87.71715, 41.91364 ], [ -87.71788, 41.91364 ], [ -87.71825, 41.91366 ], [ -87.71888, 41.91367 ], [ -87.71968, 41.91366 ], [ -87.721, 41.91365 ], [ -87.72134, 41.91367 ], [ -87.72215, 41.91364 ], [ -87.72235, 41.91364 ], [ -87.72314, 41.91538 ], [ -87.72406, 41.91537 ], [ -87.72408, 41.91605 ], [ -87.72411, 41.91687 ], [ -87.7242, 41.91707 ], [ -87.72422, 41.9172 ], [ -87.72391, 41.9172 ], [ -87.72406, 41.91743 ], [ -87.72488, 41.91902 ], [ -87.72661, 41.91899 ], [ -87.72667, 41.92102 ], [ -87.7267, 41.92188 ], [ -87.72673, 41.92198 ], [ -87.72708, 41.92265 ], [ -87.72658, 41.92265 ], [ -87.72644, 41.92265 ], [ -87.72659, 41.92297 ], [ -87.72669, 41.92314 ], [ -87.72674, 41.92331 ], [ -87.72676, 41.92428 ], [ -87.72677, 41.92448 ], [ -87.7277, 41.92447 ], [ -87.72786, 41.92478 ], [ -87.72957, 41.92808 ], [ -87.73004, 41.929 ], [ -87.73146, 41.93173 ], [ -87.72898, 41.93176 ], [ -87.72665, 41.9318 ], [ -87.72534, 41.93181 ], [ -87.72289, 41.93184 ], [ -87.72133, 41.93186 ], [ -87.72065, 41.93187 ], [ -87.71888, 41.93189 ], [ -87.71664, 41.93192 ], [ -87.715, 41.93193 ], [ -87.71415, 41.93195 ], [ -87.71273, 41.93196 ], [ -87.71225, 41.93198 ], [ -87.71168, 41.93198 ], [ -87.71127, 41.93198 ], [ -87.70784, 41.93203 ], [ -87.70706, 41.93203 ], [ -87.70654, 41.93203 ], [ -87.70464, 41.93204 ], [ -87.70352, 41.93205 ], [ -87.70279, 41.93206 ], [ -87.70209, 41.93207 ], [ -87.69853, 41.93209 ], [ -87.69791, 41.9321 ], [ -87.69662, 41.9321 ], [ -87.69636, 41.9321 ], [ -87.69428, 41.93212 ], [ -87.69376, 41.93213 ], [ -87.69319, 41.93213 ], [ -87.69119, 41.93214 ], [ -87.69014, 41.93215 ], [ -87.68886, 41.93216 ], [ -87.68788, 41.93218 ], [ -87.68792, 41.93258 ], [ -87.68793, 41.93328 ], [ -87.68797, 41.93551 ], [ -87.68799, 41.9361 ], [ -87.68787, 41.93604 ], [ -87.68767, 41.9359 ], [ -87.68747, 41.9357 ], [ -87.6874, 41.93562 ], [ -87.68703, 41.93527 ], [ -87.68692, 41.93513 ], [ -87.68683, 41.93496 ], [ -87.68683, 41.93491 ], [ -87.6866, 41.93467 ], [ -87.68597, 41.93403 ], [ -87.68588, 41.93401 ], [ -87.68567, 41.9339 ], [ -87.68549, 41.9338 ], [ -87.68526, 41.93379 ], [ -87.68506, 41.93369 ], [ -87.68493, 41.93367 ], [ -87.68466, 41.93367 ], [ -87.68455, 41.93364 ], [ -87.68427, 41.93362 ], [ -87.68409, 41.93356 ], [ -87.68398, 41.93355 ], [ -87.68353, 41.93344 ], [ -87.68343, 41.9334 ], [ -87.68341, 41.93334 ], [ -87.68306, 41.93276 ], [ -87.68284, 41.93233 ], [ -87.68284, 41.93223 ], [ -87.68284, 41.93215 ] ] ] ] } },
{ "type": "Feature", "properties": { "id": 23, "name": "Humboldt Park", "areaKm2": 9.328 }, "geometry": { "type": "MultiPolygon", "coordinates": [ [ [ [ -87.6952, 41.88815 ], [ -87.6958, 41.88823 ], [ -87.69617, 41.88826 ], [ -87.69667, 41.88828 ], [ -87.69761, 41.88827 ], [ -87.70141, 41.88823 ], [ -87.70141, 41.88816 ], [ -87.70387, 41.88816 ], [ -87.70387, 41.88831 ], [ -87.70723, 41.88826 ], [ -87.70771, 41.88825 ], [ -87.70822, 41.88823 ], [ -87.70863, 41.88821 ], [ -87.71488, 41.88813 ], [ -87.71986, 41.88807 ], [ -87.72098, 41.88807 ], [ -87.72117, 41.88805 ], [ -87.72421, 41.88801 ], [ -87.72465, 41.88804 ], [ -87.72465, 41.88784 ], [ -87.72587, 41.88783 ], [ -87.72587, 41.88799 ], [ -87.72697, 41.88798 ], [ -87.72766, 41.88801 ], [ -87.72862, 41.88796 ], [ -87.73123, 41.88793 ], [ -87.73491, 41.88788 ], [ -87.73679, 41.88786 ], [ -87.73796, 41.88784 ], [ -87.73817, 41.88787 ], [ -87.73852, 41.88784 ], [ -87.7406, 41.88782 ], [ -87.74069, 41.89071 ], [ -87.74074, 41.89134 ], [ -87.74075, 41.89146 ], [ -87.74058, 41.89146 ], [ -87.74076, 41.89282 ], [ -87.74104, 41.89499 ], [ -87.74107, 41.89509 ], [ -87.74107, 41.89519 ], [ -87.74115, 41.89578 ], [ -87.74117, 41.89605 ], [ -87.74116, 41.89617 ], [ -87.7411, 41.89644 ], [ -87.74102, 41.89651 ], [ -87.74107, 41.89693 ], [ -87.74112, 41.89878 ], [ -87.74121, 41.89878 ], [ -87.74125, 41.89906 ], [ -87.74131, 41.89934 ], [ -87.74133, 41.8995 ], [ -87.74134, 41.90006 ], [ -87.74134, 41.90063 ], [ -87.74116, 41.90063 ], [ -87.74123, 41.90343 ], [ -87.74134, 41.90792 ], [ -87.74135, 41.90857 ], [ -87.74141, 41.90866 ], [ -87.74137, 41.90904 ], [ -87.74138, 41.90943 ], [ -87.74137, 41.91 ], [ -87.74132, 41.91063 ], [ -87.74134, 41.91107 ], [ -87.74131, 41.91153 ], [ -87.74128, 41.91205 ], [ -87.7413, 41.91283 ], [ -87.74133, 41.91376 ], [ -87.74134, 41.9139 ], [ -87.74103, 41.91382 ], [ -87.73941, 41.91363 ], [ -87.73878, 41.91356 ], [ -87.73801, 41.9135 ], [ -87.73735, 41.91347 ], [ -87.73672, 41.91347 ], [ -87.73499, 41.91349 ], [ -87.73184, 41.91352 ], [ -87.73011, 41.91355 ], [ -87.72834, 41.91357 ], [ -87.72645, 41.91359 ], [ -87.72575, 41.91359 ], [ -87.7247, 41.91358 ], [ -87.72419, 41.91358 ], [ -87.724, 41.91362 ], [ -87.72235, 41.91364 ], [ -87.72215, 41.91364 ], [ -87.72134, 41.91367 ], [ -87.721, 41.91365 ], [ -87.71968, 41.91366 ], [ -87.71888, 41.91367 ], [ -87.71825, 41.91366 ], [ -87.71788, 41.91364 ], [ -87.71715, 41.91364 ], [ -87.71666, 41.91364 ], [ -87.71666, 41.91355 ], [ -87.71489, 41.91357 ], [ -87.71028, 41.91363 ], [ -87.70754, 41.91366 ], [ -87.70702, 41.91366 ], [ -87.70685, 41.91372 ], [ -87.70686, 41.91377 ], [ -87.70334, 41.91381 ], [ -87.70233, 41.91382 ], [ -87.70233, 41.91392 ], [ -87.70198, 41.91392 ], [ -87.70192, 41.91197 ], [ -87.70187, 41.91017 ], [ -87.70266, 41.91017 ], [ -87.70451, 41.91015 ], [ -87.70533, 41.91013 ], [ -87.70654, 41.91012 ], [ -87.70696, 41.91012 ], [ -87.70699, 41.91006 ], [ -87.707, 41.90957 ], [ -87.70697, 41.90865 ], [ -87.70688, 41.9057 ], [ -87.70679, 41.90302 ], [ -87.70679, 41.90268 ], [ -87.70672, 41.90054 ], [ -87.70667, 41.8992 ], [ -87.70278, 41.89923 ], [ -87.70195, 41.89924 ], [ -87.70195, 41.89891 ], [ -87.70193, 41.8981 ], [ -87.70188, 41.89642 ], [ -87.70223, 41.89656 ], [ -87.7022, 41.89559 ], [ -87.70161, 41.8956 ], [ -87.70056, 41.89562 ], [ -87.69825, 41.89565 ], [ -87.69729, 41.89565 ], [ -87.6967, 41.89565 ], [ -87.69669, 41.89508 ], [ -87.69667, 41.89463 ], [ -87.69667, 41.89433 ], [ -87.69321, 41.89295 ], [ -87.69167, 41.89233 ], [ -87.6917, 41.892 ], [ -87.69165, 41.89191 ], [ -87.69159, 41.88852 ], [ -87.69157, 41.8882 ], [ -87.6952, 41.88815 ] ] ] ] } },
{ "type": "Feature", "properties": { "id": 24, "name": "West Town", "areaKm2": 11.842 }, "geometry": { "type": "MultiPolygon", "coordinates": [ [ [ [ -87.65685, 41.91074 ], [ -87.65694, 41.91052 ], [ -87.65895, 41.90985 ], [ -87.65919, 41.9092 ], [ -87.65923, 41.90907 ], [ -87.65749, 41.90909 ], [ -87.65774, 41.90844 ], [ -87.65796, 41.90705 ], [ -87.65817, 41.90567 ], [ -87.65829, 41.90504 ], [ -87.65816, 41.90453 ], [ -87.6575, 41.9036 ], [ -87.65734, 41.9034 ], [ -87.65647, 41.90262 ], [ -87.65618, 41.90192 ], [ -87.65616, 41.90169 ], [ -87.65592, 41.90121 ], [ -87.65589, 41.90117 ], [ -87.65538, 41.90081 ], [ -87.65451, 41.90053 ], [ -87.65343, 41.90028 ], [ -87.65291, 41.90018 ], [ -87.65258, 41.90012 ], [ -87.65248, 41.90014 ], [ -87.65212, 41.90008 ], [ -87.6519, 41.90001 ], [ -87.65136, 41.89974 ], [ -87.65103, 41.89952 ], [ -87.65086, 41.89941 ], [ -87.64974, 41.89856 ], [ -87.6494, 41.89831 ], [ -87.64879, 41.89809 ], [ -87.6479, 41.89797 ], [ -87.64632, 41.89786 ], [ -87.64541, 41.89776 ], [ -87.64489, 41.89769 ], [ -87.64478, 41.89754 ], [ -87.64443, 41.89724 ], [ -87.64423, 41.89664 ], [ -87.64419, 41.89593 ], [ -87.64414, 41.89478 ], [ -87.64412, 41.89427 ], [ -87.64407, 41.89414 ], [ -87.64398, 41.89402 ], [ -87.64381, 41.89392 ], [ -87.64373, 41.89382 ], [ -87.64355, 41.89354 ], [ -87.64322, 41.89338 ], [ -87.64294, 41.89322 ], [ -87.64272, 41.89304 ], [ -87.64245, 41.89287 ], [ -87.64228, 41.89274 ], [ -87.64204, 41.8925 ], [ -87.64193, 41.89237 ], [ -87.64174, 41.89219 ], [ -87.64157, 41.89205 ], [ -87.64146, 41.8919 ], [ -87.64127, 41.89163 ], [ -87.64119, 41.89143 ], [ -87.64104, 41.89118 ], [ -87.64067, 41.89064 ], [ -87.64012, 41.89 ], [ -87.63979, 41.88964 ], [ -87.63944, 41.88923 ], [ -87.63936, 41.88908 ], [ -87.63983, 41.88905 ], [ -87.64068, 41.88904 ], [ -87.64081, 41.88908 ], [ -87.64159, 41.88905 ], [ -87.64192, 41.88906 ], [ -87.64312, 41.88905 ], [ -87.64433, 41.88903 ], [ -87.64432, 41.88858 ], [ -87.64757, 41.88857 ], [ -87.64758, 41.88905 ], [ -87.64857, 41.88904 ], [ -87.64888, 41.88903 ], [ -87.64963, 41.88902 ], [ -87.65002, 41.88902 ], [ -87.65197, 41.889 ], [ -87.65333, 41.88898 ], [ -87.65384, 41.88898 ], [ -87.65486, 41.88898 ], [ -87.65599, 41.88896 ], [ -87.65773, 41.88894 ], [ -87.65885, 41.88892 ], [ -87.65892, 41.88895 ], [ -87.65902, 41.88892 ], [ -87.66048, 41.88891 ], [ -87.66068, 41.88886 ], [ -87.66084, 41.8889 ], [ -87.66194, 41.88889 ], [ -87.66365, 41.88888 ], [ -87.66512, 41.88886 ], [ -87.66557, 41.88886 ], [ -87.66686, 41.88885 ], [ -87.66726, 41.88886 ], [ -87.66899, 41.88885 ], [ -87.6705, 41.88882 ], [ -87.67074, 41.88883 ], [ -87.67113, 41.88881 ], [ -87.67181, 41.8888 ], [ -87.67279, 41.88878 ], [ -87.67529, 41.88875 ], [ -87.67685, 41.88872 ], [ -87.67875, 41.88869 ], [ -87.67929, 41.88869 ], [ -87.68174, 41.88864 ], [ -87.6839, 41.8886 ], [ -87.68599, 41.88857 ], [ -87.68662, 41.88863 ], [ -87.68662, 41.88841 ], [ -87.68724, 41.8884 ], [ -87.68746, 41.88839 ], [ -87.68785, 41.88832 ], [ -87.68847, 41.88817 ], [ -87.68867, 41.88817 ], [ -87.69157, 41.8882 ], [ -87.69159, 41.88852 ], [ -87.69165, 41.89191 ], [ -87.6917, 41.892 ], [ -87.69167, 41.89233 ], [ -87.69321, 41.89295 ], [ -87.69667, 41.89433 ], [ -87.69667, 41.89463 ], [ -87.69669, 41.89508 ], [ -87.6967, 41.89565 ], [ -87.69729, 41.89565 ], [ -87.69825, 41.89565 ], [ -87.70056, 41.89562 ], [ -87.70161, 41.8956 ], [ -87.7022, 41.89559 ], [ -87.70223, 41.89656 ], [ -87.70188, 41.89642 ], [ -87.70193, 41.8981 ], [ -87.70195, 41.89891 ], [ -87.70195, 41.89924 ], [ -87.70278, 41.89923 ], [ -87.70667, 41.8992 ], [ -87.70672, 41.90054 ], [ -87.70679, 41.90268 ], [ -87.70679, 41.90302 ], [ -87.70688, 41.9057 ], [ -87.70697, 41.90865 ], [ -87.707, 41.90957 ], [ -87.70699, 41.91006 ], [ -87.70696, 41.91012 ], [ -87.70654, 41.91012 ], [ -87.70533, 41.91013 ], [ -87.70451, 41.91015 ], [ -87.70266, 41.91017 ], [ -87.70187, 41.91017 ], [ -87.70192, 41.91197 ], [ -87.70198, 41.91392 ], [ -87.70163, 41.91392 ], [ -87.69988, 41.91394 ], [ -87.6993, 41.91394 ], [ -87.69824, 41.91395 ], [ -87.69799, 41.914 ], [ -87.69765, 41.914 ], [ -87.6971, 41.914 ], [ -87.69709, 41.91391 ], [ -87.69281, 41.91395 ], [ -87.69116, 41.91396 ], [ -87.69105, 41.91396 ], [ -87.69099, 41.91386 ], [ -87.69087, 41.91396 ], [ -87.68751, 41.91399 ], [ -87.68714, 41.914 ], [ -87.68315, 41.91406 ], [ -87.68242, 41.91358 ], [ -87.68245, 41.91462 ], [ -87.67974, 41.91468 ], [ -87.67756, 41.91472 ], [ -87.67755, 41.91417 ], [ -87.67633, 41.91418 ], [ -87.6757, 41.9142 ], [ -87.67523, 41.9142 ], [ -87.67496, 41.91421 ], [ -87.67306, 41.91424 ], [ -87.67023, 41.91429 ], [ -87.66901, 41.91425 ], [ -87.66793, 41.91427 ], [ -87.6678, 41.9143 ], [ -87.6676, 41.91428 ], [ -87.66744, 41.91428 ], [ -87.66681, 41.91434 ], [ -87.66621, 41.91448 ], [ -87.66594, 41.91457 ], [ -87.66536, 41.91483 ], [ -87.66525, 41.91489 ], [ -87.66512, 41.91493 ], [ -87.66418, 41.91534 ], [ -87.66381, 41.9155 ], [ -87.66362, 41.91562 ], [ -87.66303, 41.91549 ], [ -87.66279, 41.91557 ], [ -87.66265, 41.91559 ], [ -87.66245, 41.91569 ], [ -87.66228, 41.91581 ], [ -87.66207, 41.91592 ], [ -87.66178, 41.91601 ], [ -87.66162, 41.91608 ], [ -87.66133, 41.91618 ], [ -87.66117, 41.91618 ], [ -87.66093, 41.91612 ], [ -87.66074, 41.91597 ], [ -87.66027, 41.91571 ], [ -87.65987, 41.91545 ], [ -87.65955, 41.91531 ], [ -87.65923, 41.91515 ], [ -87.65865, 41.91471 ], [ -87.65831, 41.91436 ], [ -87.65808, 41.91411 ], [ -87.65786, 41.91381 ], [ -87.65772, 41.91343 ], [ -87.6576, 41.91281 ], [ -87.65741, 41.91236 ], [ -87.65712, 41.91157 ], [ -87.65706, 41.91144 ], [ -87.65701, 41.91127 ], [ -87.65693, 41.91108 ], [ -87.65686, 41.91078 ], [ -87.65685, 41.91074 ] ] ] ] } },
{ "type": "Feature", "properties": { "id": 25, "name": "Austin", "areaKm2": 18.5 }, "geometry": { "type": "MultiPolygon", "coordinates": [ [ [ [ -87.78927, 41.91743 ], [ -87.78896, 41.9173 ], [ -87.78816, 41.91701 ], [ -87.78783, 41.9169 ], [ -87.78742, 41.91677 ], [ -87.78703, 41.91667 ], [ -87.78644, 41.91656 ], [ -87.78601, 41.9165 ], [ -87.78561, 41.91647 ], [ -87.78527, 41.91645 ], [ -87.7849, 41.91645 ], [ -87.78175, 41.91649 ], [ -87.7784, 41.91655 ], [ -87.774, 41.91661 ], [ -87.77052, 41.91666 ], [ -87.76991, 41.91667 ], [ -87.7664, 41.91672 ], [ -87.76585, 41.91672 ], [ -87.76523, 41.91671 ], [ -87.76462, 41.91668 ], [ -87.76381, 41.91663 ], [ -87.76351, 41.9166 ], [ -87.76289, 41.91653 ], [ -87.75925, 41.91609 ], [ -87.75751, 41.91576 ], [ -87.7562, 41.91547 ], [ -87.75588, 41.9154 ], [ -87.75589, 41.91549 ], [ -87.75564, 41.91549 ], [ -87.75509, 41.91547 ], [ -87.75334, 41.91526 ], [ -87.75263, 41.91517 ], [ -87.7483, 41.91464 ], [ -87.74772, 41.91457 ], [ -87.74752, 41.91455 ], [ -87.74702, 41.91452 ], [ -87.74601, 41.91439 ], [ -87.74601, 41.91447 ], [ -87.74273, 41.91407 ], [ -87.74134, 41.9139 ], [ -87.74133, 41.91376 ], [ -87.7413, 41.91283 ], [ -87.74128, 41.91205 ], [ -87.74131, 41.91153 ], [ -87.74134, 41.91107 ], [ -87.74132, 41.91063 ], [ -87.74137, 41.91 ], [ -87.74138, 41.90943 ], [ -87.74137, 41.90904 ], [ -87.74141, 41.90866 ], [ -87.74135, 41.90857 ], [ -87.74134, 41.90792 ], [ -87.74123, 41.90343 ], [ -87.74116, 41.90063 ], [ -87.74134, 41.90063 ], [ -87.74134, 41.90006 ], [ -87.74133, 41.8995 ], [ -87.74131, 41.89934 ], [ -87.74125, 41.89906 ], [ -87.74121, 41.89878 ], [ -87.74112, 41.89878 ], [ -87.74107, 41.89693 ], [ -87.74102, 41.89651 ], [ -87.7411, 41.89644 ], [ -87.74116, 41.89617 ], [ -87.74117, 41.89605 ], [ -87.74115, 41.89578 ], [ -87.74107, 41.89519 ], [ -87.74107, 41.89509 ], [ -87.74104, 41.89499 ], [ -87.74076, 41.89282 ], [ -87.74058, 41.89146 ], [ -87.74075, 41.89146 ], [ -87.74074, 41.89134 ], [ -87.74069, 41.89071 ], [ -87.7406, 41.88782 ], [ -87.74054, 41.88628 ], [ -87.74046, 41.88416 ], [ -87.74044, 41.88346 ], [ -87.74033, 41.88036 ], [ -87.74025, 41.87816 ], [ -87.74021, 41.87691 ], [ -87.73951, 41.87691 ], [ -87.73949, 41.87618 ], [ -87.73945, 41.8753 ], [ -87.73944, 41.87473 ], [ -87.73941, 41.8741 ], [ -87.73939, 41.87327 ], [ -87.74008, 41.87325 ], [ -87.74003, 41.87168 ], [ -87.74001, 41.87146 ], [ -87.74002, 41.87137 ], [ -87.73999, 41.87062 ], [ -87.73998, 41.86983 ], [ -87.73997, 41.86968 ], [ -87.73989, 41.86896 ], [ -87.73989, 41.86887 ], [ -87.73978, 41.86618 ], [ -87.73977, 41.86596 ], [ -87.73998, 41.86596 ], [ -87.74317, 41.86591 ], [ -87.74508, 41.86589 ], [ -87.74694, 41.86587 ], [ -87.75305, 41.86577 ], [ -87.75502, 41.86574 ], [ -87.75573, 41.86573 ], [ -87.76258, 41.86563 ], [ -87.76399, 41.86561 ], [ -87.76457, 41.86559 ], [ -87.76586, 41.86557 ], [ -87.76658, 41.86557 ], [ -87.76831, 41.86554 ], [ -87.7702, 41.86552 ], [ -87.77071, 41.86551 ], [ -87.7726, 41.86548 ], [ -87.77414, 41.86546 ], [ -87.77414, 41.86571 ], [ -87.77417, 41.86673 ], [ -87.77427, 41.86925 ], [ -87.77429, 41.87002 ], [ -87.77428, 41.87021 ], [ -87.77428, 41.87073 ], [ -87.77434, 41.87136 ], [ -87.77436, 41.87187 ], [ -87.7744, 41.87257 ], [ -87.77442, 41.873 ], [ -87.77444, 41.87378 ], [ -87.77448, 41.87505 ], [ -87.7745, 41.87559 ], [ -87.77456, 41.87741 ], [ -87.77458, 41.87805 ], [ -87.77463, 41.87943 ], [ -87.77471, 41.88163 ], [ -87.77471, 41.88176 ], [ -87.77498, 41.89025 ], [ -87.77516, 41.89549 ], [ -87.77524, 41.89777 ], [ -87.77525, 41.89857 ], [ -87.7753, 41.90003 ], [ -87.77536, 41.90183 ], [ -87.77559, 41.90888 ], [ -87.7756, 41.90925 ], [ -87.77798, 41.90922 ], [ -87.77979, 41.9092 ], [ -87.78194, 41.90917 ], [ -87.78242, 41.90918 ], [ -87.78305, 41.90917 ], [ -87.78531, 41.90914 ], [ -87.78632, 41.90913 ], [ -87.78661, 41.90913 ], [ -87.78697, 41.90912 ], [ -87.7887, 41.9091 ], [ -87.7899, 41.90909 ], [ -87.79745, 41.90899 ], [ -87.80011, 41.90895 ], [ -87.80174, 41.90894 ], [ -87.80257, 41.90893 ], [ -87.80575, 41.90884 ], [ -87.80577, 41.90933 ], [ -87.80577, 41.90959 ], [ -87.80582, 41.91055 ], [ -87.80589, 41.91237 ], [ -87.80594, 41.91421 ], [ -87.80601, 41.91619 ], [ -87.80601, 41.91632 ], [ -87.80611, 41.91959 ], [ -87.80623, 41.92308 ], [ -87.80623, 41.92337 ], [ -87.80559, 41.92321 ], [ -87.80473, 41.92298 ], [ -87.80402, 41.92276 ], [ -87.80327, 41.9225 ], [ -87.80253, 41.92224 ], [ -87.80166, 41.92191 ], [ -87.80073, 41.92158 ], [ -87.79629, 41.91997 ], [ -87.79512, 41.91954 ], [ -87.79511, 41.91944 ], [ -87.79387, 41.91899 ], [ -87.79152, 41.91813 ], [ -87.78942, 41.91751 ], [ -87.78927, 41.91743 ] ] ] ] } },
{ "type": "Feature", "properties": { "id": 26, "name": "West Garfield Park", "areaKm2": 3.35 }, "geometry": { "type": "MultiPolygon", "coordinates": [ [ [ [ -87.7202, 41.86859 ], [ -87.72527, 41.86853 ], [ -87.72529, 41.86909 ], [ -87.72684, 41.86907 ], [ -87.73008, 41.86903 ], [ -87.73121, 41.86902 ], [ -87.73258, 41.869 ], [ -87.7326, 41.8696 ], [ -87.73261, 41.87009 ], [ -87.73265, 41.87092 ], [ -87.73267, 41.87098 ], [ -87.73534, 41.87024 ], [ -87.73785, 41.86954 ], [ -87.73977, 41.86901 ], [ -87.73989, 41.86896 ], [ -87.73997, 41.86968 ], [ -87.73998, 41.86983 ], [ -87.73999, 41.87062 ], [ -87.74002, 41.87137 ], [ -87.74001, 41.87146 ], [ -87.74003, 41.87168 ], [ -87.74008, 41.87325 ], [ -87.73939, 41.87327 ], [ -87.73941, 41.8741 ], [ -87.73944, 41.87473 ], [ -87.73945, 41.8753 ], [ -87.73949, 41.87618 ], [ -87.73951, 41.87691 ], [ -87.74021, 41.87691 ], [ -87.74025, 41.87816 ], [ -87.74033, 41.88036 ], [ -87.74044, 41.88346 ], [ -87.74046, 41.88416 ], [ -87.74054, 41.88628 ], [ -87.7406, 41.88782 ], [ -87.73852, 41.88784 ], [ -87.73817, 41.88787 ], [ -87.73796, 41.88784 ], [ -87.73679, 41.88786 ], [ -87.73491, 41.88788 ], [ -87.73123, 41.88793 ], [ -87.72862, 41.88796 ], [ -87.72766, 41.88801 ], [ -87.72697, 41.88798 ], [ -87.72587, 41.88799 ], [ -87.72587, 41.88783 ], [ -87.72465, 41.88784 ], [ -87.72465, 41.88804 ], [ -87.72421, 41.88801 ], [ -87.72117, 41.88805 ], [ -87.72098, 41.88807 ], [ -87.72092, 41.88599 ], [ -87.72092, 41.88535 ], [ -87.72084, 41.88245 ], [ -87.72081, 41.88168 ], [ -87.72076, 41.88115 ], [ -87.72076, 41.88093 ], [ -87.72071, 41.87982 ], [ -87.72065, 41.87804 ], [ -87.72063, 41.87715 ], [ -87.7207, 41.87705 ], [ -87.72067, 41.87595 ], [ -87.72065, 41.8758 ], [ -87.7206, 41.87553 ], [ -87.72048, 41.87523 ], [ -87.72044, 41.87502 ], [ -87.72041, 41.87454 ], [ -87.72039, 41.87435 ], [ -87.72036, 41.87331 ], [ -87.72034, 41.87272 ], [ -87.72027, 41.8709 ], [ -87.72027, 41.87071 ], [ -87.72024, 41.86987 ], [ -87.7202, 41.86859 ] ] ] ] } },
{ "type": "Feature", "properties": { "id": 27, "name": "East Garfield Park", "areaKm2": 5.002 }, "geometry": { "type": "MultiPolygon", "coordinates": [ [ [ [ -87.68867, 41.88817 ], [ -87.68896, 41.88806 ], [ -87.68929, 41.88802 ], [ -87.68949, 41.88794 ], [ -87.69012, 41.88776 ], [ -87.69043, 41.88763 ], [ -87.69062, 41.88752 ], [ -87.6909, 41.88733 ], [ -87.69107, 41.88718 ], [ -87.69127, 41.88696 ], [ -87.69138, 41.88681 ], [ -87.69156, 41.88646 ], [ -87.69162, 41.88618 ], [ -87.69169, 41.88609 ], [ -87.69162, 41.886 ], [ -87.6916, 41.88582 ], [ -87.69163, 41.88572 ], [ -87.69158, 41.88567 ], [ -87.69161, 41.88544 ], [ -87.69161, 41.88513 ], [ -87.69159, 41.88443 ], [ -87.69228, 41.8844 ], [ -87.69226, 41.88416 ], [ -87.69224, 41.88332 ], [ -87.69219, 41.88133 ], [ -87.69216, 41.88111 ], [ -87.6915, 41.88111 ], [ -87.69147, 41.87975 ], [ -87.69145, 41.87914 ], [ -87.69143, 41.8784 ], [ -87.69145, 41.8784 ], [ -87.69115, 41.87111 ], [ -87.6913, 41.87111 ], [ -87.69123, 41.87101 ], [ -87.69122, 41.87063 ], [ -87.69126, 41.8703 ], [ -87.69122, 41.8702 ], [ -87.69121, 41.87005 ], [ -87.69124, 41.86939 ], [ -87.69119, 41.86929 ], [ -87.69186, 41.86929 ], [ -87.69257, 41.86928 ], [ -87.69335, 41.86927 ], [ -87.69362, 41.86926 ], [ -87.69493, 41.86924 ], [ -87.69574, 41.86923 ], [ -87.69631, 41.86924 ], [ -87.69756, 41.86923 ], [ -87.69826, 41.86922 ], [ -87.6987, 41.86922 ], [ -87.70061, 41.86919 ], [ -87.70146, 41.86918 ], [ -87.70411, 41.86915 ], [ -87.70496, 41.86914 ], [ -87.70576, 41.86913 ], [ -87.70579, 41.87005 ], [ -87.70603, 41.87006 ], [ -87.71129, 41.86999 ], [ -87.71327, 41.86997 ], [ -87.71474, 41.86995 ], [ -87.7153, 41.86995 ], [ -87.71577, 41.86994 ], [ -87.71627, 41.86993 ], [ -87.71797, 41.86994 ], [ -87.71804, 41.86991 ], [ -87.71965, 41.86989 ], [ -87.72024, 41.86987 ], [ -87.72027, 41.87071 ], [ -87.72027, 41.8709 ], [ -87.72034, 41.87272 ], [ -87.72036, 41.87331 ], [ -87.72039, 41.87435 ], [ -87.72041, 41.87454 ], [ -87.72044, 41.87502 ], [ -87.72048, 41.87523 ], [ -87.7206, 41.87553 ], [ -87.72065, 41.8758 ], [ -87.72067, 41.87595 ], [ -87.7207, 41.87705 ], [ -87.72063, 41.87715 ], [ -87.72065, 41.87804 ], [ -87.72071, 41.87982 ], [ -87.72076, 41.88093 ], [ -87.72076, 41.88115 ], [ -87.72081, 41.88168 ], [ -87.72084, 41.88245 ], [ -87.72092, 41.88535 ], [ -87.72092, 41.88599 ], [ -87.72098, 41.88807 ], [ -87.71986, 41.88807 ], [ -87.71488, 41.88813 ], [ -87.70863, 41.88821 ], [ -87.70822, 41.88823 ], [ -87.70771, 41.88825 ], [ -87.70723, 41.88826 ], [ -87.70387, 41.88831 ], [ -87.70387, 41.88816 ], [ -87.70141, 41.88816 ], [ -87.70141, 41.88823 ], [ -87.69761, 41.88827 ], [ -87.69667, 41.88828 ], [ -87.69617, 41.88826 ], [ -87.6958, 41.88823 ], [ -87.6952, 41.88815 ], [ -87.69157, 41.8882 ], [ -87.68867, 41.88817 ] ] ] ] } },
{ "type": "Feature", "properties": { "id": 28, "name": "Near West Side", "areaKm2": 14.713 }, "geometry": { "type": "MultiPolygon", "coordinates": [ [ [ [ -87.63765, 41.88607 ], [ -87.63776, 41.88558 ], [ -87.63784, 41.885 ], [ -87.63788, 41.88471 ], [ -87.63792, 41.8843 ], [ -87.63808, 41.88338 ], [ -87.63814, 41.88319 ], [ -87.63816, 41.88291 ], [ -87.63818, 41.88277 ], [ -87.63823, 41.88212 ], [ -87.63822, 41.8819 ], [ -87.63822, 41.88176 ], [ -87.63826, 41.88155 ], [ -87.63829, 41.88102 ], [ -87.63829, 41.88069 ], [ -87.63828, 41.88037 ], [ -87.63823, 41.87999 ], [ -87.6382, 41.87977 ], [ -87.63811, 41.87941 ], [ -87.63811, 41.87918 ], [ -87.6381, 41.87907 ], [ -87.63798, 41.87876 ], [ -87.63786, 41.87844 ], [ -87.63777, 41.87811 ], [ -87.63772, 41.87765 ], [ -87.63766, 41.87731 ], [ -87.63743, 41.87669 ], [ -87.63733, 41.87647 ], [ -87.63707, 41.87603 ], [ -87.63683, 41.87574 ], [ -87.63635, 41.87528 ], [ -87.63629, 41.8752 ], [ -87.63607, 41.87467 ], [ -87.63593, 41.87414 ], [ -87.63587, 41.87397 ], [ -87.63576, 41.87346 ], [ -87.63554, 41.87238 ], [ -87.63544, 41.87197 ], [ -87.63518, 41.87061 ], [ -87.63507, 41.86994 ], [ -87.63496, 41.86898 ], [ -87.63481, 41.86802 ], [ -87.63473, 41.86731 ], [ -87.63469, 41.86675 ], [ -87.6347, 41.86631 ], [ -87.63462, 41.86372 ], [ -87.63457, 41.8629 ], [ -87.63458, 41.86233 ], [ -87.63456, 41.86167 ], [ -87.63456, 41.86099 ], [ -87.63452, 41.86042 ], [ -87.63451, 41.85938 ], [ -87.63456, 41.85922 ], [ -87.6348, 41.85888 ], [ -87.63509, 41.8582 ], [ -87.63513, 41.85787 ], [ -87.63516, 41.85772 ], [ -87.63602, 41.85773 ], [ -87.63663, 41.85771 ], [ -87.63777, 41.85768 ], [ -87.63894, 41.85767 ], [ -87.63896, 41.85823 ], [ -87.63899, 41.8592 ], [ -87.63901, 41.86002 ], [ -87.64051, 41.85999 ], [ -87.64125, 41.85999 ], [ -87.64336, 41.85996 ], [ -87.64476, 41.85995 ], [ -87.64487, 41.85994 ], [ -87.64522, 41.85993 ], [ -87.64713, 41.8599 ], [ -87.64738, 41.8599 ], [ -87.65036, 41.85986 ], [ -87.65264, 41.85982 ], [ -87.65303, 41.85982 ], [ -87.65799, 41.85974 ], [ -87.65862, 41.85973 ], [ -87.65923, 41.85972 ], [ -87.66036, 41.8597 ], [ -87.66591, 41.85961 ], [ -87.66858, 41.85958 ], [ -87.66981, 41.85957 ], [ -87.671, 41.85955 ], [ -87.67134, 41.85953 ], [ -87.67308, 41.85951 ], [ -87.6736, 41.85952 ], [ -87.67427, 41.85955 ], [ -87.67605, 41.85942 ], [ -87.67785, 41.85912 ], [ -87.67857, 41.85904 ], [ -87.68132, 41.85888 ], [ -87.68482, 41.85861 ], [ -87.68581, 41.85842 ], [ -87.68583, 41.85937 ], [ -87.68742, 41.85934 ], [ -87.68807, 41.85934 ], [ -87.68817, 41.85934 ], [ -87.68821, 41.85951 ], [ -87.6882, 41.86036 ], [ -87.68821, 41.86114 ], [ -87.68812, 41.86114 ], [ -87.68818, 41.86306 ], [ -87.68878, 41.86378 ], [ -87.69075, 41.86656 ], [ -87.69047, 41.86657 ], [ -87.69071, 41.86696 ], [ -87.69084, 41.86706 ], [ -87.69087, 41.86722 ], [ -87.69095, 41.86729 ], [ -87.69095, 41.86739 ], [ -87.69103, 41.86761 ], [ -87.69111, 41.86795 ], [ -87.69115, 41.86823 ], [ -87.69117, 41.86847 ], [ -87.69119, 41.86929 ], [ -87.69124, 41.86939 ], [ -87.69121, 41.87005 ], [ -87.69122, 41.8702 ], [ -87.69126, 41.8703 ], [ -87.69122, 41.87063 ], [ -87.69123, 41.87101 ], [ -87.6913, 41.87111 ], [ -87.69115, 41.87111 ], [ -87.69145, 41.8784 ], [ -87.69143, 41.8784 ], [ -87.69145, 41.87914 ], [ -87.69147, 41.87975 ], [ -87.6915, 41.88111 ], [ -87.69216, 41.88111 ], [ -87.69219, 41.88133 ], [ -87.69224, 41.88332 ], [ -87.69226, 41.88416 ], [ -87.69228, 41.8844 ], [ -87.69159, 41.88443 ], [ -87.69161, 41.88513 ], [ -87.69161, 41.88544 ], [ -87.69158, 41.88567 ], [ -87.69163, 41.88572 ], [ -87.6916, 41.88582 ], [ -87.69162, 41.886 ], [ -87.69169, 41.88609 ], [ -87.69162, 41.88618 ], [ -87.69156, 41.88646 ], [ -87.69138, 41.88681 ], [ -87.69127, 41.88696 ], [ -87.69107, 41.88718 ], [ -87.6909, 41.88733 ], [ -87.69062, 41.88752 ], [ -87.69043, 41.88763 ], [ -87.69012, 41.88776 ], [ -87.68949, 41.88794 ], [ -87.68929, 41.88802 ], [ -87.68896, 41.88806 ], [ -87.68867, 41.88817 ], [ -87.68847, 41.88817 ], [ -87.68785, 41.88832 ], [ -87.68746, 41.88839 ], [ -87.68724, 41.8884 ], [ -87.68662, 41.88841 ], [ -87.68662, 41.88863 ], [ -87.68599, 41.88857 ], [ -87.6839, 41.8886 ], [ -87.68174, 41.88864 ], [ -87.67929, 41.88869 ], [ -87.67875, 41.88869 ], [ -87.67685, 41.88872 ], [ -87.67529, 41.88875 ], [ -87.67279, 41.88878 ], [ -87.67181, 41.8888 ], [ -87.67113, 41.88881 ], [ -87.67074, 41.88883 ], [ -87.6705, 41.88882 ], [ -87.66899, 41.88885 ], [ -87.66726, 41.88886 ], [ -87.66686, 41.88885 ], [ -87.66557, 41.88886 ], [ -87.66512, 41.88886 ], [ -87.66365, 41.88888 ], [ -87.66194, 41.88889 ], [ -87.66084, 41.8889 ], [ -87.66068, 41.88886 ], [ -87.66048, 41.88891 ], [ -87.65902, 41.88892 ], [ -87.65892, 41.88895 ], [ -87.65885, 41.88892 ], [ -87.65773, 41.88894 ], [ -87.65599, 41.88896 ], [ -87.65486, 41.88898 ], [ -87.65384, 41.88898 ], [ -87.65333, 41.88898 ], [ -87.65197, 41.889 ], [ -87.65002, 41.88902 ], [ -87.64963, 41.88902 ], [ -87.64888, 41.88903 ], [ -87.64857, 41.88904 ], [ -87.64758, 41.88905 ], [ -87.64757, 41.88857 ], [ -87.64432, 41.88858 ], [ -87.64433, 41.88903 ], [ -87.64312, 41.88905 ], [ -87.64192, 41.88906 ], [ -87.64159, 41.88905 ], [ -87.64081, 41.88908 ], [ -87.64068, 41.88904 ], [ -87.63983, 41.88905 ], [ -87.63936, 41.88908 ], [ -87.63928, 41.88885 ], [ -87.63923, 41.88864 ], [ -87.6392, 41.88845 ], [ -87.63906, 41.88814 ], [ -87.639, 41.88788 ], [ -87.63892, 41.88764 ], [ -87.63885, 41.88737 ], [ -87.63877, 41.88716 ], [ -87.63856, 41.88687 ], [ -87.63839, 41.88673 ], [ -87.63759, 41.88623 ], [ -87.63765, 41.88607 ] ] ] ] } },
{ "type": "Feature", "properties": { "id": 29, "name": "North Lawndale", "areaKm2": 8.308 }, "geometry": { "type": "MultiPolygon", "coordinates": [ [ [ [ -87.71965, 41.86989 ], [ -87.71804, 41.86991 ], [ -87.71797, 41.86994 ], [ -87.71627, 41.86993 ], [ -87.71577, 41.86994 ], [ -87.7153, 41.86995 ], [ -87.71474, 41.86995 ], [ -87.71327, 41.86997 ], [ -87.71129, 41.86999 ], [ -87.70603, 41.87006 ], [ -87.70579, 41.87005 ], [ -87.70576, 41.86913 ], [ -87.70496, 41.86914 ], [ -87.70411, 41.86915 ], [ -87.70146, 41.86918 ], [ -87.70061, 41.86919 ], [ -87.6987, 41.86922 ], [ -87.69826, 41.86922 ], [ -87.69756, 41.86923 ], [ -87.69631, 41.86924 ], [ -87.69574, 41.86923 ], [ -87.69493, 41.86924 ], [ -87.69362, 41.86926 ], [ -87.69335, 41.86927 ], [ -87.69257, 41.86928 ], [ -87.69186, 41.86929 ], [ -87.69119, 41.86929 ], [ -87.69117, 41.86847 ], [ -87.69115, 41.86823 ], [ -87.69111, 41.86795 ], [ -87.69103, 41.86761 ], [ -87.69095, 41.86739 ], [ -87.69095, 41.86729 ], [ -87.69087, 41.86722 ], [ -87.69084, 41.86706 ], [ -87.69071, 41.86696 ], [ -87.69047, 41.86657 ], [ -87.69075, 41.86656 ], [ -87.68878, 41.86378 ], [ -87.68818, 41.86306 ], [ -87.68812, 41.86114 ], [ -87.68821, 41.86114 ], [ -87.6882, 41.86036 ], [ -87.68821, 41.85951 ], [ -87.68817, 41.85934 ], [ -87.68807, 41.85934 ], [ -87.68804, 41.85817 ], [ -87.68802, 41.85709 ], [ -87.68796, 41.85699 ], [ -87.68803, 41.85697 ], [ -87.69173, 41.85615 ], [ -87.69556, 41.85528 ], [ -87.69557, 41.85555 ], [ -87.69574, 41.85556 ], [ -87.6966, 41.85554 ], [ -87.69737, 41.85553 ], [ -87.70123, 41.85547 ], [ -87.70293, 41.85545 ], [ -87.70289, 41.85416 ], [ -87.70288, 41.8538 ], [ -87.70367, 41.85362 ], [ -87.70377, 41.85361 ], [ -87.70401, 41.85362 ], [ -87.70422, 41.8536 ], [ -87.70519, 41.85359 ], [ -87.7055, 41.85359 ], [ -87.70639, 41.85358 ], [ -87.71006, 41.85355 ], [ -87.7111, 41.85354 ], [ -87.7112, 41.85355 ], [ -87.71116, 41.85231 ], [ -87.71114, 41.85199 ], [ -87.71242, 41.85171 ], [ -87.71256, 41.85169 ], [ -87.71349, 41.85168 ], [ -87.71477, 41.85166 ], [ -87.71513, 41.85166 ], [ -87.71743, 41.85163 ], [ -87.71878, 41.85162 ], [ -87.71972, 41.85161 ], [ -87.72228, 41.85158 ], [ -87.72224, 41.85035 ], [ -87.72223, 41.84936 ], [ -87.72452, 41.84885 ], [ -87.72895, 41.84785 ], [ -87.73157, 41.84727 ], [ -87.73314, 41.84692 ], [ -87.73573, 41.84634 ], [ -87.73838, 41.84575 ], [ -87.73932, 41.84559 ], [ -87.73945, 41.8496 ], [ -87.73947, 41.8496 ], [ -87.7395, 41.85114 ], [ -87.7395, 41.85135 ], [ -87.73977, 41.85865 ], [ -87.73998, 41.86582 ], [ -87.73998, 41.86596 ], [ -87.73977, 41.86596 ], [ -87.73978, 41.86618 ], [ -87.73989, 41.86887 ], [ -87.73989, 41.86896 ], [ -87.73977, 41.86901 ], [ -87.73785, 41.86954 ], [ -87.73534, 41.87024 ], [ -87.73267, 41.87098 ], [ -87.73265, 41.87092 ], [ -87.73261, 41.87009 ], [ -87.7326, 41.8696 ], [ -87.73258, 41.869 ], [ -87.73121, 41.86902 ], [ -87.73008, 41.86903 ], [ -87.72684, 41.86907 ], [ -87.72529, 41.86909 ], [ -87.72527, 41.86853 ], [ -87.7202, 41.86859 ], [ -87.72024, 41.86987 ], [ -87.71965, 41.86989 ] ] ] ] } },
{ "type": "Feature", "properties": { "id": 30, "name": "South Lawndale", "areaKm2": 11.883 }, "geometry": { "type": "MultiPolygon", "coordinates": [ [ [ [ -87.68912, 41.83426 ], [ -87.69036, 41.83387 ], [ -87.69362, 41.83284 ], [ -87.69442, 41.83259 ], [ -87.69519, 41.83235 ], [ -87.69598, 41.8321 ], [ -87.69636, 41.83199 ], [ -87.69661, 41.83219 ], [ -87.69729, 41.83194 ], [ -87.69781, 41.83173 ], [ -87.69854, 41.83149 ], [ -87.69935, 41.83124 ], [ -87.70038, 41.83092 ], [ -87.70225, 41.83039 ], [ -87.70301, 41.8302 ], [ -87.70417, 41.82987 ], [ -87.70461, 41.8298 ], [ -87.70458, 41.82912 ], [ -87.70748, 41.8282 ], [ -87.70999, 41.82741 ], [ -87.71146, 41.82696 ], [ -87.7142, 41.82609 ], [ -87.71437, 41.82604 ], [ -87.71437, 41.82632 ], [ -87.71764, 41.82529 ], [ -87.71776, 41.82524 ], [ -87.71858, 41.82499 ], [ -87.71959, 41.82468 ], [ -87.72195, 41.82394 ], [ -87.72453, 41.82312 ], [ -87.72674, 41.82243 ], [ -87.72725, 41.82225 ], [ -87.72748, 41.8222 ], [ -87.72834, 41.82193 ], [ -87.73011, 41.82137 ], [ -87.73182, 41.82083 ], [ -87.73291, 41.82049 ], [ -87.73483, 41.81988 ], [ -87.73595, 41.81953 ], [ -87.73681, 41.81926 ], [ -87.73856, 41.81871 ], [ -87.73858, 41.81885 ], [ -87.73862, 41.82062 ], [ -87.73862, 41.82099 ], [ -87.73865, 41.82212 ], [ -87.73849, 41.82212 ], [ -87.73864, 41.82943 ], [ -87.73881, 41.83673 ], [ -87.73893, 41.83672 ], [ -87.73899, 41.83855 ], [ -87.73911, 41.83855 ], [ -87.73927, 41.84395 ], [ -87.73932, 41.84559 ], [ -87.73838, 41.84575 ], [ -87.73573, 41.84634 ], [ -87.73314, 41.84692 ], [ -87.73157, 41.84727 ], [ -87.72895, 41.84785 ], [ -87.72452, 41.84885 ], [ -87.72223, 41.84936 ], [ -87.72224, 41.85035 ], [ -87.72228, 41.85158 ], [ -87.71972, 41.85161 ], [ -87.71878, 41.85162 ], [ -87.71743, 41.85163 ], [ -87.71513, 41.85166 ], [ -87.71477, 41.85166 ], [ -87.71349, 41.85168 ], [ -87.71256, 41.85169 ], [ -87.71242, 41.85171 ], [ -87.71114, 41.85199 ], [ -87.71116, 41.85231 ], [ -87.7112, 41.85355 ], [ -87.7111, 41.85354 ], [ -87.71006, 41.85355 ], [ -87.70639, 41.85358 ], [ -87.7055, 41.85359 ], [ -87.70519, 41.85359 ], [ -87.70422, 41.8536 ], [ -87.70401, 41.85362 ], [ -87.70377, 41.85361 ], [ -87.70367, 41.85362 ], [ -87.70288, 41.8538 ], [ -87.70289, 41.85416 ], [ -87.70293, 41.85545 ], [ -87.70123, 41.85547 ], [ -87.69737, 41.85553 ], [ -87.6966, 41.85554 ], [ -87.69574, 41.85556 ], [ -87.69557, 41.85555 ], [ -87.69556, 41.85528 ], [ -87.69173, 41.85615 ], [ -87.68803, 41.85697 ], [ -87.68802, 41.85689 ], [ -87.68799, 41.85579 ], [ -87.68798, 41.85569 ], [ -87.68798, 41.85508 ], [ -87.68795, 41.85433 ], [ -87.68791, 41.85334 ], [ -87.68789, 41.85247 ], [ -87.68787, 41.85201 ], [ -87.68779, 41.84837 ], [ -87.68756, 41.84479 ], [ -87.68749, 41.83702 ], [ -87.68751, 41.83681 ], [ -87.68746, 41.83491 ], [ -87.6874, 41.8348 ], [ -87.68912, 41.83426 ] ] ] ] } },
{ "type": "Feature", "properties": { "id": 31, "name": "Lower West Side", "areaKm2": 7.57 }, "geometry": { "type": "MultiPolygon", "coordinates": [ [ [ [ -87.63532, 41.85723 ], [ -87.63549, 41.85694 ], [ -87.63616, 41.85629 ], [ -87.63698, 41.85567 ], [ -87.63748, 41.85533 ], [ -87.63844, 41.85488 ], [ -87.63904, 41.85457 ], [ -87.63939, 41.85428 ], [ -87.63965, 41.85395 ], [ -87.63987, 41.85359 ], [ -87.64034, 41.85299 ], [ -87.64075, 41.85237 ], [ -87.64115, 41.85179 ], [ -87.64159, 41.85122 ], [ -87.64192, 41.85078 ], [ -87.64218, 41.85045 ], [ -87.64264, 41.85002 ], [ -87.64332, 41.84969 ], [ -87.644, 41.84951 ], [ -87.64489, 41.84942 ], [ -87.64585, 41.84938 ], [ -87.6468, 41.84921 ], [ -87.64759, 41.84894 ], [ -87.64864, 41.84861 ], [ -87.64964, 41.8484 ], [ -87.651, 41.84831 ], [ -87.65158, 41.84818 ], [ -87.65258, 41.848 ], [ -87.65312, 41.84795 ], [ -87.6575, 41.84717 ], [ -87.6586, 41.84726 ], [ -87.66072, 41.84572 ], [ -87.66077, 41.84584 ], [ -87.66164, 41.84535 ], [ -87.66252, 41.84491 ], [ -87.66345, 41.8445 ], [ -87.66378, 41.84429 ], [ -87.66389, 41.8441 ], [ -87.66431, 41.8428 ], [ -87.66495, 41.84172 ], [ -87.66497, 41.84162 ], [ -87.66484, 41.84124 ], [ -87.66457, 41.84076 ], [ -87.66454, 41.84066 ], [ -87.66453, 41.84043 ], [ -87.66457, 41.83988 ], [ -87.66454, 41.83956 ], [ -87.66429, 41.83907 ], [ -87.66509, 41.83861 ], [ -87.66539, 41.83843 ], [ -87.66576, 41.83822 ], [ -87.66614, 41.83803 ], [ -87.66651, 41.83786 ], [ -87.66698, 41.83766 ], [ -87.66763, 41.83747 ], [ -87.66824, 41.83732 ], [ -87.66878, 41.83723 ], [ -87.66926, 41.83718 ], [ -87.67004, 41.83714 ], [ -87.67056, 41.83714 ], [ -87.67056, 41.83735 ], [ -87.67088, 41.83734 ], [ -87.67458, 41.83727 ], [ -87.67676, 41.83722 ], [ -87.67873, 41.83718 ], [ -87.67908, 41.83716 ], [ -87.67945, 41.83713 ], [ -87.68013, 41.83703 ], [ -87.68045, 41.83697 ], [ -87.6808, 41.83687 ], [ -87.68144, 41.83668 ], [ -87.68374, 41.83597 ], [ -87.68458, 41.83571 ], [ -87.68685, 41.83498 ], [ -87.6874, 41.8348 ], [ -87.68746, 41.83491 ], [ -87.68751, 41.83681 ], [ -87.68749, 41.83702 ], [ -87.68756, 41.84479 ], [ -87.68779, 41.84837 ], [ -87.68787, 41.85201 ], [ -87.68789, 41.85247 ], [ -87.68791, 41.85334 ], [ -87.68795, 41.85433 ], [ -87.68798, 41.85508 ], [ -87.68798, 41.85569 ], [ -87.68799, 41.85579 ], [ -87.68802, 41.85689 ], [ -87.68803, 41.85697 ], [ -87.68796, 41.85699 ], [ -87.68802, 41.85709 ], [ -87.68804, 41.85817 ], [ -87.68807, 41.85934 ], [ -87.68742, 41.85934 ], [ -87.68583, 41.85937 ], [ -87.68581, 41.85842 ], [ -87.68482, 41.85861 ], [ -87.68132, 41.85888 ], [ -87.67857, 41.85904 ], [ -87.67785, 41.85912 ], [ -87.67605, 41.85942 ], [ -87.67427, 41.85955 ], [ -87.6736, 41.85952 ], [ -87.67308, 41.85951 ], [ -87.67134, 41.85953 ], [ -87.671, 41.85955 ], [ -87.66981, 41.85957 ], [ -87.66858, 41.85958 ], [ -87.66591, 41.85961 ], [ -87.66036, 41.8597 ], [ -87.65923, 41.85972 ], [ -87.65862, 41.85973 ], [ -87.65799, 41.85974 ], [ -87.65303, 41.85982 ], [ -87.65264, 41.85982 ], [ -87.65036, 41.85986 ], [ -87.64738, 41.8599 ], [ -87.64713, 41.8599 ], [ -87.64522, 41.85993 ], [ -87.64487, 41.85994 ], [ -87.64476, 41.85995 ], [ -87.64336, 41.85996 ], [ -87.64125, 41.85999 ], [ -87.64051, 41.85999 ], [ -87.63901, 41.86002 ], [ -87.63899, 41.8592 ], [ -87.63896, 41.85823 ], [ -87.63894, 41.85767 ], [ -87.63777, 41.85768 ], [ -87.63663, 41.85771 ], [ -87.63602, 41.85773 ], [ -87.63516, 41.85772 ], [ -87.63532, 41.85723 ] ] ] ] } },
{ "type": "Feature", "properties": { "id": 32, "name": "Loop", "areaKm2": 4.301 }, "geometry": { "type": "MultiPolygon", "coordinates": [ [ [ [ -87.60949, 41.88939 ], [ -87.60769, 41.88937 ], [ -87.60764, 41.88935 ], [ -87.60767, 41.88923 ], [ -87.60765, 41.88867 ], [ -87.60751, 41.88864 ], [ -87.60544, 41.88867 ], [ -87.60543, 41.88871 ], [ -87.6052, 41.88872 ], [ -87.60515, 41.88868 ], [ -87.60474, 41.88868 ], [ -87.60468, 41.88864 ], [ -87.60473, 41.88857 ], [ -87.60513, 41.88856 ], [ -87.60521, 41.88845 ], [ -87.60513, 41.88835 ], [ -87.60374, 41.88837 ], [ -87.60252, 41.88839 ], [ -87.60247, 41.88836 ], [ -87.60247, 41.8883 ], [ -87.60252, 41.88827 ], [ -87.60292, 41.88827 ], [ -87.60478, 41.88824 ], [ -87.60514, 41.88823 ], [ -87.60518, 41.88819 ], [ -87.60541, 41.88819 ], [ -87.60541, 41.88822 ], [ -87.60599, 41.88822 ], [ -87.60751, 41.88819 ], [ -87.60756, 41.88816 ], [ -87.60781, 41.88815 ], [ -87.60781, 41.88818 ], [ -87.60985, 41.88797 ], [ -87.60988, 41.88779 ], [ -87.60988, 41.88716 ], [ -87.60994, 41.88709 ], [ -87.60994, 41.88671 ], [ -87.60995, 41.88612 ], [ -87.60996, 41.88526 ], [ -87.60998, 41.8848 ], [ -87.60997, 41.88463 ], [ -87.60997, 41.88436 ], [ -87.60999, 41.88408 ], [ -87.6116, 41.88407 ], [ -87.61274, 41.88406 ], [ -87.61274, 41.88381 ], [ -87.61276, 41.88368 ], [ -87.61283, 41.88348 ], [ -87.61291, 41.88335 ], [ -87.61303, 41.88321 ], [ -87.61325, 41.88302 ], [ -87.61338, 41.88294 ], [ -87.61371, 41.88276 ], [ -87.61398, 41.88266 ], [ -87.61422, 41.88259 ], [ -87.61446, 41.88254 ], [ -87.61467, 41.88252 ], [ -87.61546, 41.88249 ], [ -87.61579, 41.88244 ], [ -87.616, 41.88236 ], [ -87.61624, 41.88221 ], [ -87.61636, 41.88208 ], [ -87.61643, 41.88196 ], [ -87.61651, 41.88173 ], [ -87.6165, 41.88141 ], [ -87.61575, 41.88142 ], [ -87.61572, 41.88057 ], [ -87.61637, 41.88055 ], [ -87.61648, 41.88056 ], [ -87.61646, 41.87978 ], [ -87.61637, 41.87978 ], [ -87.61634, 41.87783 ], [ -87.6163, 41.87782 ], [ -87.61624, 41.87702 ], [ -87.61619, 41.87601 ], [ -87.61618, 41.87567 ], [ -87.61618, 41.87497 ], [ -87.61619, 41.87463 ], [ -87.61622, 41.87395 ], [ -87.61625, 41.87395 ], [ -87.61624, 41.87377 ], [ -87.6162, 41.87197 ], [ -87.61628, 41.87197 ], [ -87.61627, 41.87178 ], [ -87.61623, 41.87171 ], [ -87.61627, 41.87156 ], [ -87.61623, 41.86981 ], [ -87.61621, 41.8689 ], [ -87.61603, 41.86883 ], [ -87.61586, 41.86875 ], [ -87.61571, 41.86865 ], [ -87.61557, 41.86854 ], [ -87.61535, 41.8683 ], [ -87.6166, 41.86817 ], [ -87.61854, 41.86799 ], [ -87.61896, 41.8675 ], [ -87.61921, 41.86754 ], [ -87.6204, 41.86751 ], [ -87.62185, 41.86749 ], [ -87.62318, 41.86748 ], [ -87.62402, 41.86746 ], [ -87.62443, 41.86746 ], [ -87.62564, 41.86743 ], [ -87.62631, 41.86743 ], [ -87.62886, 41.86739 ], [ -87.62994, 41.86738 ], [ -87.63175, 41.86735 ], [ -87.63302, 41.86733 ], [ -87.63362, 41.86732 ], [ -87.63473, 41.86731 ], [ -87.63481, 41.86802 ], [ -87.63496, 41.86898 ], [ -87.63507, 41.86994 ], [ -87.63518, 41.87061 ], [ -87.63544, 41.87197 ], [ -87.63554, 41.87238 ], [ -87.63576, 41.87346 ], [ -87.63587, 41.87397 ], [ -87.63593, 41.87414 ], [ -87.63607, 41.87467 ], [ -87.63629, 41.8752 ], [ -87.63635, 41.87528 ], [ -87.63683, 41.87574 ], [ -87.63707, 41.87603 ], [ -87.63733, 41.87647 ], [ -87.63743, 41.87669 ], [ -87.63766, 41.87731 ], [ -87.63772, 41.87765 ], [ -87.63777, 41.87811 ], [ -87.63786, 41.87844 ], [ -87.63798, 41.87876 ], [ -87.6381, 41.87907 ], [ -87.63811, 41.87918 ], [ -87.63811, 41.87941 ], [ -87.6382, 41.87977 ], [ -87.63823, 41.87999 ], [ -87.63828, 41.88037 ], [ -87.63829, 41.88069 ], [ -87.63829, 41.88102 ], [ -87.63826, 41.88155 ], [ -87.63822, 41.88176 ], [ -87.63822, 41.8819 ], [ -87.63823, 41.88212 ], [ -87.63818, 41.88277 ], [ -87.63816, 41.88291 ], [ -87.63814, 41.88319 ], [ -87.63808, 41.88338 ], [ -87.63792, 41.8843 ], [ -87.63788, 41.88471 ], [ -87.63784, 41.885 ], [ -87.63776, 41.88558 ], [ -87.63765, 41.88607 ], [ -87.63759, 41.88623 ], [ -87.63744, 41.88642 ], [ -87.63727, 41.88656 ], [ -87.63709, 41.88668 ], [ -87.63684, 41.88681 ], [ -87.63598, 41.88734 ], [ -87.6358, 41.88743 ], [ -87.63562, 41.88745 ], [ -87.6352, 41.88747 ], [ -87.63484, 41.88747 ], [ -87.63427, 41.88752 ], [ -87.63377, 41.88753 ], [ -87.63337, 41.88748 ], [ -87.6328, 41.88747 ], [ -87.63273, 41.88748 ], [ -87.63223, 41.88748 ], [ -87.63126, 41.88745 ], [ -87.63078, 41.88743 ], [ -87.63007, 41.88742 ], [ -87.62928, 41.88742 ], [ -87.62879, 41.88744 ], [ -87.62824, 41.88745 ], [ -87.62762, 41.88751 ], [ -87.62726, 41.88766 ], [ -87.62704, 41.88781 ], [ -87.62682, 41.88794 ], [ -87.62636, 41.88824 ], [ -87.62599, 41.88851 ], [ -87.62566, 41.88868 ], [ -87.62529, 41.88884 ], [ -87.62509, 41.88891 ], [ -87.62473, 41.88889 ], [ -87.62444, 41.88887 ], [ -87.62419, 41.88882 ], [ -87.62403, 41.88882 ], [ -87.62386, 41.88889 ], [ -87.62361, 41.88891 ], [ -87.62271, 41.88884 ], [ -87.6212, 41.88866 ], [ -87.61908, 41.88843 ], [ -87.61801, 41.88831 ], [ -87.61726, 41.88833 ], [ -87.61692, 41.88835 ], [ -87.61585, 41.88839 ], [ -87.61527, 41.88842 ], [ -87.61397, 41.88841 ], [ -87.61255, 41.88963 ], [ -87.61256, 41.88992 ], [ -87.61259, 41.89016 ], [ -87.61271, 41.89023 ], [ -87.61441, 41.89022 ], [ -87.61732, 41.89018 ], [ -87.61868, 41.89016 ], [ -87.6196, 41.89018 ], [ -87.61987, 41.89017 ], [ -87.61987, 41.89047 ], [ -87.61961, 41.89046 ], [ -87.61868, 41.89043 ], [ -87.61795, 41.89043 ], [ -87.61785, 41.89053 ], [ -87.61765, 41.89053 ], [ -87.61733, 41.89051 ], [ -87.61703, 41.89051 ], [ -87.61703, 41.89046 ], [ -87.61678, 41.89046 ], [ -87.61651, 41.8905 ], [ -87.61651, 41.89044 ], [ -87.61606, 41.89045 ], [ -87.61606, 41.8905 ], [ -87.6158, 41.89051 ], [ -87.61556, 41.89048 ], [ -87.61555, 41.89054 ], [ -87.61441, 41.89056 ], [ -87.61441, 41.8904 ], [ -87.61423, 41.89041 ], [ -87.61362, 41.89045 ], [ -87.61356, 41.89058 ], [ -87.61144, 41.89063 ], [ -87.61137, 41.88974 ], [ -87.61123, 41.88931 ], [ -87.60955, 41.88931 ], [ -87.60957, 41.8894 ], [ -87.60949, 41.8894 ], [ -87.60949, 41.88939 ] ] ] ] } },
{ "type": "Feature", "properties": { "id": 33, "name": "Near South Side", "areaKm2": 4.62 }, "geometry": { "type": "MultiPolygon", "coordinates": [ [ [ [ -87.60941, 41.84522 ], [ -87.60941, 41.84527 ], [ -87.61158, 41.84527 ], [ -87.6124, 41.84517 ], [ -87.615, 41.84517 ], [ -87.61499, 41.84511 ], [ -87.61596, 41.84509 ], [ -87.61604, 41.8451 ], [ -87.6162, 41.84516 ], [ -87.61626, 41.84523 ], [ -87.61644, 41.84553 ], [ -87.61653, 41.84562 ], [ -87.6166, 41.84564 ], [ -87.61721, 41.84566 ], [ -87.61767, 41.84572 ], [ -87.61784, 41.84573 ], [ -87.62033, 41.84569 ], [ -87.62408, 41.84563 ], [ -87.62638, 41.8456 ], [ -87.62724, 41.84558 ], [ -87.62792, 41.84557 ], [ -87.62917, 41.84556 ], [ -87.62919, 41.84613 ], [ -87.62919, 41.8466 ], [ -87.6292, 41.84713 ], [ -87.6292, 41.8475 ], [ -87.62922, 41.84796 ], [ -87.62923, 41.84871 ], [ -87.62925, 41.84889 ], [ -87.62927, 41.84949 ], [ -87.62928, 41.84997 ], [ -87.62932, 41.85171 ], [ -87.62935, 41.85288 ], [ -87.63006, 41.85288 ], [ -87.6301, 41.8533 ], [ -87.63012, 41.85372 ], [ -87.63016, 41.85496 ], [ -87.63016, 41.8555 ], [ -87.63019, 41.85633 ], [ -87.63023, 41.85778 ], [ -87.63107, 41.85776 ], [ -87.63221, 41.85775 ], [ -87.6341, 41.85772 ], [ -87.63516, 41.85772 ], [ -87.63513, 41.85787 ], [ -87.63509, 41.8582 ], [ -87.6348, 41.85888 ], [ -87.63456, 41.85922 ], [ -87.63451, 41.85938 ], [ -87.63452, 41.86042 ], [ -87.63456, 41.86099 ], [ -87.63456, 41.86167 ], [ -87.63458, 41.86233 ], [ -87.63457, 41.8629 ], [ -87.63462, 41.86372 ], [ -87.6347, 41.86631 ], [ -87.63469, 41.86675 ], [ -87.63473, 41.86731 ], [ -87.63362, 41.86732 ], [ -87.63302, 41.86733 ], [ -87.63175, 41.86735 ], [ -87.62994, 41.86738 ], [ -87.62886, 41.86739 ], [ -87.62631, 41.86743 ], [ -87.62564, 41.86743 ], [ -87.62443, 41.86746 ], [ -87.62402, 41.86746 ], [ -87.62318, 41.86748 ], [ -87.62185, 41.86749 ], [ -87.6204, 41.86751 ], [ -87.61921, 41.86754 ], [ -87.61896, 41.8675 ], [ -87.61854, 41.86799 ], [ -87.6166, 41.86817 ], [ -87.61535, 41.8683 ], [ -87.61474, 41.86832 ], [ -87.61458, 41.86839 ], [ -87.6144, 41.86845 ], [ -87.61414, 41.86849 ], [ -87.61381, 41.86851 ], [ -87.6133, 41.86849 ], [ -87.61306, 41.86844 ], [ -87.61277, 41.86831 ], [ -87.6126, 41.86818 ], [ -87.6125, 41.86807 ], [ -87.61242, 41.86794 ], [ -87.61235, 41.86776 ], [ -87.61234, 41.86751 ], [ -87.6124, 41.86733 ], [ -87.61249, 41.86717 ], [ -87.61269, 41.86697 ], [ -87.61269, 41.86675 ], [ -87.61066, 41.86678 ], [ -87.61058, 41.86682 ], [ -87.60958, 41.86683 ], [ -87.60775, 41.86686 ], [ -87.60753, 41.86704 ], [ -87.60724, 41.86717 ], [ -87.60701, 41.86723 ], [ -87.60684, 41.86724 ], [ -87.60651, 41.86722 ], [ -87.60628, 41.86716 ], [ -87.606, 41.86702 ], [ -87.60584, 41.86688 ], [ -87.60575, 41.86678 ], [ -87.60565, 41.86661 ], [ -87.60561, 41.86642 ], [ -87.60564, 41.86618 ], [ -87.60572, 41.866 ], [ -87.60584, 41.86584 ], [ -87.60605, 41.86568 ], [ -87.60605, 41.86479 ], [ -87.60629, 41.86479 ], [ -87.6063, 41.86493 ], [ -87.60634, 41.865 ], [ -87.60652, 41.86514 ], [ -87.60659, 41.86521 ], [ -87.60667, 41.86523 ], [ -87.60687, 41.86518 ], [ -87.60699, 41.86513 ], [ -87.60718, 41.86499 ], [ -87.6073, 41.86487 ], [ -87.60747, 41.86465 ], [ -87.60757, 41.86436 ], [ -87.60758, 41.8641 ], [ -87.60753, 41.86385 ], [ -87.60709, 41.86274 ], [ -87.60698, 41.86241 ], [ -87.60692, 41.86235 ], [ -87.60681, 41.86231 ], [ -87.60677, 41.86221 ], [ -87.60662, 41.86216 ], [ -87.60653, 41.8622 ], [ -87.60641, 41.86207 ], [ -87.60609, 41.86207 ], [ -87.60602, 41.86201 ], [ -87.60599, 41.86127 ], [ -87.60596, 41.86008 ], [ -87.60684, 41.86006 ], [ -87.60707, 41.85996 ], [ -87.60701, 41.85908 ], [ -87.60694, 41.85817 ], [ -87.60681, 41.85644 ], [ -87.60675, 41.85563 ], [ -87.6067, 41.85484 ], [ -87.60663, 41.85386 ], [ -87.6066, 41.85341 ], [ -87.60651, 41.85342 ], [ -87.60651, 41.85336 ], [ -87.6075, 41.85327 ], [ -87.60839, 41.8532 ], [ -87.60876, 41.85317 ], [ -87.609, 41.85318 ], [ -87.60932, 41.85326 ], [ -87.60953, 41.85335 ], [ -87.60968, 41.85347 ], [ -87.60985, 41.85366 ], [ -87.60991, 41.85383 ], [ -87.60992, 41.85398 ], [ -87.60945, 41.85641 ], [ -87.60934, 41.85667 ], [ -87.60934, 41.85687 ], [ -87.60938, 41.85696 ], [ -87.60946, 41.85708 ], [ -87.6096, 41.85719 ], [ -87.60977, 41.85738 ], [ -87.60986, 41.85751 ], [ -87.60992, 41.85766 ], [ -87.60997, 41.85783 ], [ -87.60999, 41.85813 ], [ -87.60989, 41.85844 ], [ -87.60988, 41.85859 ], [ -87.60994, 41.85879 ], [ -87.61007, 41.85895 ], [ -87.61022, 41.85906 ], [ -87.61042, 41.85919 ], [ -87.61048, 41.85931 ], [ -87.61048, 41.85939 ], [ -87.6104, 41.85958 ], [ -87.61036, 41.85975 ], [ -87.61037, 41.85992 ], [ -87.61043, 41.86008 ], [ -87.61055, 41.86018 ], [ -87.61067, 41.86021 ], [ -87.61067, 41.86065 ], [ -87.61053, 41.86069 ], [ -87.61045, 41.86075 ], [ -87.61042, 41.86085 ], [ -87.61035, 41.86085 ], [ -87.61036, 41.8614 ], [ -87.61028, 41.8614 ], [ -87.61004, 41.8618 ], [ -87.60988, 41.86215 ], [ -87.60978, 41.86249 ], [ -87.6098, 41.86249 ], [ -87.60974, 41.86274 ], [ -87.60969, 41.863 ], [ -87.60967, 41.86325 ], [ -87.60963, 41.86329 ], [ -87.60961, 41.86351 ], [ -87.60965, 41.86351 ], [ -87.60968, 41.86375 ], [ -87.60974, 41.86409 ], [ -87.60979, 41.86425 ], [ -87.60996, 41.86463 ], [ -87.6101, 41.8649 ], [ -87.61037, 41.86532 ], [ -87.61045, 41.86532 ], [ -87.61048, 41.86586 ], [ -87.61158, 41.86586 ], [ -87.61267, 41.86584 ], [ -87.61265, 41.86528 ], [ -87.61274, 41.86529 ], [ -87.61285, 41.86508 ], [ -87.61304, 41.86466 ], [ -87.61321, 41.86425 ], [ -87.61329, 41.864 ], [ -87.61342, 41.86346 ], [ -87.61345, 41.86328 ], [ -87.61346, 41.86309 ], [ -87.61343, 41.86285 ], [ -87.61335, 41.86261 ], [ -87.61326, 41.86238 ], [ -87.6131, 41.86206 ], [ -87.61295, 41.8618 ], [ -87.61278, 41.86155 ], [ -87.61265, 41.86137 ], [ -87.61256, 41.86137 ], [ -87.61255, 41.86082 ], [ -87.61247, 41.86083 ], [ -87.61242, 41.86071 ], [ -87.61232, 41.86065 ], [ -87.6122, 41.86063 ], [ -87.61221, 41.86046 ], [ -87.61239, 41.86045 ], [ -87.61239, 41.86035 ], [ -87.61215, 41.86035 ], [ -87.61219, 41.86027 ], [ -87.61218, 41.86018 ], [ -87.61232, 41.86015 ], [ -87.61241, 41.86008 ], [ -87.61244, 41.85999 ], [ -87.61242, 41.85985 ], [ -87.61235, 41.85964 ], [ -87.61228, 41.85949 ], [ -87.6122, 41.85927 ], [ -87.61217, 41.85893 ], [ -87.61217, 41.85867 ], [ -87.61219, 41.85858 ], [ -87.61227, 41.85851 ], [ -87.61254, 41.85849 ], [ -87.61272, 41.85836 ], [ -87.61284, 41.85819 ], [ -87.61297, 41.85786 ], [ -87.61304, 41.85761 ], [ -87.61307, 41.85726 ], [ -87.61307, 41.85711 ], [ -87.61304, 41.85696 ], [ -87.61297, 41.85676 ], [ -87.6129, 41.85658 ], [ -87.61285, 41.85636 ], [ -87.61278, 41.85621 ], [ -87.61263, 41.856 ], [ -87.6124, 41.85578 ], [ -87.61224, 41.85566 ], [ -87.61149, 41.8552 ], [ -87.61136, 41.8551 ], [ -87.6112, 41.85493 ], [ -87.61112, 41.8548 ], [ -87.61104, 41.85458 ], [ -87.61101, 41.85438 ], [ -87.61101, 41.85419 ], [ -87.61096, 41.85384 ], [ -87.6109, 41.85358 ], [ -87.61082, 41.85333 ], [ -87.61072, 41.85308 ], [ -87.61059, 41.85284 ], [ -87.61037, 41.8525 ], [ -87.61014, 41.8522 ], [ -87.60992, 41.85194 ], [ -87.60944, 41.85135 ], [ -87.60934, 41.85121 ], [ -87.60924, 41.85099 ], [ -87.60919, 41.85069 ], [ -87.6092, 41.85045 ], [ -87.6095, 41.84898 ], [ -87.60952, 41.8487 ], [ -87.60954, 41.8487 ], [ -87.60949, 41.84807 ], [ -87.60943, 41.84785 ], [ -87.6093, 41.8476 ], [ -87.60858, 41.84664 ], [ -87.6085, 41.84651 ], [ -87.60845, 41.84636 ], [ -87.60842, 41.84622 ], [ -87.60841, 41.84607 ], [ -87.60843, 41.84588 ], [ -87.60847, 41.84574 ], [ -87.60855, 41.84559 ], [ -87.60868, 41.8454 ], [ -87.609, 41.84501 ], [ -87.60911, 41.8448 ], [ -87.60914, 41.84469 ], [ -87.60941, 41.84522 ] ] ] ] } },
{ "type": "Feature", "properties": { "id": 34, "name": "Armour Square", "areaKm2": 2.578 }, "geometry": { "type": "MultiPolygon", "coordinates": [ [ [ [ -87.62997, 41.84554 ], [ -87.62991, 41.84376 ], [ -87.6299, 41.84334 ], [ -87.62988, 41.84279 ], [ -87.62986, 41.84171 ], [ -87.62984, 41.84133 ], [ -87.62976, 41.83827 ], [ -87.62972, 41.83703 ], [ -87.62969, 41.83581 ], [ -87.62964, 41.83416 ], [ -87.62961, 41.83277 ], [ -87.62957, 41.83106 ], [ -87.62956, 41.83097 ], [ -87.629, 41.83097 ], [ -87.629, 41.83083 ], [ -87.62895, 41.82884 ], [ -87.62893, 41.82786 ], [ -87.62894, 41.82764 ], [ -87.62905, 41.82751 ], [ -87.62909, 41.82733 ], [ -87.62904, 41.82569 ], [ -87.62897, 41.82368 ], [ -87.62936, 41.82368 ], [ -87.63162, 41.82364 ], [ -87.63214, 41.82363 ], [ -87.6327, 41.82363 ], [ -87.63396, 41.82361 ], [ -87.63606, 41.82521 ], [ -87.63607, 41.8254 ], [ -87.63616, 41.82541 ], [ -87.63619, 41.82637 ], [ -87.6362, 41.82723 ], [ -87.6364, 41.82723 ], [ -87.63642, 41.82742 ], [ -87.63646, 41.82939 ], [ -87.63654, 41.83225 ], [ -87.63655, 41.83298 ], [ -87.63658, 41.83415 ], [ -87.63653, 41.83453 ], [ -87.63589, 41.83453 ], [ -87.63593, 41.83636 ], [ -87.63643, 41.83635 ], [ -87.63648, 41.83817 ], [ -87.63638, 41.83817 ], [ -87.63643, 41.84054 ], [ -87.6365, 41.84299 ], [ -87.63651, 41.84364 ], [ -87.63829, 41.84362 ], [ -87.6383, 41.84418 ], [ -87.63832, 41.84471 ], [ -87.63833, 41.84522 ], [ -87.63836, 41.84618 ], [ -87.63953, 41.84637 ], [ -87.63998, 41.84632 ], [ -87.64029, 41.84632 ], [ -87.6416, 41.8463 ], [ -87.6416, 41.84647 ], [ -87.64185, 41.84711 ], [ -87.64173, 41.84728 ], [ -87.64243, 41.84811 ], [ -87.64163, 41.84812 ], [ -87.64162, 41.84819 ], [ -87.64225, 41.84893 ], [ -87.64276, 41.84869 ], [ -87.64323, 41.84852 ], [ -87.64347, 41.84875 ], [ -87.64368, 41.84901 ], [ -87.644, 41.84951 ], [ -87.64332, 41.84969 ], [ -87.64264, 41.85002 ], [ -87.64218, 41.85045 ], [ -87.64192, 41.85078 ], [ -87.64159, 41.85122 ], [ -87.64115, 41.85179 ], [ -87.64075, 41.85237 ], [ -87.64034, 41.85299 ], [ -87.63987, 41.85359 ], [ -87.63965, 41.85395 ], [ -87.63939, 41.85428 ], [ -87.63904, 41.85457 ], [ -87.63844, 41.85488 ], [ -87.63748, 41.85533 ], [ -87.63698, 41.85567 ], [ -87.63616, 41.85629 ], [ -87.63549, 41.85694 ], [ -87.63532, 41.85723 ], [ -87.63516, 41.85772 ], [ -87.6341, 41.85772 ], [ -87.63221, 41.85775 ], [ -87.63107, 41.85776 ], [ -87.63023, 41.85778 ], [ -87.63019, 41.85633 ], [ -87.63016, 41.8555 ], [ -87.63016, 41.85496 ], [ -87.63012, 41.85372 ], [ -87.6301, 41.8533 ], [ -87.63006, 41.85288 ], [ -87.62935, 41.85288 ], [ -87.62932, 41.85171 ], [ -87.62928, 41.84997 ], [ -87.62927, 41.84949 ], [ -87.62925, 41.84889 ], [ -87.62923, 41.84871 ], [ -87.62922, 41.84796 ], [ -87.6292, 41.8475 ], [ -87.6292, 41.84713 ], [ -87.62919, 41.8466 ], [ -87.62919, 41.84613 ], [ -87.62917, 41.84556 ], [ -87.62997, 41.84554 ] ] ] ] } },
{ "type": "Feature", "properties": { "id": 35, "name": "Douglas", "areaKm2": 4.271 }, "geometry": { "type": "MultiPolygon", "coordinates": [ [ [ [ -87.60917, 41.84446 ], [ -87.60915, 41.84424 ], [ -87.60907, 41.84419 ], [ -87.60892, 41.84396 ], [ -87.60887, 41.8438 ], [ -87.60877, 41.84336 ], [ -87.60872, 41.84331 ], [ -87.60858, 41.84307 ], [ -87.60847, 41.84295 ], [ -87.60818, 41.84251 ], [ -87.60802, 41.84231 ], [ -87.60802, 41.84218 ], [ -87.60798, 41.84179 ], [ -87.60798, 41.8414 ], [ -87.60795, 41.84127 ], [ -87.60785, 41.84103 ], [ -87.60773, 41.84089 ], [ -87.60753, 41.84056 ], [ -87.60698, 41.84067 ], [ -87.60668, 41.84056 ], [ -87.60671, 41.8405 ], [ -87.60699, 41.8406 ], [ -87.6075, 41.8405 ], [ -87.60743, 41.84039 ], [ -87.60745, 41.84035 ], [ -87.60735, 41.8401 ], [ -87.60721, 41.83965 ], [ -87.6071, 41.83951 ], [ -87.60676, 41.83934 ], [ -87.60658, 41.83921 ], [ -87.60645, 41.83908 ], [ -87.60616, 41.83864 ], [ -87.60471, 41.83896 ], [ -87.60428, 41.83958 ], [ -87.60427, 41.83983 ], [ -87.60419, 41.83983 ], [ -87.6042, 41.83955 ], [ -87.60467, 41.83888 ], [ -87.60613, 41.83855 ], [ -87.6061, 41.83816 ], [ -87.60608, 41.83802 ], [ -87.6061, 41.83784 ], [ -87.6061, 41.83765 ], [ -87.60607, 41.83729 ], [ -87.60602, 41.8371 ], [ -87.60597, 41.83687 ], [ -87.60585, 41.83644 ], [ -87.60566, 41.83612 ], [ -87.60552, 41.83596 ], [ -87.60531, 41.83568 ], [ -87.60509, 41.83546 ], [ -87.60456, 41.83499 ], [ -87.60454, 41.83481 ], [ -87.60473, 41.83459 ], [ -87.60503, 41.83442 ], [ -87.60494, 41.83404 ], [ -87.60487, 41.8338 ], [ -87.60475, 41.8336 ], [ -87.60455, 41.83335 ], [ -87.60435, 41.8332 ], [ -87.60407, 41.83308 ], [ -87.60392, 41.83304 ], [ -87.60349, 41.83301 ], [ -87.60323, 41.83291 ], [ -87.60301, 41.83273 ], [ -87.6028, 41.83247 ], [ -87.6027, 41.83233 ], [ -87.60271, 41.83224 ], [ -87.60276, 41.83185 ], [ -87.60271, 41.83137 ], [ -87.60295, 41.83133 ], [ -87.60583, 41.83123 ], [ -87.6062, 41.83124 ], [ -87.60721, 41.83123 ], [ -87.60749, 41.83122 ], [ -87.61063, 41.83119 ], [ -87.611, 41.82978 ], [ -87.61102, 41.82972 ], [ -87.61152, 41.82791 ], [ -87.61195, 41.82637 ], [ -87.61226, 41.82526 ], [ -87.61258, 41.82409 ], [ -87.61262, 41.82389 ], [ -87.61611, 41.82385 ], [ -87.61771, 41.82382 ], [ -87.62095, 41.82378 ], [ -87.62427, 41.82374 ], [ -87.62497, 41.82373 ], [ -87.62661, 41.82371 ], [ -87.62699, 41.82371 ], [ -87.62807, 41.82369 ], [ -87.62897, 41.82368 ], [ -87.62904, 41.82569 ], [ -87.62909, 41.82733 ], [ -87.62905, 41.82751 ], [ -87.62894, 41.82764 ], [ -87.62893, 41.82786 ], [ -87.62895, 41.82884 ], [ -87.629, 41.83083 ], [ -87.629, 41.83097 ], [ -87.62956, 41.83097 ], [ -87.62957, 41.83106 ], [ -87.62961, 41.83277 ], [ -87.62964, 41.83416 ], [ -87.62969, 41.83581 ], [ -87.62972, 41.83703 ], [ -87.62976, 41.83827 ], [ -87.62984, 41.84133 ], [ -87.62986, 41.84171 ], [ -87.62988, 41.84279 ], [ -87.6299, 41.84334 ], [ -87.62991, 41.84376 ], [ -87.62997, 41.84554 ], [ -87.62917, 41.84556 ], [ -87.62792, 41.84557 ], [ -87.62724, 41.84558 ], [ -87.62638, 41.8456 ], [ -87.62408, 41.84563 ], [ -87.62033, 41.84569 ], [ -87.61784, 41.84573 ], [ -87.61767, 41.84572 ], [ -87.61721, 41.84566 ], [ -87.6166, 41.84564 ], [ -87.61653, 41.84562 ], [ -87.61644, 41.84553 ], [ -87.61626, 41.84523 ], [ -87.6162, 41.84516 ], [ -87.61604, 41.8451 ], [ -87.61596, 41.84509 ], [ -87.61499, 41.84511 ], [ -87.615, 41.84517 ], [ -87.6124, 41.84517 ], [ -87.61158, 41.84527 ], [ -87.60941, 41.84527 ], [ -87.60941, 41.84522 ], [ -87.60914, 41.84469 ], [ -87.60917, 41.84446 ] ] ] ] } },
{ "type": "Feature", "properties": { "id": 36, "name": "Oakland", "areaKm2": 1.57 }, "geometry": { "type": "MultiPolygon", "coordinates": [ [ [ [ -87.59231, 41.81693 ], [ -87.59526, 41.81694 ], [ -87.59596, 41.81683 ], [ -87.59625, 41.81683 ], [ -87.5964, 41.81682 ], [ -87.59646, 41.81691 ], [ -87.59688, 41.81693 ], [ -87.59911, 41.8169 ], [ -87.59959, 41.81689 ], [ -87.6003, 41.81689 ], [ -87.60158, 41.81688 ], [ -87.60219, 41.81686 ], [ -87.60332, 41.81685 ], [ -87.60513, 41.81683 ], [ -87.60612, 41.81682 ], [ -87.60671, 41.81681 ], [ -87.60672, 41.81751 ], [ -87.60674, 41.81815 ], [ -87.60676, 41.81934 ], [ -87.6068, 41.82007 ], [ -87.60684, 41.82201 ], [ -87.60686, 41.82317 ], [ -87.60644, 41.82331 ], [ -87.60687, 41.82396 ], [ -87.60733, 41.82395 ], [ -87.60959, 41.82392 ], [ -87.61214, 41.8239 ], [ -87.61262, 41.82389 ], [ -87.61258, 41.82409 ], [ -87.61226, 41.82526 ], [ -87.61195, 41.82637 ], [ -87.61152, 41.82791 ], [ -87.61102, 41.82972 ], [ -87.611, 41.82978 ], [ -87.61063, 41.83119 ], [ -87.60749, 41.83122 ], [ -87.60721, 41.83123 ], [ -87.6062, 41.83124 ], [ -87.60583, 41.83123 ], [ -87.60295, 41.83133 ], [ -87.60271, 41.83137 ], [ -87.60259, 41.83102 ], [ -87.6025, 41.83085 ], [ -87.60239, 41.83069 ], [ -87.60224, 41.83053 ], [ -87.60193, 41.83024 ], [ -87.60172, 41.83006 ], [ -87.60148, 41.82979 ], [ -87.60123, 41.82945 ], [ -87.60067, 41.82874 ], [ -87.6003, 41.82827 ], [ -87.60016, 41.82816 ], [ -87.59997, 41.82793 ], [ -87.59921, 41.82739 ], [ -87.5987, 41.82706 ], [ -87.59826, 41.8268 ], [ -87.59795, 41.82656 ], [ -87.59775, 41.82634 ], [ -87.59764, 41.82617 ], [ -87.59758, 41.82605 ], [ -87.59748, 41.82564 ], [ -87.59748, 41.8255 ], [ -87.59754, 41.82521 ], [ -87.59762, 41.82493 ], [ -87.5977, 41.82457 ], [ -87.59766, 41.8242 ], [ -87.59763, 41.82403 ], [ -87.59753, 41.82371 ], [ -87.59741, 41.82342 ], [ -87.59734, 41.82321 ], [ -87.59733, 41.82311 ], [ -87.59726, 41.82292 ], [ -87.59725, 41.8228 ], [ -87.59733, 41.82285 ], [ -87.59733, 41.82274 ], [ -87.59726, 41.8227 ], [ -87.59727, 41.82262 ], [ -87.59711, 41.82252 ], [ -87.59709, 41.82241 ], [ -87.59702, 41.82223 ], [ -87.59687, 41.82205 ], [ -87.59684, 41.82196 ], [ -87.59668, 41.82183 ], [ -87.59659, 41.82169 ], [ -87.59631, 41.82141 ], [ -87.5962, 41.82133 ], [ -87.59606, 41.82114 ], [ -87.59586, 41.82084 ], [ -87.59578, 41.82066 ], [ -87.59569, 41.82053 ], [ -87.59573, 41.82043 ], [ -87.59565, 41.82032 ], [ -87.59549, 41.82016 ], [ -87.59512, 41.81981 ], [ -87.59469, 41.81973 ], [ -87.59462, 41.8197 ], [ -87.59444, 41.81952 ], [ -87.59433, 41.81943 ], [ -87.59414, 41.81933 ], [ -87.5937, 41.81904 ], [ -87.59349, 41.81881 ], [ -87.59335, 41.81873 ], [ -87.59296, 41.81857 ], [ -87.59268, 41.8184 ], [ -87.59262, 41.81834 ], [ -87.59239, 41.81805 ], [ -87.59224, 41.81779 ], [ -87.59219, 41.81768 ], [ -87.59217, 41.81747 ], [ -87.59217, 41.81727 ], [ -87.59215, 41.81693 ], [ -87.59231, 41.81693 ] ] ] ] } },
{ "type": "Feature", "properties": { "id": 37, "name": "Fuller Park", "areaKm2": 1.849 }, "geometry": { "type": "MultiPolygon", "coordinates": [ [ [ [ -87.62879, 41.80149 ], [ -87.62882, 41.80127 ], [ -87.62885, 41.8009 ], [ -87.62881, 41.79937 ], [ -87.62869, 41.79937 ], [ -87.62861, 41.79652 ], [ -87.62858, 41.79562 ], [ -87.62856, 41.7946 ], [ -87.62934, 41.79458 ], [ -87.6302, 41.79458 ], [ -87.63039, 41.79458 ], [ -87.63067, 41.79455 ], [ -87.63117, 41.79454 ], [ -87.63214, 41.79453 ], [ -87.63319, 41.79451 ], [ -87.63403, 41.7945 ], [ -87.63546, 41.79448 ], [ -87.63549, 41.79567 ], [ -87.63551, 41.79646 ], [ -87.63549, 41.79716 ], [ -87.6355, 41.79766 ], [ -87.63551, 41.79831 ], [ -87.63554, 41.79916 ], [ -87.6356, 41.80065 ], [ -87.63568, 41.80119 ], [ -87.6357, 41.80147 ], [ -87.63573, 41.80239 ], [ -87.63573, 41.80273 ], [ -87.63575, 41.80339 ], [ -87.63582, 41.80601 ], [ -87.63588, 41.80796 ], [ -87.63592, 41.80904 ], [ -87.63577, 41.80905 ], [ -87.63582, 41.80942 ], [ -87.63583, 41.80961 ], [ -87.63586, 41.81092 ], [ -87.63638, 41.81091 ], [ -87.63625, 41.81148 ], [ -87.63618, 41.81195 ], [ -87.63616, 41.81221 ], [ -87.63616, 41.81261 ], [ -87.63621, 41.81475 ], [ -87.63622, 41.81542 ], [ -87.63621, 41.81578 ], [ -87.63616, 41.81635 ], [ -87.63572, 41.81635 ], [ -87.63582, 41.81726 ], [ -87.63589, 41.81815 ], [ -87.63604, 41.81815 ], [ -87.63606, 41.819 ], [ -87.63603, 41.81905 ], [ -87.63608, 41.81996 ], [ -87.63611, 41.82179 ], [ -87.63608, 41.82179 ], [ -87.63609, 41.82213 ], [ -87.6361, 41.82288 ], [ -87.63612, 41.82359 ], [ -87.63574, 41.82359 ], [ -87.63396, 41.82361 ], [ -87.6327, 41.82363 ], [ -87.63214, 41.82363 ], [ -87.63162, 41.82364 ], [ -87.62936, 41.82368 ], [ -87.62935, 41.82336 ], [ -87.62936, 41.82327 ], [ -87.62934, 41.82302 ], [ -87.62929, 41.82116 ], [ -87.62928, 41.82076 ], [ -87.62926, 41.81979 ], [ -87.62919, 41.81946 ], [ -87.62919, 41.81916 ], [ -87.62916, 41.81802 ], [ -87.62912, 41.8166 ], [ -87.62909, 41.81565 ], [ -87.62902, 41.81292 ], [ -87.62897, 41.81126 ], [ -87.62898, 41.81109 ], [ -87.629, 41.81084 ], [ -87.62901, 41.81054 ], [ -87.62904, 41.81015 ], [ -87.62901, 41.80896 ], [ -87.62899, 41.80883 ], [ -87.62897, 41.80777 ], [ -87.62902, 41.8074 ], [ -87.62902, 41.80724 ], [ -87.62901, 41.8067 ], [ -87.62898, 41.80564 ], [ -87.62896, 41.80465 ], [ -87.62894, 41.80417 ], [ -87.62892, 41.80337 ], [ -87.62891, 41.80322 ], [ -87.62885, 41.80288 ], [ -87.62882, 41.80267 ], [ -87.6288, 41.80189 ], [ -87.62879, 41.80149 ] ] ] ] } },
{ "type": "Feature", "properties": { "id": 38, "name": "Grand Boulevard", "areaKm2": 4.501 }, "geometry": { "type": "MultiPolygon", "coordinates": [ [ [ [ -87.60669, 41.81581 ], [ -87.60668, 41.8153 ], [ -87.60668, 41.81472 ], [ -87.60665, 41.81342 ], [ -87.60664, 41.81295 ], [ -87.60661, 41.81158 ], [ -87.60653, 41.80796 ], [ -87.60652, 41.80752 ], [ -87.60648, 41.80551 ], [ -87.60642, 41.80251 ], [ -87.60641, 41.80225 ], [ -87.60677, 41.80224 ], [ -87.60977, 41.80219 ], [ -87.61024, 41.80218 ], [ -87.61539, 41.80211 ], [ -87.61635, 41.8021 ], [ -87.61985, 41.80205 ], [ -87.62191, 41.80201 ], [ -87.62289, 41.802 ], [ -87.62396, 41.80198 ], [ -87.62611, 41.80194 ], [ -87.62658, 41.80194 ], [ -87.62776, 41.80191 ], [ -87.62826, 41.80191 ], [ -87.6288, 41.80189 ], [ -87.62882, 41.80267 ], [ -87.62885, 41.80288 ], [ -87.62891, 41.80322 ], [ -87.62892, 41.80337 ], [ -87.62894, 41.80417 ], [ -87.62896, 41.80465 ], [ -87.62898, 41.80564 ], [ -87.62901, 41.8067 ], [ -87.62902, 41.80724 ], [ -87.62902, 41.8074 ], [ -87.62897, 41.80777 ], [ -87.62899, 41.80883 ], [ -87.62901, 41.80896 ], [ -87.62904, 41.81015 ], [ -87.62901, 41.81054 ], [ -87.629, 41.81084 ], [ -87.62898, 41.81109 ], [ -87.62897, 41.81126 ], [ -87.62902, 41.81292 ], [ -87.62909, 41.81565 ], [ -87.62912, 41.8166 ], [ -87.62916, 41.81802 ], [ -87.62919, 41.81916 ], [ -87.62919, 41.81946 ], [ -87.62926, 41.81979 ], [ -87.62928, 41.82076 ], [ -87.62929, 41.82116 ], [ -87.62934, 41.82302 ], [ -87.62936, 41.82327 ], [ -87.62935, 41.82336 ], [ -87.62936, 41.82368 ], [ -87.62897, 41.82368 ], [ -87.62807, 41.82369 ], [ -87.62699, 41.82371 ], [ -87.62661, 41.82371 ], [ -87.62497, 41.82373 ], [ -87.62427, 41.82374 ], [ -87.62095, 41.82378 ], [ -87.61771, 41.82382 ], [ -87.61611, 41.82385 ], [ -87.61262, 41.82389 ], [ -87.61214, 41.8239 ], [ -87.60959, 41.82392 ], [ -87.60733, 41.82395 ], [ -87.60687, 41.82396 ], [ -87.60644, 41.82331 ], [ -87.60686, 41.82317 ], [ -87.60684, 41.82201 ], [ -87.6068, 41.82007 ], [ -87.60676, 41.81934 ], [ -87.60674, 41.81815 ], [ -87.60672, 41.81751 ], [ -87.60671, 41.81681 ], [ -87.60669, 41.81581 ] ] ] ] } },
{ "type": "Feature", "properties": { "id": 39, "name": "Kenwood", "areaKm2": 2.699 }, "geometry": { "type": "MultiPolygon", "coordinates": [ [ [ [ -87.59216, 41.81658 ], [ -87.59199, 41.81629 ], [ -87.59178, 41.81612 ], [ -87.59171, 41.81603 ], [ -87.59161, 41.81598 ], [ -87.5915, 41.81598 ], [ -87.59142, 41.81592 ], [ -87.59137, 41.81579 ], [ -87.5913, 41.81569 ], [ -87.5912, 41.81545 ], [ -87.59111, 41.81536 ], [ -87.59089, 41.815 ], [ -87.59069, 41.81483 ], [ -87.59062, 41.81471 ], [ -87.59046, 41.81465 ], [ -87.59037, 41.8145 ], [ -87.59035, 41.81438 ], [ -87.59037, 41.81435 ], [ -87.5905, 41.81437 ], [ -87.5905, 41.8143 ], [ -87.59042, 41.81421 ], [ -87.59032, 41.81414 ], [ -87.59029, 41.81394 ], [ -87.59025, 41.81389 ], [ -87.59022, 41.81375 ], [ -87.59013, 41.81362 ], [ -87.59006, 41.81356 ], [ -87.58983, 41.8133 ], [ -87.58972, 41.81322 ], [ -87.58966, 41.81313 ], [ -87.58957, 41.81306 ], [ -87.58928, 41.81293 ], [ -87.58913, 41.81282 ], [ -87.58891, 41.81255 ], [ -87.58883, 41.81236 ], [ -87.58876, 41.81228 ], [ -87.58844, 41.81209 ], [ -87.5883, 41.81204 ], [ -87.588, 41.812 ], [ -87.58778, 41.81199 ], [ -87.58766, 41.81197 ], [ -87.58738, 41.81187 ], [ -87.58734, 41.81184 ], [ -87.58732, 41.81173 ], [ -87.58719, 41.81159 ], [ -87.58721, 41.81149 ], [ -87.58707, 41.81143 ], [ -87.58699, 41.81133 ], [ -87.58699, 41.81123 ], [ -87.58693, 41.81117 ], [ -87.58695, 41.81109 ], [ -87.587, 41.81108 ], [ -87.58699, 41.81091 ], [ -87.58704, 41.81064 ], [ -87.58702, 41.81044 ], [ -87.58692, 41.81011 ], [ -87.58675, 41.80979 ], [ -87.58664, 41.80971 ], [ -87.58655, 41.8096 ], [ -87.58645, 41.80944 ], [ -87.58644, 41.80937 ], [ -87.58648, 41.80931 ], [ -87.58634, 41.80925 ], [ -87.58627, 41.8092 ], [ -87.58629, 41.8091 ], [ -87.58622, 41.80908 ], [ -87.58611, 41.80884 ], [ -87.58615, 41.80872 ], [ -87.5859, 41.80834 ], [ -87.58571, 41.80807 ], [ -87.5857, 41.80798 ], [ -87.58563, 41.80785 ], [ -87.58559, 41.80785 ], [ -87.58546, 41.80762 ], [ -87.58522, 41.80731 ], [ -87.58516, 41.80722 ], [ -87.58489, 41.80694 ], [ -87.58472, 41.80681 ], [ -87.58452, 41.80662 ], [ -87.58426, 41.80644 ], [ -87.5839, 41.80624 ], [ -87.58365, 41.80603 ], [ -87.58331, 41.80582 ], [ -87.5832, 41.80576 ], [ -87.58298, 41.80559 ], [ -87.58287, 41.80554 ], [ -87.58225, 41.80512 ], [ -87.58174, 41.80474 ], [ -87.58151, 41.80455 ], [ -87.58137, 41.80438 ], [ -87.58117, 41.80425 ], [ -87.58103, 41.80421 ], [ -87.58089, 41.80419 ], [ -87.58067, 41.80421 ], [ -87.58055, 41.80416 ], [ -87.58018, 41.80397 ], [ -87.58005, 41.80384 ], [ -87.58002, 41.80377 ], [ -87.58002, 41.80359 ], [ -87.58019, 41.80336 ], [ -87.58045, 41.80293 ], [ -87.58029, 41.80287 ], [ -87.58034, 41.80274 ], [ -87.58038, 41.80253 ], [ -87.58061, 41.80258 ], [ -87.58105, 41.80263 ], [ -87.58165, 41.80243 ], [ -87.58265, 41.80253 ], [ -87.58382, 41.80253 ], [ -87.58405, 41.80253 ], [ -87.58558, 41.80251 ], [ -87.58681, 41.80249 ], [ -87.5882, 41.80247 ], [ -87.58934, 41.80245 ], [ -87.59154, 41.80243 ], [ -87.59217, 41.80242 ], [ -87.59475, 41.80239 ], [ -87.59532, 41.80238 ], [ -87.59717, 41.80236 ], [ -87.59793, 41.80235 ], [ -87.60042, 41.80232 ], [ -87.60348, 41.80229 ], [ -87.60396, 41.80228 ], [ -87.60492, 41.80228 ], [ -87.60586, 41.80226 ], [ -87.60641, 41.80225 ], [ -87.60642, 41.80251 ], [ -87.60648, 41.80551 ], [ -87.60652, 41.80752 ], [ -87.60653, 41.80796 ], [ -87.60661, 41.81158 ], [ -87.60664, 41.81295 ], [ -87.60665, 41.81342 ], [ -87.60668, 41.81472 ], [ -87.60668, 41.8153 ], [ -87.60669, 41.81581 ], [ -87.60671, 41.81681 ], [ -87.60612, 41.81682 ], [ -87.60513, 41.81683 ], [ -87.60332, 41.81685 ], [ -87.60219, 41.81686 ], [ -87.60158, 41.81688 ], [ -87.6003, 41.81689 ], [ -87.59959, 41.81689 ], [ -87.59911, 41.8169 ], [ -87.59688, 41.81693 ], [ -87.59646, 41.81691 ], [ -87.5964, 41.81682 ], [ -87.59625, 41.81683 ], [ -87.59596, 41.81683 ], [ -87.59526, 41.81694 ], [ -87.59231, 41.81693 ], [ -87.59215, 41.81693 ], [ -87.59216, 41.81658 ] ] ] ] } },
{ "type": "Feature", "properties": { "id": 40, "name": "Washington Park", "areaKm2": 3.934 }, "geometry": { "type": "MultiPolygon", "coordinates": [ [ [ [ -87.6068, 41.78586 ], [ -87.60885, 41.78582 ], [ -87.61115, 41.78578 ], [ -87.61527, 41.78571 ], [ -87.61576, 41.7857 ], [ -87.61574, 41.78477 ], [ -87.61571, 41.78358 ], [ -87.61567, 41.7819 ], [ -87.61562, 41.78024 ], [ -87.61843, 41.78019 ], [ -87.6197, 41.78017 ], [ -87.6201, 41.78015 ], [ -87.62055, 41.78009 ], [ -87.62083, 41.78006 ], [ -87.62106, 41.78005 ], [ -87.62176, 41.78004 ], [ -87.62248, 41.78003 ], [ -87.62354, 41.78001 ], [ -87.62397, 41.78001 ], [ -87.62473, 41.78005 ], [ -87.6251, 41.78006 ], [ -87.62537, 41.78006 ], [ -87.62536, 41.7808 ], [ -87.62536, 41.78158 ], [ -87.62538, 41.78224 ], [ -87.6254, 41.78321 ], [ -87.62678, 41.78318 ], [ -87.62826, 41.78316 ], [ -87.62825, 41.78326 ], [ -87.62843, 41.78985 ], [ -87.6284, 41.78995 ], [ -87.62843, 41.79004 ], [ -87.62846, 41.79116 ], [ -87.62847, 41.79169 ], [ -87.6285, 41.79258 ], [ -87.62856, 41.7946 ], [ -87.62858, 41.79562 ], [ -87.62861, 41.79652 ], [ -87.62869, 41.79937 ], [ -87.62881, 41.79937 ], [ -87.62885, 41.8009 ], [ -87.62882, 41.80127 ], [ -87.62879, 41.80149 ], [ -87.6288, 41.80189 ], [ -87.62826, 41.80191 ], [ -87.62776, 41.80191 ], [ -87.62658, 41.80194 ], [ -87.62611, 41.80194 ], [ -87.62396, 41.80198 ], [ -87.62289, 41.802 ], [ -87.62191, 41.80201 ], [ -87.61985, 41.80205 ], [ -87.61635, 41.8021 ], [ -87.61539, 41.80211 ], [ -87.61024, 41.80218 ], [ -87.60977, 41.80219 ], [ -87.60677, 41.80224 ], [ -87.60641, 41.80225 ], [ -87.60637, 41.80113 ], [ -87.60634, 41.7998 ], [ -87.60634, 41.79937 ], [ -87.60624, 41.79529 ], [ -87.60621, 41.79506 ], [ -87.60622, 41.7948 ], [ -87.6061, 41.78868 ], [ -87.60609, 41.78817 ], [ -87.60608, 41.78749 ], [ -87.60606, 41.78733 ], [ -87.60604, 41.78604 ], [ -87.60604, 41.78587 ], [ -87.6068, 41.78586 ] ] ] ] } },
{ "type": "Feature", "properties": { "id": 41, "name": "Hyde Park", "areaKm2": 4.187 }, "geometry": { "type": "MultiPolygon", "coordinates": [ [ [ [ -87.58045, 41.80213 ], [ -87.5805, 41.80158 ], [ -87.5805, 41.8011 ], [ -87.58047, 41.80078 ], [ -87.58042, 41.80038 ], [ -87.58034, 41.7999 ], [ -87.58028, 41.79963 ], [ -87.58011, 41.79912 ], [ -87.57979, 41.79844 ], [ -87.57994, 41.79837 ], [ -87.57961, 41.79803 ], [ -87.57933, 41.79778 ], [ -87.57914, 41.79763 ], [ -87.57867, 41.7973 ], [ -87.57847, 41.79718 ], [ -87.57836, 41.7971 ], [ -87.57821, 41.79701 ], [ -87.57799, 41.79694 ], [ -87.57755, 41.79686 ], [ -87.57732, 41.79686 ], [ -87.57707, 41.79691 ], [ -87.57684, 41.79697 ], [ -87.57659, 41.79702 ], [ -87.57651, 41.79705 ], [ -87.57632, 41.79705 ], [ -87.57614, 41.79703 ], [ -87.57588, 41.79698 ], [ -87.57562, 41.79687 ], [ -87.57548, 41.79674 ], [ -87.57531, 41.79665 ], [ -87.57523, 41.79651 ], [ -87.57521, 41.79638 ], [ -87.57516, 41.79624 ], [ -87.5752, 41.79605 ], [ -87.57533, 41.79581 ], [ -87.5754, 41.79554 ], [ -87.57544, 41.79544 ], [ -87.57573, 41.79536 ], [ -87.57582, 41.79531 ], [ -87.5761, 41.79511 ], [ -87.57622, 41.79507 ], [ -87.57646, 41.7951 ], [ -87.57662, 41.79505 ], [ -87.57691, 41.79511 ], [ -87.57739, 41.79504 ], [ -87.5776, 41.79499 ], [ -87.57783, 41.79492 ], [ -87.5783, 41.79473 ], [ -87.57857, 41.79456 ], [ -87.57894, 41.79427 ], [ -87.57901, 41.7942 ], [ -87.57908, 41.79395 ], [ -87.57913, 41.79389 ], [ -87.57927, 41.79364 ], [ -87.5793, 41.79355 ], [ -87.5793, 41.79329 ], [ -87.57928, 41.7931 ], [ -87.57928, 41.79285 ], [ -87.57932, 41.79257 ], [ -87.57941, 41.79243 ], [ -87.57952, 41.79231 ], [ -87.57959, 41.79216 ], [ -87.57963, 41.79204 ], [ -87.57945, 41.79171 ], [ -87.57927, 41.79143 ], [ -87.57896, 41.79102 ], [ -87.57868, 41.79067 ], [ -87.57858, 41.7905 ], [ -87.57842, 41.7901 ], [ -87.57827, 41.78994 ], [ -87.57795, 41.78968 ], [ -87.57782, 41.78955 ], [ -87.57746, 41.78929 ], [ -87.57725, 41.78914 ], [ -87.57665, 41.78875 ], [ -87.57639, 41.78859 ], [ -87.57632, 41.78857 ], [ -87.57632, 41.78851 ], [ -87.57668, 41.78847 ], [ -87.57668, 41.78842 ], [ -87.57715, 41.7884 ], [ -87.57719, 41.78836 ], [ -87.57733, 41.78838 ], [ -87.57767, 41.78836 ], [ -87.57767, 41.78831 ], [ -87.57776, 41.7883 ], [ -87.57775, 41.7882 ], [ -87.57766, 41.7882 ], [ -87.57764, 41.78815 ], [ -87.57732, 41.78817 ], [ -87.5773, 41.7882 ], [ -87.5772, 41.78821 ], [ -87.57715, 41.78818 ], [ -87.57715, 41.7881 ], [ -87.57727, 41.78808 ], [ -87.57733, 41.78757 ], [ -87.57734, 41.78719 ], [ -87.57731, 41.78681 ], [ -87.57724, 41.78648 ], [ -87.57714, 41.78615 ], [ -87.57751, 41.78609 ], [ -87.57905, 41.78603 ], [ -87.58035, 41.78603 ], [ -87.5808, 41.78598 ], [ -87.58175, 41.78603 ], [ -87.58305, 41.78593 ], [ -87.58405, 41.78593 ], [ -87.58445, 41.78583 ], [ -87.58516, 41.78585 ], [ -87.58519, 41.78592 ], [ -87.58536, 41.78613 ], [ -87.58555, 41.78626 ], [ -87.58582, 41.78634 ], [ -87.58606, 41.78639 ], [ -87.58636, 41.7864 ], [ -87.5866, 41.78639 ], [ -87.5866, 41.78614 ], [ -87.58732, 41.78613 ], [ -87.58763, 41.78613 ], [ -87.58844, 41.78612 ], [ -87.58923, 41.78612 ], [ -87.58968, 41.78611 ], [ -87.5912, 41.7861 ], [ -87.59438, 41.78607 ], [ -87.59564, 41.78606 ], [ -87.596, 41.78604 ], [ -87.59658, 41.78599 ], [ -87.59693, 41.78597 ], [ -87.59825, 41.78596 ], [ -87.60081, 41.78593 ], [ -87.6015, 41.78593 ], [ -87.60308, 41.78591 ], [ -87.60561, 41.78588 ], [ -87.60604, 41.78587 ], [ -87.60604, 41.78604 ], [ -87.60606, 41.78733 ], [ -87.60608, 41.78749 ], [ -87.60609, 41.78817 ], [ -87.6061, 41.78868 ], [ -87.60622, 41.7948 ], [ -87.60621, 41.79506 ], [ -87.60624, 41.79529 ], [ -87.60634, 41.79937 ], [ -87.60634, 41.7998 ], [ -87.60637, 41.80113 ], [ -87.60641, 41.80225 ], [ -87.60586, 41.80226 ], [ -87.60492, 41.80228 ], [ -87.60396, 41.80228 ], [ -87.60348, 41.80229 ], [ -87.60042, 41.80232 ], [ -87.59793, 41.80235 ], [ -87.59717, 41.80236 ], [ -87.59532, 41.80238 ], [ -87.59475, 41.80239 ], [ -87.59217, 41.80242 ], [ -87.59154, 41.80243 ], [ -87.58934, 41.80245 ], [ -87.5882, 41.80247 ], [ -87.58681, 41.80249 ], [ -87.58558, 41.80251 ], [ -87.58405, 41.80253 ], [ -87.58382, 41.80253 ], [ -87.58265, 41.80253 ], [ -87.58165, 41.80243 ], [ -87.58105, 41.80263 ], [ -87.58061, 41.80258 ], [ -87.58038, 41.80253 ], [ -87.58045, 41.80213 ] ] ] ] } },
{ "type": "Feature", "properties": { "id": 42, "name": "Woodlawn", "areaKm2": 5.366 }, "geometry": { "type": "MultiPolygon", "coordinates": [ [ [ [ -87.577, 41.78569 ], [ -87.57682, 41.78521 ], [ -87.57656, 41.78462 ], [ -87.57638, 41.78422 ], [ -87.57619, 41.78384 ], [ -87.5761, 41.78365 ], [ -87.57605, 41.7836 ], [ -87.57582, 41.78348 ], [ -87.57556, 41.78337 ], [ -87.57519, 41.78317 ], [ -87.57497, 41.78303 ], [ -87.57421, 41.78263 ], [ -87.57357, 41.78233 ], [ -87.5731, 41.78213 ], [ -87.57261, 41.78195 ], [ -87.57248, 41.7819 ], [ -87.57213, 41.78178 ], [ -87.57165, 41.78165 ], [ -87.57135, 41.78156 ], [ -87.5705, 41.78137 ], [ -87.56986, 41.78128 ], [ -87.56968, 41.7813 ], [ -87.56901, 41.78145 ], [ -87.5684, 41.78161 ], [ -87.56764, 41.78462 ], [ -87.56753, 41.7846 ], [ -87.56831, 41.78154 ], [ -87.56912, 41.78136 ], [ -87.57038, 41.78105 ], [ -87.57105, 41.7809 ], [ -87.57128, 41.78084 ], [ -87.57267, 41.78038 ], [ -87.57308, 41.78025 ], [ -87.57293, 41.77989 ], [ -87.57295, 41.77982 ], [ -87.57302, 41.77979 ], [ -87.5737, 41.77964 ], [ -87.57411, 41.77953 ], [ -87.57444, 41.77937 ], [ -87.57456, 41.77928 ], [ -87.57473, 41.77911 ], [ -87.57494, 41.77881 ], [ -87.57493, 41.77872 ], [ -87.575, 41.77868 ], [ -87.5751, 41.77845 ], [ -87.5752, 41.77815 ], [ -87.57528, 41.77787 ], [ -87.5753, 41.77766 ], [ -87.5753, 41.77741 ], [ -87.57524, 41.77714 ], [ -87.57519, 41.77701 ], [ -87.57507, 41.77678 ], [ -87.57492, 41.77655 ], [ -87.57469, 41.77628 ], [ -87.57461, 41.77615 ], [ -87.57461, 41.77608 ], [ -87.5747, 41.77599 ], [ -87.57508, 41.77593 ], [ -87.57504, 41.77579 ], [ -87.57481, 41.77577 ], [ -87.57447, 41.77564 ], [ -87.57412, 41.77553 ], [ -87.57386, 41.77551 ], [ -87.57348, 41.77551 ], [ -87.5734, 41.77548 ], [ -87.57337, 41.77538 ], [ -87.57331, 41.77538 ], [ -87.5733, 41.77555 ], [ -87.57322, 41.77559 ], [ -87.57284, 41.77561 ], [ -87.57255, 41.77568 ], [ -87.57217, 41.77578 ], [ -87.572, 41.77582 ], [ -87.57194, 41.77588 ], [ -87.57184, 41.77607 ], [ -87.57176, 41.77641 ], [ -87.57175, 41.7766 ], [ -87.57182, 41.77669 ], [ -87.57193, 41.77688 ], [ -87.57216, 41.77718 ], [ -87.57231, 41.77734 ], [ -87.57237, 41.77733 ], [ -87.57245, 41.77741 ], [ -87.57265, 41.77733 ], [ -87.57287, 41.77762 ], [ -87.57279, 41.77767 ], [ -87.57316, 41.778 ], [ -87.57327, 41.77814 ], [ -87.57336, 41.77831 ], [ -87.57332, 41.77842 ], [ -87.57338, 41.77862 ], [ -87.57336, 41.7789 ], [ -87.5733, 41.77908 ], [ -87.57321, 41.77919 ], [ -87.57313, 41.77922 ], [ -87.57292, 41.77925 ], [ -87.57275, 41.77932 ], [ -87.57259, 41.77932 ], [ -87.57248, 41.77931 ], [ -87.57224, 41.77923 ], [ -87.57217, 41.77918 ], [ -87.57209, 41.77901 ], [ -87.57208, 41.7789 ], [ -87.57194, 41.77875 ], [ -87.57182, 41.77858 ], [ -87.57167, 41.77854 ], [ -87.57157, 41.77846 ], [ -87.57138, 41.77827 ], [ -87.57114, 41.77805 ], [ -87.57033, 41.77742 ], [ -87.57015, 41.77723 ], [ -87.5699, 41.777 ], [ -87.56981, 41.77697 ], [ -87.56969, 41.77697 ], [ -87.5695, 41.77685 ], [ -87.56942, 41.77682 ], [ -87.56919, 41.77669 ], [ -87.56881, 41.7764 ], [ -87.56856, 41.77615 ], [ -87.56813, 41.7757 ], [ -87.56782, 41.77531 ], [ -87.56762, 41.77504 ], [ -87.56731, 41.77464 ], [ -87.5672, 41.77448 ], [ -87.56686, 41.77407 ], [ -87.56681, 41.77396 ], [ -87.56645, 41.77379 ], [ -87.56681, 41.77356 ], [ -87.56728, 41.77355 ], [ -87.57022, 41.77352 ], [ -87.57258, 41.77349 ], [ -87.57317, 41.77349 ], [ -87.57448, 41.77347 ], [ -87.57502, 41.77346 ], [ -87.57593, 41.77346 ], [ -87.57687, 41.77345 ], [ -87.57745, 41.77344 ], [ -87.57874, 41.77342 ], [ -87.58037, 41.7734 ], [ -87.58436, 41.77336 ], [ -87.58546, 41.77334 ], [ -87.58595, 41.77335 ], [ -87.58664, 41.77333 ], [ -87.58909, 41.77331 ], [ -87.5921, 41.77328 ], [ -87.59577, 41.77324 ], [ -87.59622, 41.77324 ], [ -87.59863, 41.77321 ], [ -87.60114, 41.77318 ], [ -87.60223, 41.77318 ], [ -87.60424, 41.77315 ], [ -87.60539, 41.77315 ], [ -87.60577, 41.77314 ], [ -87.60575, 41.77228 ], [ -87.60572, 41.77105 ], [ -87.60569, 41.76983 ], [ -87.60562, 41.76685 ], [ -87.6056, 41.76653 ], [ -87.60561, 41.76617 ], [ -87.60559, 41.76587 ], [ -87.60609, 41.76624 ], [ -87.60836, 41.76785 ], [ -87.60874, 41.76813 ], [ -87.61006, 41.76908 ], [ -87.6109, 41.76968 ], [ -87.61183, 41.77035 ], [ -87.61282, 41.77106 ], [ -87.61456, 41.77232 ], [ -87.61545, 41.77297 ], [ -87.61546, 41.77323 ], [ -87.61552, 41.77612 ], [ -87.61557, 41.77814 ], [ -87.61559, 41.77863 ], [ -87.61562, 41.78024 ], [ -87.61567, 41.7819 ], [ -87.61571, 41.78358 ], [ -87.61574, 41.78477 ], [ -87.61576, 41.7857 ], [ -87.61527, 41.78571 ], [ -87.61115, 41.78578 ], [ -87.60885, 41.78582 ], [ -87.6068, 41.78586 ], [ -87.60604, 41.78587 ], [ -87.60561, 41.78588 ], [ -87.60308, 41.78591 ], [ -87.6015, 41.78593 ], [ -87.60081, 41.78593 ], [ -87.59825, 41.78596 ], [ -87.59693, 41.78597 ], [ -87.59658, 41.78599 ], [ -87.596, 41.78604 ], [ -87.59564, 41.78606 ], [ -87.59438, 41.78607 ], [ -87.5912, 41.7861 ], [ -87.58968, 41.78611 ], [ -87.58923, 41.78612 ], [ -87.58844, 41.78612 ], [ -87.58763, 41.78613 ], [ -87.58732, 41.78613 ], [ -87.5866, 41.78614 ], [ -87.5866, 41.78639 ], [ -87.58636, 41.7864 ], [ -87.58606, 41.78639 ], [ -87.58582, 41.78634 ], [ -87.58555, 41.78626 ], [ -87.58536, 41.78613 ], [ -87.58519, 41.78592 ], [ -87.58516, 41.78585 ], [ -87.58445, 41.78583 ], [ -87.58405, 41.78593 ], [ -87.58305, 41.78593 ], [ -87.58175, 41.78603 ], [ -87.5808, 41.78598 ], [ -87.58035, 41.78603 ], [ -87.57905, 41.78603 ], [ -87.57751, 41.78609 ], [ -87.57714, 41.78615 ], [ -87.577, 41.78569 ] ] ] ] } },
{ "type": "Feature", "properties": { "id": 43, "name": "South Shore", "areaKm2": 7.594 }, "geometry": { "type": "MultiPolygon", "coordinates": [ [ [ [ -87.544, 41.75516 ], [ -87.54495, 41.75444 ], [ -87.54526, 41.75436 ], [ -87.54656, 41.75387 ], [ -87.54774, 41.75453 ], [ -87.54871, 41.75409 ], [ -87.54875, 41.75402 ], [ -87.55016, 41.75317 ], [ -87.55181, 41.75218 ], [ -87.55229, 41.75192 ], [ -87.55479, 41.75189 ], [ -87.55733, 41.75185 ], [ -87.55944, 41.75182 ], [ -87.56078, 41.7518 ], [ -87.56308, 41.75177 ], [ -87.56428, 41.75176 ], [ -87.56548, 41.75174 ], [ -87.56691, 41.75172 ], [ -87.56811, 41.75171 ], [ -87.56931, 41.75169 ], [ -87.57405, 41.75163 ], [ -87.57544, 41.75161 ], [ -87.57664, 41.7516 ], [ -87.58454, 41.7515 ], [ -87.58566, 41.7515 ], [ -87.58582, 41.75151 ], [ -87.58582, 41.75167 ], [ -87.58707, 41.75258 ], [ -87.5889, 41.75389 ], [ -87.58916, 41.75408 ], [ -87.59109, 41.75547 ], [ -87.59139, 41.75568 ], [ -87.59306, 41.75688 ], [ -87.59455, 41.75795 ], [ -87.59487, 41.75817 ], [ -87.59493, 41.75819 ], [ -87.59563, 41.7587 ], [ -87.59538, 41.7587 ], [ -87.59536, 41.7588 ], [ -87.59507, 41.7602 ], [ -87.59486, 41.76111 ], [ -87.59458, 41.76235 ], [ -87.59332, 41.76235 ], [ -87.59335, 41.76348 ], [ -87.59338, 41.76435 ], [ -87.59339, 41.76502 ], [ -87.59338, 41.76507 ], [ -87.5933, 41.76601 ], [ -87.59228, 41.76601 ], [ -87.59235, 41.76782 ], [ -87.59239, 41.7699 ], [ -87.59274, 41.7699 ], [ -87.59275, 41.77028 ], [ -87.59249, 41.77132 ], [ -87.59224, 41.77248 ], [ -87.59222, 41.77272 ], [ -87.59219, 41.77288 ], [ -87.5921, 41.77328 ], [ -87.58909, 41.77331 ], [ -87.58664, 41.77333 ], [ -87.58595, 41.77335 ], [ -87.58546, 41.77334 ], [ -87.58436, 41.77336 ], [ -87.58037, 41.7734 ], [ -87.57874, 41.77342 ], [ -87.57745, 41.77344 ], [ -87.57687, 41.77345 ], [ -87.57593, 41.77346 ], [ -87.57502, 41.77346 ], [ -87.57448, 41.77347 ], [ -87.57317, 41.77349 ], [ -87.57258, 41.77349 ], [ -87.57022, 41.77352 ], [ -87.56728, 41.77355 ], [ -87.56681, 41.77356 ], [ -87.56645, 41.77379 ], [ -87.56631, 41.77367 ], [ -87.56628, 41.77354 ], [ -87.56629, 41.77347 ], [ -87.56619, 41.77335 ], [ -87.56594, 41.77313 ], [ -87.56565, 41.77292 ], [ -87.56536, 41.77276 ], [ -87.565, 41.77253 ], [ -87.5649, 41.77252 ], [ -87.56472, 41.77241 ], [ -87.56437, 41.77227 ], [ -87.56407, 41.77211 ], [ -87.56398, 41.77209 ], [ -87.56364, 41.77208 ], [ -87.56358, 41.77203 ], [ -87.56359, 41.77184 ], [ -87.56352, 41.77171 ], [ -87.56348, 41.77135 ], [ -87.56342, 41.77118 ], [ -87.56342, 41.77111 ], [ -87.56347, 41.77106 ], [ -87.56335, 41.77071 ], [ -87.56331, 41.77053 ], [ -87.56324, 41.77036 ], [ -87.56313, 41.7702 ], [ -87.56293, 41.76997 ], [ -87.56274, 41.76972 ], [ -87.56264, 41.76957 ], [ -87.56252, 41.76943 ], [ -87.56243, 41.76926 ], [ -87.5624, 41.76912 ], [ -87.56234, 41.769 ], [ -87.56212, 41.76888 ], [ -87.56179, 41.76873 ], [ -87.56154, 41.76863 ], [ -87.56092, 41.76844 ], [ -87.5608, 41.76842 ], [ -87.56053, 41.7684 ], [ -87.56032, 41.76844 ], [ -87.56017, 41.76855 ], [ -87.56011, 41.76863 ], [ -87.55981, 41.76897 ], [ -87.55966, 41.76911 ], [ -87.55954, 41.76918 ], [ -87.55952, 41.76911 ], [ -87.55952, 41.76894 ], [ -87.55943, 41.76872 ], [ -87.55941, 41.76852 ], [ -87.55945, 41.76806 ], [ -87.55952, 41.76798 ], [ -87.55952, 41.76785 ], [ -87.55944, 41.76775 ], [ -87.55943, 41.76765 ], [ -87.55943, 41.76719 ], [ -87.55939, 41.76678 ], [ -87.55954, 41.76671 ], [ -87.55953, 41.7666 ], [ -87.55964, 41.76655 ], [ -87.55997, 41.7665 ], [ -87.56018, 41.76644 ], [ -87.56044, 41.76625 ], [ -87.56055, 41.76609 ], [ -87.56062, 41.76581 ], [ -87.56061, 41.76564 ], [ -87.56051, 41.76539 ], [ -87.56043, 41.76529 ], [ -87.56036, 41.76532 ], [ -87.56014, 41.76509 ], [ -87.56022, 41.76504 ], [ -87.56012, 41.76494 ], [ -87.56002, 41.7649 ], [ -87.55994, 41.76495 ], [ -87.55984, 41.76496 ], [ -87.55959, 41.76471 ], [ -87.5596, 41.76463 ], [ -87.55952, 41.76453 ], [ -87.55954, 41.7645 ], [ -87.55974, 41.76439 ], [ -87.55961, 41.76422 ], [ -87.55944, 41.76408 ], [ -87.55928, 41.76404 ], [ -87.55898, 41.76375 ], [ -87.55846, 41.76402 ], [ -87.55757, 41.76312 ], [ -87.5577, 41.76305 ], [ -87.55765, 41.763 ], [ -87.55764, 41.76285 ], [ -87.55751, 41.76277 ], [ -87.55717, 41.76261 ], [ -87.55687, 41.76243 ], [ -87.55672, 41.76227 ], [ -87.55654, 41.76214 ], [ -87.55626, 41.76199 ], [ -87.55608, 41.76182 ], [ -87.55573, 41.76163 ], [ -87.55559, 41.76158 ], [ -87.55527, 41.76162 ], [ -87.55498, 41.76175 ], [ -87.55488, 41.76179 ], [ -87.55477, 41.76173 ], [ -87.55467, 41.76149 ], [ -87.55435, 41.76105 ], [ -87.55425, 41.76103 ], [ -87.55411, 41.76081 ], [ -87.55403, 41.76076 ], [ -87.55391, 41.76071 ], [ -87.55339, 41.76049 ], [ -87.55316, 41.76039 ], [ -87.55269, 41.76019 ], [ -87.55256, 41.76012 ], [ -87.55225, 41.75998 ], [ -87.5518, 41.75981 ], [ -87.55107, 41.75952 ], [ -87.5505, 41.75931 ], [ -87.55034, 41.75926 ], [ -87.54955, 41.75896 ], [ -87.549, 41.7588 ], [ -87.54871, 41.75873 ], [ -87.5484, 41.75869 ], [ -87.54797, 41.75867 ], [ -87.54781, 41.7587 ], [ -87.54754, 41.75872 ], [ -87.54725, 41.75872 ], [ -87.54694, 41.75877 ], [ -87.54685, 41.75882 ], [ -87.54659, 41.75888 ], [ -87.54606, 41.7591 ], [ -87.54551, 41.75936 ], [ -87.54528, 41.75954 ], [ -87.54494, 41.75975 ], [ -87.5445, 41.76007 ], [ -87.54425, 41.76019 ], [ -87.54416, 41.7602 ], [ -87.54403, 41.76011 ], [ -87.54385, 41.76011 ], [ -87.54434, 41.76058 ], [ -87.54446, 41.76062 ], [ -87.54524, 41.76062 ], [ -87.54644, 41.76062 ], [ -87.54641, 41.76066 ], [ -87.54608, 41.76066 ], [ -87.546, 41.76065 ], [ -87.54564, 41.76066 ], [ -87.54443, 41.76068 ], [ -87.54429, 41.76062 ], [ -87.54328, 41.7597 ], [ -87.54318, 41.7597 ], [ -87.54304, 41.7596 ], [ -87.54256, 41.75913 ], [ -87.54252, 41.75903 ], [ -87.54253, 41.75893 ], [ -87.54263, 41.75874 ], [ -87.54165, 41.75782 ], [ -87.54138, 41.75784 ], [ -87.54115, 41.75779 ], [ -87.54097, 41.75764 ], [ -87.54061, 41.75731 ], [ -87.54062, 41.75723 ], [ -87.54093, 41.75703 ], [ -87.541, 41.75704 ], [ -87.5418, 41.75654 ], [ -87.54194, 41.75646 ], [ -87.5425, 41.75615 ], [ -87.54281, 41.75595 ], [ -87.54376, 41.75538 ], [ -87.54395, 41.75526 ], [ -87.54398, 41.75515 ], [ -87.544, 41.75516 ] ] ] ] } },
{ "type": "Feature", "properties": { "id": 44, "name": "Chatham", "areaKm2": 7.642 }, "geometry": { "type": "MultiPolygon", "coordinates": [ [ [ [ -87.59915, 41.73673 ], [ -87.60039, 41.73671 ], [ -87.60049, 41.73608 ], [ -87.60075, 41.73494 ], [ -87.60116, 41.73313 ], [ -87.60185, 41.73303 ], [ -87.60202, 41.73303 ], [ -87.60234, 41.73163 ], [ -87.60294, 41.72898 ], [ -87.60313, 41.72817 ], [ -87.60327, 41.72755 ], [ -87.60293, 41.72756 ], [ -87.60296, 41.72743 ], [ -87.60323, 41.72628 ], [ -87.60335, 41.72572 ], [ -87.60306, 41.72573 ], [ -87.60359, 41.72343 ], [ -87.60407, 41.72352 ], [ -87.60451, 41.72361 ], [ -87.60452, 41.72313 ], [ -87.60449, 41.72255 ], [ -87.60523, 41.72273 ], [ -87.60589, 41.72292 ], [ -87.60642, 41.7231 ], [ -87.60674, 41.72322 ], [ -87.60723, 41.72343 ], [ -87.60757, 41.72359 ], [ -87.60937, 41.72448 ], [ -87.60939, 41.72494 ], [ -87.60943, 41.72499 ], [ -87.60961, 41.7251 ], [ -87.61011, 41.72534 ], [ -87.61035, 41.72546 ], [ -87.61066, 41.72558 ], [ -87.61083, 41.7256 ], [ -87.61158, 41.72559 ], [ -87.61222, 41.72592 ], [ -87.61304, 41.72632 ], [ -87.61427, 41.72693 ], [ -87.61429, 41.7275 ], [ -87.6143, 41.72789 ], [ -87.61462, 41.72804 ], [ -87.61497, 41.72819 ], [ -87.6157, 41.72849 ], [ -87.61637, 41.72871 ], [ -87.61696, 41.72893 ], [ -87.61735, 41.72905 ], [ -87.61791, 41.7292 ], [ -87.61852, 41.7294 ], [ -87.61919, 41.72954 ], [ -87.61918, 41.72912 ], [ -87.62286, 41.72906 ], [ -87.62362, 41.72905 ], [ -87.62567, 41.72902 ], [ -87.62578, 41.72918 ], [ -87.62645, 41.7299 ], [ -87.62904, 41.73262 ], [ -87.62905, 41.73268 ], [ -87.62915, 41.73278 ], [ -87.62954, 41.73314 ], [ -87.63068, 41.73423 ], [ -87.63093, 41.73441 ], [ -87.63088, 41.73442 ], [ -87.63116, 41.73471 ], [ -87.63125, 41.73476 ], [ -87.63152, 41.735 ], [ -87.63173, 41.73518 ], [ -87.63198, 41.73531 ], [ -87.6321, 41.73541 ], [ -87.63272, 41.73597 ], [ -87.63266, 41.73638 ], [ -87.63258, 41.73631 ], [ -87.63251, 41.73644 ], [ -87.63271, 41.73666 ], [ -87.63286, 41.73689 ], [ -87.63306, 41.73724 ], [ -87.63357, 41.73826 ], [ -87.63361, 41.73838 ], [ -87.63365, 41.73869 ], [ -87.63369, 41.73885 ], [ -87.63375, 41.73903 ], [ -87.63389, 41.73935 ], [ -87.63396, 41.73947 ], [ -87.63401, 41.73956 ], [ -87.63403, 41.7408 ], [ -87.63404, 41.74087 ], [ -87.63411, 41.7435 ], [ -87.63423, 41.74351 ], [ -87.63464, 41.74365 ], [ -87.63595, 41.74416 ], [ -87.63608, 41.74398 ], [ -87.63648, 41.74352 ], [ -87.63729, 41.74348 ], [ -87.63919, 41.74343 ], [ -87.63909, 41.74517 ], [ -87.63906, 41.74705 ], [ -87.63907, 41.74794 ], [ -87.6391, 41.74887 ], [ -87.63949, 41.74886 ], [ -87.63945, 41.75049 ], [ -87.63937, 41.75071 ], [ -87.63685, 41.75074 ], [ -87.63517, 41.75077 ], [ -87.6344, 41.75078 ], [ -87.63391, 41.75079 ], [ -87.63327, 41.7508 ], [ -87.62726, 41.7509 ], [ -87.62681, 41.75092 ], [ -87.62652, 41.75094 ], [ -87.62582, 41.75093 ], [ -87.62473, 41.75095 ], [ -87.62455, 41.75096 ], [ -87.62385, 41.75098 ], [ -87.6232, 41.75098 ], [ -87.62163, 41.751 ], [ -87.6201, 41.75103 ], [ -87.61797, 41.75107 ], [ -87.61573, 41.7511 ], [ -87.61534, 41.75111 ], [ -87.6148, 41.75111 ], [ -87.6144, 41.75113 ], [ -87.61341, 41.75115 ], [ -87.61218, 41.75116 ], [ -87.61031, 41.7512 ], [ -87.60798, 41.75124 ], [ -87.60583, 41.75127 ], [ -87.60552, 41.75128 ], [ -87.60363, 41.75131 ], [ -87.60184, 41.75132 ], [ -87.59998, 41.75134 ], [ -87.59881, 41.75135 ], [ -87.59721, 41.75137 ], [ -87.59738, 41.7506 ], [ -87.59708, 41.75053 ], [ -87.59718, 41.75008 ], [ -87.59722, 41.74969 ], [ -87.59736, 41.74908 ], [ -87.59762, 41.74796 ], [ -87.59768, 41.74747 ], [ -87.59783, 41.74679 ], [ -87.59728, 41.7468 ], [ -87.59732, 41.74655 ], [ -87.59734, 41.74634 ], [ -87.59745, 41.74534 ], [ -87.59751, 41.74503 ], [ -87.59751, 41.74487 ], [ -87.59761, 41.74406 ], [ -87.59787, 41.74405 ], [ -87.59783, 41.74333 ], [ -87.59788, 41.74244 ], [ -87.59788, 41.74226 ], [ -87.59787, 41.74184 ], [ -87.59784, 41.74159 ], [ -87.59778, 41.74128 ], [ -87.5977, 41.74098 ], [ -87.59757, 41.74061 ], [ -87.59749, 41.74043 ], [ -87.59722, 41.73993 ], [ -87.597, 41.73957 ], [ -87.59591, 41.73773 ], [ -87.59535, 41.73678 ], [ -87.59915, 41.73673 ] ] ] ] } },
{ "type": "Feature", "properties": { "id": 45, "name": "Avalon Park", "areaKm2": 3.235 }, "geometry": { "type": "MultiPolygon", "coordinates": [ [ [ [ -87.58475, 41.7509 ], [ -87.58446, 41.75069 ], [ -87.58263, 41.74938 ], [ -87.58103, 41.74823 ], [ -87.57892, 41.74671 ], [ -87.57675, 41.74515 ], [ -87.57228, 41.74193 ], [ -87.56998, 41.74027 ], [ -87.56694, 41.73809 ], [ -87.5657, 41.7372 ], [ -87.56745, 41.73717 ], [ -87.56756, 41.73719 ], [ -87.56765, 41.73717 ], [ -87.57014, 41.73714 ], [ -87.57404, 41.73708 ], [ -87.58184, 41.73697 ], [ -87.58468, 41.73693 ], [ -87.58658, 41.7369 ], [ -87.58729, 41.73689 ], [ -87.5898, 41.73686 ], [ -87.59535, 41.73678 ], [ -87.59591, 41.73773 ], [ -87.597, 41.73957 ], [ -87.59722, 41.73993 ], [ -87.59749, 41.74043 ], [ -87.59757, 41.74061 ], [ -87.5977, 41.74098 ], [ -87.59778, 41.74128 ], [ -87.59784, 41.74159 ], [ -87.59787, 41.74184 ], [ -87.59788, 41.74226 ], [ -87.59788, 41.74244 ], [ -87.59783, 41.74333 ], [ -87.59787, 41.74405 ], [ -87.59761, 41.74406 ], [ -87.59751, 41.74487 ], [ -87.59751, 41.74503 ], [ -87.59745, 41.74534 ], [ -87.59734, 41.74634 ], [ -87.59732, 41.74655 ], [ -87.59728, 41.7468 ], [ -87.59783, 41.74679 ], [ -87.59768, 41.74747 ], [ -87.59762, 41.74796 ], [ -87.59736, 41.74908 ], [ -87.59722, 41.74969 ], [ -87.59718, 41.75008 ], [ -87.59708, 41.75053 ], [ -87.59738, 41.7506 ], [ -87.59721, 41.75137 ], [ -87.59648, 41.75137 ], [ -87.59549, 41.75139 ], [ -87.59553, 41.75309 ], [ -87.59553, 41.75315 ], [ -87.5956, 41.75503 ], [ -87.59622, 41.75503 ], [ -87.5958, 41.75686 ], [ -87.59416, 41.75687 ], [ -87.59306, 41.75688 ], [ -87.59139, 41.75568 ], [ -87.59109, 41.75547 ], [ -87.58916, 41.75408 ], [ -87.5889, 41.75389 ], [ -87.58707, 41.75258 ], [ -87.58582, 41.75167 ], [ -87.58582, 41.75151 ], [ -87.58566, 41.7515 ], [ -87.58475, 41.7509 ] ] ] ] } },
{ "type": "Feature", "properties": { "id": 46, "name": "South Chicago", "areaKm2": 8.659 }, "geometry": { "type": "MultiPolygon", "coordinates": [ [ [ [ -87.54393, 41.75505 ], [ -87.544, 41.75497 ], [ -87.54404, 41.75496 ], [ -87.54418, 41.7548 ], [ -87.54415, 41.75462 ], [ -87.54421, 41.75458 ], [ -87.54421, 41.75452 ], [ -87.54431, 41.75432 ], [ -87.54434, 41.75432 ], [ -87.54441, 41.75413 ], [ -87.54434, 41.75397 ], [ -87.54415, 41.75344 ], [ -87.544, 41.75314 ], [ -87.54372, 41.75253 ], [ -87.54351, 41.75225 ], [ -87.54328, 41.75205 ], [ -87.54319, 41.75199 ], [ -87.54303, 41.75192 ], [ -87.54294, 41.75193 ], [ -87.54233, 41.75192 ], [ -87.5421, 41.75192 ], [ -87.54114, 41.75193 ], [ -87.54094, 41.75192 ], [ -87.54065, 41.75186 ], [ -87.54049, 41.75186 ], [ -87.54022, 41.75177 ], [ -87.54015, 41.75172 ], [ -87.53992, 41.75163 ], [ -87.53958, 41.75153 ], [ -87.5393, 41.75143 ], [ -87.53924, 41.75142 ], [ -87.53891, 41.75131 ], [ -87.5385, 41.75112 ], [ -87.53772, 41.75084 ], [ -87.53759, 41.75077 ], [ -87.53735, 41.75071 ], [ -87.53732, 41.75067 ], [ -87.53715, 41.75062 ], [ -87.53689, 41.7505 ], [ -87.53684, 41.75045 ], [ -87.53675, 41.75045 ], [ -87.53657, 41.75037 ], [ -87.53624, 41.75024 ], [ -87.53621, 41.7502 ], [ -87.53601, 41.75016 ], [ -87.5359, 41.75009 ], [ -87.53572, 41.75002 ], [ -87.53568, 41.74997 ], [ -87.53549, 41.74988 ], [ -87.53526, 41.74979 ], [ -87.5352, 41.7498 ], [ -87.53513, 41.74975 ], [ -87.53505, 41.74972 ], [ -87.53456, 41.74952 ], [ -87.53444, 41.74949 ], [ -87.53438, 41.74945 ], [ -87.53421, 41.74941 ], [ -87.5339, 41.74931 ], [ -87.53339, 41.74909 ], [ -87.53319, 41.74902 ], [ -87.53274, 41.74882 ], [ -87.53208, 41.74859 ], [ -87.53184, 41.74847 ], [ -87.53138, 41.74828 ], [ -87.5311, 41.74813 ], [ -87.53095, 41.74803 ], [ -87.53091, 41.74796 ], [ -87.53076, 41.74729 ], [ -87.53076, 41.74711 ], [ -87.53071, 41.74691 ], [ -87.5307, 41.74672 ], [ -87.53067, 41.74661 ], [ -87.53062, 41.74628 ], [ -87.53057, 41.74604 ], [ -87.53057, 41.74591 ], [ -87.53008, 41.7424 ], [ -87.53004, 41.7422 ], [ -87.53008, 41.74211 ], [ -87.53006, 41.74203 ], [ -87.52999, 41.74197 ], [ -87.53004, 41.74192 ], [ -87.53004, 41.74179 ], [ -87.52998, 41.7416 ], [ -87.52985, 41.74146 ], [ -87.52973, 41.74141 ], [ -87.52958, 41.74142 ], [ -87.5295, 41.7414 ], [ -87.52448, 41.74145 ], [ -87.52446, 41.74139 ], [ -87.52989, 41.74133 ], [ -87.53011, 41.74124 ], [ -87.53019, 41.74126 ], [ -87.53069, 41.74112 ], [ -87.53133, 41.7411 ], [ -87.5338, 41.74108 ], [ -87.53986, 41.74101 ], [ -87.53985, 41.74074 ], [ -87.53983, 41.7405 ], [ -87.53887, 41.7405 ], [ -87.53418, 41.74056 ], [ -87.53141, 41.74059 ], [ -87.52986, 41.74061 ], [ -87.52982, 41.74035 ], [ -87.52983, 41.74035 ], [ -87.52978, 41.73991 ], [ -87.52978, 41.73983 ], [ -87.52973, 41.73959 ], [ -87.52971, 41.73936 ], [ -87.52964, 41.7388 ], [ -87.52959, 41.73841 ], [ -87.52956, 41.73832 ], [ -87.52957, 41.73826 ], [ -87.52955, 41.73809 ], [ -87.52949, 41.73783 ], [ -87.52949, 41.73771 ], [ -87.52943, 41.73755 ], [ -87.52945, 41.7375 ], [ -87.52943, 41.73716 ], [ -87.52938, 41.73682 ], [ -87.52933, 41.73655 ], [ -87.52929, 41.73609 ], [ -87.52924, 41.73601 ], [ -87.52928, 41.73594 ], [ -87.52925, 41.73583 ], [ -87.52923, 41.73561 ], [ -87.52917, 41.73533 ], [ -87.52912, 41.73497 ], [ -87.52915, 41.7349 ], [ -87.52906, 41.7343 ], [ -87.52906, 41.73415 ], [ -87.52901, 41.73379 ], [ -87.52896, 41.73379 ], [ -87.52925, 41.73301 ], [ -87.53286, 41.73152 ], [ -87.53673, 41.72986 ], [ -87.53726, 41.72962 ], [ -87.53941, 41.72879 ], [ -87.54042, 41.72828 ], [ -87.5414, 41.72759 ], [ -87.5419, 41.72714 ], [ -87.54225, 41.72658 ], [ -87.543, 41.72403 ], [ -87.54316, 41.72331 ], [ -87.54318, 41.72313 ], [ -87.54314, 41.72286 ], [ -87.54559, 41.72283 ], [ -87.54568, 41.72282 ], [ -87.54612, 41.72317 ], [ -87.54761, 41.72424 ], [ -87.5482, 41.72465 ], [ -87.54918, 41.7253 ], [ -87.55014, 41.72599 ], [ -87.55088, 41.72653 ], [ -87.55142, 41.72691 ], [ -87.5523, 41.72754 ], [ -87.55292, 41.72799 ], [ -87.55359, 41.72847 ], [ -87.55508, 41.72955 ], [ -87.56162, 41.73426 ], [ -87.5657, 41.7372 ], [ -87.56694, 41.73809 ], [ -87.56998, 41.74027 ], [ -87.57228, 41.74193 ], [ -87.57675, 41.74515 ], [ -87.57892, 41.74671 ], [ -87.58103, 41.74823 ], [ -87.58263, 41.74938 ], [ -87.58446, 41.75069 ], [ -87.58475, 41.7509 ], [ -87.58566, 41.7515 ], [ -87.58454, 41.7515 ], [ -87.57664, 41.7516 ], [ -87.57544, 41.75161 ], [ -87.57405, 41.75163 ], [ -87.56931, 41.75169 ], [ -87.56811, 41.75171 ], [ -87.56691, 41.75172 ], [ -87.56548, 41.75174 ], [ -87.56428, 41.75176 ], [ -87.56308, 41.75177 ], [ -87.56078, 41.7518 ], [ -87.55944, 41.75182 ], [ -87.55733, 41.75185 ], [ -87.55479, 41.75189 ], [ -87.55229, 41.75192 ], [ -87.55181, 41.75218 ], [ -87.55016, 41.75317 ], [ -87.54875, 41.75402 ], [ -87.54871, 41.75409 ], [ -87.54774, 41.75453 ], [ -87.54656, 41.75387 ], [ -87.54526, 41.75436 ], [ -87.54495, 41.75444 ], [ -87.544, 41.75516 ], [ -87.54398, 41.75515 ], [ -87.54393, 41.75505 ] ] ] ] } },
{ "type": "Feature", "properties": { "id": 47, "name": "Burnside", "areaKm2": 1.578 }, "geometry": { "type": "MultiPolygon", "coordinates": [ [ [ [ -87.58711, 41.72282 ], [ -87.58698, 41.72265 ], [ -87.5867, 41.72232 ], [ -87.58817, 41.7223 ], [ -87.58971, 41.72227 ], [ -87.5918, 41.72225 ], [ -87.59235, 41.72224 ], [ -87.59282, 41.72222 ], [ -87.59448, 41.72219 ], [ -87.5951, 41.7222 ], [ -87.59656, 41.72217 ], [ -87.59699, 41.72216 ], [ -87.59803, 41.72215 ], [ -87.59905, 41.72214 ], [ -87.60118, 41.72211 ], [ -87.60284, 41.72206 ], [ -87.60318, 41.72205 ], [ -87.60366, 41.72204 ], [ -87.60448, 41.72204 ], [ -87.60449, 41.72255 ], [ -87.60452, 41.72313 ], [ -87.60451, 41.72361 ], [ -87.60407, 41.72352 ], [ -87.60359, 41.72343 ], [ -87.60306, 41.72573 ], [ -87.60335, 41.72572 ], [ -87.60323, 41.72628 ], [ -87.60296, 41.72743 ], [ -87.60293, 41.72756 ], [ -87.60327, 41.72755 ], [ -87.60313, 41.72817 ], [ -87.60294, 41.72898 ], [ -87.60234, 41.73163 ], [ -87.60202, 41.73303 ], [ -87.60185, 41.73303 ], [ -87.60116, 41.73313 ], [ -87.60075, 41.73494 ], [ -87.60049, 41.73608 ], [ -87.60039, 41.73671 ], [ -87.59915, 41.73673 ], [ -87.59535, 41.73678 ], [ -87.59506, 41.73631 ], [ -87.59475, 41.73581 ], [ -87.59453, 41.73549 ], [ -87.59413, 41.73494 ], [ -87.59377, 41.73449 ], [ -87.59338, 41.73397 ], [ -87.59317, 41.73369 ], [ -87.59296, 41.73337 ], [ -87.59278, 41.73307 ], [ -87.59261, 41.73278 ], [ -87.59216, 41.73203 ], [ -87.592, 41.73177 ], [ -87.59155, 41.731 ], [ -87.59123, 41.73046 ], [ -87.59001, 41.72841 ], [ -87.58878, 41.72633 ], [ -87.58858, 41.72595 ], [ -87.58835, 41.7254 ], [ -87.58806, 41.72465 ], [ -87.58781, 41.72405 ], [ -87.58766, 41.72375 ], [ -87.58737, 41.72326 ], [ -87.58711, 41.72282 ] ] ] ] } },
{ "type": "Feature", "properties": { "id": 48, "name": "Calumet Heights", "areaKm2": 4.532 }, "geometry": { "type": "MultiPolygon", "coordinates": [ [ [ [ -87.546, 41.72279 ], [ -87.54654, 41.72276 ], [ -87.54785, 41.72275 ], [ -87.54823, 41.72275 ], [ -87.54856, 41.72278 ], [ -87.54989, 41.72278 ], [ -87.55176, 41.72276 ], [ -87.55486, 41.72272 ], [ -87.55853, 41.72268 ], [ -87.55905, 41.72267 ], [ -87.55939, 41.72267 ], [ -87.55986, 41.72265 ], [ -87.5603, 41.72265 ], [ -87.56133, 41.72264 ], [ -87.56258, 41.72263 ], [ -87.56559, 41.72259 ], [ -87.56563, 41.72389 ], [ -87.56792, 41.72361 ], [ -87.56814, 41.72359 ], [ -87.56858, 41.72356 ], [ -87.56911, 41.72355 ], [ -87.57071, 41.72353 ], [ -87.57227, 41.7235 ], [ -87.57274, 41.7235 ], [ -87.57511, 41.72347 ], [ -87.57538, 41.72348 ], [ -87.57683, 41.72345 ], [ -87.57809, 41.72343 ], [ -87.58013, 41.72341 ], [ -87.58199, 41.72337 ], [ -87.5839, 41.72335 ], [ -87.58531, 41.72332 ], [ -87.58568, 41.72328 ], [ -87.58586, 41.72327 ], [ -87.58713, 41.72326 ], [ -87.58737, 41.72326 ], [ -87.58766, 41.72375 ], [ -87.58781, 41.72405 ], [ -87.58806, 41.72465 ], [ -87.58835, 41.7254 ], [ -87.58858, 41.72595 ], [ -87.58878, 41.72633 ], [ -87.59001, 41.72841 ], [ -87.59123, 41.73046 ], [ -87.59155, 41.731 ], [ -87.592, 41.73177 ], [ -87.59216, 41.73203 ], [ -87.59261, 41.73278 ], [ -87.59278, 41.73307 ], [ -87.59296, 41.73337 ], [ -87.59317, 41.73369 ], [ -87.59338, 41.73397 ], [ -87.59377, 41.73449 ], [ -87.59413, 41.73494 ], [ -87.59453, 41.73549 ], [ -87.59475, 41.73581 ], [ -87.59506, 41.73631 ], [ -87.59535, 41.73678 ], [ -87.5898, 41.73686 ], [ -87.58729, 41.73689 ], [ -87.58658, 41.7369 ], [ -87.58468, 41.73693 ], [ -87.58184, 41.73697 ], [ -87.57404, 41.73708 ], [ -87.57014, 41.73714 ], [ -87.56765, 41.73717 ], [ -87.56756, 41.73719 ], [ -87.56745, 41.73717 ], [ -87.5657, 41.7372 ], [ -87.56162, 41.73426 ], [ -87.55508, 41.72955 ], [ -87.55359, 41.72847 ], [ -87.55292, 41.72799 ], [ -87.5523, 41.72754 ], [ -87.55142, 41.72691 ], [ -87.55088, 41.72653 ], [ -87.55014, 41.72599 ], [ -87.54918, 41.7253 ], [ -87.5482, 41.72465 ], [ -87.54761, 41.72424 ], [ -87.54612, 41.72317 ], [ -87.54568, 41.72282 ], [ -87.546, 41.72279 ] ] ] ] } },
{ "type": "Feature", "properties": { "id": 49, "name": "Roseland", "areaKm2": 12.47 }, "geometry": { "type": "MultiPolygon", "coordinates": [ [ [ [ -87.60448, 41.72204 ], [ -87.60366, 41.72204 ], [ -87.60318, 41.72205 ], [ -87.60349, 41.72067 ], [ -87.60364, 41.72005 ], [ -87.60379, 41.71943 ], [ -87.60435, 41.71698 ], [ -87.60496, 41.71432 ], [ -87.60504, 41.71397 ], [ -87.60533, 41.71265 ], [ -87.6059, 41.7102 ], [ -87.6062, 41.70887 ], [ -87.60663, 41.70691 ], [ -87.60683, 41.706 ], [ -87.60722, 41.70427 ], [ -87.60733, 41.70386 ], [ -87.6075, 41.70308 ], [ -87.60794, 41.70113 ], [ -87.60808, 41.70054 ], [ -87.60815, 41.70031 ], [ -87.60826, 41.6998 ], [ -87.60832, 41.69947 ], [ -87.60869, 41.69785 ], [ -87.60894, 41.69674 ], [ -87.6092, 41.69562 ], [ -87.60966, 41.69362 ], [ -87.60976, 41.69323 ], [ -87.6099, 41.69259 ], [ -87.61009, 41.6917 ], [ -87.61063, 41.68936 ], [ -87.61128, 41.68648 ], [ -87.61135, 41.68625 ], [ -87.61142, 41.68594 ], [ -87.61144, 41.68572 ], [ -87.6114, 41.68544 ], [ -87.61228, 41.68543 ], [ -87.61359, 41.68542 ], [ -87.61413, 41.68541 ], [ -87.6159, 41.6854 ], [ -87.61652, 41.68539 ], [ -87.61778, 41.68538 ], [ -87.6202, 41.68535 ], [ -87.62103, 41.68534 ], [ -87.62261, 41.68532 ], [ -87.62329, 41.68532 ], [ -87.62388, 41.68531 ], [ -87.62619, 41.68528 ], [ -87.6267, 41.68528 ], [ -87.62915, 41.68524 ], [ -87.63173, 41.68522 ], [ -87.63333, 41.68519 ], [ -87.63397, 41.68519 ], [ -87.63508, 41.68517 ], [ -87.63582, 41.68516 ], [ -87.63652, 41.68515 ], [ -87.63822, 41.68513 ], [ -87.63872, 41.68512 ], [ -87.63955, 41.68511 ], [ -87.64215, 41.68508 ], [ -87.64231, 41.6903 ], [ -87.64234, 41.69105 ], [ -87.64239, 41.6929 ], [ -87.6424, 41.69315 ], [ -87.64244, 41.69429 ], [ -87.64249, 41.69581 ], [ -87.64258, 41.69874 ], [ -87.64261, 41.69964 ], [ -87.64271, 41.70305 ], [ -87.64274, 41.70385 ], [ -87.64283, 41.70692 ], [ -87.63886, 41.70697 ], [ -87.63517, 41.70702 ], [ -87.63313, 41.70704 ], [ -87.63317, 41.70797 ], [ -87.63319, 41.70888 ], [ -87.63321, 41.70977 ], [ -87.63327, 41.71169 ], [ -87.63331, 41.71342 ], [ -87.63334, 41.71436 ], [ -87.63334, 41.71465 ], [ -87.63336, 41.71522 ], [ -87.63338, 41.71614 ], [ -87.63342, 41.71795 ], [ -87.63348, 41.71977 ], [ -87.63353, 41.72159 ], [ -87.63358, 41.72302 ], [ -87.63364, 41.72522 ], [ -87.63365, 41.72578 ], [ -87.63369, 41.72699 ], [ -87.63373, 41.72885 ], [ -87.63374, 41.72992 ], [ -87.6338, 41.72998 ], [ -87.63382, 41.73041 ], [ -87.63386, 41.73088 ], [ -87.63391, 41.73171 ], [ -87.63396, 41.73289 ], [ -87.634, 41.7339 ], [ -87.63407, 41.7352 ], [ -87.63409, 41.73562 ], [ -87.63413, 41.73594 ], [ -87.63408, 41.73597 ], [ -87.63381, 41.73595 ], [ -87.63385, 41.73738 ], [ -87.63387, 41.73805 ], [ -87.63388, 41.73821 ], [ -87.63394, 41.73861 ], [ -87.63401, 41.73891 ], [ -87.63408, 41.73914 ], [ -87.63404, 41.73918 ], [ -87.63396, 41.73947 ], [ -87.63389, 41.73935 ], [ -87.63375, 41.73903 ], [ -87.63369, 41.73885 ], [ -87.63365, 41.73869 ], [ -87.63361, 41.73838 ], [ -87.63357, 41.73826 ], [ -87.63306, 41.73724 ], [ -87.63286, 41.73689 ], [ -87.63271, 41.73666 ], [ -87.63251, 41.73644 ], [ -87.63258, 41.73631 ], [ -87.63266, 41.73638 ], [ -87.63272, 41.73597 ], [ -87.6321, 41.73541 ], [ -87.63198, 41.73531 ], [ -87.63173, 41.73518 ], [ -87.63152, 41.735 ], [ -87.63125, 41.73476 ], [ -87.63116, 41.73471 ], [ -87.63088, 41.73442 ], [ -87.63093, 41.73441 ], [ -87.63068, 41.73423 ], [ -87.62954, 41.73314 ], [ -87.62915, 41.73278 ], [ -87.62905, 41.73268 ], [ -87.62904, 41.73262 ], [ -87.62645, 41.7299 ], [ -87.62578, 41.72918 ], [ -87.62567, 41.72902 ], [ -87.62362, 41.72905 ], [ -87.62286, 41.72906 ], [ -87.61918, 41.72912 ], [ -87.61919, 41.72954 ], [ -87.61852, 41.7294 ], [ -87.61791, 41.7292 ], [ -87.61735, 41.72905 ], [ -87.61696, 41.72893 ], [ -87.61637, 41.72871 ], [ -87.6157, 41.72849 ], [ -87.61497, 41.72819 ], [ -87.61462, 41.72804 ], [ -87.6143, 41.72789 ], [ -87.61429, 41.7275 ], [ -87.61427, 41.72693 ], [ -87.61304, 41.72632 ], [ -87.61222, 41.72592 ], [ -87.61158, 41.72559 ], [ -87.61083, 41.7256 ], [ -87.61066, 41.72558 ], [ -87.61035, 41.72546 ], [ -87.61011, 41.72534 ], [ -87.60961, 41.7251 ], [ -87.60943, 41.72499 ], [ -87.60939, 41.72494 ], [ -87.60937, 41.72448 ], [ -87.60757, 41.72359 ], [ -87.60723, 41.72343 ], [ -87.60674, 41.72322 ], [ -87.60642, 41.7231 ], [ -87.60589, 41.72292 ], [ -87.60523, 41.72273 ], [ -87.60449, 41.72255 ], [ -87.60448, 41.72204 ] ] ] ] } },
{ "type": "Feature", "properties": { "id": 50, "name": "Pullman", "areaKm2": 5.477 }, "geometry": { "type": "MultiPolygon", "coordinates": [ [ [ [ -87.60168, 41.68621 ], [ -87.60194, 41.68618 ], [ -87.60218, 41.68618 ], [ -87.60249, 41.68614 ], [ -87.60293, 41.68603 ], [ -87.60309, 41.68597 ], [ -87.6041, 41.68556 ], [ -87.60425, 41.68553 ], [ -87.60458, 41.68551 ], [ -87.60743, 41.68548 ], [ -87.61042, 41.68545 ], [ -87.6114, 41.68544 ], [ -87.61144, 41.68572 ], [ -87.61142, 41.68594 ], [ -87.61135, 41.68625 ], [ -87.61128, 41.68648 ], [ -87.61063, 41.68936 ], [ -87.61009, 41.6917 ], [ -87.6099, 41.69259 ], [ -87.60976, 41.69323 ], [ -87.60966, 41.69362 ], [ -87.6092, 41.69562 ], [ -87.60894, 41.69674 ], [ -87.60869, 41.69785 ], [ -87.60832, 41.69947 ], [ -87.60826, 41.6998 ], [ -87.60815, 41.70031 ], [ -87.60808, 41.70054 ], [ -87.60794, 41.70113 ], [ -87.6075, 41.70308 ], [ -87.60733, 41.70386 ], [ -87.60722, 41.70427 ], [ -87.60683, 41.706 ], [ -87.60663, 41.70691 ], [ -87.6062, 41.70887 ], [ -87.6059, 41.7102 ], [ -87.60533, 41.71265 ], [ -87.60504, 41.71397 ], [ -87.60496, 41.71432 ], [ -87.60435, 41.71698 ], [ -87.60379, 41.71943 ], [ -87.60364, 41.72005 ], [ -87.60349, 41.72067 ], [ -87.60318, 41.72205 ], [ -87.60284, 41.72206 ], [ -87.60118, 41.72211 ], [ -87.59905, 41.72214 ], [ -87.59803, 41.72215 ], [ -87.59699, 41.72216 ], [ -87.59656, 41.72217 ], [ -87.5951, 41.7222 ], [ -87.59448, 41.72219 ], [ -87.59282, 41.72222 ], [ -87.59235, 41.72224 ], [ -87.5918, 41.72225 ], [ -87.58971, 41.72227 ], [ -87.58817, 41.7223 ], [ -87.5867, 41.72232 ], [ -87.58665, 41.72226 ], [ -87.5861, 41.72176 ], [ -87.58565, 41.72133 ], [ -87.58547, 41.72113 ], [ -87.58496, 41.72068 ], [ -87.58494, 41.71991 ], [ -87.58493, 41.71955 ], [ -87.58491, 41.71866 ], [ -87.58489, 41.71832 ], [ -87.5849, 41.71791 ], [ -87.58488, 41.71738 ], [ -87.58483, 41.71643 ], [ -87.58482, 41.71603 ], [ -87.58478, 41.71532 ], [ -87.58474, 41.7143 ], [ -87.5847, 41.7137 ], [ -87.58468, 41.71361 ], [ -87.58468, 41.7133 ], [ -87.58468, 41.71249 ], [ -87.58466, 41.71179 ], [ -87.58463, 41.71125 ], [ -87.58469, 41.7107 ], [ -87.58474, 41.71029 ], [ -87.58483, 41.70982 ], [ -87.58494, 41.70942 ], [ -87.58509, 41.70901 ], [ -87.58526, 41.70862 ], [ -87.58552, 41.70812 ], [ -87.58575, 41.70777 ], [ -87.5866, 41.70776 ], [ -87.5873, 41.70775 ], [ -87.5873, 41.70756 ], [ -87.58732, 41.70731 ], [ -87.58734, 41.70717 ], [ -87.58741, 41.70691 ], [ -87.58751, 41.70667 ], [ -87.58767, 41.70643 ], [ -87.58814, 41.70511 ], [ -87.58836, 41.70496 ], [ -87.58958, 41.70388 ], [ -87.59099, 41.70257 ], [ -87.59186, 41.70175 ], [ -87.59222, 41.70139 ], [ -87.59272, 41.70088 ], [ -87.59307, 41.70049 ], [ -87.59369, 41.69979 ], [ -87.59416, 41.6992 ], [ -87.59437, 41.69898 ], [ -87.59571, 41.69696 ], [ -87.59617, 41.69632 ], [ -87.59641, 41.69587 ], [ -87.5968, 41.69518 ], [ -87.59697, 41.69485 ], [ -87.59725, 41.69431 ], [ -87.59792, 41.69306 ], [ -87.59831, 41.69234 ], [ -87.59835, 41.69227 ], [ -87.59871, 41.6916 ], [ -87.59886, 41.69131 ], [ -87.59917, 41.69073 ], [ -87.59974, 41.68974 ], [ -87.59999, 41.68927 ], [ -87.6003, 41.68868 ], [ -87.60034, 41.6886 ], [ -87.60069, 41.68796 ], [ -87.60137, 41.68667 ], [ -87.60157, 41.68621 ], [ -87.60168, 41.68621 ] ] ] ] } },
{ "type": "Feature", "properties": { "id": 51, "name": "South Deering", "areaKm2": 28.202 }, "geometry": { "type": "MultiPolygon", "coordinates": [ [ [ [ -87.54559, 41.72283 ], [ -87.54314, 41.72286 ], [ -87.5431, 41.72261 ], [ -87.54302, 41.72199 ], [ -87.54296, 41.72163 ], [ -87.54281, 41.72123 ], [ -87.54269, 41.72082 ], [ -87.5427, 41.72051 ], [ -87.54289, 41.72013 ], [ -87.54297, 41.71969 ], [ -87.54316, 41.71802 ], [ -87.54303, 41.71715 ], [ -87.54242, 41.71644 ], [ -87.54232, 41.71586 ], [ -87.54221, 41.71576 ], [ -87.54218, 41.71564 ], [ -87.54218, 41.71528 ], [ -87.54221, 41.71462 ], [ -87.54229, 41.71426 ], [ -87.5424, 41.71397 ], [ -87.54253, 41.71352 ], [ -87.5426, 41.71288 ], [ -87.54261, 41.7114 ], [ -87.54267, 41.71095 ], [ -87.54277, 41.71072 ], [ -87.54286, 41.71056 ], [ -87.54317, 41.7101 ], [ -87.54328, 41.70985 ], [ -87.54364, 41.7094 ], [ -87.54426, 41.70889 ], [ -87.54459, 41.70868 ], [ -87.54527, 41.70814 ], [ -87.54564, 41.7077 ], [ -87.54579, 41.70747 ], [ -87.54586, 41.70733 ], [ -87.54585, 41.7063 ], [ -87.54588, 41.70561 ], [ -87.54571, 41.70514 ], [ -87.54563, 41.70464 ], [ -87.54562, 41.70393 ], [ -87.54566, 41.70338 ], [ -87.54576, 41.70305 ], [ -87.5459, 41.70277 ], [ -87.5438, 41.70276 ], [ -87.544, 41.70248 ], [ -87.54425, 41.7021 ], [ -87.54473, 41.70146 ], [ -87.54488, 41.70124 ], [ -87.54505, 41.70094 ], [ -87.54516, 41.70062 ], [ -87.5452, 41.70031 ], [ -87.54521, 41.70016 ], [ -87.54521, 41.69902 ], [ -87.5452, 41.69724 ], [ -87.54519, 41.696 ], [ -87.54518, 41.69406 ], [ -87.54518, 41.6937 ], [ -87.54517, 41.69323 ], [ -87.54517, 41.69192 ], [ -87.54514, 41.6872 ], [ -87.54513, 41.68552 ], [ -87.54511, 41.6848 ], [ -87.54508, 41.68277 ], [ -87.54508, 41.68099 ], [ -87.54492, 41.67318 ], [ -87.54497, 41.67283 ], [ -87.54506, 41.67238 ], [ -87.54511, 41.67219 ], [ -87.5452, 41.67204 ], [ -87.54527, 41.6718 ], [ -87.54541, 41.6715 ], [ -87.54571, 41.67081 ], [ -87.54585, 41.67041 ], [ -87.54606, 41.66987 ], [ -87.54621, 41.66942 ], [ -87.54629, 41.66915 ], [ -87.54633, 41.66892 ], [ -87.54635, 41.66866 ], [ -87.54639, 41.66839 ], [ -87.54645, 41.66814 ], [ -87.54507, 41.66106 ], [ -87.54471, 41.65922 ], [ -87.54487, 41.65923 ], [ -87.54586, 41.65983 ], [ -87.54713, 41.66056 ], [ -87.54801, 41.66108 ], [ -87.54954, 41.66193 ], [ -87.55041, 41.66241 ], [ -87.55127, 41.66292 ], [ -87.55198, 41.66342 ], [ -87.55234, 41.66376 ], [ -87.5532, 41.66487 ], [ -87.55412, 41.66627 ], [ -87.55429, 41.66651 ], [ -87.55573, 41.6687 ], [ -87.5566, 41.66997 ], [ -87.55675, 41.66995 ], [ -87.55684, 41.66985 ], [ -87.55684, 41.66977 ], [ -87.55705, 41.66966 ], [ -87.5574, 41.66959 ], [ -87.55772, 41.66933 ], [ -87.55769, 41.66927 ], [ -87.55775, 41.66924 ], [ -87.55782, 41.66927 ], [ -87.55785, 41.66921 ], [ -87.55806, 41.66907 ], [ -87.55817, 41.66893 ], [ -87.55836, 41.66892 ], [ -87.55864, 41.66894 ], [ -87.55874, 41.66899 ], [ -87.55883, 41.66901 ], [ -87.55926, 41.66865 ], [ -87.55927, 41.66831 ], [ -87.55927, 41.66725 ], [ -87.55927, 41.66561 ], [ -87.55928, 41.66274 ], [ -87.55928, 41.66195 ], [ -87.55929, 41.65919 ], [ -87.55964, 41.65917 ], [ -87.56085, 41.65916 ], [ -87.56413, 41.65917 ], [ -87.56684, 41.65918 ], [ -87.56997, 41.65919 ], [ -87.57124, 41.6592 ], [ -87.57439, 41.6592 ], [ -87.5755, 41.65921 ], [ -87.57635, 41.6592 ], [ -87.57695, 41.65918 ], [ -87.57745, 41.65919 ], [ -87.57821, 41.65919 ], [ -87.57939, 41.65919 ], [ -87.58066, 41.6592 ], [ -87.58159, 41.65922 ], [ -87.58211, 41.65927 ], [ -87.58243, 41.65931 ], [ -87.583, 41.65941 ], [ -87.58335, 41.65949 ], [ -87.58397, 41.65966 ], [ -87.58435, 41.65981 ], [ -87.58483, 41.65995 ], [ -87.58536, 41.66012 ], [ -87.58605, 41.66027 ], [ -87.58663, 41.66034 ], [ -87.58696, 41.66036 ], [ -87.58745, 41.66038 ], [ -87.5877, 41.66038 ], [ -87.58801, 41.66036 ], [ -87.58811, 41.66038 ], [ -87.58853, 41.66042 ], [ -87.58865, 41.66039 ], [ -87.589, 41.66039 ], [ -87.59012, 41.66165 ], [ -87.59074, 41.66241 ], [ -87.59172, 41.66353 ], [ -87.59212, 41.66371 ], [ -87.59271, 41.66439 ], [ -87.59384, 41.6657 ], [ -87.59456, 41.66654 ], [ -87.59535, 41.66745 ], [ -87.59588, 41.66807 ], [ -87.59594, 41.66814 ], [ -87.59663, 41.66894 ], [ -87.59757, 41.67005 ], [ -87.59855, 41.67119 ], [ -87.59862, 41.67126 ], [ -87.60007, 41.67294 ], [ -87.60019, 41.67309 ], [ -87.60046, 41.67343 ], [ -87.60074, 41.67385 ], [ -87.60091, 41.67413 ], [ -87.60113, 41.67456 ], [ -87.60128, 41.67489 ], [ -87.60145, 41.67534 ], [ -87.60154, 41.67567 ], [ -87.60166, 41.6762 ], [ -87.60171, 41.67657 ], [ -87.60173, 41.6769 ], [ -87.60175, 41.67766 ], [ -87.6018, 41.67898 ], [ -87.60185, 41.68069 ], [ -87.60188, 41.68193 ], [ -87.60188, 41.68263 ], [ -87.60191, 41.68317 ], [ -87.60194, 41.68417 ], [ -87.60194, 41.68474 ], [ -87.6019, 41.68506 ], [ -87.60176, 41.68569 ], [ -87.60172, 41.68584 ], [ -87.60157, 41.68621 ], [ -87.60137, 41.68667 ], [ -87.60069, 41.68796 ], [ -87.60034, 41.6886 ], [ -87.6003, 41.68868 ], [ -87.59999, 41.68927 ], [ -87.59974, 41.68974 ], [ -87.59917, 41.69073 ], [ -87.59886, 41.69131 ], [ -87.59871, 41.6916 ], [ -87.59835, 41.69227 ], [ -87.59831, 41.69234 ], [ -87.59792, 41.69306 ], [ -87.59725, 41.69431 ], [ -87.59697, 41.69485 ], [ -87.5968, 41.69518 ], [ -87.59641, 41.69587 ], [ -87.59617, 41.69632 ], [ -87.59571, 41.69696 ], [ -87.59437, 41.69898 ], [ -87.59416, 41.6992 ], [ -87.59369, 41.69979 ], [ -87.59307, 41.70049 ], [ -87.59272, 41.70088 ], [ -87.59222, 41.70139 ], [ -87.59186, 41.70175 ], [ -87.59099, 41.70257 ], [ -87.58958, 41.70388 ], [ -87.58836, 41.70496 ], [ -87.58814, 41.70511 ], [ -87.58767, 41.70643 ], [ -87.58751, 41.70667 ], [ -87.58741, 41.70691 ], [ -87.58734, 41.70717 ], [ -87.58732, 41.70731 ], [ -87.5873, 41.70756 ], [ -87.5873, 41.70775 ], [ -87.5866, 41.70776 ], [ -87.58575, 41.70777 ], [ -87.58552, 41.70812 ], [ -87.58526, 41.70862 ], [ -87.58509, 41.70901 ], [ -87.58494, 41.70942 ], [ -87.58483, 41.70982 ], [ -87.58474, 41.71029 ], [ -87.58469, 41.7107 ], [ -87.58463, 41.71125 ], [ -87.58466, 41.71179 ], [ -87.58468, 41.71249 ], [ -87.58468, 41.7133 ], [ -87.58468, 41.71361 ], [ -87.5847, 41.7137 ], [ -87.58474, 41.7143 ], [ -87.58478, 41.71532 ], [ -87.58482, 41.71603 ], [ -87.58483, 41.71643 ], [ -87.58488, 41.71738 ], [ -87.5849, 41.71791 ], [ -87.58489, 41.71832 ], [ -87.58491, 41.71866 ], [ -87.58493, 41.71955 ], [ -87.58494, 41.71991 ], [ -87.58496, 41.72068 ], [ -87.58547, 41.72113 ], [ -87.58565, 41.72133 ], [ -87.5861, 41.72176 ], [ -87.58665, 41.72226 ], [ -87.5867, 41.72232 ], [ -87.58698, 41.72265 ], [ -87.58711, 41.72282 ], [ -87.58737, 41.72326 ], [ -87.58713, 41.72326 ], [ -87.58586, 41.72327 ], [ -87.58568, 41.72328 ], [ -87.58531, 41.72332 ], [ -87.5839, 41.72335 ], [ -87.58199, 41.72337 ], [ -87.58013, 41.72341 ], [ -87.57809, 41.72343 ], [ -87.57683, 41.72345 ], [ -87.57538, 41.72348 ], [ -87.57511, 41.72347 ], [ -87.57274, 41.7235 ], [ -87.57227, 41.7235 ], [ -87.57071, 41.72353 ], [ -87.56911, 41.72355 ], [ -87.56858, 41.72356 ], [ -87.56814, 41.72359 ], [ -87.56792, 41.72361 ], [ -87.56563, 41.72389 ], [ -87.56559, 41.72259 ], [ -87.56258, 41.72263 ], [ -87.56133, 41.72264 ], [ -87.5603, 41.72265 ], [ -87.55986, 41.72265 ], [ -87.55939, 41.72267 ], [ -87.55905, 41.72267 ], [ -87.55853, 41.72268 ], [ -87.55486, 41.72272 ], [ -87.55176, 41.72276 ], [ -87.54989, 41.72278 ], [ -87.54856, 41.72278 ], [ -87.54823, 41.72275 ], [ -87.54785, 41.72275 ], [ -87.54654, 41.72276 ], [ -87.546, 41.72279 ], [ -87.54568, 41.72282 ], [ -87.54559, 41.72283 ] ] ] ] } },
{ "type": "Feature", "properties": { "id": 52, "name": "East Side", "areaKm2": 7.727 }, "geometry": { "type": "MultiPolygon", "coordinates": [ [ [ [ -87.52501, 41.69181 ], [ -87.52656, 41.69181 ], [ -87.53036, 41.69183 ], [ -87.5304, 41.6882 ], [ -87.53038, 41.68637 ], [ -87.53034, 41.68513 ], [ -87.53041, 41.68457 ], [ -87.53129, 41.68458 ], [ -87.53164, 41.68457 ], [ -87.53164, 41.6845 ], [ -87.53405, 41.68452 ], [ -87.53647, 41.68452 ], [ -87.53767, 41.68449 ], [ -87.53887, 41.68451 ], [ -87.54013, 41.68451 ], [ -87.54012, 41.68361 ], [ -87.54012, 41.68278 ], [ -87.54133, 41.68279 ], [ -87.54252, 41.68278 ], [ -87.54381, 41.68276 ], [ -87.54494, 41.68275 ], [ -87.54508, 41.68277 ], [ -87.54511, 41.6848 ], [ -87.54513, 41.68552 ], [ -87.54514, 41.6872 ], [ -87.54517, 41.69192 ], [ -87.54517, 41.69323 ], [ -87.54518, 41.6937 ], [ -87.54518, 41.69406 ], [ -87.54519, 41.696 ], [ -87.5452, 41.69724 ], [ -87.54521, 41.69902 ], [ -87.54521, 41.70016 ], [ -87.5452, 41.70031 ], [ -87.54516, 41.70062 ], [ -87.54505, 41.70094 ], [ -87.54488, 41.70124 ], [ -87.54473, 41.70146 ], [ -87.54425, 41.7021 ], [ -87.544, 41.70248 ], [ -87.5438, 41.70276 ], [ -87.5459, 41.70277 ], [ -87.54576, 41.70305 ], [ -87.54566, 41.70338 ], [ -87.54562, 41.70393 ], [ -87.54563, 41.70464 ], [ -87.54571, 41.70514 ], [ -87.54588, 41.70561 ], [ -87.54585, 41.7063 ], [ -87.54586, 41.70733 ], [ -87.54579, 41.70747 ], [ -87.54564, 41.7077 ], [ -87.54527, 41.70814 ], [ -87.54459, 41.70868 ], [ -87.54426, 41.70889 ], [ -87.54364, 41.7094 ], [ -87.54328, 41.70985 ], [ -87.54317, 41.7101 ], [ -87.54286, 41.71056 ], [ -87.54277, 41.71072 ], [ -87.54267, 41.71095 ], [ -87.54261, 41.7114 ], [ -87.5426, 41.71288 ], [ -87.54253, 41.71352 ], [ -87.5424, 41.71397 ], [ -87.54229, 41.71426 ], [ -87.54221, 41.71462 ], [ -87.54218, 41.71528 ], [ -87.54218, 41.71564 ], [ -87.54221, 41.71576 ], [ -87.54232, 41.71586 ], [ -87.54242, 41.71644 ], [ -87.54303, 41.71715 ], [ -87.54316, 41.71802 ], [ -87.54297, 41.71969 ], [ -87.54289, 41.72013 ], [ -87.5427, 41.72051 ], [ -87.54269, 41.72082 ], [ -87.54281, 41.72123 ], [ -87.54296, 41.72163 ], [ -87.54302, 41.72199 ], [ -87.5431, 41.72261 ], [ -87.54314, 41.72286 ], [ -87.54318, 41.72313 ], [ -87.54316, 41.72331 ], [ -87.543, 41.72403 ], [ -87.54225, 41.72658 ], [ -87.5419, 41.72714 ], [ -87.5414, 41.72759 ], [ -87.54042, 41.72828 ], [ -87.53941, 41.72879 ], [ -87.53726, 41.72962 ], [ -87.53673, 41.72986 ], [ -87.53286, 41.73152 ], [ -87.52925, 41.73301 ], [ -87.52949, 41.73237 ], [ -87.52946, 41.73231 ], [ -87.52935, 41.73231 ], [ -87.52927, 41.73228 ], [ -87.52918, 41.73213 ], [ -87.52911, 41.73208 ], [ -87.52895, 41.73205 ], [ -87.52733, 41.73182 ], [ -87.52526, 41.73153 ], [ -87.52508, 41.73147 ], [ -87.52495, 41.73141 ], [ -87.52473, 41.73122 ], [ -87.52469, 41.73109 ], [ -87.52454, 41.72358 ], [ -87.52454, 41.72329 ], [ -87.52455, 41.7232 ], [ -87.52447, 41.7232 ], [ -87.52447, 41.7219 ], [ -87.5245, 41.72188 ], [ -87.5245, 41.72179 ], [ -87.52468, 41.7218 ], [ -87.52484, 41.72169 ], [ -87.525, 41.72152 ], [ -87.5247, 41.72125 ], [ -87.52482, 41.72118 ], [ -87.52509, 41.72142 ], [ -87.52524, 41.72122 ], [ -87.52541, 41.72092 ], [ -87.52508, 41.72085 ], [ -87.52514, 41.72073 ], [ -87.52545, 41.7208 ], [ -87.52552, 41.72059 ], [ -87.52556, 41.72037 ], [ -87.52561, 41.71955 ], [ -87.5256, 41.71932 ], [ -87.52555, 41.71899 ], [ -87.5254, 41.71866 ], [ -87.52529, 41.71849 ], [ -87.5251, 41.71825 ], [ -87.52491, 41.71805 ], [ -87.52459, 41.71799 ], [ -87.5245, 41.71799 ], [ -87.5245, 41.71781 ], [ -87.52447, 41.71779 ], [ -87.52447, 41.7174 ], [ -87.52514, 41.71739 ], [ -87.52555, 41.71737 ], [ -87.52581, 41.71733 ], [ -87.5258, 41.71732 ], [ -87.52642, 41.71711 ], [ -87.52652, 41.71727 ], [ -87.52661, 41.71724 ], [ -87.52652, 41.71708 ], [ -87.5268, 41.71699 ], [ -87.52677, 41.71692 ], [ -87.52684, 41.71687 ], [ -87.527, 41.71695 ], [ -87.5273, 41.71682 ], [ -87.52729, 41.71681 ], [ -87.52764, 41.71662 ], [ -87.5279, 41.71645 ], [ -87.5281, 41.71631 ], [ -87.52828, 41.71615 ], [ -87.52857, 41.71585 ], [ -87.52857, 41.71581 ], [ -87.52867, 41.71569 ], [ -87.5287, 41.71548 ], [ -87.5287, 41.71537 ], [ -87.52862, 41.71502 ], [ -87.52856, 41.71487 ], [ -87.52848, 41.71473 ], [ -87.52822, 41.71438 ], [ -87.52813, 41.71424 ], [ -87.52804, 41.71402 ], [ -87.52792, 41.71376 ], [ -87.52777, 41.71351 ], [ -87.52758, 41.71325 ], [ -87.52742, 41.71308 ], [ -87.52649, 41.71235 ], [ -87.52523, 41.71337 ], [ -87.52517, 41.71333 ], [ -87.52643, 41.71231 ], [ -87.52841, 41.7108 ], [ -87.5272, 41.71003 ], [ -87.5269, 41.70991 ], [ -87.52669, 41.70986 ], [ -87.52645, 41.70983 ], [ -87.52624, 41.70982 ], [ -87.5259, 41.71014 ], [ -87.52602, 41.71025 ], [ -87.526, 41.71035 ], [ -87.52586, 41.71041 ], [ -87.52578, 41.71042 ], [ -87.52565, 41.71036 ], [ -87.52547, 41.71013 ], [ -87.52536, 41.7101 ], [ -87.52536, 41.71006 ], [ -87.52516, 41.71 ], [ -87.52496, 41.70989 ], [ -87.52459, 41.70959 ], [ -87.52419, 41.70943 ], [ -87.52414, 41.70933 ], [ -87.52423, 41.70928 ], [ -87.52449, 41.70925 ], [ -87.52473, 41.70935 ], [ -87.52476, 41.70933 ], [ -87.52488, 41.7094 ], [ -87.52488, 41.70944 ], [ -87.52512, 41.70974 ], [ -87.52526, 41.70971 ], [ -87.52553, 41.70994 ], [ -87.52559, 41.70994 ], [ -87.52622, 41.70954 ], [ -87.52577, 41.70916 ], [ -87.52531, 41.70946 ], [ -87.52534, 41.70951 ], [ -87.52519, 41.70941 ], [ -87.52513, 41.70934 ], [ -87.52523, 41.70937 ], [ -87.52568, 41.70909 ], [ -87.52543, 41.70885 ], [ -87.52537, 41.70883 ], [ -87.52486, 41.70915 ], [ -87.52478, 41.70908 ], [ -87.52502, 41.70892 ], [ -87.52498, 41.70885 ], [ -87.52493, 41.7087 ], [ -87.52489, 41.70867 ], [ -87.52454, 41.70848 ], [ -87.52455, 41.70795 ], [ -87.52453, 41.7026 ], [ -87.52454, 41.70098 ], [ -87.52455, 41.69954 ], [ -87.52456, 41.69911 ], [ -87.5246, 41.69724 ], [ -87.52461, 41.69542 ], [ -87.52464, 41.69529 ], [ -87.52465, 41.69327 ], [ -87.52466, 41.69228 ], [ -87.52462, 41.6918 ], [ -87.52501, 41.69181 ] ] ] ] } },
{ "type": "Feature", "properties": { "id": 53, "name": "West Pullman", "areaKm2": 9.224 }, "geometry": { "type": "MultiPolygon", "coordinates": [ [ [ [ -87.61845, 41.65911 ], [ -87.61866, 41.65908 ], [ -87.61968, 41.65906 ], [ -87.61946, 41.65954 ], [ -87.61939, 41.66006 ], [ -87.61951, 41.66079 ], [ -87.61986, 41.66114 ], [ -87.62025, 41.66137 ], [ -87.62202, 41.66213 ], [ -87.62204, 41.66241 ], [ -87.62221, 41.66241 ], [ -87.62305, 41.6624 ], [ -87.62329, 41.6624 ], [ -87.62346, 41.66236 ], [ -87.62349, 41.66233 ], [ -87.62361, 41.66232 ], [ -87.62381, 41.66227 ], [ -87.62407, 41.66224 ], [ -87.6242, 41.66228 ], [ -87.62442, 41.66226 ], [ -87.62445, 41.66223 ], [ -87.62465, 41.66215 ], [ -87.62476, 41.66209 ], [ -87.62507, 41.66201 ], [ -87.62535, 41.66193 ], [ -87.62555, 41.66189 ], [ -87.62566, 41.66184 ], [ -87.62573, 41.66185 ], [ -87.6259, 41.66181 ], [ -87.62627, 41.66166 ], [ -87.62644, 41.66149 ], [ -87.62664, 41.66135 ], [ -87.62689, 41.66121 ], [ -87.62754, 41.66076 ], [ -87.62777, 41.66057 ], [ -87.62804, 41.66029 ], [ -87.62875, 41.65964 ], [ -87.62915, 41.65932 ], [ -87.62962, 41.65908 ], [ -87.62973, 41.65901 ], [ -87.6301, 41.65873 ], [ -87.63024, 41.65864 ], [ -87.63076, 41.65827 ], [ -87.63084, 41.65811 ], [ -87.63082, 41.65796 ], [ -87.63108, 41.65783 ], [ -87.63126, 41.65782 ], [ -87.63139, 41.658 ], [ -87.63154, 41.65792 ], [ -87.63173, 41.65792 ], [ -87.63202, 41.6579 ], [ -87.63217, 41.65787 ], [ -87.63233, 41.65788 ], [ -87.63227, 41.6578 ], [ -87.63265, 41.65773 ], [ -87.63264, 41.65762 ], [ -87.63282, 41.65759 ], [ -87.633, 41.65753 ], [ -87.63319, 41.65752 ], [ -87.63355, 41.65748 ], [ -87.63392, 41.65747 ], [ -87.63428, 41.65743 ], [ -87.63446, 41.65742 ], [ -87.63501, 41.65737 ], [ -87.63538, 41.65735 ], [ -87.63574, 41.65735 ], [ -87.63611, 41.65739 ], [ -87.63629, 41.65739 ], [ -87.63691, 41.65748 ], [ -87.63727, 41.65753 ], [ -87.63783, 41.65762 ], [ -87.63856, 41.65771 ], [ -87.63914, 41.65775 ], [ -87.6395, 41.65775 ], [ -87.64005, 41.65776 ], [ -87.64042, 41.65779 ], [ -87.64065, 41.65777 ], [ -87.64105, 41.65777 ], [ -87.64106, 41.6581 ], [ -87.64143, 41.65809 ], [ -87.64142, 41.65777 ], [ -87.64366, 41.65775 ], [ -87.64384, 41.65772 ], [ -87.64475, 41.65772 ], [ -87.64518, 41.65774 ], [ -87.64591, 41.65778 ], [ -87.64609, 41.65775 ], [ -87.64663, 41.65769 ], [ -87.64699, 41.65763 ], [ -87.64721, 41.66301 ], [ -87.64722, 41.66316 ], [ -87.64565, 41.66318 ], [ -87.64489, 41.66319 ], [ -87.64365, 41.66321 ], [ -87.64283, 41.66322 ], [ -87.64142, 41.66325 ], [ -87.64167, 41.67054 ], [ -87.64309, 41.67052 ], [ -87.64385, 41.67051 ], [ -87.64959, 41.67042 ], [ -87.65083, 41.6704 ], [ -87.65328, 41.67036 ], [ -87.65407, 41.67035 ], [ -87.65485, 41.67034 ], [ -87.65688, 41.67031 ], [ -87.65775, 41.6703 ], [ -87.65865, 41.67029 ], [ -87.65879, 41.67033 ], [ -87.65936, 41.67032 ], [ -87.66115, 41.67034 ], [ -87.66116, 41.67074 ], [ -87.66122, 41.6723 ], [ -87.66126, 41.67348 ], [ -87.66128, 41.67416 ], [ -87.66132, 41.67525 ], [ -87.66136, 41.6767 ], [ -87.66138, 41.67731 ], [ -87.66137, 41.67754 ], [ -87.66135, 41.67763 ], [ -87.66137, 41.67789 ], [ -87.66141, 41.67909 ], [ -87.66142, 41.67967 ], [ -87.66146, 41.68097 ], [ -87.66152, 41.68289 ], [ -87.66155, 41.68388 ], [ -87.6616, 41.68482 ], [ -87.65652, 41.68489 ], [ -87.65581, 41.6849 ], [ -87.65282, 41.68494 ], [ -87.65204, 41.68495 ], [ -87.65043, 41.68497 ], [ -87.64967, 41.68498 ], [ -87.64676, 41.68502 ], [ -87.64598, 41.68503 ], [ -87.64215, 41.68508 ], [ -87.63955, 41.68511 ], [ -87.63872, 41.68512 ], [ -87.63822, 41.68513 ], [ -87.63652, 41.68515 ], [ -87.63582, 41.68516 ], [ -87.63508, 41.68517 ], [ -87.63397, 41.68519 ], [ -87.63333, 41.68519 ], [ -87.63173, 41.68522 ], [ -87.62915, 41.68524 ], [ -87.6267, 41.68528 ], [ -87.62619, 41.68528 ], [ -87.62388, 41.68531 ], [ -87.62329, 41.68532 ], [ -87.62261, 41.68532 ], [ -87.62103, 41.68534 ], [ -87.6202, 41.68535 ], [ -87.61778, 41.68538 ], [ -87.61652, 41.68539 ], [ -87.6159, 41.6854 ], [ -87.61413, 41.68541 ], [ -87.61359, 41.68542 ], [ -87.61228, 41.68543 ], [ -87.61261, 41.68383 ], [ -87.61282, 41.68295 ], [ -87.61289, 41.68258 ], [ -87.61301, 41.68224 ], [ -87.61317, 41.68159 ], [ -87.61338, 41.68062 ], [ -87.61353, 41.67998 ], [ -87.61377, 41.67889 ], [ -87.61387, 41.67846 ], [ -87.61405, 41.67761 ], [ -87.61415, 41.67723 ], [ -87.6142, 41.6769 ], [ -87.61433, 41.67646 ], [ -87.61439, 41.67622 ], [ -87.61442, 41.67618 ], [ -87.61445, 41.67597 ], [ -87.61456, 41.6756 ], [ -87.61467, 41.67513 ], [ -87.61485, 41.67433 ], [ -87.61497, 41.67384 ], [ -87.61507, 41.67337 ], [ -87.61515, 41.67306 ], [ -87.61522, 41.67268 ], [ -87.6153, 41.67236 ], [ -87.61547, 41.67159 ], [ -87.61557, 41.67121 ], [ -87.61566, 41.67075 ], [ -87.61576, 41.67035 ], [ -87.6159, 41.66974 ], [ -87.61609, 41.6689 ], [ -87.61613, 41.66877 ], [ -87.61618, 41.66844 ], [ -87.61626, 41.6682 ], [ -87.61657, 41.66686 ], [ -87.61665, 41.66656 ], [ -87.61675, 41.66617 ], [ -87.61697, 41.66523 ], [ -87.61715, 41.66434 ], [ -87.61721, 41.66389 ], [ -87.61723, 41.66356 ], [ -87.61727, 41.66335 ], [ -87.61749, 41.66251 ], [ -87.61767, 41.66172 ], [ -87.61828, 41.65911 ], [ -87.61845, 41.65911 ] ] ] ] } },
{ "type": "Feature", "properties": { "id": 54, "name": "Riverdale", "areaKm2": 9.134 }, "geometry": { "type": "MultiPolygon", "coordinates": [ [ [ [ -87.60172, 41.68584 ], [ -87.60176, 41.68569 ], [ -87.6019, 41.68506 ], [ -87.60194, 41.68474 ], [ -87.60194, 41.68417 ], [ -87.60191, 41.68317 ], [ -87.60188, 41.68263 ], [ -87.60188, 41.68193 ], [ -87.60185, 41.68069 ], [ -87.6018, 41.67898 ], [ -87.60175, 41.67766 ], [ -87.60173, 41.6769 ], [ -87.60171, 41.67657 ], [ -87.60166, 41.6762 ], [ -87.60154, 41.67567 ], [ -87.60145, 41.67534 ], [ -87.60128, 41.67489 ], [ -87.60113, 41.67456 ], [ -87.60091, 41.67413 ], [ -87.60074, 41.67385 ], [ -87.60046, 41.67343 ], [ -87.60019, 41.67309 ], [ -87.60007, 41.67294 ], [ -87.59862, 41.67126 ], [ -87.59855, 41.67119 ], [ -87.59757, 41.67005 ], [ -87.59663, 41.66894 ], [ -87.59594, 41.66814 ], [ -87.59588, 41.66807 ], [ -87.59535, 41.66745 ], [ -87.59456, 41.66654 ], [ -87.59384, 41.6657 ], [ -87.59271, 41.66439 ], [ -87.59212, 41.66371 ], [ -87.59172, 41.66353 ], [ -87.59074, 41.66241 ], [ -87.59012, 41.66165 ], [ -87.589, 41.66039 ], [ -87.58868, 41.66003 ], [ -87.58765, 41.65881 ], [ -87.58627, 41.65722 ], [ -87.58468, 41.65537 ], [ -87.58375, 41.65427 ], [ -87.58339, 41.65383 ], [ -87.58274, 41.65308 ], [ -87.58212, 41.65238 ], [ -87.58186, 41.65206 ], [ -87.58105, 41.65112 ], [ -87.58081, 41.65084 ], [ -87.58049, 41.65042 ], [ -87.57979, 41.64941 ], [ -87.57964, 41.64914 ], [ -87.57918, 41.64816 ], [ -87.57888, 41.64738 ], [ -87.57883, 41.64725 ], [ -87.57868, 41.6467 ], [ -87.57862, 41.64645 ], [ -87.57852, 41.64595 ], [ -87.57845, 41.64552 ], [ -87.57842, 41.64517 ], [ -87.57838, 41.64469 ], [ -87.57858, 41.6447 ], [ -87.58567, 41.6447 ], [ -87.58945, 41.64465 ], [ -87.59284, 41.64464 ], [ -87.59318, 41.64463 ], [ -87.59445, 41.6446 ], [ -87.59528, 41.6446 ], [ -87.59618, 41.64459 ], [ -87.59759, 41.6446 ], [ -87.59824, 41.64461 ], [ -87.59925, 41.64461 ], [ -87.60124, 41.64461 ], [ -87.60199, 41.64461 ], [ -87.60363, 41.64461 ], [ -87.60578, 41.64461 ], [ -87.60918, 41.64461 ], [ -87.61022, 41.6446 ], [ -87.61089, 41.6446 ], [ -87.6121, 41.6446 ], [ -87.61336, 41.64461 ], [ -87.61399, 41.64461 ], [ -87.61473, 41.64459 ], [ -87.61673, 41.64458 ], [ -87.61722, 41.64458 ], [ -87.61724, 41.64763 ], [ -87.61722, 41.64859 ], [ -87.61723, 41.64936 ], [ -87.61723, 41.65028 ], [ -87.61735, 41.65028 ], [ -87.61803, 41.65037 ], [ -87.61908, 41.6506 ], [ -87.62021, 41.65085 ], [ -87.62032, 41.65089 ], [ -87.62008, 41.65133 ], [ -87.61982, 41.65183 ], [ -87.61966, 41.65219 ], [ -87.61945, 41.65266 ], [ -87.61925, 41.65313 ], [ -87.61907, 41.65361 ], [ -87.6189, 41.65409 ], [ -87.61875, 41.65458 ], [ -87.61861, 41.65506 ], [ -87.61848, 41.65555 ], [ -87.61837, 41.65604 ], [ -87.61773, 41.65901 ], [ -87.61771, 41.6591 ], [ -87.61828, 41.65911 ], [ -87.61767, 41.66172 ], [ -87.61749, 41.66251 ], [ -87.61727, 41.66335 ], [ -87.61723, 41.66356 ], [ -87.61721, 41.66389 ], [ -87.61715, 41.66434 ], [ -87.61697, 41.66523 ], [ -87.61675, 41.66617 ], [ -87.61665, 41.66656 ], [ -87.61657, 41.66686 ], [ -87.61626, 41.6682 ], [ -87.61618, 41.66844 ], [ -87.61613, 41.66877 ], [ -87.61609, 41.6689 ], [ -87.6159, 41.66974 ], [ -87.61576, 41.67035 ], [ -87.61566, 41.67075 ], [ -87.61557, 41.67121 ], [ -87.61547, 41.67159 ], [ -87.6153, 41.67236 ], [ -87.61522, 41.67268 ], [ -87.61515, 41.67306 ], [ -87.61507, 41.67337 ], [ -87.61497, 41.67384 ], [ -87.61485, 41.67433 ], [ -87.61467, 41.67513 ], [ -87.61456, 41.6756 ], [ -87.61445, 41.67597 ], [ -87.61442, 41.67618 ], [ -87.61439, 41.67622 ], [ -87.61433, 41.67646 ], [ -87.6142, 41.6769 ], [ -87.61415, 41.67723 ], [ -87.61405, 41.67761 ], [ -87.61387, 41.67846 ], [ -87.61377, 41.67889 ], [ -87.61353, 41.67998 ], [ -87.61338, 41.68062 ], [ -87.61317, 41.68159 ], [ -87.61301, 41.68224 ], [ -87.61289, 41.68258 ], [ -87.61282, 41.68295 ], [ -87.61261, 41.68383 ], [ -87.61228, 41.68543 ], [ -87.6114, 41.68544 ], [ -87.61042, 41.68545 ], [ -87.60743, 41.68548 ], [ -87.60458, 41.68551 ], [ -87.60425, 41.68553 ], [ -87.6041, 41.68556 ], [ -87.60309, 41.68597 ], [ -87.60293, 41.68603 ], [ -87.60249, 41.68614 ], [ -87.60218, 41.68618 ], [ -87.60194, 41.68618 ], [ -87.60168, 41.68621 ], [ -87.60157, 41.68621 ], [ -87.60172, 41.68584 ] ] ] ] } },
{ "type": "Feature", "properties": { "id": 55, "name": "Hegewisch", "areaKm2": 13.55 }, "geometry": { "type": "MultiPolygon", "coordinates": [ [ [ [ -87.52465, 41.68818 ], [ -87.52484, 41.67365 ], [ -87.52499, 41.65906 ], [ -87.52517, 41.64454 ], [ -87.52994, 41.64457 ], [ -87.53503, 41.64456 ], [ -87.53974, 41.64456 ], [ -87.54109, 41.64456 ], [ -87.54248, 41.64457 ], [ -87.5498, 41.64457 ], [ -87.552, 41.64459 ], [ -87.55875, 41.64464 ], [ -87.55932, 41.64464 ], [ -87.56141, 41.64465 ], [ -87.56237, 41.64466 ], [ -87.57373, 41.64468 ], [ -87.57487, 41.64468 ], [ -87.57725, 41.64471 ], [ -87.57838, 41.64469 ], [ -87.57842, 41.64517 ], [ -87.57845, 41.64552 ], [ -87.57852, 41.64595 ], [ -87.57862, 41.64645 ], [ -87.57868, 41.6467 ], [ -87.57883, 41.64725 ], [ -87.57888, 41.64738 ], [ -87.57918, 41.64816 ], [ -87.57964, 41.64914 ], [ -87.57979, 41.64941 ], [ -87.58049, 41.65042 ], [ -87.58081, 41.65084 ], [ -87.58105, 41.65112 ], [ -87.58186, 41.65206 ], [ -87.58212, 41.65238 ], [ -87.58274, 41.65308 ], [ -87.58339, 41.65383 ], [ -87.58375, 41.65427 ], [ -87.58468, 41.65537 ], [ -87.58627, 41.65722 ], [ -87.58765, 41.65881 ], [ -87.58868, 41.66003 ], [ -87.589, 41.66039 ], [ -87.58865, 41.66039 ], [ -87.58853, 41.66042 ], [ -87.58811, 41.66038 ], [ -87.58801, 41.66036 ], [ -87.5877, 41.66038 ], [ -87.58745, 41.66038 ], [ -87.58696, 41.66036 ], [ -87.58663, 41.66034 ], [ -87.58605, 41.66027 ], [ -87.58536, 41.66012 ], [ -87.58483, 41.65995 ], [ -87.58435, 41.65981 ], [ -87.58397, 41.65966 ], [ -87.58335, 41.65949 ], [ -87.583, 41.65941 ], [ -87.58243, 41.65931 ], [ -87.58211, 41.65927 ], [ -87.58159, 41.65922 ], [ -87.58066, 41.6592 ], [ -87.57939, 41.65919 ], [ -87.57821, 41.65919 ], [ -87.57745, 41.65919 ], [ -87.57695, 41.65918 ], [ -87.57635, 41.6592 ], [ -87.5755, 41.65921 ], [ -87.57439, 41.6592 ], [ -87.57124, 41.6592 ], [ -87.56997, 41.65919 ], [ -87.56684, 41.65918 ], [ -87.56413, 41.65917 ], [ -87.56085, 41.65916 ], [ -87.55964, 41.65917 ], [ -87.55929, 41.65919 ], [ -87.55928, 41.66195 ], [ -87.55928, 41.66274 ], [ -87.55927, 41.66561 ], [ -87.55927, 41.66725 ], [ -87.55927, 41.66831 ], [ -87.55926, 41.66865 ], [ -87.55883, 41.66901 ], [ -87.55874, 41.66899 ], [ -87.55864, 41.66894 ], [ -87.55836, 41.66892 ], [ -87.55817, 41.66893 ], [ -87.55806, 41.66907 ], [ -87.55785, 41.66921 ], [ -87.55782, 41.66927 ], [ -87.55775, 41.66924 ], [ -87.55769, 41.66927 ], [ -87.55772, 41.66933 ], [ -87.5574, 41.66959 ], [ -87.55705, 41.66966 ], [ -87.55684, 41.66977 ], [ -87.55684, 41.66985 ], [ -87.55675, 41.66995 ], [ -87.5566, 41.66997 ], [ -87.55573, 41.6687 ], [ -87.55429, 41.66651 ], [ -87.55412, 41.66627 ], [ -87.5532, 41.66487 ], [ -87.55234, 41.66376 ], [ -87.55198, 41.66342 ], [ -87.55127, 41.66292 ], [ -87.55041, 41.66241 ], [ -87.54954, 41.66193 ], [ -87.54801, 41.66108 ], [ -87.54713, 41.66056 ], [ -87.54586, 41.65983 ], [ -87.54487, 41.65923 ], [ -87.54471, 41.65922 ], [ -87.54507, 41.66106 ], [ -87.54645, 41.66814 ], [ -87.54639, 41.66839 ], [ -87.54635, 41.66866 ], [ -87.54633, 41.66892 ], [ -87.54629, 41.66915 ], [ -87.54621, 41.66942 ], [ -87.54606, 41.66987 ], [ -87.54585, 41.67041 ], [ -87.54571, 41.67081 ], [ -87.54541, 41.6715 ], [ -87.54527, 41.6718 ], [ -87.5452, 41.67204 ], [ -87.54511, 41.67219 ], [ -87.54506, 41.67238 ], [ -87.54497, 41.67283 ], [ -87.54492, 41.67318 ], [ -87.54508, 41.68099 ], [ -87.54508, 41.68277 ], [ -87.54494, 41.68275 ], [ -87.54381, 41.68276 ], [ -87.54252, 41.68278 ], [ -87.54133, 41.68279 ], [ -87.54012, 41.68278 ], [ -87.54012, 41.68361 ], [ -87.54013, 41.68451 ], [ -87.53887, 41.68451 ], [ -87.53767, 41.68449 ], [ -87.53647, 41.68452 ], [ -87.53405, 41.68452 ], [ -87.53164, 41.6845 ], [ -87.53164, 41.68457 ], [ -87.53129, 41.68458 ], [ -87.53041, 41.68457 ], [ -87.53034, 41.68513 ], [ -87.53038, 41.68637 ], [ -87.5304, 41.6882 ], [ -87.53036, 41.69183 ], [ -87.52656, 41.69181 ], [ -87.52501, 41.69181 ], [ -87.52462, 41.6918 ], [ -87.52465, 41.68818 ] ] ] ] } },
{ "type": "Feature", "properties": { "id": 56, "name": "Garfield Ridge", "areaKm2": 10.945 }, "geometry": { "type": "MultiPolygon", "coordinates": [ [ [ [ -87.73853, 41.81863 ], [ -87.73852, 41.81811 ], [ -87.73851, 41.81725 ], [ -87.73849, 41.81683 ], [ -87.73848, 41.81602 ], [ -87.73845, 41.81531 ], [ -87.73845, 41.81497 ], [ -87.7385, 41.81497 ], [ -87.73831, 41.80873 ], [ -87.73828, 41.80779 ], [ -87.73827, 41.80768 ], [ -87.73827, 41.80735 ], [ -87.73824, 41.80645 ], [ -87.7382, 41.80511 ], [ -87.73816, 41.80392 ], [ -87.73804, 41.79962 ], [ -87.738, 41.79862 ], [ -87.73796, 41.79702 ], [ -87.73791, 41.79529 ], [ -87.73786, 41.79368 ], [ -87.73782, 41.79362 ], [ -87.73785, 41.79346 ], [ -87.73782, 41.79247 ], [ -87.73778, 41.79125 ], [ -87.73776, 41.79048 ], [ -87.73773, 41.78963 ], [ -87.73765, 41.78677 ], [ -87.73762, 41.78578 ], [ -87.73845, 41.78579 ], [ -87.73972, 41.78578 ], [ -87.74068, 41.78575 ], [ -87.74145, 41.78574 ], [ -87.74253, 41.78573 ], [ -87.76202, 41.78533 ], [ -87.76202, 41.78539 ], [ -87.76325, 41.78537 ], [ -87.76702, 41.7853 ], [ -87.76795, 41.78528 ], [ -87.77281, 41.78518 ], [ -87.7752, 41.78513 ], [ -87.77565, 41.78513 ], [ -87.78126, 41.78501 ], [ -87.7818, 41.78501 ], [ -87.78303, 41.78499 ], [ -87.79339, 41.78482 ], [ -87.79514, 41.7848 ], [ -87.79635, 41.78478 ], [ -87.79691, 41.78476 ], [ -87.79725, 41.78476 ], [ -87.79762, 41.78476 ], [ -87.79781, 41.78474 ], [ -87.80096, 41.78469 ], [ -87.80122, 41.78469 ], [ -87.80128, 41.78618 ], [ -87.80134, 41.78746 ], [ -87.80138, 41.78845 ], [ -87.8014, 41.78901 ], [ -87.80143, 41.78957 ], [ -87.80146, 41.79033 ], [ -87.80152, 41.79162 ], [ -87.80154, 41.7922 ], [ -87.80162, 41.79481 ], [ -87.80161, 41.79576 ], [ -87.80162, 41.79778 ], [ -87.80163, 41.798 ], [ -87.79719, 41.7994 ], [ -87.79658, 41.79941 ], [ -87.79615, 41.79943 ], [ -87.79527, 41.79943 ], [ -87.79492, 41.79944 ], [ -87.79462, 41.79946 ], [ -87.79437, 41.79946 ], [ -87.79405, 41.79945 ], [ -87.79367, 41.79946 ], [ -87.79325, 41.79947 ], [ -87.79282, 41.79946 ], [ -87.79225, 41.79948 ], [ -87.79126, 41.7995 ], [ -87.7908, 41.79951 ], [ -87.78962, 41.79956 ], [ -87.78913, 41.79957 ], [ -87.78838, 41.7996 ], [ -87.78794, 41.79961 ], [ -87.7839, 41.79966 ], [ -87.78311, 41.79967 ], [ -87.7823, 41.79967 ], [ -87.78179, 41.79967 ], [ -87.7794, 41.79972 ], [ -87.77566, 41.79979 ], [ -87.77485, 41.79981 ], [ -87.77365, 41.79983 ], [ -87.77246, 41.79988 ], [ -87.77208, 41.79989 ], [ -87.76799, 41.79997 ], [ -87.76428, 41.80005 ], [ -87.76287, 41.80006 ], [ -87.76223, 41.80005 ], [ -87.76061, 41.80008 ], [ -87.75728, 41.80012 ], [ -87.75274, 41.80019 ], [ -87.75275, 41.80075 ], [ -87.75279, 41.80234 ], [ -87.75283, 41.80373 ], [ -87.75284, 41.80396 ], [ -87.75289, 41.80567 ], [ -87.75293, 41.80749 ], [ -87.75308, 41.81331 ], [ -87.75201, 41.81365 ], [ -87.74465, 41.81596 ], [ -87.74472, 41.81947 ], [ -87.74473, 41.82 ], [ -87.74476, 41.82203 ], [ -87.73865, 41.82212 ], [ -87.73862, 41.82099 ], [ -87.73862, 41.82062 ], [ -87.73858, 41.81885 ], [ -87.73856, 41.81871 ], [ -87.73853, 41.81863 ] ] ] ] } },
{ "type": "Feature", "properties": { "id": 57, "name": "Archer Heights", "areaKm2": 5.192 }, "geometry": { "type": "MultiPolygon", "coordinates": [ [ [ [ -87.71436, 41.82563 ], [ -87.71437, 41.82451 ], [ -87.71434, 41.82444 ], [ -87.71432, 41.82419 ], [ -87.71426, 41.82242 ], [ -87.71433, 41.82223 ], [ -87.71433, 41.82206 ], [ -87.71428, 41.82032 ], [ -87.71425, 41.81898 ], [ -87.71422, 41.81793 ], [ -87.71418, 41.81672 ], [ -87.71416, 41.8161 ], [ -87.71413, 41.81513 ], [ -87.71413, 41.81489 ], [ -87.71405, 41.81213 ], [ -87.71404, 41.81169 ], [ -87.71401, 41.81063 ], [ -87.71399, 41.81004 ], [ -87.71392, 41.8095 ], [ -87.71387, 41.80799 ], [ -87.71379, 41.80602 ], [ -87.714, 41.80522 ], [ -87.71405, 41.80509 ], [ -87.71423, 41.80478 ], [ -87.71442, 41.80452 ], [ -87.71459, 41.80433 ], [ -87.71474, 41.80419 ], [ -87.71523, 41.80376 ], [ -87.71568, 41.8036 ], [ -87.71773, 41.8028 ], [ -87.71902, 41.80228 ], [ -87.71969, 41.80201 ], [ -87.72131, 41.80129 ], [ -87.72173, 41.80111 ], [ -87.72237, 41.80081 ], [ -87.72297, 41.80055 ], [ -87.72337, 41.80055 ], [ -87.72337, 41.80022 ], [ -87.72598, 41.79919 ], [ -87.72821, 41.79831 ], [ -87.72817, 41.79683 ], [ -87.73102, 41.7968 ], [ -87.73197, 41.79679 ], [ -87.73205, 41.79676 ], [ -87.73239, 41.79679 ], [ -87.73551, 41.79676 ], [ -87.73548, 41.79562 ], [ -87.73541, 41.79546 ], [ -87.73564, 41.79544 ], [ -87.73607, 41.79535 ], [ -87.73645, 41.79531 ], [ -87.73665, 41.79531 ], [ -87.73791, 41.79529 ], [ -87.73796, 41.79702 ], [ -87.738, 41.79862 ], [ -87.73804, 41.79962 ], [ -87.73816, 41.80392 ], [ -87.7382, 41.80511 ], [ -87.73824, 41.80645 ], [ -87.73827, 41.80735 ], [ -87.73827, 41.80768 ], [ -87.73828, 41.80779 ], [ -87.73831, 41.80873 ], [ -87.7385, 41.81497 ], [ -87.73845, 41.81497 ], [ -87.73845, 41.81531 ], [ -87.73848, 41.81602 ], [ -87.73849, 41.81683 ], [ -87.73851, 41.81725 ], [ -87.73852, 41.81811 ], [ -87.73853, 41.81863 ], [ -87.73856, 41.81871 ], [ -87.73681, 41.81926 ], [ -87.73595, 41.81953 ], [ -87.73483, 41.81988 ], [ -87.73291, 41.82049 ], [ -87.73182, 41.82083 ], [ -87.73011, 41.82137 ], [ -87.72834, 41.82193 ], [ -87.72748, 41.8222 ], [ -87.72725, 41.82225 ], [ -87.72674, 41.82243 ], [ -87.72453, 41.82312 ], [ -87.72195, 41.82394 ], [ -87.71959, 41.82468 ], [ -87.71858, 41.82499 ], [ -87.71776, 41.82524 ], [ -87.71764, 41.82529 ], [ -87.71437, 41.82632 ], [ -87.71437, 41.82604 ], [ -87.71436, 41.82563 ] ] ] ] } },
{ "type": "Feature", "properties": { "id": 58, "name": "Brighton Park", "areaKm2": 7.045 }, "geometry": { "type": "MultiPolygon", "coordinates": [ [ [ [ -87.68423, 41.82181 ], [ -87.68419, 41.82062 ], [ -87.6841, 41.81685 ], [ -87.68409, 41.81625 ], [ -87.68404, 41.81466 ], [ -87.68402, 41.81363 ], [ -87.68397, 41.81243 ], [ -87.68395, 41.81132 ], [ -87.6839, 41.80962 ], [ -87.68388, 41.8092 ], [ -87.68388, 41.80872 ], [ -87.68387, 41.80842 ], [ -87.68443, 41.80843 ], [ -87.68435, 41.80593 ], [ -87.68435, 41.80568 ], [ -87.68437, 41.80472 ], [ -87.68437, 41.80455 ], [ -87.68617, 41.80453 ], [ -87.68939, 41.8045 ], [ -87.68986, 41.80449 ], [ -87.69315, 41.80446 ], [ -87.69409, 41.80441 ], [ -87.6941, 41.80464 ], [ -87.69689, 41.80459 ], [ -87.69804, 41.80456 ], [ -87.70085, 41.80451 ], [ -87.70242, 41.8045 ], [ -87.70247, 41.80449 ], [ -87.70265, 41.8045 ], [ -87.70387, 41.80448 ], [ -87.70386, 41.80422 ], [ -87.70518, 41.8042 ], [ -87.70755, 41.80416 ], [ -87.70796, 41.80418 ], [ -87.70805, 41.8042 ], [ -87.70872, 41.80418 ], [ -87.7095, 41.80417 ], [ -87.71087, 41.80415 ], [ -87.71134, 41.80413 ], [ -87.71168, 41.80408 ], [ -87.71233, 41.80399 ], [ -87.71283, 41.80395 ], [ -87.71378, 41.80393 ], [ -87.71378, 41.8043 ], [ -87.71377, 41.80558 ], [ -87.71379, 41.80602 ], [ -87.71387, 41.80799 ], [ -87.71392, 41.8095 ], [ -87.71399, 41.81004 ], [ -87.71401, 41.81063 ], [ -87.71404, 41.81169 ], [ -87.71405, 41.81213 ], [ -87.71413, 41.81489 ], [ -87.71413, 41.81513 ], [ -87.71416, 41.8161 ], [ -87.71418, 41.81672 ], [ -87.71422, 41.81793 ], [ -87.71425, 41.81898 ], [ -87.71428, 41.82032 ], [ -87.71433, 41.82206 ], [ -87.71433, 41.82223 ], [ -87.71426, 41.82242 ], [ -87.71432, 41.82419 ], [ -87.71434, 41.82444 ], [ -87.71437, 41.82451 ], [ -87.71436, 41.82563 ], [ -87.71437, 41.82604 ], [ -87.7142, 41.82609 ], [ -87.71146, 41.82696 ], [ -87.70999, 41.82741 ], [ -87.70748, 41.8282 ], [ -87.70458, 41.82912 ], [ -87.70461, 41.8298 ], [ -87.70417, 41.82987 ], [ -87.70301, 41.8302 ], [ -87.70225, 41.83039 ], [ -87.70038, 41.83092 ], [ -87.69935, 41.83124 ], [ -87.69854, 41.83149 ], [ -87.69781, 41.83173 ], [ -87.69729, 41.83194 ], [ -87.69661, 41.83219 ], [ -87.69636, 41.83199 ], [ -87.69598, 41.8321 ], [ -87.69519, 41.83235 ], [ -87.69442, 41.83259 ], [ -87.69362, 41.83284 ], [ -87.69036, 41.83387 ], [ -87.68912, 41.83426 ], [ -87.6874, 41.8348 ], [ -87.68745, 41.83469 ], [ -87.68742, 41.83372 ], [ -87.68737, 41.83079 ], [ -87.68736, 41.83024 ], [ -87.68732, 41.83024 ], [ -87.68744, 41.8284 ], [ -87.68736, 41.82662 ], [ -87.68686, 41.82665 ], [ -87.68686, 41.82654 ], [ -87.68667, 41.8261 ], [ -87.6866, 41.82595 ], [ -87.68625, 41.82543 ], [ -87.68611, 41.82523 ], [ -87.68667, 41.82489 ], [ -87.6862, 41.82442 ], [ -87.68612, 41.82428 ], [ -87.68607, 41.82317 ], [ -87.68608, 41.82296 ], [ -87.68546, 41.82297 ], [ -87.68473, 41.82301 ], [ -87.68424, 41.823 ], [ -87.68423, 41.82181 ] ] ] ] } },
{ "type": "Feature", "properties": { "id": 59, "name": "Mckinley Park", "areaKm2": 3.661 }, "geometry": { "type": "MultiPolygon", "coordinates": [ [ [ [ -87.65698, 41.82329 ], [ -87.65765, 41.82327 ], [ -87.65998, 41.82321 ], [ -87.66195, 41.82319 ], [ -87.6634, 41.82318 ], [ -87.66491, 41.82316 ], [ -87.66636, 41.82314 ], [ -87.66826, 41.82319 ], [ -87.67056, 41.82317 ], [ -87.67376, 41.82313 ], [ -87.67484, 41.82312 ], [ -87.67551, 41.8231 ], [ -87.67597, 41.82309 ], [ -87.67978, 41.82305 ], [ -87.68329, 41.82301 ], [ -87.68385, 41.823 ], [ -87.68424, 41.823 ], [ -87.68473, 41.82301 ], [ -87.68546, 41.82297 ], [ -87.68608, 41.82296 ], [ -87.68607, 41.82317 ], [ -87.68612, 41.82428 ], [ -87.6862, 41.82442 ], [ -87.68667, 41.82489 ], [ -87.68611, 41.82523 ], [ -87.68625, 41.82543 ], [ -87.6866, 41.82595 ], [ -87.68667, 41.8261 ], [ -87.68686, 41.82654 ], [ -87.68686, 41.82665 ], [ -87.68736, 41.82662 ], [ -87.68744, 41.8284 ], [ -87.68732, 41.83024 ], [ -87.68736, 41.83024 ], [ -87.68737, 41.83079 ], [ -87.68742, 41.83372 ], [ -87.68745, 41.83469 ], [ -87.6874, 41.8348 ], [ -87.68685, 41.83498 ], [ -87.68458, 41.83571 ], [ -87.68374, 41.83597 ], [ -87.68144, 41.83668 ], [ -87.6808, 41.83687 ], [ -87.68045, 41.83697 ], [ -87.68013, 41.83703 ], [ -87.67945, 41.83713 ], [ -87.67908, 41.83716 ], [ -87.67873, 41.83718 ], [ -87.67676, 41.83722 ], [ -87.67458, 41.83727 ], [ -87.67088, 41.83734 ], [ -87.67056, 41.83735 ], [ -87.67056, 41.83714 ], [ -87.67004, 41.83714 ], [ -87.66926, 41.83718 ], [ -87.66878, 41.83723 ], [ -87.66824, 41.83732 ], [ -87.66763, 41.83747 ], [ -87.66698, 41.83766 ], [ -87.66651, 41.83786 ], [ -87.66614, 41.83803 ], [ -87.66576, 41.83822 ], [ -87.66539, 41.83843 ], [ -87.66509, 41.83861 ], [ -87.66429, 41.83907 ], [ -87.66389, 41.83846 ], [ -87.66344, 41.83781 ], [ -87.66336, 41.83764 ], [ -87.66317, 41.83698 ], [ -87.66308, 41.83682 ], [ -87.66249, 41.83614 ], [ -87.66199, 41.83569 ], [ -87.66167, 41.83525 ], [ -87.66129, 41.83486 ], [ -87.66035, 41.83437 ], [ -87.65866, 41.83256 ], [ -87.65768, 41.83148 ], [ -87.65743, 41.8312 ], [ -87.65737, 41.83088 ], [ -87.65741, 41.83031 ], [ -87.65752, 41.82933 ], [ -87.65757, 41.82876 ], [ -87.65756, 41.82823 ], [ -87.65753, 41.8278 ], [ -87.65735, 41.82649 ], [ -87.65735, 41.82607 ], [ -87.65714, 41.82404 ], [ -87.65611, 41.82331 ], [ -87.65698, 41.82329 ] ] ] ] } },
{ "type": "Feature", "properties": { "id": 60, "name": "Bridgeport", "areaKm2": 5.411 }, "geometry": { "type": "MultiPolygon", "coordinates": [ [ [ [ -87.63574, 41.82359 ], [ -87.63612, 41.82359 ], [ -87.63711, 41.82358 ], [ -87.63755, 41.82356 ], [ -87.63835, 41.82356 ], [ -87.63896, 41.82355 ], [ -87.63953, 41.82354 ], [ -87.6401, 41.82353 ], [ -87.64149, 41.82352 ], [ -87.6418, 41.82351 ], [ -87.6427, 41.8235 ], [ -87.64331, 41.8235 ], [ -87.64401, 41.82348 ], [ -87.64563, 41.82346 ], [ -87.64635, 41.82345 ], [ -87.65044, 41.8234 ], [ -87.65115, 41.82339 ], [ -87.65271, 41.82337 ], [ -87.65333, 41.82337 ], [ -87.65473, 41.82334 ], [ -87.65611, 41.82331 ], [ -87.65714, 41.82404 ], [ -87.65735, 41.82607 ], [ -87.65735, 41.82649 ], [ -87.65753, 41.8278 ], [ -87.65756, 41.82823 ], [ -87.65757, 41.82876 ], [ -87.65752, 41.82933 ], [ -87.65741, 41.83031 ], [ -87.65737, 41.83088 ], [ -87.65743, 41.8312 ], [ -87.65768, 41.83148 ], [ -87.65866, 41.83256 ], [ -87.66035, 41.83437 ], [ -87.66129, 41.83486 ], [ -87.66167, 41.83525 ], [ -87.66199, 41.83569 ], [ -87.66249, 41.83614 ], [ -87.66308, 41.83682 ], [ -87.66317, 41.83698 ], [ -87.66336, 41.83764 ], [ -87.66344, 41.83781 ], [ -87.66389, 41.83846 ], [ -87.66429, 41.83907 ], [ -87.66454, 41.83956 ], [ -87.66457, 41.83988 ], [ -87.66453, 41.84043 ], [ -87.66454, 41.84066 ], [ -87.66457, 41.84076 ], [ -87.66484, 41.84124 ], [ -87.66497, 41.84162 ], [ -87.66495, 41.84172 ], [ -87.66431, 41.8428 ], [ -87.66389, 41.8441 ], [ -87.66378, 41.84429 ], [ -87.66345, 41.8445 ], [ -87.66252, 41.84491 ], [ -87.66164, 41.84535 ], [ -87.66077, 41.84584 ], [ -87.66072, 41.84572 ], [ -87.6586, 41.84726 ], [ -87.6575, 41.84717 ], [ -87.65312, 41.84795 ], [ -87.65258, 41.848 ], [ -87.65158, 41.84818 ], [ -87.651, 41.84831 ], [ -87.64964, 41.8484 ], [ -87.64864, 41.84861 ], [ -87.64759, 41.84894 ], [ -87.6468, 41.84921 ], [ -87.64585, 41.84938 ], [ -87.64489, 41.84942 ], [ -87.644, 41.84951 ], [ -87.64368, 41.84901 ], [ -87.64347, 41.84875 ], [ -87.64323, 41.84852 ], [ -87.64276, 41.84869 ], [ -87.64225, 41.84893 ], [ -87.64162, 41.84819 ], [ -87.64163, 41.84812 ], [ -87.64243, 41.84811 ], [ -87.64173, 41.84728 ], [ -87.64185, 41.84711 ], [ -87.6416, 41.84647 ], [ -87.6416, 41.8463 ], [ -87.64029, 41.84632 ], [ -87.63998, 41.84632 ], [ -87.63953, 41.84637 ], [ -87.63836, 41.84618 ], [ -87.63833, 41.84522 ], [ -87.63832, 41.84471 ], [ -87.6383, 41.84418 ], [ -87.63829, 41.84362 ], [ -87.63651, 41.84364 ], [ -87.6365, 41.84299 ], [ -87.63643, 41.84054 ], [ -87.63638, 41.83817 ], [ -87.63648, 41.83817 ], [ -87.63643, 41.83635 ], [ -87.63593, 41.83636 ], [ -87.63589, 41.83453 ], [ -87.63653, 41.83453 ], [ -87.63658, 41.83415 ], [ -87.63655, 41.83298 ], [ -87.63654, 41.83225 ], [ -87.63646, 41.82939 ], [ -87.63642, 41.82742 ], [ -87.6364, 41.82723 ], [ -87.6362, 41.82723 ], [ -87.63619, 41.82637 ], [ -87.63616, 41.82541 ], [ -87.63607, 41.8254 ], [ -87.63606, 41.82521 ], [ -87.63396, 41.82361 ], [ -87.63574, 41.82359 ] ] ] ] } },
{ "type": "Feature", "properties": { "id": 61, "name": "New City", "areaKm2": 12.499 }, "geometry": { "type": "MultiPolygon", "coordinates": [ [ [ [ -87.63664, 41.79445 ], [ -87.63759, 41.79444 ], [ -87.64048, 41.79438 ], [ -87.64261, 41.79435 ], [ -87.64494, 41.7943 ], [ -87.6453, 41.7943 ], [ -87.64628, 41.7943 ], [ -87.64861, 41.79426 ], [ -87.64986, 41.79424 ], [ -87.65015, 41.79424 ], [ -87.65344, 41.7942 ], [ -87.65467, 41.79417 ], [ -87.65487, 41.79417 ], [ -87.65499, 41.79417 ], [ -87.65825, 41.79413 ], [ -87.65909, 41.79411 ], [ -87.65959, 41.7941 ], [ -87.65989, 41.7941 ], [ -87.66323, 41.79406 ], [ -87.66397, 41.79403 ], [ -87.66483, 41.79402 ], [ -87.66673, 41.794 ], [ -87.66713, 41.79399 ], [ -87.6693, 41.79397 ], [ -87.67281, 41.79393 ], [ -87.6754, 41.79391 ], [ -87.67737, 41.79388 ], [ -87.67882, 41.79387 ], [ -87.67882, 41.79401 ], [ -87.67885, 41.79429 ], [ -87.67888, 41.79446 ], [ -87.67911, 41.79547 ], [ -87.67925, 41.79609 ], [ -87.67936, 41.79663 ], [ -87.67941, 41.79703 ], [ -87.67946, 41.79881 ], [ -87.67948, 41.79984 ], [ -87.67951, 41.80108 ], [ -87.67955, 41.80238 ], [ -87.67953, 41.80282 ], [ -87.67939, 41.80426 ], [ -87.67941, 41.80485 ], [ -87.68192, 41.80486 ], [ -87.68199, 41.80483 ], [ -87.68222, 41.80481 ], [ -87.68376, 41.8048 ], [ -87.68375, 41.80474 ], [ -87.68437, 41.80472 ], [ -87.68435, 41.80568 ], [ -87.68435, 41.80593 ], [ -87.68443, 41.80843 ], [ -87.68387, 41.80842 ], [ -87.68388, 41.80872 ], [ -87.68388, 41.8092 ], [ -87.6839, 41.80962 ], [ -87.68395, 41.81132 ], [ -87.68397, 41.81243 ], [ -87.68402, 41.81363 ], [ -87.68404, 41.81466 ], [ -87.68409, 41.81625 ], [ -87.6841, 41.81685 ], [ -87.68419, 41.82062 ], [ -87.68423, 41.82181 ], [ -87.68424, 41.823 ], [ -87.68385, 41.823 ], [ -87.68329, 41.82301 ], [ -87.67978, 41.82305 ], [ -87.67597, 41.82309 ], [ -87.67551, 41.8231 ], [ -87.67484, 41.82312 ], [ -87.67376, 41.82313 ], [ -87.67056, 41.82317 ], [ -87.66826, 41.82319 ], [ -87.66636, 41.82314 ], [ -87.66491, 41.82316 ], [ -87.6634, 41.82318 ], [ -87.66195, 41.82319 ], [ -87.65998, 41.82321 ], [ -87.65765, 41.82327 ], [ -87.65698, 41.82329 ], [ -87.65611, 41.82331 ], [ -87.65473, 41.82334 ], [ -87.65333, 41.82337 ], [ -87.65271, 41.82337 ], [ -87.65115, 41.82339 ], [ -87.65044, 41.8234 ], [ -87.64635, 41.82345 ], [ -87.64563, 41.82346 ], [ -87.64401, 41.82348 ], [ -87.64331, 41.8235 ], [ -87.6427, 41.8235 ], [ -87.6418, 41.82351 ], [ -87.64149, 41.82352 ], [ -87.6401, 41.82353 ], [ -87.63953, 41.82354 ], [ -87.63896, 41.82355 ], [ -87.63835, 41.82356 ], [ -87.63755, 41.82356 ], [ -87.63711, 41.82358 ], [ -87.63612, 41.82359 ], [ -87.6361, 41.82288 ], [ -87.63609, 41.82213 ], [ -87.63608, 41.82179 ], [ -87.63611, 41.82179 ], [ -87.63608, 41.81996 ], [ -87.63603, 41.81905 ], [ -87.63606, 41.819 ], [ -87.63604, 41.81815 ], [ -87.63589, 41.81815 ], [ -87.63582, 41.81726 ], [ -87.63572, 41.81635 ], [ -87.63616, 41.81635 ], [ -87.63621, 41.81578 ], [ -87.63622, 41.81542 ], [ -87.63621, 41.81475 ], [ -87.63616, 41.81261 ], [ -87.63616, 41.81221 ], [ -87.63618, 41.81195 ], [ -87.63625, 41.81148 ], [ -87.63638, 41.81091 ], [ -87.63586, 41.81092 ], [ -87.63583, 41.80961 ], [ -87.63582, 41.80942 ], [ -87.63577, 41.80905 ], [ -87.63592, 41.80904 ], [ -87.63588, 41.80796 ], [ -87.63582, 41.80601 ], [ -87.63575, 41.80339 ], [ -87.63573, 41.80273 ], [ -87.63573, 41.80239 ], [ -87.6357, 41.80147 ], [ -87.63568, 41.80119 ], [ -87.6356, 41.80065 ], [ -87.63554, 41.79916 ], [ -87.63551, 41.79831 ], [ -87.6355, 41.79766 ], [ -87.63549, 41.79716 ], [ -87.63551, 41.79646 ], [ -87.63549, 41.79567 ], [ -87.63546, 41.79448 ], [ -87.63664, 41.79445 ] ] ] ] } },
{ "type": "Feature", "properties": { "id": 62, "name": "West Elsdon", "areaKm2": 3.037 }, "geometry": { "type": "MultiPolygon", "coordinates": [ [ [ [ -87.71375, 41.80247 ], [ -87.71371, 41.80081 ], [ -87.7135, 41.80069 ], [ -87.71361, 41.80069 ], [ -87.71352, 41.79754 ], [ -87.71347, 41.79587 ], [ -87.7134, 41.79326 ], [ -87.71328, 41.78973 ], [ -87.71347, 41.78972 ], [ -87.71342, 41.78776 ], [ -87.71341, 41.78766 ], [ -87.71337, 41.78609 ], [ -87.7179, 41.78602 ], [ -87.7204, 41.78598 ], [ -87.72323, 41.78593 ], [ -87.72443, 41.78592 ], [ -87.72526, 41.78591 ], [ -87.73015, 41.78586 ], [ -87.73041, 41.78586 ], [ -87.73196, 41.78584 ], [ -87.73409, 41.78582 ], [ -87.73601, 41.7858 ], [ -87.73762, 41.78578 ], [ -87.73765, 41.78677 ], [ -87.73773, 41.78963 ], [ -87.73776, 41.79048 ], [ -87.73778, 41.79125 ], [ -87.73782, 41.79247 ], [ -87.73785, 41.79346 ], [ -87.73782, 41.79362 ], [ -87.73786, 41.79368 ], [ -87.73791, 41.79529 ], [ -87.73665, 41.79531 ], [ -87.73645, 41.79531 ], [ -87.73607, 41.79535 ], [ -87.73564, 41.79544 ], [ -87.73541, 41.79546 ], [ -87.73548, 41.79562 ], [ -87.73551, 41.79676 ], [ -87.73239, 41.79679 ], [ -87.73205, 41.79676 ], [ -87.73197, 41.79679 ], [ -87.73102, 41.7968 ], [ -87.72817, 41.79683 ], [ -87.72821, 41.79831 ], [ -87.72598, 41.79919 ], [ -87.72337, 41.80022 ], [ -87.72337, 41.80055 ], [ -87.72297, 41.80055 ], [ -87.72237, 41.80081 ], [ -87.72173, 41.80111 ], [ -87.72131, 41.80129 ], [ -87.71969, 41.80201 ], [ -87.71902, 41.80228 ], [ -87.71773, 41.8028 ], [ -87.71568, 41.8036 ], [ -87.71523, 41.80376 ], [ -87.71474, 41.80419 ], [ -87.71459, 41.80433 ], [ -87.71442, 41.80452 ], [ -87.71423, 41.80478 ], [ -87.71405, 41.80509 ], [ -87.714, 41.80522 ], [ -87.71379, 41.80602 ], [ -87.71377, 41.80558 ], [ -87.71378, 41.8043 ], [ -87.71378, 41.80393 ], [ -87.71375, 41.80247 ] ] ] ] } },
{ "type": "Feature", "properties": { "id": 63, "name": "Gage Park", "areaKm2": 5.69 }, "geometry": { "type": "MultiPolygon", "coordinates": [ [ [ [ -87.67881, 41.7935 ], [ -87.67937, 41.79349 ], [ -87.67966, 41.78971 ], [ -87.67964, 41.78836 ], [ -87.67967, 41.78656 ], [ -87.68078, 41.78655 ], [ -87.68225, 41.78653 ], [ -87.68369, 41.78651 ], [ -87.68401, 41.78655 ], [ -87.68422, 41.78656 ], [ -87.68484, 41.78655 ], [ -87.68772, 41.7865 ], [ -87.6889, 41.78648 ], [ -87.69026, 41.78646 ], [ -87.69318, 41.78642 ], [ -87.69439, 41.78639 ], [ -87.69507, 41.78638 ], [ -87.69637, 41.78636 ], [ -87.69816, 41.78633 ], [ -87.69868, 41.78632 ], [ -87.70233, 41.78626 ], [ -87.70372, 41.78624 ], [ -87.70551, 41.78621 ], [ -87.70972, 41.78615 ], [ -87.7129, 41.7861 ], [ -87.71337, 41.78609 ], [ -87.71341, 41.78766 ], [ -87.71342, 41.78776 ], [ -87.71347, 41.78972 ], [ -87.71328, 41.78973 ], [ -87.7134, 41.79326 ], [ -87.71347, 41.79587 ], [ -87.71352, 41.79754 ], [ -87.71361, 41.80069 ], [ -87.7135, 41.80069 ], [ -87.71371, 41.80081 ], [ -87.71375, 41.80247 ], [ -87.71378, 41.80393 ], [ -87.71283, 41.80395 ], [ -87.71233, 41.80399 ], [ -87.71168, 41.80408 ], [ -87.71134, 41.80413 ], [ -87.71087, 41.80415 ], [ -87.7095, 41.80417 ], [ -87.70872, 41.80418 ], [ -87.70805, 41.8042 ], [ -87.70796, 41.80418 ], [ -87.70755, 41.80416 ], [ -87.70518, 41.8042 ], [ -87.70386, 41.80422 ], [ -87.70387, 41.80448 ], [ -87.70265, 41.8045 ], [ -87.70247, 41.80449 ], [ -87.70242, 41.8045 ], [ -87.70085, 41.80451 ], [ -87.69804, 41.80456 ], [ -87.69689, 41.80459 ], [ -87.6941, 41.80464 ], [ -87.69409, 41.80441 ], [ -87.69315, 41.80446 ], [ -87.68986, 41.80449 ], [ -87.68939, 41.8045 ], [ -87.68617, 41.80453 ], [ -87.68437, 41.80455 ], [ -87.68437, 41.80472 ], [ -87.68375, 41.80474 ], [ -87.68376, 41.8048 ], [ -87.68222, 41.80481 ], [ -87.68199, 41.80483 ], [ -87.68192, 41.80486 ], [ -87.67941, 41.80485 ], [ -87.67939, 41.80426 ], [ -87.67953, 41.80282 ], [ -87.67955, 41.80238 ], [ -87.67951, 41.80108 ], [ -87.67948, 41.79984 ], [ -87.67946, 41.79881 ], [ -87.67941, 41.79703 ], [ -87.67936, 41.79663 ], [ -87.67925, 41.79609 ], [ -87.67911, 41.79547 ], [ -87.67888, 41.79446 ], [ -87.67885, 41.79429 ], [ -87.67882, 41.79401 ], [ -87.67882, 41.79387 ], [ -87.67881, 41.7935 ] ] ] ] } },
{ "type": "Feature", "properties": { "id": 64, "name": "Clearing", "areaKm2": 6.605 }, "geometry": { "type": "MultiPolygon", "coordinates": [ [ [ [ -87.73761, 41.78573 ], [ -87.73756, 41.78396 ], [ -87.73754, 41.78338 ], [ -87.7375, 41.7819 ], [ -87.73746, 41.78052 ], [ -87.73747, 41.78031 ], [ -87.73745, 41.78023 ], [ -87.73739, 41.77835 ], [ -87.73736, 41.77723 ], [ -87.73732, 41.7761 ], [ -87.73731, 41.77575 ], [ -87.73726, 41.77395 ], [ -87.7372, 41.77204 ], [ -87.73718, 41.7712 ], [ -87.74164, 41.77114 ], [ -87.74205, 41.77113 ], [ -87.74207, 41.77179 ], [ -87.74215, 41.77445 ], [ -87.74217, 41.77478 ], [ -87.74268, 41.77476 ], [ -87.74355, 41.77474 ], [ -87.74446, 41.77472 ], [ -87.7469, 41.77467 ], [ -87.76158, 41.77439 ], [ -87.76182, 41.77439 ], [ -87.76234, 41.77438 ], [ -87.76286, 41.77438 ], [ -87.77162, 41.7742 ], [ -87.77249, 41.77419 ], [ -87.77366, 41.77416 ], [ -87.77475, 41.77414 ], [ -87.77532, 41.77413 ], [ -87.77686, 41.7741 ], [ -87.77734, 41.77409 ], [ -87.77815, 41.77407 ], [ -87.78091, 41.77402 ], [ -87.7819, 41.774 ], [ -87.78251, 41.77399 ], [ -87.78392, 41.77397 ], [ -87.78576, 41.77394 ], [ -87.7882, 41.7739 ], [ -87.78986, 41.77387 ], [ -87.79134, 41.77384 ], [ -87.79248, 41.77383 ], [ -87.79368, 41.77382 ], [ -87.79897, 41.77373 ], [ -87.80081, 41.7737 ], [ -87.80082, 41.77405 ], [ -87.80078, 41.7742 ], [ -87.80083, 41.77547 ], [ -87.80082, 41.7756 ], [ -87.80085, 41.77634 ], [ -87.80089, 41.77657 ], [ -87.80087, 41.7768 ], [ -87.80087, 41.77695 ], [ -87.80092, 41.77761 ], [ -87.80096, 41.77846 ], [ -87.80099, 41.77898 ], [ -87.80101, 41.77913 ], [ -87.80101, 41.77968 ], [ -87.80102, 41.78022 ], [ -87.80107, 41.78119 ], [ -87.80108, 41.78155 ], [ -87.80122, 41.78469 ], [ -87.80096, 41.78469 ], [ -87.79781, 41.78474 ], [ -87.79762, 41.78476 ], [ -87.79725, 41.78476 ], [ -87.79691, 41.78476 ], [ -87.79635, 41.78478 ], [ -87.79514, 41.7848 ], [ -87.79339, 41.78482 ], [ -87.78303, 41.78499 ], [ -87.7818, 41.78501 ], [ -87.78126, 41.78501 ], [ -87.77565, 41.78513 ], [ -87.7752, 41.78513 ], [ -87.77281, 41.78518 ], [ -87.76795, 41.78528 ], [ -87.76702, 41.7853 ], [ -87.76325, 41.78537 ], [ -87.76202, 41.78539 ], [ -87.76202, 41.78533 ], [ -87.74253, 41.78573 ], [ -87.74145, 41.78574 ], [ -87.74068, 41.78575 ], [ -87.73972, 41.78578 ], [ -87.73845, 41.78579 ], [ -87.73762, 41.78578 ], [ -87.73761, 41.78573 ] ] ] ] } },
{ "type": "Feature", "properties": { "id": 65, "name": "West Lawn", "areaKm2": 7.641 }, "geometry": { "type": "MultiPolygon", "coordinates": [ [ [ [ -87.71297, 41.75743 ], [ -87.71328, 41.75752 ], [ -87.71372, 41.75768 ], [ -87.71392, 41.75777 ], [ -87.71461, 41.75811 ], [ -87.71554, 41.75853 ], [ -87.71622, 41.75889 ], [ -87.71623, 41.75878 ], [ -87.71684, 41.75908 ], [ -87.717, 41.75913 ], [ -87.7171, 41.7592 ], [ -87.71723, 41.75922 ], [ -87.71801, 41.75949 ], [ -87.7183, 41.75961 ], [ -87.71861, 41.75975 ], [ -87.71892, 41.75991 ], [ -87.72016, 41.76056 ], [ -87.72062, 41.76079 ], [ -87.7213, 41.76111 ], [ -87.72157, 41.76123 ], [ -87.72207, 41.76141 ], [ -87.72229, 41.76147 ], [ -87.72219, 41.7578 ], [ -87.72218, 41.7575 ], [ -87.72218, 41.7566 ], [ -87.72215, 41.75552 ], [ -87.72217, 41.75508 ], [ -87.72217, 41.75486 ], [ -87.72215, 41.75433 ], [ -87.7221, 41.75413 ], [ -87.72204, 41.75346 ], [ -87.72204, 41.75337 ], [ -87.72317, 41.75335 ], [ -87.72372, 41.75334 ], [ -87.72428, 41.75333 ], [ -87.72494, 41.75329 ], [ -87.72651, 41.75326 ], [ -87.72725, 41.75326 ], [ -87.72828, 41.75324 ], [ -87.7288, 41.75323 ], [ -87.7292, 41.75322 ], [ -87.73042, 41.7532 ], [ -87.73108, 41.75319 ], [ -87.73201, 41.75317 ], [ -87.73218, 41.75317 ], [ -87.73227, 41.7532 ], [ -87.73233, 41.75332 ], [ -87.73658, 41.75304 ], [ -87.73658, 41.75316 ], [ -87.73731, 41.75315 ], [ -87.73819, 41.75313 ], [ -87.73829, 41.75313 ], [ -87.73912, 41.75312 ], [ -87.7394, 41.75314 ], [ -87.74121, 41.75328 ], [ -87.74131, 41.7533 ], [ -87.7415, 41.75329 ], [ -87.7415, 41.75373 ], [ -87.74153, 41.7547 ], [ -87.74162, 41.75706 ], [ -87.74165, 41.75785 ], [ -87.74169, 41.75894 ], [ -87.74173, 41.75977 ], [ -87.74178, 41.76046 ], [ -87.74179, 41.76084 ], [ -87.74178, 41.76128 ], [ -87.74184, 41.76227 ], [ -87.74187, 41.76297 ], [ -87.74187, 41.76328 ], [ -87.7419, 41.76412 ], [ -87.7419, 41.7643 ], [ -87.74203, 41.7704 ], [ -87.74205, 41.77113 ], [ -87.74164, 41.77114 ], [ -87.73718, 41.7712 ], [ -87.7372, 41.77204 ], [ -87.73726, 41.77395 ], [ -87.73731, 41.77575 ], [ -87.73732, 41.7761 ], [ -87.73736, 41.77723 ], [ -87.73739, 41.77835 ], [ -87.73745, 41.78023 ], [ -87.73747, 41.78031 ], [ -87.73746, 41.78052 ], [ -87.7375, 41.7819 ], [ -87.73754, 41.78338 ], [ -87.73756, 41.78396 ], [ -87.73761, 41.78573 ], [ -87.73762, 41.78578 ], [ -87.73601, 41.7858 ], [ -87.73409, 41.78582 ], [ -87.73196, 41.78584 ], [ -87.73041, 41.78586 ], [ -87.73015, 41.78586 ], [ -87.72526, 41.78591 ], [ -87.72443, 41.78592 ], [ -87.72323, 41.78593 ], [ -87.7204, 41.78598 ], [ -87.7179, 41.78602 ], [ -87.71337, 41.78609 ], [ -87.7129, 41.7861 ], [ -87.71294, 41.78568 ], [ -87.7129, 41.78446 ], [ -87.7129, 41.78409 ], [ -87.71282, 41.78138 ], [ -87.7128, 41.78048 ], [ -87.71277, 41.77954 ], [ -87.71275, 41.77901 ], [ -87.71273, 41.77883 ], [ -87.71295, 41.77883 ], [ -87.71293, 41.7781 ], [ -87.71289, 41.77653 ], [ -87.71284, 41.77426 ], [ -87.71282, 41.77335 ], [ -87.71281, 41.77317 ], [ -87.71277, 41.77152 ], [ -87.71275, 41.77081 ], [ -87.71267, 41.76829 ], [ -87.71263, 41.76717 ], [ -87.71254, 41.7644 ], [ -87.7125, 41.76268 ], [ -87.71243, 41.7606 ], [ -87.71252, 41.76058 ], [ -87.71255, 41.75734 ], [ -87.71297, 41.75743 ] ] ] ] } },
{ "type": "Feature", "properties": { "id": 66, "name": "Chicago Lawn", "areaKm2": 9.124 }, "geometry": { "type": "MultiPolygon", "coordinates": [ [ [ [ -87.67859, 41.75765 ], [ -87.67932, 41.75765 ], [ -87.6812, 41.75762 ], [ -87.68154, 41.75764 ], [ -87.682, 41.75761 ], [ -87.68325, 41.7576 ], [ -87.68348, 41.75758 ], [ -87.68383, 41.75758 ], [ -87.6841, 41.75756 ], [ -87.68481, 41.75757 ], [ -87.68563, 41.75755 ], [ -87.6867, 41.75753 ], [ -87.68668, 41.75748 ], [ -87.68675, 41.75745 ], [ -87.68696, 41.75745 ], [ -87.68817, 41.75744 ], [ -87.68877, 41.75748 ], [ -87.68911, 41.75749 ], [ -87.68954, 41.75749 ], [ -87.69018, 41.75744 ], [ -87.69191, 41.75741 ], [ -87.69605, 41.75735 ], [ -87.69934, 41.7573 ], [ -87.70118, 41.75726 ], [ -87.70213, 41.75721 ], [ -87.70262, 41.7572 ], [ -87.70262, 41.75724 ], [ -87.70278, 41.75725 ], [ -87.70423, 41.75723 ], [ -87.70612, 41.7572 ], [ -87.70653, 41.75718 ], [ -87.70695, 41.75714 ], [ -87.70745, 41.75713 ], [ -87.70743, 41.75726 ], [ -87.70902, 41.75723 ], [ -87.70964, 41.75719 ], [ -87.71042, 41.75717 ], [ -87.71101, 41.75717 ], [ -87.71135, 41.75718 ], [ -87.71184, 41.75723 ], [ -87.71225, 41.75729 ], [ -87.71255, 41.75734 ], [ -87.71252, 41.76058 ], [ -87.71243, 41.7606 ], [ -87.7125, 41.76268 ], [ -87.71254, 41.7644 ], [ -87.71263, 41.76717 ], [ -87.71267, 41.76829 ], [ -87.71275, 41.77081 ], [ -87.71277, 41.77152 ], [ -87.71281, 41.77317 ], [ -87.71282, 41.77335 ], [ -87.71284, 41.77426 ], [ -87.71289, 41.77653 ], [ -87.71293, 41.7781 ], [ -87.71295, 41.77883 ], [ -87.71273, 41.77883 ], [ -87.71275, 41.77901 ], [ -87.71277, 41.77954 ], [ -87.7128, 41.78048 ], [ -87.71282, 41.78138 ], [ -87.7129, 41.78409 ], [ -87.7129, 41.78446 ], [ -87.71294, 41.78568 ], [ -87.7129, 41.7861 ], [ -87.70972, 41.78615 ], [ -87.70551, 41.78621 ], [ -87.70372, 41.78624 ], [ -87.70233, 41.78626 ], [ -87.69868, 41.78632 ], [ -87.69816, 41.78633 ], [ -87.69637, 41.78636 ], [ -87.69507, 41.78638 ], [ -87.69439, 41.78639 ], [ -87.69318, 41.78642 ], [ -87.69026, 41.78646 ], [ -87.6889, 41.78648 ], [ -87.68772, 41.7865 ], [ -87.68484, 41.78655 ], [ -87.68422, 41.78656 ], [ -87.68401, 41.78655 ], [ -87.68369, 41.78651 ], [ -87.68225, 41.78653 ], [ -87.68078, 41.78655 ], [ -87.67967, 41.78656 ], [ -87.67912, 41.78656 ], [ -87.67898, 41.78105 ], [ -87.67895, 41.78105 ], [ -87.67875, 41.78033 ], [ -87.67849, 41.77925 ], [ -87.67848, 41.77912 ], [ -87.6788, 41.77617 ], [ -87.67882, 41.77597 ], [ -87.67881, 41.77564 ], [ -87.67856, 41.77564 ], [ -87.67835, 41.77202 ], [ -87.67872, 41.77201 ], [ -87.67867, 41.77028 ], [ -87.67862, 41.76839 ], [ -87.67836, 41.76839 ], [ -87.67845, 41.76753 ], [ -87.67845, 41.76673 ], [ -87.67835, 41.76593 ], [ -87.67855, 41.76476 ], [ -87.67854, 41.76384 ], [ -87.67815, 41.75766 ], [ -87.67859, 41.75765 ] ] ] ] } },
{ "type": "Feature", "properties": { "id": 67, "name": "West Englewood", "areaKm2": 8.164 }, "geometry": { "type": "MultiPolygon", "coordinates": [ [ [ [ -87.65486, 41.79343 ], [ -87.65478, 41.79044 ], [ -87.65474, 41.78863 ], [ -87.65471, 41.78787 ], [ -87.65469, 41.787 ], [ -87.65468, 41.78655 ], [ -87.65464, 41.78498 ], [ -87.65455, 41.78132 ], [ -87.6545, 41.77974 ], [ -87.6545, 41.77946 ], [ -87.65446, 41.77791 ], [ -87.65445, 41.77764 ], [ -87.65436, 41.77427 ], [ -87.65432, 41.77305 ], [ -87.6543, 41.77186 ], [ -87.65426, 41.77039 ], [ -87.65422, 41.76885 ], [ -87.65421, 41.76857 ], [ -87.65409, 41.76421 ], [ -87.65408, 41.76343 ], [ -87.65404, 41.76241 ], [ -87.65402, 41.76129 ], [ -87.65398, 41.76015 ], [ -87.65398, 41.75974 ], [ -87.65395, 41.75902 ], [ -87.65393, 41.758 ], [ -87.65393, 41.75793 ], [ -87.65401, 41.75789 ], [ -87.65664, 41.75785 ], [ -87.65718, 41.75784 ], [ -87.65793, 41.75783 ], [ -87.65878, 41.75782 ], [ -87.66199, 41.75777 ], [ -87.66361, 41.75777 ], [ -87.66361, 41.75774 ], [ -87.6645, 41.7577 ], [ -87.66547, 41.75767 ], [ -87.66636, 41.75767 ], [ -87.66948, 41.75763 ], [ -87.6697, 41.75763 ], [ -87.66969, 41.75778 ], [ -87.67234, 41.75776 ], [ -87.67546, 41.75771 ], [ -87.67713, 41.75767 ], [ -87.67815, 41.75766 ], [ -87.67854, 41.76384 ], [ -87.67855, 41.76476 ], [ -87.67835, 41.76593 ], [ -87.67845, 41.76673 ], [ -87.67845, 41.76753 ], [ -87.67836, 41.76839 ], [ -87.67862, 41.76839 ], [ -87.67867, 41.77028 ], [ -87.67872, 41.77201 ], [ -87.67835, 41.77202 ], [ -87.67856, 41.77564 ], [ -87.67881, 41.77564 ], [ -87.67882, 41.77597 ], [ -87.6788, 41.77617 ], [ -87.67848, 41.77912 ], [ -87.67849, 41.77925 ], [ -87.67875, 41.78033 ], [ -87.67895, 41.78105 ], [ -87.67898, 41.78105 ], [ -87.67912, 41.78656 ], [ -87.67967, 41.78656 ], [ -87.67964, 41.78836 ], [ -87.67966, 41.78971 ], [ -87.67937, 41.79349 ], [ -87.67881, 41.7935 ], [ -87.67882, 41.79387 ], [ -87.67737, 41.79388 ], [ -87.6754, 41.79391 ], [ -87.67281, 41.79393 ], [ -87.6693, 41.79397 ], [ -87.66713, 41.79399 ], [ -87.66673, 41.794 ], [ -87.66483, 41.79402 ], [ -87.66397, 41.79403 ], [ -87.66323, 41.79406 ], [ -87.65989, 41.7941 ], [ -87.65959, 41.7941 ], [ -87.65909, 41.79411 ], [ -87.65825, 41.79413 ], [ -87.65499, 41.79417 ], [ -87.65487, 41.79417 ], [ -87.65486, 41.79343 ] ] ] ] } },
{ "type": "Feature", "properties": { "id": 68, "name": "Englewood", "areaKm2": 7.951 }, "geometry": { "type": "MultiPolygon", "coordinates": [ [ [ [ -87.62897, 41.78315 ], [ -87.62896, 41.78276 ], [ -87.62893, 41.78148 ], [ -87.62891, 41.78077 ], [ -87.62889, 41.7803 ], [ -87.6286, 41.78014 ], [ -87.62854, 41.78 ], [ -87.62908, 41.77999 ], [ -87.62935, 41.78 ], [ -87.63015, 41.77999 ], [ -87.63013, 41.77941 ], [ -87.6301, 41.77864 ], [ -87.63009, 41.77835 ], [ -87.63011, 41.77821 ], [ -87.63008, 41.77817 ], [ -87.63005, 41.77693 ], [ -87.63009, 41.77626 ], [ -87.63005, 41.77544 ], [ -87.63004, 41.77535 ], [ -87.63001, 41.77435 ], [ -87.62999, 41.77353 ], [ -87.62997, 41.77286 ], [ -87.62996, 41.77271 ], [ -87.63104, 41.77269 ], [ -87.63125, 41.77139 ], [ -87.63136, 41.76906 ], [ -87.63236, 41.76903 ], [ -87.63355, 41.76901 ], [ -87.6335, 41.76735 ], [ -87.63354, 41.76719 ], [ -87.63441, 41.76718 ], [ -87.63471, 41.76717 ], [ -87.63467, 41.76549 ], [ -87.63464, 41.76428 ], [ -87.63468, 41.76413 ], [ -87.63484, 41.7637 ], [ -87.63484, 41.7636 ], [ -87.63448, 41.76352 ], [ -87.63443, 41.76342 ], [ -87.63456, 41.76316 ], [ -87.63461, 41.763 ], [ -87.63458, 41.76189 ], [ -87.63455, 41.76045 ], [ -87.63453, 41.7599 ], [ -87.63575, 41.75988 ], [ -87.6357, 41.75806 ], [ -87.6372, 41.75804 ], [ -87.63789, 41.75802 ], [ -87.63859, 41.75801 ], [ -87.63927, 41.75798 ], [ -87.63928, 41.75719 ], [ -87.6393, 41.75666 ], [ -87.63933, 41.75616 ], [ -87.6399, 41.75615 ], [ -87.64408, 41.75608 ], [ -87.64418, 41.75609 ], [ -87.64424, 41.75814 ], [ -87.64433, 41.75811 ], [ -87.64653, 41.75807 ], [ -87.64666, 41.75811 ], [ -87.64811, 41.75809 ], [ -87.6496, 41.75806 ], [ -87.65103, 41.75804 ], [ -87.65393, 41.758 ], [ -87.65395, 41.75902 ], [ -87.65398, 41.75974 ], [ -87.65398, 41.76015 ], [ -87.65402, 41.76129 ], [ -87.65404, 41.76241 ], [ -87.65408, 41.76343 ], [ -87.65409, 41.76421 ], [ -87.65421, 41.76857 ], [ -87.65422, 41.76885 ], [ -87.65426, 41.77039 ], [ -87.6543, 41.77186 ], [ -87.65432, 41.77305 ], [ -87.65436, 41.77427 ], [ -87.65445, 41.77764 ], [ -87.65446, 41.77791 ], [ -87.6545, 41.77946 ], [ -87.6545, 41.77974 ], [ -87.65455, 41.78132 ], [ -87.65464, 41.78498 ], [ -87.65468, 41.78655 ], [ -87.65469, 41.787 ], [ -87.65471, 41.78787 ], [ -87.65474, 41.78863 ], [ -87.65478, 41.79044 ], [ -87.65486, 41.79343 ], [ -87.65487, 41.79417 ], [ -87.65467, 41.79417 ], [ -87.65344, 41.7942 ], [ -87.65015, 41.79424 ], [ -87.64986, 41.79424 ], [ -87.64861, 41.79426 ], [ -87.64628, 41.7943 ], [ -87.6453, 41.7943 ], [ -87.64494, 41.7943 ], [ -87.64261, 41.79435 ], [ -87.64048, 41.79438 ], [ -87.63759, 41.79444 ], [ -87.63664, 41.79445 ], [ -87.63546, 41.79448 ], [ -87.63403, 41.7945 ], [ -87.63319, 41.79451 ], [ -87.63214, 41.79453 ], [ -87.63117, 41.79454 ], [ -87.63067, 41.79455 ], [ -87.63039, 41.79458 ], [ -87.6302, 41.79458 ], [ -87.62934, 41.79458 ], [ -87.62856, 41.7946 ], [ -87.6285, 41.79258 ], [ -87.62847, 41.79169 ], [ -87.62846, 41.79116 ], [ -87.62843, 41.79004 ], [ -87.6284, 41.78995 ], [ -87.62843, 41.78985 ], [ -87.62825, 41.78326 ], [ -87.62826, 41.78316 ], [ -87.62897, 41.78315 ] ] ] ] } },
{ "type": "Feature", "properties": { "id": 69, "name": "Greater Grand Crossing", "areaKm2": 9.177 }, "geometry": { "type": "MultiPolygon", "coordinates": [ [ [ [ -87.61559, 41.77863 ], [ -87.61557, 41.77814 ], [ -87.61552, 41.77612 ], [ -87.61546, 41.77323 ], [ -87.61545, 41.77297 ], [ -87.61456, 41.77232 ], [ -87.61282, 41.77106 ], [ -87.61183, 41.77035 ], [ -87.6109, 41.76968 ], [ -87.61006, 41.76908 ], [ -87.60874, 41.76813 ], [ -87.60836, 41.76785 ], [ -87.60609, 41.76624 ], [ -87.60559, 41.76587 ], [ -87.60561, 41.76617 ], [ -87.6056, 41.76653 ], [ -87.60562, 41.76685 ], [ -87.60569, 41.76983 ], [ -87.60572, 41.77105 ], [ -87.60575, 41.77228 ], [ -87.60577, 41.77314 ], [ -87.60539, 41.77315 ], [ -87.60424, 41.77315 ], [ -87.60223, 41.77318 ], [ -87.60114, 41.77318 ], [ -87.59863, 41.77321 ], [ -87.59622, 41.77324 ], [ -87.59577, 41.77324 ], [ -87.5921, 41.77328 ], [ -87.59219, 41.77288 ], [ -87.59222, 41.77272 ], [ -87.59224, 41.77248 ], [ -87.59249, 41.77132 ], [ -87.59275, 41.77028 ], [ -87.59274, 41.7699 ], [ -87.59239, 41.7699 ], [ -87.59235, 41.76782 ], [ -87.59228, 41.76601 ], [ -87.5933, 41.76601 ], [ -87.59338, 41.76507 ], [ -87.59339, 41.76502 ], [ -87.59338, 41.76435 ], [ -87.59335, 41.76348 ], [ -87.59332, 41.76235 ], [ -87.59458, 41.76235 ], [ -87.59486, 41.76111 ], [ -87.59507, 41.7602 ], [ -87.59536, 41.7588 ], [ -87.59538, 41.7587 ], [ -87.59563, 41.7587 ], [ -87.59493, 41.75819 ], [ -87.59487, 41.75817 ], [ -87.59455, 41.75795 ], [ -87.59306, 41.75688 ], [ -87.59416, 41.75687 ], [ -87.5958, 41.75686 ], [ -87.59622, 41.75503 ], [ -87.5956, 41.75503 ], [ -87.59553, 41.75315 ], [ -87.59553, 41.75309 ], [ -87.59549, 41.75139 ], [ -87.59648, 41.75137 ], [ -87.59721, 41.75137 ], [ -87.59881, 41.75135 ], [ -87.59998, 41.75134 ], [ -87.60184, 41.75132 ], [ -87.60363, 41.75131 ], [ -87.60552, 41.75128 ], [ -87.60583, 41.75127 ], [ -87.60798, 41.75124 ], [ -87.61031, 41.7512 ], [ -87.61218, 41.75116 ], [ -87.61341, 41.75115 ], [ -87.6144, 41.75113 ], [ -87.6148, 41.75111 ], [ -87.61534, 41.75111 ], [ -87.61573, 41.7511 ], [ -87.61797, 41.75107 ], [ -87.6201, 41.75103 ], [ -87.62163, 41.751 ], [ -87.6232, 41.75098 ], [ -87.62385, 41.75098 ], [ -87.62455, 41.75096 ], [ -87.62473, 41.75095 ], [ -87.62582, 41.75093 ], [ -87.62652, 41.75094 ], [ -87.62681, 41.75092 ], [ -87.62726, 41.7509 ], [ -87.63327, 41.7508 ], [ -87.63391, 41.75079 ], [ -87.6344, 41.75078 ], [ -87.63517, 41.75077 ], [ -87.63685, 41.75074 ], [ -87.63937, 41.75071 ], [ -87.63976, 41.7507 ], [ -87.63977, 41.75084 ], [ -87.63979, 41.75169 ], [ -87.63981, 41.75272 ], [ -87.63984, 41.75354 ], [ -87.63987, 41.75492 ], [ -87.6399, 41.75615 ], [ -87.63933, 41.75616 ], [ -87.6393, 41.75666 ], [ -87.63928, 41.75719 ], [ -87.63927, 41.75798 ], [ -87.63859, 41.75801 ], [ -87.63789, 41.75802 ], [ -87.6372, 41.75804 ], [ -87.6357, 41.75806 ], [ -87.63575, 41.75988 ], [ -87.63453, 41.7599 ], [ -87.63455, 41.76045 ], [ -87.63458, 41.76189 ], [ -87.63461, 41.763 ], [ -87.63456, 41.76316 ], [ -87.63443, 41.76342 ], [ -87.63448, 41.76352 ], [ -87.63484, 41.7636 ], [ -87.63484, 41.7637 ], [ -87.63468, 41.76413 ], [ -87.63464, 41.76428 ], [ -87.63467, 41.76549 ], [ -87.63471, 41.76717 ], [ -87.63441, 41.76718 ], [ -87.63354, 41.76719 ], [ -87.6335, 41.76735 ], [ -87.63355, 41.76901 ], [ -87.63236, 41.76903 ], [ -87.63136, 41.76906 ], [ -87.63125, 41.77139 ], [ -87.63104, 41.77269 ], [ -87.62996, 41.77271 ], [ -87.62997, 41.77286 ], [ -87.62999, 41.77353 ], [ -87.63001, 41.77435 ], [ -87.63004, 41.77535 ], [ -87.63005, 41.77544 ], [ -87.63009, 41.77626 ], [ -87.63005, 41.77693 ], [ -87.63008, 41.77817 ], [ -87.63011, 41.77821 ], [ -87.63009, 41.77835 ], [ -87.6301, 41.77864 ], [ -87.63013, 41.77941 ], [ -87.63015, 41.77999 ], [ -87.62935, 41.78 ], [ -87.62908, 41.77999 ], [ -87.62854, 41.78 ], [ -87.6286, 41.78014 ], [ -87.62889, 41.7803 ], [ -87.62891, 41.78077 ], [ -87.62893, 41.78148 ], [ -87.62896, 41.78276 ], [ -87.62897, 41.78315 ], [ -87.62826, 41.78316 ], [ -87.62678, 41.78318 ], [ -87.6254, 41.78321 ], [ -87.62538, 41.78224 ], [ -87.62536, 41.78158 ], [ -87.62536, 41.7808 ], [ -87.62537, 41.78006 ], [ -87.6251, 41.78006 ], [ -87.62473, 41.78005 ], [ -87.62397, 41.78001 ], [ -87.62354, 41.78001 ], [ -87.62248, 41.78003 ], [ -87.62176, 41.78004 ], [ -87.62106, 41.78005 ], [ -87.62083, 41.78006 ], [ -87.62055, 41.78009 ], [ -87.6201, 41.78015 ], [ -87.6197, 41.78017 ], [ -87.61843, 41.78019 ], [ -87.61562, 41.78024 ], [ -87.61559, 41.77863 ] ] ] ] } },
{ "type": "Feature", "properties": { "id": 70, "name": "Ashburn", "areaKm2": 12.575 }, "geometry": { "type": "MultiPolygon", "coordinates": [ [ [ [ -87.71225, 41.75729 ], [ -87.71184, 41.75723 ], [ -87.71135, 41.75718 ], [ -87.71101, 41.75717 ], [ -87.71042, 41.75717 ], [ -87.70964, 41.75719 ], [ -87.70902, 41.75723 ], [ -87.70743, 41.75726 ], [ -87.70745, 41.75713 ], [ -87.70695, 41.75714 ], [ -87.70653, 41.75718 ], [ -87.70612, 41.7572 ], [ -87.70423, 41.75723 ], [ -87.70278, 41.75725 ], [ -87.70262, 41.75724 ], [ -87.70262, 41.7572 ], [ -87.70213, 41.75721 ], [ -87.70118, 41.75726 ], [ -87.69934, 41.7573 ], [ -87.69605, 41.75735 ], [ -87.69191, 41.75741 ], [ -87.69018, 41.75744 ], [ -87.68954, 41.75749 ], [ -87.68911, 41.75749 ], [ -87.68877, 41.75748 ], [ -87.68817, 41.75744 ], [ -87.68696, 41.75745 ], [ -87.68675, 41.75745 ], [ -87.68668, 41.75748 ], [ -87.6867, 41.75753 ], [ -87.68563, 41.75755 ], [ -87.68481, 41.75757 ], [ -87.6841, 41.75756 ], [ -87.68383, 41.75758 ], [ -87.68348, 41.75758 ], [ -87.68325, 41.7576 ], [ -87.682, 41.75761 ], [ -87.68154, 41.75764 ], [ -87.6812, 41.75762 ], [ -87.67932, 41.75765 ], [ -87.67859, 41.75765 ], [ -87.67853, 41.75746 ], [ -87.67851, 41.75682 ], [ -87.67849, 41.75636 ], [ -87.67841, 41.75532 ], [ -87.67839, 41.75479 ], [ -87.67837, 41.75404 ], [ -87.67821, 41.74818 ], [ -87.67823, 41.74781 ], [ -87.67824, 41.74745 ], [ -87.67814, 41.74745 ], [ -87.67812, 41.74727 ], [ -87.67812, 41.7468 ], [ -87.67816, 41.74656 ], [ -87.67816, 41.74639 ], [ -87.67814, 41.74588 ], [ -87.67815, 41.74571 ], [ -87.67814, 41.74515 ], [ -87.67812, 41.74449 ], [ -87.67808, 41.7437 ], [ -87.67802, 41.74322 ], [ -87.67789, 41.74254 ], [ -87.67764, 41.74172 ], [ -87.67757, 41.74153 ], [ -87.67742, 41.74116 ], [ -87.67719, 41.74066 ], [ -87.67689, 41.74011 ], [ -87.67609, 41.7393 ], [ -87.6753, 41.73868 ], [ -87.67526, 41.73862 ], [ -87.67436, 41.73755 ], [ -87.67353, 41.73655 ], [ -87.67302, 41.73594 ], [ -87.67298, 41.73592 ], [ -87.67279, 41.7359 ], [ -87.67279, 41.73565 ], [ -87.67308, 41.73566 ], [ -87.67337, 41.73566 ], [ -87.67427, 41.73565 ], [ -87.67478, 41.73563 ], [ -87.6764, 41.73561 ], [ -87.67756, 41.73559 ], [ -87.67818, 41.73559 ], [ -87.67866, 41.73558 ], [ -87.68049, 41.73556 ], [ -87.68251, 41.73553 ], [ -87.68299, 41.73552 ], [ -87.68482, 41.73549 ], [ -87.68571, 41.73547 ], [ -87.68695, 41.73545 ], [ -87.68767, 41.73544 ], [ -87.68861, 41.73542 ], [ -87.691, 41.73538 ], [ -87.69233, 41.73536 ], [ -87.69401, 41.73533 ], [ -87.69547, 41.7353 ], [ -87.6966, 41.73529 ], [ -87.69855, 41.73526 ], [ -87.70049, 41.73522 ], [ -87.70124, 41.73521 ], [ -87.70147, 41.73522 ], [ -87.70215, 41.73519 ], [ -87.70347, 41.73516 ], [ -87.70465, 41.73515 ], [ -87.7061, 41.73512 ], [ -87.70707, 41.73511 ], [ -87.70769, 41.7351 ], [ -87.70846, 41.73509 ], [ -87.70916, 41.73508 ], [ -87.71121, 41.73504 ], [ -87.71193, 41.73503 ], [ -87.71278, 41.73502 ], [ -87.71399, 41.73499 ], [ -87.7197, 41.73489 ], [ -87.72234, 41.73484 ], [ -87.72359, 41.73482 ], [ -87.72596, 41.73478 ], [ -87.72716, 41.73473 ], [ -87.72791, 41.73472 ], [ -87.73111, 41.73467 ], [ -87.73358, 41.73463 ], [ -87.73826, 41.73455 ], [ -87.73861, 41.73457 ], [ -87.73953, 41.73456 ], [ -87.74016, 41.73455 ], [ -87.74107, 41.73452 ], [ -87.74103, 41.73491 ], [ -87.74095, 41.73556 ], [ -87.74093, 41.73604 ], [ -87.74093, 41.73687 ], [ -87.74098, 41.73842 ], [ -87.74109, 41.74164 ], [ -87.74116, 41.74355 ], [ -87.7412, 41.74433 ], [ -87.74123, 41.74544 ], [ -87.74127, 41.74674 ], [ -87.7413, 41.74765 ], [ -87.74131, 41.74837 ], [ -87.74132, 41.74872 ], [ -87.74139, 41.74952 ], [ -87.74141, 41.75027 ], [ -87.74141, 41.75067 ], [ -87.74144, 41.75149 ], [ -87.74147, 41.75178 ], [ -87.74147, 41.75228 ], [ -87.7415, 41.75267 ], [ -87.7415, 41.75329 ], [ -87.74131, 41.7533 ], [ -87.74121, 41.75328 ], [ -87.7394, 41.75314 ], [ -87.73912, 41.75312 ], [ -87.73829, 41.75313 ], [ -87.73819, 41.75313 ], [ -87.73731, 41.75315 ], [ -87.73658, 41.75316 ], [ -87.73658, 41.75304 ], [ -87.73233, 41.75332 ], [ -87.73227, 41.7532 ], [ -87.73218, 41.75317 ], [ -87.73201, 41.75317 ], [ -87.73108, 41.75319 ], [ -87.73042, 41.7532 ], [ -87.7292, 41.75322 ], [ -87.7288, 41.75323 ], [ -87.72828, 41.75324 ], [ -87.72725, 41.75326 ], [ -87.72651, 41.75326 ], [ -87.72494, 41.75329 ], [ -87.72428, 41.75333 ], [ -87.72372, 41.75334 ], [ -87.72317, 41.75335 ], [ -87.72204, 41.75337 ], [ -87.72204, 41.75346 ], [ -87.7221, 41.75413 ], [ -87.72215, 41.75433 ], [ -87.72217, 41.75486 ], [ -87.72217, 41.75508 ], [ -87.72215, 41.75552 ], [ -87.72218, 41.7566 ], [ -87.72218, 41.7575 ], [ -87.72219, 41.7578 ], [ -87.72229, 41.76147 ], [ -87.72207, 41.76141 ], [ -87.72157, 41.76123 ], [ -87.7213, 41.76111 ], [ -87.72062, 41.76079 ], [ -87.72016, 41.76056 ], [ -87.71892, 41.75991 ], [ -87.71861, 41.75975 ], [ -87.7183, 41.75961 ], [ -87.71801, 41.75949 ], [ -87.71723, 41.75922 ], [ -87.7171, 41.7592 ], [ -87.717, 41.75913 ], [ -87.71684, 41.75908 ], [ -87.71623, 41.75878 ], [ -87.71622, 41.75889 ], [ -87.71554, 41.75853 ], [ -87.71461, 41.75811 ], [ -87.71392, 41.75777 ], [ -87.71372, 41.75768 ], [ -87.71328, 41.75752 ], [ -87.71297, 41.75743 ], [ -87.71255, 41.75734 ], [ -87.71225, 41.75729 ] ] ] ] } },
{ "type": "Feature", "properties": { "id": 71, "name": "Auburn Gresham", "areaKm2": 9.753 }, "geometry": { "type": "MultiPolygon", "coordinates": [ [ [ [ -87.63987, 41.75492 ], [ -87.63984, 41.75354 ], [ -87.63981, 41.75272 ], [ -87.63979, 41.75169 ], [ -87.63977, 41.75084 ], [ -87.63976, 41.7507 ], [ -87.63937, 41.75071 ], [ -87.63945, 41.75049 ], [ -87.63949, 41.74886 ], [ -87.6391, 41.74887 ], [ -87.63907, 41.74794 ], [ -87.63906, 41.74705 ], [ -87.63909, 41.74517 ], [ -87.63919, 41.74343 ], [ -87.63729, 41.74348 ], [ -87.63648, 41.74352 ], [ -87.63608, 41.74398 ], [ -87.63595, 41.74416 ], [ -87.63464, 41.74365 ], [ -87.63423, 41.74351 ], [ -87.63411, 41.7435 ], [ -87.63404, 41.74087 ], [ -87.63403, 41.7408 ], [ -87.63401, 41.73956 ], [ -87.63396, 41.73947 ], [ -87.63404, 41.73918 ], [ -87.63408, 41.73914 ], [ -87.63401, 41.73891 ], [ -87.63394, 41.73861 ], [ -87.63388, 41.73821 ], [ -87.63387, 41.73805 ], [ -87.63385, 41.73738 ], [ -87.63381, 41.73595 ], [ -87.63408, 41.73597 ], [ -87.63413, 41.73594 ], [ -87.63409, 41.73562 ], [ -87.63407, 41.7352 ], [ -87.634, 41.7339 ], [ -87.63396, 41.73289 ], [ -87.63391, 41.73171 ], [ -87.63386, 41.73088 ], [ -87.63382, 41.73041 ], [ -87.6338, 41.72998 ], [ -87.63374, 41.72992 ], [ -87.63373, 41.72885 ], [ -87.63497, 41.72886 ], [ -87.63504, 41.72888 ], [ -87.63535, 41.72888 ], [ -87.63711, 41.72886 ], [ -87.6375, 41.72885 ], [ -87.63997, 41.72881 ], [ -87.6412, 41.7288 ], [ -87.64205, 41.72879 ], [ -87.64313, 41.72877 ], [ -87.64374, 41.72877 ], [ -87.64452, 41.72875 ], [ -87.64462, 41.7287 ], [ -87.64465, 41.7288 ], [ -87.64467, 41.72934 ], [ -87.64468, 41.72984 ], [ -87.64518, 41.72984 ], [ -87.64544, 41.72982 ], [ -87.64582, 41.72974 ], [ -87.6461, 41.72965 ], [ -87.64643, 41.72951 ], [ -87.64671, 41.72934 ], [ -87.64698, 41.72915 ], [ -87.64724, 41.72893 ], [ -87.64749, 41.72863 ], [ -87.64757, 41.72865 ], [ -87.64795, 41.7287 ], [ -87.64767, 41.72945 ], [ -87.64696, 41.73139 ], [ -87.64656, 41.73244 ], [ -87.64651, 41.73253 ], [ -87.6475, 41.73253 ], [ -87.64782, 41.73253 ], [ -87.64807, 41.73249 ], [ -87.64827, 41.73244 ], [ -87.64862, 41.73246 ], [ -87.64908, 41.73246 ], [ -87.64993, 41.73245 ], [ -87.65118, 41.73243 ], [ -87.65567, 41.73237 ], [ -87.65712, 41.73235 ], [ -87.6581, 41.73233 ], [ -87.65818, 41.7323 ], [ -87.6594, 41.73229 ], [ -87.65972, 41.73229 ], [ -87.66045, 41.73228 ], [ -87.6608, 41.73226 ], [ -87.66168, 41.73225 ], [ -87.6624, 41.73223 ], [ -87.66273, 41.7322 ], [ -87.66296, 41.73219 ], [ -87.66333, 41.73212 ], [ -87.66373, 41.73211 ], [ -87.66539, 41.73209 ], [ -87.66536, 41.73132 ], [ -87.66533, 41.73024 ], [ -87.66789, 41.73021 ], [ -87.66812, 41.7302 ], [ -87.66915, 41.73123 ], [ -87.67308, 41.73566 ], [ -87.67279, 41.73565 ], [ -87.67279, 41.7359 ], [ -87.67298, 41.73592 ], [ -87.67302, 41.73594 ], [ -87.67353, 41.73655 ], [ -87.67436, 41.73755 ], [ -87.67526, 41.73862 ], [ -87.6753, 41.73868 ], [ -87.67609, 41.7393 ], [ -87.67689, 41.74011 ], [ -87.67719, 41.74066 ], [ -87.67742, 41.74116 ], [ -87.67757, 41.74153 ], [ -87.67764, 41.74172 ], [ -87.67789, 41.74254 ], [ -87.67802, 41.74322 ], [ -87.67808, 41.7437 ], [ -87.67812, 41.74449 ], [ -87.67814, 41.74515 ], [ -87.67815, 41.74571 ], [ -87.67814, 41.74588 ], [ -87.67816, 41.74639 ], [ -87.67816, 41.74656 ], [ -87.67812, 41.7468 ], [ -87.67812, 41.74727 ], [ -87.67814, 41.74745 ], [ -87.67824, 41.74745 ], [ -87.67823, 41.74781 ], [ -87.67821, 41.74818 ], [ -87.67837, 41.75404 ], [ -87.67839, 41.75479 ], [ -87.67841, 41.75532 ], [ -87.67849, 41.75636 ], [ -87.67851, 41.75682 ], [ -87.67853, 41.75746 ], [ -87.67859, 41.75765 ], [ -87.67815, 41.75766 ], [ -87.67713, 41.75767 ], [ -87.67546, 41.75771 ], [ -87.67234, 41.75776 ], [ -87.66969, 41.75778 ], [ -87.6697, 41.75763 ], [ -87.66948, 41.75763 ], [ -87.66636, 41.75767 ], [ -87.66547, 41.75767 ], [ -87.6645, 41.7577 ], [ -87.66361, 41.75774 ], [ -87.66361, 41.75777 ], [ -87.66199, 41.75777 ], [ -87.65878, 41.75782 ], [ -87.65793, 41.75783 ], [ -87.65718, 41.75784 ], [ -87.65664, 41.75785 ], [ -87.65401, 41.75789 ], [ -87.65393, 41.75793 ], [ -87.65393, 41.758 ], [ -87.65103, 41.75804 ], [ -87.6496, 41.75806 ], [ -87.64811, 41.75809 ], [ -87.64666, 41.75811 ], [ -87.64653, 41.75807 ], [ -87.64433, 41.75811 ], [ -87.64424, 41.75814 ], [ -87.64418, 41.75609 ], [ -87.64408, 41.75608 ], [ -87.6399, 41.75615 ], [ -87.63987, 41.75492 ] ] ] ] } },
{ "type": "Feature", "properties": { "id": 72, "name": "Beverly", "areaKm2": 8.241 }, "geometry": { "type": "MultiPolygon", "coordinates": [ [ [ [ -87.66915, 41.73123 ], [ -87.66812, 41.7302 ], [ -87.66806, 41.73014 ], [ -87.66726, 41.72887 ], [ -87.66725, 41.72885 ], [ -87.66731, 41.72868 ], [ -87.66732, 41.72844 ], [ -87.66708, 41.72803 ], [ -87.66536, 41.7248 ], [ -87.66345, 41.7212 ], [ -87.66326, 41.7212 ], [ -87.6632, 41.72109 ], [ -87.66309, 41.7201 ], [ -87.66107, 41.71569 ], [ -87.65998, 41.714 ], [ -87.65867, 41.71134 ], [ -87.65636, 41.70678 ], [ -87.65602, 41.70679 ], [ -87.65627, 41.70611 ], [ -87.65655, 41.70538 ], [ -87.65693, 41.70436 ], [ -87.65726, 41.70347 ], [ -87.65752, 41.70276 ], [ -87.65822, 41.70086 ], [ -87.65874, 41.69944 ], [ -87.6617, 41.69941 ], [ -87.66283, 41.69939 ], [ -87.66512, 41.69934 ], [ -87.66575, 41.69933 ], [ -87.66668, 41.69931 ], [ -87.66805, 41.69928 ], [ -87.6688, 41.69927 ], [ -87.66922, 41.69926 ], [ -87.67027, 41.69924 ], [ -87.67066, 41.69923 ], [ -87.67229, 41.6992 ], [ -87.67288, 41.69919 ], [ -87.67461, 41.69915 ], [ -87.67517, 41.69914 ], [ -87.67674, 41.69912 ], [ -87.67945, 41.69906 ], [ -87.67986, 41.69906 ], [ -87.68056, 41.69906 ], [ -87.68124, 41.69907 ], [ -87.68154, 41.69909 ], [ -87.68355, 41.69907 ], [ -87.68539, 41.69905 ], [ -87.68664, 41.69904 ], [ -87.68828, 41.69902 ], [ -87.68863, 41.69902 ], [ -87.69124, 41.69898 ], [ -87.69602, 41.69893 ], [ -87.69615, 41.69894 ], [ -87.6963, 41.70229 ], [ -87.69632, 41.7027 ], [ -87.69644, 41.70626 ], [ -87.69646, 41.70714 ], [ -87.69631, 41.70715 ], [ -87.69482, 41.70717 ], [ -87.69284, 41.70719 ], [ -87.69152, 41.7072 ], [ -87.69153, 41.70741 ], [ -87.69157, 41.70844 ], [ -87.69158, 41.7089 ], [ -87.69162, 41.71013 ], [ -87.69165, 41.71104 ], [ -87.6917, 41.71245 ], [ -87.69173, 41.71342 ], [ -87.69173, 41.71357 ], [ -87.69027, 41.71358 ], [ -87.68951, 41.71359 ], [ -87.68897, 41.7136 ], [ -87.68616, 41.71363 ], [ -87.68405, 41.71365 ], [ -87.68337, 41.71366 ], [ -87.68272, 41.71367 ], [ -87.6821, 41.71367 ], [ -87.68184, 41.71366 ], [ -87.68186, 41.71438 ], [ -87.68191, 41.71584 ], [ -87.68193, 41.71643 ], [ -87.68196, 41.71757 ], [ -87.682, 41.71876 ], [ -87.68205, 41.72058 ], [ -87.68208, 41.7213 ], [ -87.68211, 41.72252 ], [ -87.68216, 41.72382 ], [ -87.68218, 41.72477 ], [ -87.68224, 41.72669 ], [ -87.68228, 41.72786 ], [ -87.6824, 41.73188 ], [ -87.68247, 41.73393 ], [ -87.68249, 41.73466 ], [ -87.68251, 41.73553 ], [ -87.68049, 41.73556 ], [ -87.67866, 41.73558 ], [ -87.67818, 41.73559 ], [ -87.67756, 41.73559 ], [ -87.6764, 41.73561 ], [ -87.67478, 41.73563 ], [ -87.67427, 41.73565 ], [ -87.67337, 41.73566 ], [ -87.67308, 41.73566 ], [ -87.66915, 41.73123 ] ] ] ] } },
{ "type": "Feature", "properties": { "id": 73, "name": "Washington Heights", "areaKm2": 7.393 }, "geometry": { "type": "MultiPolygon", "coordinates": [ [ [ [ -87.63369, 41.72699 ], [ -87.63365, 41.72578 ], [ -87.63364, 41.72522 ], [ -87.63358, 41.72302 ], [ -87.63353, 41.72159 ], [ -87.63348, 41.71977 ], [ -87.63342, 41.71795 ], [ -87.63338, 41.71614 ], [ -87.63336, 41.71522 ], [ -87.63334, 41.71465 ], [ -87.63334, 41.71436 ], [ -87.63331, 41.71342 ], [ -87.63327, 41.71169 ], [ -87.63321, 41.70977 ], [ -87.63319, 41.70888 ], [ -87.63317, 41.70797 ], [ -87.63313, 41.70704 ], [ -87.63517, 41.70702 ], [ -87.63886, 41.70697 ], [ -87.64283, 41.70692 ], [ -87.64274, 41.70385 ], [ -87.64271, 41.70305 ], [ -87.64261, 41.69964 ], [ -87.64291, 41.69964 ], [ -87.644, 41.69963 ], [ -87.64597, 41.69961 ], [ -87.64716, 41.6996 ], [ -87.64974, 41.69957 ], [ -87.65123, 41.69955 ], [ -87.65207, 41.69954 ], [ -87.65561, 41.69949 ], [ -87.65625, 41.69948 ], [ -87.65732, 41.69947 ], [ -87.65778, 41.69946 ], [ -87.65874, 41.69944 ], [ -87.65822, 41.70086 ], [ -87.65752, 41.70276 ], [ -87.65726, 41.70347 ], [ -87.65693, 41.70436 ], [ -87.65655, 41.70538 ], [ -87.65627, 41.70611 ], [ -87.65602, 41.70679 ], [ -87.65636, 41.70678 ], [ -87.65867, 41.71134 ], [ -87.65998, 41.714 ], [ -87.66107, 41.71569 ], [ -87.66309, 41.7201 ], [ -87.6632, 41.72109 ], [ -87.66326, 41.7212 ], [ -87.66345, 41.7212 ], [ -87.66536, 41.7248 ], [ -87.66708, 41.72803 ], [ -87.66732, 41.72844 ], [ -87.66731, 41.72868 ], [ -87.66725, 41.72885 ], [ -87.66726, 41.72887 ], [ -87.66806, 41.73014 ], [ -87.66812, 41.7302 ], [ -87.66789, 41.73021 ], [ -87.66533, 41.73024 ], [ -87.66536, 41.73132 ], [ -87.66539, 41.73209 ], [ -87.66373, 41.73211 ], [ -87.66333, 41.73212 ], [ -87.66296, 41.73219 ], [ -87.66273, 41.7322 ], [ -87.6624, 41.73223 ], [ -87.66168, 41.73225 ], [ -87.6608, 41.73226 ], [ -87.66045, 41.73228 ], [ -87.65972, 41.73229 ], [ -87.6594, 41.73229 ], [ -87.65818, 41.7323 ], [ -87.6581, 41.73233 ], [ -87.65712, 41.73235 ], [ -87.65567, 41.73237 ], [ -87.65118, 41.73243 ], [ -87.64993, 41.73245 ], [ -87.64908, 41.73246 ], [ -87.64862, 41.73246 ], [ -87.64827, 41.73244 ], [ -87.64807, 41.73249 ], [ -87.64782, 41.73253 ], [ -87.6475, 41.73253 ], [ -87.64651, 41.73253 ], [ -87.64656, 41.73244 ], [ -87.64696, 41.73139 ], [ -87.64767, 41.72945 ], [ -87.64795, 41.7287 ], [ -87.64757, 41.72865 ], [ -87.64749, 41.72863 ], [ -87.64724, 41.72893 ], [ -87.64698, 41.72915 ], [ -87.64671, 41.72934 ], [ -87.64643, 41.72951 ], [ -87.6461, 41.72965 ], [ -87.64582, 41.72974 ], [ -87.64544, 41.72982 ], [ -87.64518, 41.72984 ], [ -87.64468, 41.72984 ], [ -87.64467, 41.72934 ], [ -87.64465, 41.7288 ], [ -87.64462, 41.7287 ], [ -87.64452, 41.72875 ], [ -87.64374, 41.72877 ], [ -87.64313, 41.72877 ], [ -87.64205, 41.72879 ], [ -87.6412, 41.7288 ], [ -87.63997, 41.72881 ], [ -87.6375, 41.72885 ], [ -87.63711, 41.72886 ], [ -87.63535, 41.72888 ], [ -87.63504, 41.72888 ], [ -87.63497, 41.72886 ], [ -87.63373, 41.72885 ], [ -87.63369, 41.72699 ] ] ] ] } },
{ "type": "Feature", "properties": { "id": 74, "name": "Mount Greenwood", "areaKm2": 7.016 }, "geometry": { "type": "MultiPolygon", "coordinates": [ [ [ [ -87.69644, 41.70626 ], [ -87.69632, 41.7027 ], [ -87.6963, 41.70229 ], [ -87.69615, 41.69894 ], [ -87.69602, 41.69893 ], [ -87.69576, 41.69172 ], [ -87.69576, 41.69163 ], [ -87.69592, 41.69162 ], [ -87.69577, 41.68808 ], [ -87.69605, 41.68808 ], [ -87.69615, 41.68803 ], [ -87.69643, 41.68801 ], [ -87.69661, 41.68798 ], [ -87.69743, 41.68796 ], [ -87.69799, 41.68794 ], [ -87.69844, 41.68795 ], [ -87.69947, 41.68793 ], [ -87.69941, 41.68633 ], [ -87.6994, 41.68615 ], [ -87.70062, 41.68614 ], [ -87.70056, 41.68453 ], [ -87.70055, 41.68426 ], [ -87.70216, 41.68424 ], [ -87.70368, 41.68421 ], [ -87.70542, 41.68419 ], [ -87.70539, 41.68349 ], [ -87.70528, 41.68084 ], [ -87.70528, 41.68058 ], [ -87.70581, 41.68057 ], [ -87.70648, 41.68056 ], [ -87.70715, 41.68055 ], [ -87.70732, 41.68057 ], [ -87.70771, 41.68056 ], [ -87.7088, 41.68056 ], [ -87.70993, 41.68055 ], [ -87.71, 41.68053 ], [ -87.71013, 41.68046 ], [ -87.71049, 41.68045 ], [ -87.71136, 41.68044 ], [ -87.71139, 41.68127 ], [ -87.71158, 41.68127 ], [ -87.7116, 41.68183 ], [ -87.71141, 41.68184 ], [ -87.7115, 41.68401 ], [ -87.71151, 41.68409 ], [ -87.71321, 41.68407 ], [ -87.71383, 41.68406 ], [ -87.71548, 41.68404 ], [ -87.71782, 41.684 ], [ -87.71931, 41.68398 ], [ -87.72226, 41.68393 ], [ -87.72281, 41.68392 ], [ -87.72393, 41.6839 ], [ -87.7249, 41.68388 ], [ -87.72728, 41.68386 ], [ -87.72831, 41.68383 ], [ -87.72847, 41.68383 ], [ -87.72968, 41.6838 ], [ -87.73195, 41.68377 ], [ -87.73678, 41.68367 ], [ -87.73733, 41.68367 ], [ -87.73945, 41.68363 ], [ -87.73966, 41.68906 ], [ -87.73974, 41.69086 ], [ -87.73688, 41.69101 ], [ -87.73639, 41.69103 ], [ -87.73472, 41.69106 ], [ -87.73224, 41.6911 ], [ -87.73042, 41.69113 ], [ -87.72812, 41.69119 ], [ -87.7255, 41.69124 ], [ -87.72429, 41.69126 ], [ -87.72182, 41.6913 ], [ -87.72053, 41.69132 ], [ -87.72032, 41.69128 ], [ -87.72033, 41.69163 ], [ -87.72037, 41.69221 ], [ -87.72053, 41.69615 ], [ -87.72054, 41.6965 ], [ -87.72057, 41.69711 ], [ -87.72059, 41.69745 ], [ -87.72063, 41.69835 ], [ -87.72066, 41.69928 ], [ -87.72068, 41.70025 ], [ -87.7207, 41.70069 ], [ -87.72076, 41.70245 ], [ -87.72084, 41.70428 ], [ -87.72088, 41.70501 ], [ -87.72098, 41.70787 ], [ -87.72107, 41.71069 ], [ -87.72109, 41.71156 ], [ -87.7211, 41.71253 ], [ -87.72113, 41.71317 ], [ -87.71843, 41.71321 ], [ -87.71258, 41.7133 ], [ -87.71258, 41.71319 ], [ -87.71252, 41.71147 ], [ -87.7113, 41.71149 ], [ -87.71123, 41.70946 ], [ -87.71118, 41.70766 ], [ -87.71112, 41.70607 ], [ -87.71019, 41.70609 ], [ -87.70921, 41.70609 ], [ -87.70792, 41.7061 ], [ -87.70635, 41.70613 ], [ -87.70583, 41.70613 ], [ -87.70502, 41.70615 ], [ -87.70261, 41.70618 ], [ -87.70214, 41.70617 ], [ -87.70132, 41.70618 ], [ -87.70137, 41.70705 ], [ -87.7012, 41.70708 ], [ -87.69668, 41.70714 ], [ -87.69646, 41.70714 ], [ -87.69644, 41.70626 ] ] ] ] } },
{ "type": "Feature", "properties": { "id": 75, "name": "Morgan Park", "areaKm2": 8.531 }, "geometry": { "type": "MultiPolygon", "coordinates": [ [ [ [ -87.64598, 41.68503 ], [ -87.64676, 41.68502 ], [ -87.64967, 41.68498 ], [ -87.65043, 41.68497 ], [ -87.65204, 41.68495 ], [ -87.65282, 41.68494 ], [ -87.65581, 41.6849 ], [ -87.65652, 41.68489 ], [ -87.6616, 41.68482 ], [ -87.66155, 41.68388 ], [ -87.66152, 41.68289 ], [ -87.66146, 41.68097 ], [ -87.66142, 41.67967 ], [ -87.66141, 41.67909 ], [ -87.66137, 41.67789 ], [ -87.66135, 41.67763 ], [ -87.66137, 41.67754 ], [ -87.66404, 41.67749 ], [ -87.6653, 41.67747 ], [ -87.66677, 41.67744 ], [ -87.66732, 41.67596 ], [ -87.6684, 41.67619 ], [ -87.66795, 41.67742 ], [ -87.67017, 41.67738 ], [ -87.67136, 41.67735 ], [ -87.67217, 41.67734 ], [ -87.67267, 41.67733 ], [ -87.6785, 41.67723 ], [ -87.67956, 41.67723 ], [ -87.68038, 41.67724 ], [ -87.68113, 41.67727 ], [ -87.68169, 41.6773 ], [ -87.68241, 41.67729 ], [ -87.68285, 41.67727 ], [ -87.68522, 41.67722 ], [ -87.68621, 41.67721 ], [ -87.68601, 41.67765 ], [ -87.68587, 41.67797 ], [ -87.68578, 41.6782 ], [ -87.68571, 41.67844 ], [ -87.68565, 41.67867 ], [ -87.68561, 41.67891 ], [ -87.68558, 41.67915 ], [ -87.68557, 41.67939 ], [ -87.68557, 41.67962 ], [ -87.68572, 41.68448 ], [ -87.68621, 41.68447 ], [ -87.68807, 41.68444 ], [ -87.68927, 41.68442 ], [ -87.69053, 41.68441 ], [ -87.69314, 41.68437 ], [ -87.6944, 41.68435 ], [ -87.69563, 41.68433 ], [ -87.69567, 41.68567 ], [ -87.6957, 41.68636 ], [ -87.69577, 41.68808 ], [ -87.69592, 41.69162 ], [ -87.69576, 41.69163 ], [ -87.69576, 41.69172 ], [ -87.69209, 41.69176 ], [ -87.6921, 41.6922 ], [ -87.69171, 41.69221 ], [ -87.69171, 41.69227 ], [ -87.69101, 41.69228 ], [ -87.69124, 41.69898 ], [ -87.68863, 41.69902 ], [ -87.68828, 41.69902 ], [ -87.68664, 41.69904 ], [ -87.68539, 41.69905 ], [ -87.68355, 41.69907 ], [ -87.68154, 41.69909 ], [ -87.68124, 41.69907 ], [ -87.68056, 41.69906 ], [ -87.67986, 41.69906 ], [ -87.67945, 41.69906 ], [ -87.67674, 41.69912 ], [ -87.67517, 41.69914 ], [ -87.67461, 41.69915 ], [ -87.67288, 41.69919 ], [ -87.67229, 41.6992 ], [ -87.67066, 41.69923 ], [ -87.67027, 41.69924 ], [ -87.66922, 41.69926 ], [ -87.6688, 41.69927 ], [ -87.66805, 41.69928 ], [ -87.66668, 41.69931 ], [ -87.66575, 41.69933 ], [ -87.66512, 41.69934 ], [ -87.66283, 41.69939 ], [ -87.6617, 41.69941 ], [ -87.65874, 41.69944 ], [ -87.65778, 41.69946 ], [ -87.65732, 41.69947 ], [ -87.65625, 41.69948 ], [ -87.65561, 41.69949 ], [ -87.65207, 41.69954 ], [ -87.65123, 41.69955 ], [ -87.64974, 41.69957 ], [ -87.64716, 41.6996 ], [ -87.64597, 41.69961 ], [ -87.644, 41.69963 ], [ -87.64291, 41.69964 ], [ -87.64261, 41.69964 ], [ -87.64258, 41.69874 ], [ -87.64249, 41.69581 ], [ -87.64244, 41.69429 ], [ -87.6424, 41.69315 ], [ -87.64239, 41.6929 ], [ -87.64234, 41.69105 ], [ -87.64231, 41.6903 ], [ -87.64215, 41.68508 ], [ -87.64598, 41.68503 ] ] ] ] } },
{ "type": "Feature", "properties": { "id": 76, "name": "Ohare", "areaKm2": 34.523 }, "geometry": { "type": "MultiPolygon", "coordinates": [ [ [ [ -87.83658, 41.97954 ], [ -87.83659, 41.97803 ], [ -87.83661, 41.97733 ], [ -87.83661, 41.97699 ], [ -87.83663, 41.97531 ], [ -87.83663, 41.97477 ], [ -87.83681, 41.97477 ], [ -87.84155, 41.97469 ], [ -87.84156, 41.97394 ], [ -87.84155, 41.97379 ], [ -87.84135, 41.9738 ], [ -87.84066, 41.9738 ], [ -87.83793, 41.97384 ], [ -87.83793, 41.97374 ], [ -87.83795, 41.97135 ], [ -87.83684, 41.97137 ], [ -87.83665, 41.97137 ], [ -87.83665, 41.97023 ], [ -87.83874, 41.9702 ], [ -87.84053, 41.97017 ], [ -87.84159, 41.97014 ], [ -87.84159, 41.97023 ], [ -87.84158, 41.97198 ], [ -87.84651, 41.97189 ], [ -87.84653, 41.97189 ], [ -87.84654, 41.97158 ], [ -87.84655, 41.97023 ], [ -87.84656, 41.96955 ], [ -87.84655, 41.96887 ], [ -87.84654, 41.9682 ], [ -87.84656, 41.96695 ], [ -87.84657, 41.96641 ], [ -87.84609, 41.96642 ], [ -87.84428, 41.96646 ], [ -87.84197, 41.9665 ], [ -87.84052, 41.96653 ], [ -87.83947, 41.96654 ], [ -87.83826, 41.96657 ], [ -87.83668, 41.9666 ], [ -87.83669, 41.9632 ], [ -87.8367, 41.96114 ], [ -87.8367, 41.96026 ], [ -87.8367, 41.95936 ], [ -87.83667, 41.95783 ], [ -87.83669, 41.956 ], [ -87.83669, 41.95405 ], [ -87.83666, 41.95188 ], [ -87.83663, 41.95034 ], [ -87.83658, 41.949 ], [ -87.83652, 41.94734 ], [ -87.8365, 41.94695 ], [ -87.83649, 41.94622 ], [ -87.83643, 41.94476 ], [ -87.83518, 41.94479 ], [ -87.83512, 41.94467 ], [ -87.83508, 41.9443 ], [ -87.83497, 41.9415 ], [ -87.83494, 41.94095 ], [ -87.83491, 41.94044 ], [ -87.83486, 41.93934 ], [ -87.83482, 41.93834 ], [ -87.83479, 41.93775 ], [ -87.83481, 41.93758 ], [ -87.83542, 41.93757 ], [ -87.83853, 41.93751 ], [ -87.83891, 41.9375 ], [ -87.84261, 41.93743 ], [ -87.84298, 41.93742 ], [ -87.84445, 41.9374 ], [ -87.84662, 41.93735 ], [ -87.84855, 41.93731 ], [ -87.84962, 41.93729 ], [ -87.84978, 41.93743 ], [ -87.85019, 41.93775 ], [ -87.85066, 41.93808 ], [ -87.851, 41.93835 ], [ -87.85141, 41.9387 ], [ -87.85164, 41.93895 ], [ -87.85181, 41.93917 ], [ -87.85211, 41.93979 ], [ -87.85227, 41.94041 ], [ -87.85253, 41.94126 ], [ -87.85274, 41.94182 ], [ -87.85295, 41.94227 ], [ -87.85308, 41.9426 ], [ -87.8531, 41.94288 ], [ -87.85302, 41.94311 ], [ -87.85301, 41.94335 ], [ -87.85305, 41.94344 ], [ -87.85326, 41.94376 ], [ -87.85342, 41.94436 ], [ -87.85358, 41.94504 ], [ -87.85382, 41.94584 ], [ -87.85408, 41.94656 ], [ -87.85487, 41.9478 ], [ -87.85498, 41.94803 ], [ -87.855, 41.9482 ], [ -87.85502, 41.94863 ], [ -87.85501, 41.94894 ], [ -87.85494, 41.94948 ], [ -87.85466, 41.95009 ], [ -87.85453, 41.9503 ], [ -87.85433, 41.95073 ], [ -87.85425, 41.95092 ], [ -87.8542, 41.95108 ], [ -87.85407, 41.95145 ], [ -87.84661, 41.95164 ], [ -87.84662, 41.95179 ], [ -87.8466, 41.95569 ], [ -87.85808, 41.95544 ], [ -87.85825, 41.95558 ], [ -87.85845, 41.95586 ], [ -87.85859, 41.95614 ], [ -87.85864, 41.95639 ], [ -87.85871, 41.9566 ], [ -87.85878, 41.95693 ], [ -87.85878, 41.95724 ], [ -87.85876, 41.95742 ], [ -87.85868, 41.95761 ], [ -87.85842, 41.95793 ], [ -87.85813, 41.95834 ], [ -87.85774, 41.95896 ], [ -87.85758, 41.95919 ], [ -87.85742, 41.95956 ], [ -87.85703, 41.9602 ], [ -87.85684, 41.96055 ], [ -87.85665, 41.9609 ], [ -87.85647, 41.96123 ], [ -87.8563, 41.96159 ], [ -87.85582, 41.96241 ], [ -87.85568, 41.96284 ], [ -87.85562, 41.96329 ], [ -87.85559, 41.96366 ], [ -87.85551, 41.96446 ], [ -87.85544, 41.96471 ], [ -87.8553, 41.96512 ], [ -87.85497, 41.96595 ], [ -87.85487, 41.96636 ], [ -87.85477, 41.96691 ], [ -87.85478, 41.9672 ], [ -87.85486, 41.96752 ], [ -87.85498, 41.96793 ], [ -87.85504, 41.96833 ], [ -87.85503, 41.96871 ], [ -87.85489, 41.96911 ], [ -87.85478, 41.96943 ], [ -87.85464, 41.96967 ], [ -87.85432, 41.9703 ], [ -87.85417, 41.97078 ], [ -87.85414, 41.971 ], [ -87.85413, 41.97117 ], [ -87.85419, 41.97143 ], [ -87.85427, 41.97162 ], [ -87.85447, 41.9719 ], [ -87.8546, 41.97204 ], [ -87.85498, 41.97234 ], [ -87.85516, 41.97246 ], [ -87.85536, 41.97252 ], [ -87.85584, 41.97259 ], [ -87.85606, 41.97258 ], [ -87.85621, 41.97255 ], [ -87.85659, 41.97246 ], [ -87.85704, 41.97231 ], [ -87.85746, 41.97215 ], [ -87.85783, 41.97197 ], [ -87.85839, 41.97161 ], [ -87.85868, 41.97147 ], [ -87.8588, 41.97143 ], [ -87.85903, 41.97143 ], [ -87.85941, 41.9715 ], [ -87.85975, 41.9716 ], [ -87.86011, 41.97176 ], [ -87.86043, 41.97193 ], [ -87.86085, 41.97222 ], [ -87.86111, 41.97242 ], [ -87.86134, 41.97261 ], [ -87.8617, 41.97299 ], [ -87.8618, 41.97313 ], [ -87.8619, 41.97332 ], [ -87.86485, 41.97324 ], [ -87.86701, 41.9732 ], [ -87.86848, 41.97316 ], [ -87.86883, 41.97317 ], [ -87.86989, 41.97312 ], [ -87.87208, 41.97307 ], [ -87.87244, 41.97306 ], [ -87.88077, 41.97285 ], [ -87.88079, 41.96918 ], [ -87.88084, 41.9655 ], [ -87.88079, 41.95824 ], [ -87.88079, 41.9572 ], [ -87.88163, 41.95711 ], [ -87.88383, 41.95736 ], [ -87.88385, 41.9573 ], [ -87.88563, 41.95754 ], [ -87.88563, 41.95749 ], [ -87.89027, 41.9581 ], [ -87.8929, 41.95805 ], [ -87.89288, 41.95079 ], [ -87.90378, 41.95062 ], [ -87.9123, 41.95237 ], [ -87.91228, 41.95143 ], [ -87.91451, 41.95198 ], [ -87.91473, 41.95203 ], [ -87.91477, 41.95434 ], [ -87.9148, 41.95471 ], [ -87.91484, 41.95509 ], [ -87.91489, 41.95546 ], [ -87.91496, 41.95583 ], [ -87.91504, 41.95619 ], [ -87.91514, 41.95656 ], [ -87.91523, 41.95684 ], [ -87.91578, 41.95713 ], [ -87.91614, 41.95727 ], [ -87.91656, 41.9574 ], [ -87.91679, 41.95746 ], [ -87.91727, 41.95755 ], [ -87.91971, 41.95797 ], [ -87.92, 41.95801 ], [ -87.92, 41.95815 ], [ -87.92038, 41.9582 ], [ -87.92133, 41.95829 ], [ -87.92195, 41.95835 ], [ -87.92217, 41.95838 ], [ -87.92219, 41.95653 ], [ -87.92217, 41.95387 ], [ -87.92332, 41.95414 ], [ -87.92475, 41.9545 ], [ -87.92613, 41.95481 ], [ -87.92635, 41.95486 ], [ -87.92635, 41.95572 ], [ -87.92635, 41.9569 ], [ -87.92635, 41.95864 ], [ -87.92636, 41.95902 ], [ -87.92732, 41.95917 ], [ -87.92839, 41.95934 ], [ -87.93001, 41.95962 ], [ -87.93074, 41.95974 ], [ -87.93153, 41.95985 ], [ -87.93208, 41.95994 ], [ -87.93215, 41.96174 ], [ -87.93223, 41.96411 ], [ -87.93225, 41.9648 ], [ -87.93477, 41.9648 ], [ -87.93476, 41.96682 ], [ -87.9368, 41.96541 ], [ -87.93813, 41.96428 ], [ -87.93972, 41.96428 ], [ -87.93971, 41.97864 ], [ -87.93973, 41.98021 ], [ -87.93975, 41.98189 ], [ -87.93978, 41.9834 ], [ -87.93978, 41.98413 ], [ -87.93983, 41.98702 ], [ -87.93982, 41.9878 ], [ -87.93984, 41.98881 ], [ -87.93986, 41.99015 ], [ -87.93988, 41.99049 ], [ -87.93989, 41.99166 ], [ -87.93991, 41.99287 ], [ -87.93993, 41.99349 ], [ -87.93916, 41.99353 ], [ -87.9388, 41.99353 ], [ -87.93872, 41.99394 ], [ -87.93865, 41.99425 ], [ -87.93848, 41.99487 ], [ -87.93839, 41.99518 ], [ -87.93817, 41.99579 ], [ -87.93792, 41.9964 ], [ -87.93762, 41.99703 ], [ -87.93739, 41.99745 ], [ -87.93708, 41.99797 ], [ -87.93688, 41.99828 ], [ -87.93653, 41.99879 ], [ -87.93624, 41.99917 ], [ -87.93591, 41.9996 ], [ -87.93552, 42.00004 ], [ -87.93541, 42.00017 ], [ -87.93466, 42.0009 ], [ -87.93429, 42.00124 ], [ -87.93377, 42.00166 ], [ -87.93332, 42.00201 ], [ -87.93088, 42.00377 ], [ -87.9304, 42.00413 ], [ -87.93038, 42.00274 ], [ -87.93036, 42.00221 ], [ -87.92962, 42.00222 ], [ -87.92774, 42.00224 ], [ -87.92709, 42.00224 ], [ -87.92546, 42.00226 ], [ -87.92545, 42.00105 ], [ -87.92052, 42.00113 ], [ -87.92052, 42.0012 ], [ -87.92044, 42.0012 ], [ -87.92051, 42.00495 ], [ -87.91377, 42.00507 ], [ -87.91377, 42.0087 ], [ -87.91331, 42.00872 ], [ -87.91331, 42.00626 ], [ -87.91303, 42.00627 ], [ -87.91303, 42.00509 ], [ -87.91134, 42.00512 ], [ -87.91133, 42.0051 ], [ -87.90827, 42.00521 ], [ -87.90827, 42.00523 ], [ -87.90767, 42.00525 ], [ -87.90768, 42.00892 ], [ -87.90575, 42.00899 ], [ -87.90404, 42.00853 ], [ -87.90238, 42.00809 ], [ -87.90238, 42.00792 ], [ -87.89916, 42.00705 ], [ -87.89876, 42.00693 ], [ -87.89835, 42.00679 ], [ -87.89793, 42.00664 ], [ -87.89756, 42.00649 ], [ -87.89718, 42.00633 ], [ -87.89598, 42.00578 ], [ -87.89598, 42.00565 ], [ -87.89576, 42.00565 ], [ -87.89576, 42.00588 ], [ -87.89531, 42.00567 ], [ -87.89429, 42.0057 ], [ -87.89435, 42.00271 ], [ -87.89355, 42.00274 ], [ -87.89358, 42.00333 ], [ -87.89323, 42.00334 ], [ -87.89326, 42.00394 ], [ -87.89189, 42.00399 ], [ -87.89, 42.00323 ], [ -87.89026, 42.00285 ], [ -87.89038, 42.00285 ], [ -87.89039, 42.0023 ], [ -87.89436, 42.00217 ], [ -87.89436, 42.00206 ], [ -87.89924, 42.0019 ], [ -87.90241, 42.00361 ], [ -87.9024, 42.00403 ], [ -87.90406, 42.00397 ], [ -87.90406, 42.00356 ], [ -87.90312, 42.00342 ], [ -87.89954, 42.00148 ], [ -87.89744, 42.00155 ], [ -87.89746, 42.00053 ], [ -87.89297, 41.99991 ], [ -87.89187, 41.99974 ], [ -87.89081, 41.99957 ], [ -87.89075, 41.99961 ], [ -87.88983, 41.99945 ], [ -87.8894, 41.99939 ], [ -87.88835, 41.99919 ], [ -87.8873, 41.99898 ], [ -87.88673, 41.99886 ], [ -87.88501, 41.99847 ], [ -87.88496, 41.99846 ], [ -87.88496, 41.9983 ], [ -87.88453, 41.9982 ], [ -87.88454, 41.9951 ], [ -87.88035, 41.99523 ], [ -87.87691, 41.98567 ], [ -87.87586, 41.9857 ], [ -87.87586, 41.98294 ], [ -87.87489, 41.98025 ], [ -87.87502, 41.98024 ], [ -87.87373, 41.97666 ], [ -87.87588, 41.9766 ], [ -87.87589, 41.97388 ], [ -87.87301, 41.97395 ], [ -87.87298, 41.97386 ], [ -87.87258, 41.97387 ], [ -87.87265, 41.97396 ], [ -87.86965, 41.97403 ], [ -87.8686, 41.97405 ], [ -87.86861, 41.9738 ], [ -87.86784, 41.97382 ], [ -87.86784, 41.97398 ], [ -87.86749, 41.97399 ], [ -87.86749, 41.97373 ], [ -87.86612, 41.97376 ], [ -87.8655, 41.97377 ], [ -87.86415, 41.97381 ], [ -87.86401, 41.97381 ], [ -87.86239, 41.97385 ], [ -87.86201, 41.97386 ], [ -87.86202, 41.97398 ], [ -87.86201, 41.97431 ], [ -87.86186, 41.97482 ], [ -87.86176, 41.97517 ], [ -87.86168, 41.97535 ], [ -87.86155, 41.97556 ], [ -87.86124, 41.976 ], [ -87.86102, 41.97623 ], [ -87.86067, 41.97654 ], [ -87.85996, 41.97699 ], [ -87.85938, 41.97757 ], [ -87.85883, 41.97823 ], [ -87.85846, 41.97866 ], [ -87.85701, 41.97987 ], [ -87.85627, 41.98046 ], [ -87.85604, 41.98081 ], [ -87.85588, 41.9811 ], [ -87.85582, 41.9814 ], [ -87.85578, 41.9817 ], [ -87.85578, 41.98216 ], [ -87.85597, 41.9828 ], [ -87.85623, 41.98348 ], [ -87.85657, 41.98415 ], [ -87.85664, 41.98432 ], [ -87.85664, 41.98466 ], [ -87.85657, 41.98502 ], [ -87.85647, 41.98536 ], [ -87.85636, 41.98599 ], [ -87.85631, 41.98615 ], [ -87.85609, 41.98662 ], [ -87.85587, 41.98715 ], [ -87.85558, 41.98774 ], [ -87.85554, 41.98794 ], [ -87.85557, 41.98819 ], [ -87.85568, 41.98866 ], [ -87.85577, 41.98893 ], [ -87.85584, 41.98905 ], [ -87.8555, 41.98894 ], [ -87.85483, 41.98876 ], [ -87.85461, 41.98872 ], [ -87.85386, 41.98862 ], [ -87.85317, 41.98858 ], [ -87.85199, 41.98853 ], [ -87.85161, 41.98851 ], [ -87.85107, 41.98847 ], [ -87.85058, 41.98843 ], [ -87.8499, 41.98835 ], [ -87.84953, 41.9883 ], [ -87.84857, 41.98816 ], [ -87.84806, 41.98808 ], [ -87.84697, 41.98792 ], [ -87.84505, 41.98763 ], [ -87.84473, 41.98757 ], [ -87.8444, 41.98752 ], [ -87.84399, 41.98748 ], [ -87.8432, 41.98736 ], [ -87.84174, 41.98714 ], [ -87.83892, 41.98673 ], [ -87.83802, 41.98658 ], [ -87.83747, 41.98649 ], [ -87.83658, 41.9864 ], [ -87.83658, 41.97954 ] ] ], [ [ [ -87.94011, 42.00079 ], [ -87.93897, 42.00081 ], [ -87.93639, 42.00086 ], [ -87.93514, 42.00089 ], [ -87.93551, 42.00048 ], [ -87.9359, 42.0001 ], [ -87.93633, 41.9996 ], [ -87.93662, 41.99923 ], [ -87.93693, 41.9988 ], [ -87.93708, 41.99859 ], [ -87.93905, 41.99826 ], [ -87.94002, 41.99811 ], [ -87.94011, 42.00079 ] ] ], [ [ [ -87.93361, 42.00488 ], [ -87.93437, 42.00498 ], [ -87.9343, 42.00196 ], [ -87.93389, 42.00197 ], [ -87.9343, 42.00165 ], [ -87.9343, 42.00173 ], [ -87.93509, 42.00094 ], [ -87.93517, 42.00333 ], [ -87.93523, 42.00583 ], [ -87.93528, 42.00801 ], [ -87.93529, 42.00815 ], [ -87.93358, 42.00817 ], [ -87.93356, 42.00802 ], [ -87.93351, 42.00566 ], [ -87.93348, 42.00542 ], [ -87.93361, 42.00488 ] ] ] ] } },
{ "type": "Feature", "properties": { "id": 77, "name": "Edgewater", "areaKm2": 4.498 }, "geometry": { "type": "MultiPolygon", "coordinates": [ [ [ [ -87.6545, 41.99799 ], [ -87.65449, 41.99785 ], [ -87.65443, 41.99759 ], [ -87.65442, 41.99737 ], [ -87.65444, 41.99728 ], [ -87.65438, 41.99697 ], [ -87.65431, 41.99648 ], [ -87.65426, 41.99599 ], [ -87.65432, 41.99597 ], [ -87.65435, 41.99608 ], [ -87.65445, 41.99609 ], [ -87.65464, 41.99604 ], [ -87.65466, 41.99594 ], [ -87.65464, 41.99568 ], [ -87.65458, 41.99553 ], [ -87.65448, 41.99537 ], [ -87.65448, 41.99513 ], [ -87.65456, 41.99496 ], [ -87.65456, 41.99476 ], [ -87.6546, 41.99453 ], [ -87.65439, 41.99453 ], [ -87.65436, 41.9943 ], [ -87.65428, 41.99421 ], [ -87.65426, 41.99397 ], [ -87.65428, 41.99388 ], [ -87.65443, 41.99386 ], [ -87.65451, 41.99366 ], [ -87.65447, 41.99363 ], [ -87.65445, 41.99346 ], [ -87.65451, 41.99346 ], [ -87.6545, 41.99336 ], [ -87.65429, 41.99308 ], [ -87.6541, 41.99305 ], [ -87.65409, 41.99301 ], [ -87.65415, 41.99258 ], [ -87.65421, 41.99237 ], [ -87.65421, 41.9923 ], [ -87.6543, 41.99181 ], [ -87.65432, 41.991 ], [ -87.65441, 41.99099 ], [ -87.65438, 41.99092 ], [ -87.65424, 41.99087 ], [ -87.6542, 41.99046 ], [ -87.65419, 41.99022 ], [ -87.65423, 41.99015 ], [ -87.6543, 41.99013 ], [ -87.65429, 41.99007 ], [ -87.65421, 41.98998 ], [ -87.6542, 41.98984 ], [ -87.65423, 41.98969 ], [ -87.65423, 41.98953 ], [ -87.6542, 41.98946 ], [ -87.65421, 41.98911 ], [ -87.65424, 41.98866 ], [ -87.65423, 41.98853 ], [ -87.6543, 41.9885 ], [ -87.65431, 41.98841 ], [ -87.65417, 41.98824 ], [ -87.65368, 41.9877 ], [ -87.65354, 41.98757 ], [ -87.65339, 41.98746 ], [ -87.65309, 41.9873 ], [ -87.65266, 41.98697 ], [ -87.65226, 41.98669 ], [ -87.65193, 41.98643 ], [ -87.65178, 41.98629 ], [ -87.65159, 41.98614 ], [ -87.65131, 41.98596 ], [ -87.65106, 41.98576 ], [ -87.65074, 41.98563 ], [ -87.6506, 41.98559 ], [ -87.65028, 41.98554 ], [ -87.65014, 41.98551 ], [ -87.64989, 41.98542 ], [ -87.6494, 41.9864 ], [ -87.64935, 41.98639 ], [ -87.65022, 41.98467 ], [ -87.65037, 41.98434 ], [ -87.65049, 41.984 ], [ -87.65062, 41.98352 ], [ -87.65068, 41.98319 ], [ -87.65072, 41.98286 ], [ -87.65074, 41.98248 ], [ -87.65073, 41.9818 ], [ -87.65071, 41.9811 ], [ -87.65067, 41.98066 ], [ -87.65059, 41.98035 ], [ -87.65052, 41.98021 ], [ -87.65022, 41.97972 ], [ -87.65038, 41.97962 ], [ -87.65048, 41.97946 ], [ -87.65028, 41.97939 ], [ -87.65019, 41.97932 ], [ -87.64988, 41.97901 ], [ -87.64952, 41.97872 ], [ -87.64933, 41.97858 ], [ -87.64894, 41.97829 ], [ -87.64877, 41.97815 ], [ -87.64865, 41.978 ], [ -87.6486, 41.97784 ], [ -87.64754, 41.97778 ], [ -87.64729, 41.97775 ], [ -87.64886, 41.97704 ], [ -87.64896, 41.97696 ], [ -87.64904, 41.97681 ], [ -87.64912, 41.97684 ], [ -87.6494, 41.97685 ], [ -87.64978, 41.97679 ], [ -87.65082, 41.97652 ], [ -87.65107, 41.97648 ], [ -87.65126, 41.97646 ], [ -87.65186, 41.97644 ], [ -87.65294, 41.97643 ], [ -87.66132, 41.9763 ], [ -87.66295, 41.97628 ], [ -87.66457, 41.97625 ], [ -87.66803, 41.9762 ], [ -87.6686, 41.97619 ], [ -87.67079, 41.97615 ], [ -87.67441, 41.9761 ], [ -87.67442, 41.97644 ], [ -87.67446, 41.97782 ], [ -87.67445, 41.9779 ], [ -87.67437, 41.97801 ], [ -87.67437, 41.97808 ], [ -87.67442, 41.97968 ], [ -87.67451, 41.97981 ], [ -87.67456, 41.98148 ], [ -87.67459, 41.98237 ], [ -87.67461, 41.98326 ], [ -87.67461, 41.98347 ], [ -87.67464, 41.9844 ], [ -87.6747, 41.98653 ], [ -87.67469, 41.9866 ], [ -87.6746, 41.98679 ], [ -87.67462, 41.98732 ], [ -87.67465, 41.98852 ], [ -87.67471, 41.99076 ], [ -87.67485, 41.99076 ], [ -87.67483, 41.99208 ], [ -87.67489, 41.99424 ], [ -87.67492, 41.99504 ], [ -87.67501, 41.9979 ], [ -87.67501, 41.99799 ], [ -87.67086, 41.99807 ], [ -87.67037, 41.99808 ], [ -87.66766, 41.99811 ], [ -87.66575, 41.99813 ], [ -87.66521, 41.99814 ], [ -87.66401, 41.99815 ], [ -87.6615, 41.99818 ], [ -87.65955, 41.9982 ], [ -87.65853, 41.99821 ], [ -87.6569, 41.99823 ], [ -87.656, 41.99824 ], [ -87.6558, 41.99821 ], [ -87.65574, 41.99818 ], [ -87.65456, 41.99817 ], [ -87.6545, 41.99799 ] ] ] ] } }
]
}
