{"type":"FeatureCollection","features":[{"type":"Feature","properties":{"name":"Dixie Fire","year":2021,"acres":963405.0,"areaKm2":3897.4,"perimeterDate":"2021-10-25"},"geometry":{"type":"MultiPolygon","coordinates":[[[[-121.40636,39.87651],[-121.40714,39.87712],[-121.40582,39.8778],[-121.40541,39.87724],[-121.40636,39.87651]]],[[[-121.4226,40.19814],[-121.42118,40.19803],[-121.42059,40.19727],[-121.42172,40.19641],[-121.42329,40.19614],[-121.42428,40.19661],[-121.424,40.19759],[-121.4226,40.19814]]],[[[-121.41951,40.19918],[-121.42035,40.19873],[-121.42148,40.19976],[-121.42076,40.2009],[-121.41951,40.19918]]],[[[-121.52412,40.31234],[-121.52281,40.31281],[-121.5218,40.31258],[-121.52309,40.31162],[-121.52386,40.31155],[-121.52412,40.31234]]],[[[-121.53291,40.45321],[-121.5325,40.45298],[-121.53281,40.4525],[-121.53227,40.45228],[-121.53272,40.45147],[-121.5332,40.45163],[-121.53357,40.45299],[-121.53291,40.45321]]],[[[-121.5219,40.46192],[-121.5217,40.46237],[-121.52054,40.46233],[-121.52026,40.46169],[-121.52048,40.46106],[-121.52119,40.4612],[-121.5219,40.46192]]],[[[-121.47647,40.47739],[-121.47616,40.47714],[-121.47655,40.47659],[-121.47791,40.47608],[-121.47819,40.47707],[-121.47647,40.47739]]],[[[-121.3942,40.70559],[-121.39394,40.70613],[-121.39287,40.7072],[-121.39201,40.7072],[-121.39132,40.70667],[-121.39046,40.70324],[-121.39156,40.70267],[-121.39291,40.70276],[-121.39376,40.70385],[-121.3942,40.70559]]],[[[-121.35402,40.61053],[-121.35489,40.61046],[-121.35516,40.61071],[-121.35466,40.61106],[-121.35493,40.61148],[-121.35382,40.61171],[-121.35333,40.61147],[-121.35316,40.61094],[-121.35402,40.61053]]],[[[-121.30202,40.76422],[-121.30157,40.76458],[-121.30078,40.76429],[-121.30066,40.7638],[-121.30126,40.76339],[-121.30202,40.76422]]],[[[-121.30335,40.7702],[-121.30433,40.77004],[-121.30491,40.77042],[-121.3046,40.771],[-121.30401,40.7712],[-121.30331,40.77092],[-121.30335,40.7702]]],[[[-121.07333,40.19021],[-121.07363,40.19093],[-121.07342,40.19139],[-121.07227,40.19089],[-121.0715,40.1897],[-121.07196,40.18932],[-121.07333,40.19021]]],[[[-120.92699,40.28055],[-120.92713,40.2802],[-120.92632,40.28015],[-120.92678,40.27943],[-120.92589,40.27939],[-120.92581,40.27864],[-120.92529,40.27855],[-120.92508,40.27819],[-120.9254,40.2781],[-120.92616,40.27856],[-120.92603,40.27898],[-120.92644,40.2792],[-120.9268,40.27877],[-120.92765,40.2788],[-120.92799,40.27841],[-120.92847,40.27858],[-120.92838,40.2794],[-120.92962,40.27893],[-120.92931,40.27806],[-120.92863,40.27788],[-120.92873,40.27682],[-120.92915,40.2763],[-120.92972,40.27663],[-120.93003,40.27646],[-120.92968,40.27559],[-120.9308,40.27476],[-120.93164,40.27578],[-120.93304,40.27664],[-120.93278,40.27726],[-120.93403,40.27806],[-120.93372,40.27868],[-120.93446,40.27934],[-120.93217,40.28061],[-120.93085,40.28099],[-120.92905,40.28035],[-120.92876,40.28092],[-120.92838,40.28069],[-120.92799,40.28091],[-120.92699,40.28055]]],[[[-120.93445,40.29723],[-120.93398,40.2958],[-120.93461,40.29647],[-120.93604,40.2957],[-120.93749,40.29573],[-120.93742,40.29652],[-120.93549,40.29771],[-120.93445,40.29723]]],[[[-121.00029,40.39452],[-121.00114,40.39483],[-121.00132,40.3958],[-121.00008,40.39716],[-120.99881,40.39672],[-120.99887,40.3953],[-121.00029,40.39452]]],[[[-121.06115,40.45129],[-121.061,40.45176],[-121.06056,40.45224],[-121.05942,40.45247],[-121.05866,40.45137],[-121.05958,40.45107],[-121.05972,40.45054],[-121.06065,40.45071],[-121.06115,40.45129]]],[[[-121.06788,40.47624],[-121.06841,40.47556],[-121.06896,40.47577],[-121.06893,40.4761],[-121.06975,40.47591],[-121.06937,40.47135],[-121.07028,40.47068],[-121.07185,40.47118],[-121.07255,40.47212],[-121.07342,40.47713],[-121.07206,40.47762],[-121.07143,40.47835],[-121.07082,40.47762],[-121.0712,40.47685],[-121.07026,40.47742],[-121.06982,40.47845],[-121.06921,40.47883],[-121.0696,40.47927],[-121.06839,40.48171],[-121.0677,40.48214],[-121.06728,40.48193],[-121.06618,40.48346],[-121.0655,40.48282],[-121.06396,40.48216],[-121.06271,40.48246],[-121.06185,40.48205],[-121.06017,40.48261],[-121.06018,40.48378],[-121.05975,40.48422],[-121.05904,40.48415],[-121.05865,40.48368],[-121.05962,40.48243],[-121.05965,40.48181],[-121.06035,40.48121],[-121.06103,40.48112],[-121.06184,40.48057],[-121.06235,40.48083],[-121.06488,40.47974],[-121.0649,40.47946],[-121.06555,40.47966],[-121.06555,40.47937],[-121.06694,40.479],[-121.06744,40.47871],[-121.0677,40.47775],[-121.0695,40.47749],[-121.06966,40.47715],[-121.06922,40.47714],[-121.06901,40.47665],[-121.06788,40.47624]]],[[[-121.0715,40.48474],[-121.07191,40.48453],[-121.07269,40.48458],[-121.07338,40.48512],[-121.07285,40.48569],[-121.07158,40.48521],[-121.0715,40.48474]]],[[[-121.16705,40.56296],[-121.1673,40.56337],[-121.1668,40.56381],[-121.16575,40.56318],[-121.16615,40.5617],[-121.1673,40.56223],[-121.16659,40.56293],[-121.16705,40.56296]]],[[[-121.0915,40.57394],[-121.09135,40.57306],[-121.09034,40.5728],[-121.09028,40.57245],[-121.09178,40.57169],[-121.09257,40.57064],[-121.09182,40.57013],[-121.09215,40.56908],[-121.09373,40.56831],[-121.09369,40.56792],[-121.09116,40.56527],[-121.09156,40.56263],[-121.09207,40.5624],[-121.09344,40.56062],[-121.09457,40.56095],[-121.09609,40.56331],[-121.09615,40.56424],[-121.09669,40.56417],[-121.09853,40.56627],[-121.09801,40.56784],[-121.09838,40.56966],[-121.09773,40.5717],[-121.09782,40.5729],[-121.09645,40.5748],[-121.09602,40.57489],[-121.09525,40.57446],[-121.09468,40.57468],[-121.09415,40.57443],[-121.0927,40.57468],[-121.0915,40.57394]]],[[[-121.08823,40.57495],[-121.08879,40.57566],[-121.08867,40.57696],[-121.08788,40.57675],[-121.08759,40.57637],[-121.08759,40.57502],[-121.08823,40.57495]]],[[[-121.09641,40.57728],[-121.09634,40.5763],[-121.09727,40.57616],[-121.09792,40.57686],[-121.09772,40.5778],[-121.09641,40.57728]]],[[[-120.59071,40.01498],[-120.59059,40.01445],[-120.59203,40.0142],[-120.59248,40.01479],[-120.5922,40.01497],[-120.59244,40.01542],[-120.59185,40.01591],[-120.59145,40.01588],[-120.59132,40.01512],[-120.59071,40.01498]]],[[[-120.61672,40.01697],[-120.61577,40.01642],[-120.61702,40.01619],[-120.61802,40.01663],[-120.61789,40.01694],[-120.61672,40.01697]]],[[[-120.55447,40.03811],[-120.55418,40.03778],[-120.55458,40.03772],[-120.55492,40.03692],[-120.55539,40.03685],[-120.55586,40.03732],[-120.55688,40.0363],[-120.55661,40.03753],[-120.55613,40.03785],[-120.55633,40.03838],[-120.5572,40.03825],[-120.55753,40.03951],[-120.55678,40.03944],[-120.55635,40.03878],[-120.55526,40.03884],[-120.55524,40.03817],[-120.55447,40.03811]]],[[[-120.23709,40.103],[-120.23643,40.10201],[-120.23682,40.10157],[-120.23647,40.10051],[-120.23732,40.09925],[-120.23705,40.09922],[-120.2373,40.0986],[-120.24063,40.09924],[-120.24098,40.09982],[-120.23981,40.10078],[-120.24036,40.10085],[-120.24058,40.1012],[-120.24232,40.10131],[-120.24344,40.10078],[-120.24398,40.10112],[-120.245,40.10048],[-120.24545,40.10051],[-120.24617,40.10117],[-120.24601,40.10147],[-120.24429,40.1019],[-120.24468,40.10275],[-120.24597,40.10307],[-120.2461,40.10344],[-120.24445,40.10343],[-120.24297,40.10392],[-120.2424,40.10378],[-120.24174,40.10489],[-120.2411,40.10468],[-120.24099,40.10506],[-120.23821,40.10561],[-120.2383,40.10656],[-120.23743,40.10715],[-120.23746,40.10772],[-120.23846,40.10814],[-120.23772,40.10847],[-120.23806,40.10869],[-120.23771,40.10895],[-120.23623,40.1083],[-120.23531,40.10705],[-120.23483,40.10733],[-120.23344,40.10691],[-120.23263,40.10717],[-120.23246,40.10686],[-120.23347,40.10565],[-120.23486,40.105],[-120.23534,40.10347],[-120.2366,40.10334],[-120.23709,40.103]]],[[[-120.91286,40.14977],[-120.91348,40.14915],[-120.91512,40.14898],[-120.91571,40.14921],[-120.91595,40.14962],[-120.91464,40.15024],[-120.91429,40.15097],[-120.91323,40.15064],[-120.91286,40.14977]]],[[[-120.43221,40.19417],[-120.43201,40.19384],[-120.43133,40.19406],[-120.42778,40.19322],[-120.42693,40.19337],[-120.42654,40.19302],[-120.42277,40.1921],[-120.42137,40.19209],[-120.42073,40.19025],[-120.42115,40.18895],[-120.4225,40.18834],[-120.42371,40.18675],[-120.42474,40.18658],[-120.42527,40.18542],[-120.4258,40.18517],[-120.42543,40.18409],[-120.42484,40.18344],[-120.42175,40.18154],[-120.41954,40.18085],[-120.41644,40.18074],[-120.41688,40.17834],[-120.41574,40.17748],[-120.41508,40.17568],[-120.4167,40.17492],[-120.4189,40.17335],[-120.41965,40.17056],[-120.42147,40.16898],[-120.42381,40.16906],[-120.42432,40.16975],[-120.42624,40.16971],[-120.42916,40.17048],[-120.42811,40.17202],[-120.42859,40.17294],[-120.42836,40.17339],[-120.42915,40.17486],[-120.42817,40.17716],[-120.42941,40.17715],[-120.42986,40.17782],[-120.43051,40.17769],[-120.43086,40.17811],[-120.43205,40.17759],[-120.4325,40.17683],[-120.43634,40.17521],[-120.43595,40.17393],[-120.43307,40.17321],[-120.43317,40.17268],[-120.43335,40.17226],[-120.43538,40.17228],[-120.43513,40.17079],[-120.43611,40.17062],[-120.4373,40.17096],[-120.4381,40.17029],[-120.43796,40.16933],[-120.43663,40.16909],[-120.43608,40.16941],[-120.43515,40.16927],[-120.4348,40.16829],[-120.43637,40.16715],[-120.43639,40.16621],[-120.43598,40.16554],[-120.43642,40.16464],[-120.43748,40.16385],[-120.4372,40.16327],[-120.44149,40.15581],[-120.44178,40.1554],[-120.44363,40.15562],[-120.4452,40.15545],[-120.44547,40.15519],[-120.44596,40.15257],[-120.44704,40.15148],[-120.44786,40.14979],[-120.44645,40.14706],[-120.44672,40.1465],[-120.44649,40.14535],[-120.44859,40.14373],[-120.44849,40.14335],[-120.44978,40.14256],[-120.45123,40.14041],[-120.45271,40.13964],[-120.45346,40.13854],[-120.45271,40.13786],[-120.45335,40.13763],[-120.45368,40.13603],[-120.45502,40.13552],[-120.45493,40.13451],[-120.45553,40.13446],[-120.45599,40.13403],[-120.45615,40.13344],[-120.45536,40.13319],[-120.45526,40.13242],[-120.45631,40.13258],[-120.45679,40.13228],[-120.45652,40.13099],[-120.45782,40.12974],[-120.46014,40.12885],[-120.46055,40.12811],[-120.46243,40.12714],[-120.46368,40.12743],[-120.46384,40.12801],[-120.46465,40.12751],[-120.46455,40.12705],[-120.46574,40.12601],[-120.46565,40.12548],[-120.46619,40.12502],[-120.46782,40.12442],[-120.4683,40.12369],[-120.46947,40.12423],[-120.47043,40.12378],[-120.4709,40.123],[-120.47079,40.12239],[-120.4699,40.1218],[-120.47022,40.12124],[-120.46939,40.12088],[-120.47089,40.11921],[-120.47286,40.11949],[-120.47372,40.12122],[-120.47373,40.12288],[-120.473,40.12613],[-120.47395,40.12887],[-120.47518,40.12918],[-120.47573,40.12755],[-120.48034,40.12711],[-120.48212,40.12609],[-120.48344,40.12732],[-120.48205,40.12877],[-120.48328,40.13063],[-120.48348,40.1328],[-120.48198,40.1339],[-120.48328,40.13492],[-120.48115,40.13559],[-120.4805,40.13699],[-120.47862,40.13744],[-120.4748,40.14214],[-120.47319,40.14325],[-120.47275,40.14428],[-120.47275,40.14481],[-120.47567,40.14618],[-120.47684,40.14783],[-120.47847,40.14756],[-120.48029,40.14652],[-120.48319,40.14608],[-120.4866,40.14758],[-120.48792,40.14873],[-120.49092,40.14792],[-120.49204,40.1464],[-120.4941,40.14531],[-120.49455,40.14278],[-120.49716,40.13873],[-120.49797,40.13801],[-120.49815,40.1365],[-120.50031,40.13578],[-120.50081,40.13491],[-120.50144,40.13476],[-120.50222,40.13469],[-120.50262,40.1355],[-120.50327,40.13583],[-120.5041,40.13562],[-120.50484,40.13451],[-120.50519,40.13491],[-120.50578,40.13494],[-120.50687,40.13627],[-120.50742,40.13798],[-120.50682,40.1382],[-120.50803,40.14081],[-120.50912,40.14076],[-120.51011,40.14177],[-120.51025,40.14341],[-120.51117,40.14402],[-120.51164,40.14515],[-120.5111,40.14695],[-120.51022,40.14735],[-120.5108,40.15002],[-120.51168,40.1505],[-120.51082,40.153],[-120.51095,40.15452],[-120.51022,40.15517],[-120.51144,40.15613],[-120.50956,40.15928],[-120.50945,40.1614],[-120.51003,40.16176],[-120.51258,40.16016],[-120.5135,40.16089],[-120.51336,40.16298],[-120.51471,40.16117],[-120.51726,40.16101],[-120.51742,40.16157],[-120.51884,40.1604],[-120.51907,40.15935],[-120.51979,40.15859],[-120.52177,40.15898],[-120.52278,40.16037],[-120.52295,40.16135],[-120.52348,40.16164],[-120.52515,40.16125],[-120.52815,40.15938],[-120.53152,40.1593],[-120.53215,40.15842],[-120.53246,40.15887],[-120.53407,40.15974],[-120.53415,40.16005],[-120.53352,40.16019],[-120.53339,40.16026],[-120.535,40.16048],[-120.53534,40.16101],[-120.53588,40.16066],[-120.53543,40.15944],[-120.53903,40.15944],[-120.5399,40.16056],[-120.53992,40.16118],[-120.53861,40.16179],[-120.53958,40.16428],[-120.53952,40.16511],[-120.53815,40.16549],[-120.53749,40.1665],[-120.53764,40.16711],[-120.53648,40.16744],[-120.53638,40.16838],[-120.53818,40.1693],[-120.53815,40.17048],[-120.53895,40.17138],[-120.53936,40.17269],[-120.53874,40.17296],[-120.53852,40.17364],[-120.53949,40.17488],[-120.54053,40.17554],[-120.54033,40.17646],[-120.54063,40.17651],[-120.54067,40.17722],[-120.53979,40.17749],[-120.53958,40.17784],[-120.54205,40.17823],[-120.54858,40.17834],[-120.54951,40.17712],[-120.55112,40.17726],[-120.55376,40.17676],[-120.55425,40.17702],[-120.55427,40.17677],[-120.55519,40.17663],[-120.55541,40.17693],[-120.55681,40.17678],[-120.55836,40.17724],[-120.55899,40.17838],[-120.55885,40.17863],[-120.55788,40.1782],[-120.55713,40.17892],[-120.55767,40.17949],[-120.55779,40.18037],[-120.55859,40.18092],[-120.55766,40.18195],[-120.55679,40.18188],[-120.55631,40.18248],[-120.55579,40.18209],[-120.55515,40.18233],[-120.55439,40.1819],[-120.55404,40.18278],[-120.55255,40.18342],[-120.55193,40.18327],[-120.55135,40.18369],[-120.55291,40.18478],[-120.55425,40.18525],[-120.55484,40.18598],[-120.55469,40.18711],[-120.55692,40.18757],[-120.55834,40.18852],[-120.55833,40.18966],[-120.55729,40.19038],[-120.55645,40.19169],[-120.55562,40.19175],[-120.55511,40.19213],[-120.55461,40.19161],[-120.55387,40.19175],[-120.55326,40.19154],[-120.55219,40.19197],[-120.55341,40.19304],[-120.55347,40.19358],[-120.55193,40.19625],[-120.55124,40.19601],[-120.55157,40.19761],[-120.55072,40.19835],[-120.54881,40.19876],[-120.54888,40.19955],[-120.54809,40.20018],[-120.54701,40.19985],[-120.54592,40.20056],[-120.54649,40.20145],[-120.54731,40.20139],[-120.54742,40.20223],[-120.54552,40.20308],[-120.54531,40.20409],[-120.54703,40.20388],[-120.54718,40.20448],[-120.54659,40.20509],[-120.54351,40.20537],[-120.54348,40.20685],[-120.54241,40.20786],[-120.54259,40.20866],[-120.54362,40.20888],[-120.54564,40.21003],[-120.54576,40.21088],[-120.54504,40.21102],[-120.54455,40.21168],[-120.54514,40.21214],[-120.54459,40.2128],[-120.54286,40.21325],[-120.54212,40.21363],[-120.54232,40.21395],[-120.54124,40.21407],[-120.54046,40.21459],[-120.54045,40.21492],[-120.54108,40.2147],[-120.54195,40.21486],[-120.54087,40.21639],[-120.54018,40.21628],[-120.53984,40.21662],[-120.53918,40.21663],[-120.53951,40.21738],[-120.54124,40.21817],[-120.54153,40.2191],[-120.54134,40.22042],[-120.54115,40.22081],[-120.54022,40.22107],[-120.54073,40.2216],[-120.54032,40.222],[-120.53818,40.22234],[-120.53705,40.22318],[-120.53751,40.22454],[-120.5364,40.22683],[-120.53665,40.22922],[-120.5355,40.23048],[-120.53684,40.23026],[-120.53789,40.22971],[-120.5385,40.22987],[-120.53866,40.23039],[-120.53916,40.23056],[-120.53893,40.23106],[-120.54043,40.23121],[-120.53975,40.23327],[-120.54018,40.23345],[-120.5397,40.23389],[-120.53773,40.23401],[-120.53601,40.23492],[-120.53513,40.23503],[-120.53486,40.2353],[-120.53541,40.23582],[-120.5354,40.23636],[-120.53449,40.23688],[-120.53501,40.23777],[-120.5358,40.2379],[-120.53659,40.23851],[-120.53757,40.23844],[-120.53816,40.23884],[-120.53805,40.23987],[-120.53841,40.24007],[-120.53803,40.24017],[-120.53796,40.24076],[-120.53722,40.24088],[-120.53667,40.2418],[-120.53592,40.24215],[-120.53592,40.24288],[-120.53503,40.24344],[-120.53102,40.24333],[-120.53025,40.24375],[-120.52966,40.2434],[-120.52872,40.24343],[-120.52708,40.24205],[-120.52553,40.24176],[-120.52486,40.24213],[-120.52473,40.24311],[-120.52538,40.24415],[-120.52614,40.24407],[-120.52837,40.24516],[-120.52753,40.24685],[-120.52791,40.24815],[-120.5268,40.24928],[-120.52322,40.25133],[-120.52061,40.25117],[-120.51962,40.25178],[-120.51852,40.25201],[-120.51759,40.2532],[-120.51777,40.25382],[-120.5172,40.2543],[-120.51635,40.25422],[-120.51146,40.25505],[-120.51073,40.25583],[-120.50942,40.25583],[-120.50669,40.25654],[-120.50528,40.25658],[-120.5043,40.25682],[-120.50304,40.25766],[-120.50151,40.258],[-120.50011,40.25937],[-120.49783,40.26044],[-120.49706,40.26406],[-120.49513,40.26636],[-120.49456,40.26758],[-120.49046,40.2686],[-120.48977,40.26905],[-120.49004,40.26976],[-120.48933,40.2702],[-120.4886,40.26938],[-120.48795,40.26964],[-120.48574,40.26938],[-120.48452,40.27041],[-120.48585,40.27185],[-120.48412,40.27267],[-120.48309,40.27242],[-120.48242,40.27146],[-120.4807,40.272],[-120.4795,40.27131],[-120.47908,40.27144],[-120.47688,40.26855],[-120.47572,40.26859],[-120.47368,40.26811],[-120.47322,40.26714],[-120.47341,40.2666],[-120.47232,40.26606],[-120.47007,40.26416],[-120.4693,40.26319],[-120.46923,40.26192],[-120.46749,40.26022],[-120.46799,40.25909],[-120.46741,40.25831],[-120.4666,40.25592],[-120.46685,40.2558],[-120.46404,40.25291],[-120.4631,40.2529],[-120.46189,40.25212],[-120.46188,40.25068],[-120.46021,40.24934],[-120.45944,40.24915],[-120.45918,40.24851],[-120.45863,40.24834],[-120.45461,40.25023],[-120.45473,40.25107],[-120.45071,40.25094],[-120.44818,40.24469],[-120.44722,40.24362],[-120.44606,40.24299],[-120.44657,40.24215],[-120.44579,40.23917],[-120.44744,40.23878],[-120.44949,40.24073],[-120.44989,40.2418],[-120.4518,40.2415],[-120.45278,40.24189],[-120.45265,40.24157],[-120.45056,40.23891],[-120.44592,40.23554],[-120.44331,40.23193],[-120.44079,40.23061],[-120.43954,40.231],[-120.43578,40.2299],[-120.43329,40.22684],[-120.43299,40.22585],[-120.42897,40.22282],[-120.42834,40.21948],[-120.42414,40.21462],[-120.41838,40.20934],[-120.41908,40.20563],[-120.42068,40.2062],[-120.4221,40.20553],[-120.42625,40.20631],[-120.42831,40.20364],[-120.43008,40.2001],[-120.43221,40.19417]],[[-120.44086,40.23059],[-120.44085,40.23059],[-120.44079,40.23061],[-120.44086,40.23059]]],[[[-120.56599,40.21349],[-120.56489,40.21348],[-120.56446,40.21307],[-120.56503,40.21204],[-120.56422,40.21164],[-120.56441,40.21104],[-120.56556,40.21131],[-120.56614,40.21103],[-120.56602,40.21131],[-120.56709,40.21195],[-120.56794,40.21166],[-120.56889,40.21206],[-120.57043,40.21196],[-120.57078,40.21276],[-120.57052,40.21311],[-120.56914,40.21328],[-120.56838,40.21281],[-120.56771,40.21284],[-120.56776,40.21402],[-120.56726,40.2142],[-120.56599,40.21349]]],[[[-120.71819,40.26816],[-120.71893,40.26851],[-120.71913,40.26908],[-120.71783,40.2694],[-120.71759,40.26888],[-120.71819,40.26816]]],[[[-121.08849,40.31747],[-121.08782,40.31672],[-121.08812,40.31544],[-121.0889,40.31526],[-121.09084,40.31569],[-121.09394,40.31554],[-121.09845,40.31587],[-121.10211,40.31672],[-121.10606,40.31649],[-121.11937,40.31422],[-121.12746,40.31215],[-121.13061,40.31228],[-121.13062,40.31197],[-121.14132,40.30947],[-121.14443,40.30791],[-121.14651,40.30659],[-121.1468,40.3057],[-121.14827,40.30531],[-121.14974,40.30423],[-121.15348,40.30329],[-121.1609,40.30276],[-121.16438,40.30402],[-121.16689,40.3065],[-121.16872,40.30898],[-121.17393,40.3137],[-121.17653,40.31481],[-121.17723,40.31541],[-121.17881,40.31547],[-121.18108,40.31507],[-121.18417,40.31396],[-121.1841,40.31286],[-121.18457,40.3129],[-121.18449,40.31384],[-121.18983,40.31165],[-121.19231,40.31148],[-121.19263,40.31177],[-121.19539,40.31193],[-121.19521,40.31089],[-121.19588,40.31113],[-121.19714,40.31352],[-121.19704,40.31428],[-121.19754,40.31527],[-121.19724,40.31635],[-121.19812,40.32134],[-121.19961,40.32441],[-121.20026,40.33007],[-121.2025,40.33264],[-121.20263,40.33375],[-121.20498,40.33535],[-121.20641,40.33538],[-121.20663,40.33508],[-121.20719,40.33508],[-121.20821,40.33652],[-121.21095,40.33719],[-121.21172,40.33706],[-121.21187,40.33515],[-121.21244,40.33421],[-121.21217,40.33344],[-121.21156,40.33321],[-121.21238,40.33319],[-121.21223,40.33244],[-121.21143,40.33253],[-121.21065,40.33303],[-121.2103,40.33288],[-121.21034,40.33231],[-121.21137,40.33177],[-121.21292,40.32904],[-121.21145,40.32829],[-121.21192,40.32771],[-121.21254,40.32764],[-121.21252,40.32734],[-121.21119,40.32542],[-121.20953,40.32408],[-121.20966,40.32385],[-121.21263,40.32353],[-121.21388,40.32275],[-121.21593,40.32276],[-121.21893,40.32318],[-121.22151,40.32409],[-121.22206,40.32458],[-121.22543,40.32443],[-121.22593,40.32409],[-121.2264,40.32489],[-121.22896,40.3252],[-121.22896,40.32556],[-121.23557,40.32531],[-121.23771,40.32559],[-121.23832,40.32482],[-121.23988,40.32393],[-121.24111,40.32375],[-121.24181,40.32119],[-121.24416,40.31876],[-121.24422,40.31833],[-121.24313,40.31746],[-121.24311,40.31604],[-121.24584,40.31434],[-121.24739,40.31293],[-121.24881,40.31041],[-121.2498,40.30972],[-121.24965,40.30904],[-121.24805,40.30767],[-121.24898,40.30576],[-121.24974,40.30534],[-121.24966,40.30471],[-121.2489,40.30441],[-121.24854,40.29892],[-121.24807,40.29823],[-121.24704,40.29776],[-121.24719,40.29564],[-121.24638,40.29504],[-121.24467,40.29461],[-121.24483,40.29358],[-121.24618,40.29274],[-121.2469,40.2917],[-121.24635,40.28866],[-121.24734,40.2859],[-121.24535,40.28648],[-121.24091,40.28696],[-121.24037,40.28759],[-121.23716,40.28895],[-121.22438,40.29222],[-121.22361,40.29163],[-121.22299,40.29009],[-121.22445,40.28785],[-121.22513,40.28528],[-121.22631,40.28339],[-121.22729,40.28341],[-121.22789,40.28237],[-121.22919,40.28143],[-121.23074,40.27884],[-121.23298,40.27489],[-121.23322,40.27332],[-121.23599,40.26959],[-121.23607,40.26761],[-121.23679,40.26644],[-121.23829,40.26638],[-121.24025,40.26575],[-121.23884,40.26315],[-121.23703,40.26173],[-121.23305,40.25529],[-121.23001,40.2521],[-121.22918,40.25106],[-121.22934,40.25081],[-121.2264,40.2493],[-121.2261,40.24944],[-121.2263,40.24551],[-121.22453,40.2421],[-121.22343,40.24466],[-121.22028,40.24079],[-121.21966,40.24071],[-121.21913,40.24111],[-121.21821,40.24449],[-121.217,40.24472],[-121.21667,40.24461],[-121.21773,40.24389],[-121.21745,40.24307],[-121.216,40.24271],[-121.21547,40.24205],[-121.21472,40.24194],[-121.21473,40.24167],[-121.21331,40.24164],[-121.21258,40.24109],[-121.21162,40.24143],[-121.21127,40.2408],[-121.21022,40.24111],[-121.20969,40.24075],[-121.20914,40.24121],[-121.20906,40.24064],[-121.20832,40.24004],[-121.20882,40.23974],[-121.20827,40.23889],[-121.20921,40.2387],[-121.20913,40.23826],[-121.20984,40.23708],[-121.21053,40.23713],[-121.21054,40.23821],[-121.21102,40.23839],[-121.21191,40.23801],[-121.21148,40.23743],[-121.21335,40.23791],[-121.21362,40.23753],[-121.2146,40.23719],[-121.2144,40.23659],[-121.21101,40.23542],[-121.20955,40.23614],[-121.20898,40.23569],[-121.20928,40.23455],[-121.20844,40.23431],[-121.20519,40.23456],[-121.19939,40.23404],[-121.19758,40.23433],[-121.19517,40.2337],[-121.19126,40.23497],[-121.19017,40.23482],[-121.18731,40.23205],[-121.18632,40.23059],[-121.18623,40.22931],[-121.18568,40.22891],[-121.186,40.22854],[-121.18582,40.22795],[-121.18491,40.22794],[-121.18523,40.22747],[-121.18405,40.22673],[-121.18369,40.22546],[-121.18324,40.22508],[-121.18247,40.22523],[-121.18114,40.22422],[-121.1795,40.22367],[-121.1783,40.22265],[-121.17814,40.22287],[-121.17717,40.22229],[-121.17674,40.22179],[-121.17705,40.22149],[-121.17624,40.22087],[-121.17273,40.21948],[-121.17286,40.2187],[-121.17789,40.21715],[-121.1798,40.217],[-121.18236,40.21741],[-121.18851,40.2173],[-121.18973,40.21701],[-121.19122,40.21528],[-121.19092,40.21469],[-121.19513,40.212],[-121.1949,40.21122],[-121.1955,40.20966],[-121.19653,40.20835],[-121.19546,40.20749],[-121.19556,40.20696],[-121.19626,40.20531],[-121.19742,40.20396],[-121.201,40.20267],[-121.20126,40.20155],[-121.2026,40.20093],[-121.20316,40.20002],[-121.2049,40.19985],[-121.20434,40.19958],[-121.20398,40.19889],[-121.20346,40.19878],[-121.20374,40.19828],[-121.20261,40.19716],[-121.20284,40.19656],[-121.20237,40.1961],[-121.20269,40.19572],[-121.2022,40.19436],[-121.19933,40.19378],[-121.19609,40.19479],[-121.19295,40.19463],[-121.18973,40.19737],[-121.18643,40.19724],[-121.18547,40.19682],[-121.18574,40.19746],[-121.18233,40.1977],[-121.17492,40.20089],[-121.17384,40.20122],[-121.17252,40.20121],[-121.17188,40.20106],[-121.1722,40.19952],[-121.17407,40.19788],[-121.17612,40.19538],[-121.17506,40.19415],[-121.16798,40.19182],[-121.16276,40.19299],[-121.15751,40.18966],[-121.15485,40.18918],[-121.14937,40.18953],[-121.14396,40.18853],[-121.13493,40.18929],[-121.13327,40.18906],[-121.13128,40.18817],[-121.12989,40.1889],[-121.12856,40.18829],[-121.12837,40.18722],[-121.12746,40.18615],[-121.12479,40.1853],[-121.12134,40.18629],[-121.11835,40.18574],[-121.1168,40.18584],[-121.11618,40.18611],[-121.11547,40.18718],[-121.11457,40.18739],[-121.11373,40.18697],[-121.11376,40.18634],[-121.11324,40.1857],[-121.11375,40.18517],[-121.11389,40.18423],[-121.11346,40.18278],[-121.11172,40.18173],[-121.11092,40.17989],[-121.10874,40.17933],[-121.10798,40.1787],[-121.10709,40.17698],[-121.10564,40.17606],[-121.10494,40.17595],[-121.10281,40.17737],[-121.1023,40.17857],[-121.10278,40.18113],[-121.10226,40.18195],[-121.10149,40.18221],[-121.1008,40.18304],[-121.09924,40.18327],[-121.09832,40.18203],[-121.09723,40.18176],[-121.09605,40.1809],[-121.09456,40.18098],[-121.09438,40.18071],[-121.09585,40.18042],[-121.09594,40.17976],[-121.09522,40.17997],[-121.09447,40.17946],[-121.09327,40.17919],[-121.09311,40.17823],[-121.09392,40.17781],[-121.09604,40.17748],[-121.09616,40.17603],[-121.09468,40.17571],[-121.09228,40.17611],[-121.09079,40.17548],[-121.09229,40.17512],[-121.09283,40.17438],[-121.09097,40.1727],[-121.08982,40.17274],[-121.08575,40.17384],[-121.08337,40.17398],[-121.08337,40.1743],[-121.08268,40.17418],[-121.08145,40.17562],[-121.0802,40.17566],[-121.08058,40.17623],[-121.0818,40.17615],[-121.08237,40.17681],[-121.0827,40.17673],[-121.08292,40.17731],[-121.08215,40.17921],[-121.08256,40.17982],[-121.0823,40.18024],[-121.08144,40.18053],[-121.08182,40.1816],[-121.0813,40.1818],[-121.08029,40.18307],[-121.08004,40.18445],[-121.07835,40.18518],[-121.0783,40.18617],[-121.07716,40.18659],[-121.07695,40.18591],[-121.07562,40.18663],[-121.07371,40.18575],[-121.0737,40.18617],[-121.07352,40.18601],[-121.07324,40.18633],[-121.07243,40.18646],[-121.07267,40.18689],[-121.07146,40.18715],[-121.06926,40.18667],[-121.06846,40.18565],[-121.06768,40.18586],[-121.06749,40.18694],[-121.06838,40.18827],[-121.06779,40.18858],[-121.0679,40.1908],[-121.06733,40.19144],[-121.06746,40.19191],[-121.06614,40.19173],[-121.06611,40.19116],[-121.06574,40.19128],[-121.06541,40.19097],[-121.06373,40.19242],[-121.06303,40.19244],[-121.06257,40.19281],[-121.06209,40.19254],[-121.06196,40.19283],[-121.06132,40.19232],[-121.0608,40.19278],[-121.05921,40.1918],[-121.05873,40.19086],[-121.05825,40.1906],[-121.05725,40.19063],[-121.05703,40.1902],[-121.05673,40.19042],[-121.05679,40.18987],[-121.05594,40.19004],[-121.05568,40.19043],[-121.05602,40.19055],[-121.05562,40.19056],[-121.05563,40.1908],[-121.05419,40.19004],[-121.05411,40.18934],[-121.0524,40.18929],[-121.0517,40.18895],[-121.05082,40.18998],[-121.04936,40.18985],[-121.04916,40.18954],[-121.04959,40.18931],[-121.04967,40.18869],[-121.0495,40.18881],[-121.04888,40.18803],[-121.04774,40.18764],[-121.04654,40.18946],[-121.04601,40.18901],[-121.04543,40.18967],[-121.04333,40.18983],[-121.0428,40.19029],[-121.04211,40.19017],[-121.04144,40.19088],[-121.04037,40.19123],[-121.03971,40.19075],[-121.03934,40.1908],[-121.0382,40.19151],[-121.03677,40.19149],[-121.03665,40.19057],[-121.036,40.19061],[-121.03446,40.19203],[-121.0334,40.19181],[-121.03329,40.19234],[-121.03407,40.19262],[-121.03444,40.19233],[-121.03496,40.19309],[-121.03561,40.1932],[-121.0349,40.19374],[-121.03519,40.19449],[-121.03418,40.1954],[-121.03362,40.19532],[-121.03252,40.19577],[-121.03189,40.19537],[-121.0321,40.195],[-121.03181,40.19452],[-121.03078,40.19476],[-121.02954,40.19463],[-121.02837,40.19405],[-121.02796,40.19428],[-121.02662,40.194],[-121.02572,40.19328],[-121.02465,40.19384],[-121.02263,40.19341],[-121.02194,40.19361],[-121.02219,40.19517],[-121.02379,40.19522],[-121.02411,40.1957],[-121.02542,40.1962],[-121.02691,40.19622],[-121.02813,40.19794],[-121.02879,40.19834],[-121.02866,40.19911],[-121.03079,40.19934],[-121.03084,40.19992],[-121.03201,40.20013],[-121.03268,40.20131],[-121.03337,40.20138],[-121.03339,40.20057],[-121.03391,40.2007],[-121.03401,40.20051],[-121.03475,40.20146],[-121.03592,40.20149],[-121.03595,40.202],[-121.03664,40.20249],[-121.03714,40.20244],[-121.03902,40.20141],[-121.03867,40.20106],[-121.03943,40.20062],[-121.03941,40.20023],[-121.04082,40.19994],[-121.04128,40.2013],[-121.04209,40.20173],[-121.04337,40.20189],[-121.04417,40.2032],[-121.04382,40.20355],[-121.0443,40.20401],[-121.04523,40.20373],[-121.04618,40.20393],[-121.04635,40.20464],[-121.04699,40.20488],[-121.04765,40.20576],[-121.04806,40.20589],[-121.04847,40.2056],[-121.04906,40.20588],[-121.04934,40.20648],[-121.05063,40.20683],[-121.05158,40.20741],[-121.05225,40.20832],[-121.05346,40.20866],[-121.05453,40.21141],[-121.05412,40.21218],[-121.05434,40.21285],[-121.05312,40.21447],[-121.05345,40.21597],[-121.0528,40.21685],[-121.05201,40.21719],[-121.05225,40.22033],[-121.05099,40.22047],[-121.05043,40.21983],[-121.04717,40.21914],[-121.04698,40.21843],[-121.04565,40.21746],[-121.04494,40.21814],[-121.04435,40.21812],[-121.04358,40.21749],[-121.04235,40.21786],[-121.04291,40.21831],[-121.04304,40.21923],[-121.0425,40.21952],[-121.04173,40.2194],[-121.0411,40.21835],[-121.03989,40.21789],[-121.03942,40.21722],[-121.03831,40.21672],[-121.03799,40.21475],[-121.03738,40.21456],[-121.03625,40.21513],[-121.03556,40.21504],[-121.03493,40.21581],[-121.03423,40.21575],[-121.03332,40.21787],[-121.03375,40.21875],[-121.03575,40.2192],[-121.03612,40.22044],[-121.03565,40.22136],[-121.03446,40.22149],[-121.03157,40.22091],[-121.0313,40.22112],[-121.03186,40.22124],[-121.03181,40.22145],[-121.03146,40.22133],[-121.03247,40.22232],[-121.03243,40.22432],[-121.02819,40.22585],[-121.02836,40.22623],[-121.02638,40.22725],[-121.02579,40.2285],[-121.0248,40.22871],[-121.02428,40.22816],[-121.02404,40.22825],[-121.02318,40.22932],[-121.02312,40.23033],[-121.02146,40.23218],[-121.02095,40.23231],[-121.02065,40.23298],[-121.01958,40.23303],[-121.0188,40.23385],[-121.01796,40.23414],[-121.01738,40.23382],[-121.01601,40.23375],[-121.01498,40.23466],[-121.01669,40.23561],[-121.01669,40.2361],[-121.01475,40.23807],[-121.01334,40.23793],[-121.01244,40.2376],[-121.01231,40.23717],[-121.0101,40.23676],[-121.0093,40.23777],[-121.00826,40.2372],[-121.0076,40.23746],[-121.00733,40.2382],[-121.00655,40.2387],[-121.00649,40.23956],[-121.00789,40.23957],[-121.00831,40.24031],[-121.00753,40.24029],[-121.00754,40.24081],[-121.0067,40.24115],[-121.00711,40.24186],[-121.00819,40.24214],[-121.00907,40.24104],[-121.01048,40.24215],[-121.01088,40.24379],[-121.00998,40.24416],[-121.00999,40.24534],[-121.00954,40.24587],[-121.0099,40.24633],[-121.00948,40.24837],[-121.0097,40.24884],[-121.00899,40.25],[-121.00932,40.25111],[-121.00792,40.25208],[-121.00774,40.25296],[-121.00502,40.25605],[-121.0034,40.25655],[-121.00262,40.25523],[-121.00174,40.25667],[-120.99994,40.2573],[-120.99856,40.25947],[-120.99535,40.25996],[-120.99233,40.26014],[-120.99085,40.25992],[-120.99055,40.25956],[-120.98817,40.26006],[-120.98447,40.25949],[-120.9832,40.26067],[-120.98154,40.26126],[-120.98027,40.26128],[-120.9784,40.26017],[-120.97839,40.25933],[-120.97684,40.26014],[-120.97743,40.26175],[-120.97636,40.26284],[-120.97387,40.2626],[-120.97366,40.2618],[-120.97025,40.26316],[-120.9688,40.26024],[-120.96412,40.2575],[-120.96097,40.25649],[-120.95852,40.25674],[-120.95721,40.25778],[-120.9547,40.25877],[-120.95306,40.2584],[-120.95151,40.25866],[-120.94873,40.25709],[-120.94678,40.25558],[-120.94572,40.25401],[-120.94582,40.2494],[-120.94349,40.24786],[-120.94491,40.24545],[-120.94865,40.24557],[-120.94795,40.24489],[-120.94656,40.24493],[-120.9444,40.24429],[-120.94405,40.24436],[-120.94358,40.24524],[-120.94256,40.24545],[-120.94128,40.24454],[-120.94234,40.2444],[-120.94323,40.2439],[-120.94209,40.24224],[-120.94242,40.24134],[-120.94204,40.24071],[-120.94238,40.2399],[-120.94212,40.23972],[-120.94076,40.23954],[-120.94035,40.24007],[-120.93958,40.24027],[-120.93887,40.23984],[-120.93945,40.23924],[-120.93803,40.23857],[-120.9369,40.23887],[-120.93721,40.23917],[-120.93686,40.23941],[-120.93609,40.2395],[-120.93591,40.23913],[-120.93214,40.23997],[-120.93085,40.2389],[-120.92871,40.23785],[-120.92845,40.23947],[-120.92723,40.2398],[-120.92664,40.2392],[-120.92509,40.23886],[-120.92511,40.23764],[-120.92369,40.23801],[-120.92086,40.23784],[-120.9168,40.23637],[-120.91545,40.23725],[-120.91338,40.23718],[-120.91171,40.23681],[-120.91251,40.23515],[-120.91261,40.23394],[-120.91135,40.2329],[-120.90874,40.23318],[-120.908,40.23413],[-120.90695,40.2371],[-120.90592,40.23812],[-120.90174,40.24072],[-120.89878,40.24348],[-120.89658,40.24377],[-120.89644,40.24417],[-120.89729,40.24425],[-120.89701,40.24504],[-120.89927,40.24512],[-120.90159,40.24413],[-120.90257,40.24426],[-120.9035,40.24396],[-120.90554,40.24258],[-120.9064,40.24279],[-120.91248,40.24636],[-120.91331,40.24735],[-120.91384,40.24744],[-120.91509,40.24944],[-120.91473,40.25037],[-120.91358,40.25108],[-120.91252,40.25283],[-120.9128,40.25353],[-120.91208,40.25472],[-120.90913,40.25471],[-120.90867,40.25508],[-120.90848,40.25573],[-120.90916,40.25666],[-120.90804,40.25706],[-120.90715,40.25647],[-120.90697,40.25673],[-120.90505,40.25655],[-120.90467,40.25715],[-120.90508,40.25808],[-120.90361,40.25867],[-120.90325,40.25819],[-120.90097,40.25754],[-120.90034,40.25671],[-120.89972,40.25658],[-120.89812,40.25848],[-120.89701,40.25905],[-120.89611,40.26109],[-120.89748,40.26123],[-120.89903,40.26093],[-120.90162,40.26394],[-120.90688,40.27241],[-120.90689,40.273],[-120.90558,40.27334],[-120.90596,40.27424],[-120.90372,40.27506],[-120.90171,40.27529],[-120.90156,40.27597],[-120.90089,40.27598],[-120.89965,40.27722],[-120.90133,40.27728],[-120.90364,40.27834],[-120.90504,40.27754],[-120.90755,40.27965],[-120.91068,40.27935],[-120.9104,40.28148],[-120.91088,40.28285],[-120.91133,40.28297],[-120.91134,40.28395],[-120.91238,40.28536],[-120.91298,40.28736],[-120.91064,40.28943],[-120.90944,40.28983],[-120.90819,40.2898],[-120.90743,40.29036],[-120.905,40.28977],[-120.90623,40.29095],[-120.90904,40.29166],[-120.91055,40.29161],[-120.9116,40.29207],[-120.91229,40.29155],[-120.91277,40.29179],[-120.91297,40.29255],[-120.91698,40.29416],[-120.91823,40.29395],[-120.91947,40.29413],[-120.92031,40.29354],[-120.92052,40.29295],[-120.92156,40.29281],[-120.92265,40.29351],[-120.92065,40.29435],[-120.92114,40.29466],[-120.9209,40.29511],[-120.92271,40.29721],[-120.92263,40.29772],[-120.92338,40.29799],[-120.92561,40.29736],[-120.92554,40.29686],[-120.92618,40.29638],[-120.92599,40.29571],[-120.92708,40.29605],[-120.92735,40.29716],[-120.92829,40.29639],[-120.92886,40.29653],[-120.9286,40.29805],[-120.92941,40.29834],[-120.93183,40.29848],[-120.93391,40.29976],[-120.93397,40.29912],[-120.93488,40.29909],[-120.93502,40.29977],[-120.93441,40.30032],[-120.93484,40.30094],[-120.93465,40.30119],[-120.93407,40.30121],[-120.93272,40.30267],[-120.93154,40.30342],[-120.93154,40.30376],[-120.93043,40.30419],[-120.9301,40.30462],[-120.9244,40.30431],[-120.923,40.30491],[-120.92043,40.30542],[-120.91983,40.30591],[-120.9186,40.30616],[-120.91809,40.30599],[-120.91783,40.30802],[-120.91612,40.30898],[-120.91529,40.30989],[-120.91405,40.31032],[-120.91268,40.31039],[-120.91122,40.30961],[-120.91003,40.30982],[-120.90973,40.31],[-120.91006,40.31024],[-120.90945,40.3105],[-120.90887,40.31016],[-120.90938,40.30952],[-120.90829,40.30911],[-120.90816,40.30847],[-120.90757,40.3086],[-120.90759,40.30916],[-120.90699,40.30889],[-120.90669,40.3093],[-120.90454,40.30853],[-120.90298,40.31001],[-120.9012,40.31067],[-120.89968,40.31001],[-120.89738,40.31123],[-120.89795,40.31173],[-120.89643,40.31375],[-120.895,40.31388],[-120.89622,40.31511],[-120.89508,40.31704],[-120.88935,40.31912],[-120.88805,40.32037],[-120.88468,40.31983],[-120.88586,40.32106],[-120.88469,40.32645],[-120.88289,40.32809],[-120.87994,40.32734],[-120.87972,40.32672],[-120.87905,40.32766],[-120.87907,40.32959],[-120.88078,40.3308],[-120.88033,40.3315],[-120.88135,40.3331],[-120.88152,40.33548],[-120.88098,40.33696],[-120.88143,40.33757],[-120.88153,40.3387],[-120.88065,40.33987],[-120.88071,40.34035],[-120.88007,40.34037],[-120.87975,40.34008],[-120.8795,40.34082],[-120.87863,40.34104],[-120.87742,40.34067],[-120.87722,40.34087],[-120.87717,40.34158],[-120.88011,40.34448],[-120.87997,40.34584],[-120.87894,40.34689],[-120.8789,40.34762],[-120.8794,40.34801],[-120.87851,40.34837],[-120.87796,40.34912],[-120.87711,40.34906],[-120.87617,40.34966],[-120.87551,40.34961],[-120.87539,40.34906],[-120.8748,40.34914],[-120.87418,40.34885],[-120.87363,40.34798],[-120.87389,40.34747],[-120.87466,40.34708],[-120.87414,40.3467],[-120.87424,40.34634],[-120.87353,40.34686],[-120.87146,40.34684],[-120.87271,40.35001],[-120.87196,40.35143],[-120.87265,40.3534],[-120.87232,40.35492],[-120.86675,40.35924],[-120.86603,40.36015],[-120.86353,40.36129],[-120.85839,40.36257],[-120.85516,40.36406],[-120.85044,40.36409],[-120.84619,40.36626],[-120.84399,40.36684],[-120.84192,40.36651],[-120.84061,40.36765],[-120.84049,40.369],[-120.83959,40.36946],[-120.83753,40.3697],[-120.8353,40.36791],[-120.83031,40.36986],[-120.8293,40.37156],[-120.82048,40.37387],[-120.81696,40.37548],[-120.81533,40.37526],[-120.8121,40.37618],[-120.81049,40.37721],[-120.80872,40.37733],[-120.80872,40.37812],[-120.80666,40.37802],[-120.805,40.37431],[-120.80438,40.37195],[-120.80436,40.36992],[-120.8029,40.36741],[-120.8025,40.3673],[-120.80074,40.36849],[-120.79906,40.36723],[-120.79552,40.36743],[-120.79433,40.36841],[-120.79414,40.36895],[-120.79224,40.36884],[-120.79206,40.36763],[-120.78906,40.36779],[-120.78812,40.36878],[-120.78704,40.36879],[-120.78678,40.36991],[-120.78761,40.37146],[-120.78708,40.37194],[-120.78403,40.37155],[-120.78285,40.37108],[-120.7807,40.37095],[-120.7812,40.36951],[-120.77901,40.36659],[-120.77839,40.36655],[-120.77628,40.36872],[-120.77506,40.36926],[-120.77576,40.36998],[-120.77544,40.37076],[-120.77325,40.37051],[-120.77204,40.37006],[-120.77174,40.36953],[-120.77081,40.36992],[-120.77039,40.36948],[-120.77039,40.36873],[-120.76895,40.36802],[-120.76813,40.36812],[-120.76794,40.37009],[-120.76691,40.36928],[-120.7654,40.36914],[-120.76295,40.36968],[-120.7609,40.36926],[-120.76085,40.36829],[-120.76044,40.36819],[-120.76003,40.36851],[-120.759,40.3672],[-120.75747,40.36605],[-120.75704,40.36456],[-120.75998,40.36363],[-120.75787,40.36198],[-120.75856,40.36089],[-120.75986,40.36025],[-120.76031,40.35934],[-120.76112,40.35874],[-120.76177,40.35918],[-120.76308,40.3591],[-120.76279,40.35876],[-120.76316,40.35845],[-120.76374,40.35917],[-120.76476,40.35875],[-120.7636,40.35785],[-120.76352,40.35741],[-120.76433,40.35712],[-120.76794,40.35438],[-120.77011,40.35418],[-120.77113,40.3538],[-120.77312,40.35438],[-120.7738,40.35252],[-120.77246,40.35081],[-120.77254,40.34996],[-120.77158,40.34874],[-120.77174,40.34819],[-120.77211,40.34793],[-120.77273,40.34863],[-120.77374,40.34819],[-120.77401,40.34883],[-120.77462,40.34867],[-120.77622,40.34629],[-120.77751,40.34638],[-120.7786,40.34563],[-120.77999,40.34543],[-120.78475,40.34288],[-120.78568,40.34348],[-120.78633,40.34295],[-120.78626,40.34225],[-120.78671,40.34172],[-120.78869,40.34118],[-120.79179,40.33915],[-120.79244,40.33814],[-120.79387,40.33791],[-120.79558,40.33702],[-120.79673,40.33718],[-120.79893,40.33413],[-120.80007,40.33184],[-120.80003,40.3311],[-120.79926,40.33073],[-120.79918,40.32995],[-120.79917,40.32917],[-120.7999,40.32883],[-120.79975,40.32591],[-120.80009,40.32558],[-120.80016,40.32426],[-120.79931,40.32362],[-120.79946,40.32194],[-120.79882,40.32159],[-120.79699,40.31717],[-120.79585,40.31675],[-120.79539,40.3154],[-120.79259,40.31303],[-120.79257,40.31193],[-120.79331,40.31166],[-120.79244,40.30968],[-120.79137,40.30868],[-120.79148,40.30832],[-120.79086,40.30756],[-120.79101,40.30629],[-120.79183,40.30616],[-120.79264,40.30518],[-120.79395,40.30481],[-120.79388,40.30358],[-120.79279,40.30113],[-120.79308,40.3005],[-120.79192,40.2997],[-120.79156,40.29882],[-120.79065,40.29871],[-120.79005,40.29722],[-120.78992,40.29566],[-120.79086,40.29431],[-120.79247,40.29387],[-120.79192,40.29165],[-120.79327,40.29094],[-120.79421,40.28927],[-120.79404,40.28855],[-120.79494,40.28814],[-120.79485,40.28673],[-120.79585,40.28608],[-120.79556,40.28533],[-120.79497,40.28525],[-120.79667,40.28381],[-120.79681,40.28302],[-120.79811,40.28263],[-120.79787,40.28298],[-120.79877,40.28353],[-120.79942,40.28257],[-120.8016,40.28241],[-120.80304,40.28101],[-120.80143,40.28029],[-120.80117,40.27876],[-120.80035,40.27804],[-120.80058,40.27605],[-120.7999,40.27556],[-120.79891,40.27545],[-120.7982,40.27468],[-120.79642,40.27475],[-120.79671,40.27203],[-120.79906,40.27271],[-120.7995,40.27199],[-120.80066,40.27198],[-120.80095,40.27171],[-120.79971,40.27127],[-120.79933,40.27079],[-120.79646,40.27032],[-120.79546,40.26979],[-120.79384,40.26823],[-120.79366,40.26686],[-120.79045,40.26637],[-120.78838,40.26471],[-120.78652,40.26374],[-120.78386,40.2601],[-120.77807,40.2564],[-120.77554,40.2555],[-120.77426,40.25368],[-120.77184,40.25261],[-120.77245,40.251],[-120.77206,40.24963],[-120.76992,40.25019],[-120.76831,40.25161],[-120.76678,40.25089],[-120.76455,40.25093],[-120.76212,40.25046],[-120.76059,40.24941],[-120.75442,40.25074],[-120.75443,40.25328],[-120.7554,40.25318],[-120.75504,40.25344],[-120.75526,40.25403],[-120.75492,40.25462],[-120.75455,40.25475],[-120.75376,40.25386],[-120.75193,40.25513],[-120.74783,40.25471],[-120.74567,40.25595],[-120.7453,40.25661],[-120.74575,40.25742],[-120.74442,40.2585],[-120.74339,40.26007],[-120.74239,40.26018],[-120.74215,40.26105],[-120.74061,40.26071],[-120.73969,40.26114],[-120.73893,40.26193],[-120.73866,40.26294],[-120.73828,40.26205],[-120.7374,40.26146],[-120.73686,40.26198],[-120.73598,40.26189],[-120.73693,40.26113],[-120.73692,40.26029],[-120.73595,40.26011],[-120.73484,40.25917],[-120.73352,40.2601],[-120.73286,40.2596],[-120.73087,40.26133],[-120.72936,40.26186],[-120.72692,40.26389],[-120.72626,40.26425],[-120.72563,40.26411],[-120.72581,40.2621],[-120.72837,40.25913],[-120.72816,40.25834],[-120.72765,40.25824],[-120.72641,40.25834],[-120.72575,40.25882],[-120.72505,40.25889],[-120.72466,40.25963],[-120.72395,40.26001],[-120.72367,40.26086],[-120.72227,40.26204],[-120.7207,40.26168],[-120.71764,40.2628],[-120.71641,40.26302],[-120.7151,40.26287],[-120.71379,40.2613],[-120.71413,40.26049],[-120.71614,40.25998],[-120.71909,40.25773],[-120.72124,40.25697],[-120.72223,40.25624],[-120.7219,40.25613],[-120.71933,40.25687],[-120.71819,40.25787],[-120.71644,40.25688],[-120.71609,40.25744],[-120.71567,40.25753],[-120.71516,40.25756],[-120.71462,40.25703],[-120.71304,40.25764],[-120.71059,40.26035],[-120.7093,40.26041],[-120.70832,40.25945],[-120.70743,40.25953],[-120.7066,40.25911],[-120.70528,40.25908],[-120.70499,40.25848],[-120.70604,40.25735],[-120.70577,40.25621],[-120.70697,40.25568],[-120.70747,40.25476],[-120.70881,40.25448],[-120.7092,40.25369],[-120.70971,40.25347],[-120.70956,40.25323],[-120.71031,40.25285],[-120.71023,40.2526],[-120.70853,40.25224],[-120.70832,40.25187],[-120.70895,40.25089],[-120.70836,40.25073],[-120.70768,40.25128],[-120.70627,40.2513],[-120.70583,40.25101],[-120.7059,40.25062],[-120.70722,40.24983],[-120.70738,40.24934],[-120.70879,40.24908],[-120.70898,40.24805],[-120.70951,40.24786],[-120.70865,40.2472],[-120.70909,40.24557],[-120.70839,40.24515],[-120.70693,40.24318],[-120.70988,40.24216],[-120.71017,40.24096],[-120.71016,40.24038],[-120.70972,40.24017],[-120.70819,40.24062],[-120.70757,40.24029],[-120.70867,40.23928],[-120.70819,40.23955],[-120.70683,40.23915],[-120.70741,40.2383],[-120.70715,40.23662],[-120.70803,40.23584],[-120.70952,40.23558],[-120.70902,40.23528],[-120.7085,40.2339],[-120.71068,40.2327],[-120.71095,40.23221],[-120.71066,40.2309],[-120.71129,40.23031],[-120.71059,40.22992],[-120.714,40.22934],[-120.71342,40.22617],[-120.71303,40.22594],[-120.71344,40.22486],[-120.7133,40.22417],[-120.71278,40.22364],[-120.71226,40.22194],[-120.71264,40.21993],[-120.71201,40.21948],[-120.71225,40.21809],[-120.71179,40.21759],[-120.71102,40.21761],[-120.71002,40.21829],[-120.70843,40.21815],[-120.704,40.21678],[-120.7025,40.21695],[-120.70102,40.21631],[-120.69859,40.21837],[-120.69784,40.2186],[-120.69521,40.21857],[-120.69332,40.21975],[-120.69306,40.21959],[-120.69091,40.22177],[-120.69067,40.2225],[-120.6885,40.22295],[-120.68806,40.22345],[-120.68684,40.22345],[-120.68558,40.2241],[-120.68481,40.22498],[-120.68323,40.22562],[-120.68201,40.22519],[-120.68086,40.22554],[-120.68088,40.22667],[-120.67883,40.22643],[-120.67652,40.22478],[-120.67645,40.2238],[-120.67784,40.22301],[-120.67892,40.22311],[-120.67969,40.22247],[-120.68012,40.22139],[-120.68165,40.22016],[-120.68228,40.22025],[-120.68208,40.21883],[-120.68261,40.21822],[-120.68264,40.21732],[-120.68335,40.21736],[-120.68365,40.21692],[-120.68365,40.21643],[-120.68224,40.216],[-120.68237,40.21536],[-120.68661,40.21594],[-120.68757,40.21455],[-120.68714,40.21416],[-120.68586,40.21412],[-120.68484,40.21344],[-120.6854,40.2128],[-120.68764,40.21328],[-120.68858,40.21308],[-120.68917,40.21097],[-120.69315,40.20847],[-120.69508,40.20787],[-120.69559,40.20737],[-120.69736,40.2077],[-120.69759,40.20748],[-120.69724,40.20644],[-120.69688,40.20625],[-120.69385,40.20646],[-120.69346,40.20609],[-120.69193,40.20686],[-120.6892,40.207],[-120.68711,40.20652],[-120.68335,40.20679],[-120.68394,40.20741],[-120.68365,40.20764],[-120.68212,40.20715],[-120.68135,40.2076],[-120.67926,40.20712],[-120.67751,40.20829],[-120.67738,40.20747],[-120.67639,40.20752],[-120.67582,40.20697],[-120.6734,40.20617],[-120.67192,40.2043],[-120.66976,40.20327],[-120.66999,40.20286],[-120.66927,40.2025],[-120.66887,40.2014],[-120.6671,40.20073],[-120.66606,40.20129],[-120.6647,40.20099],[-120.66437,40.20012],[-120.65994,40.19881],[-120.65925,40.19936],[-120.65971,40.20038],[-120.65766,40.19995],[-120.65735,40.20054],[-120.6562,40.20055],[-120.65575,40.19989],[-120.65527,40.19982],[-120.6553,40.19923],[-120.65662,40.19849],[-120.65579,40.19776],[-120.65547,40.19802],[-120.65278,40.19824],[-120.65254,40.1988],[-120.65083,40.1991],[-120.65018,40.19886],[-120.64986,40.198],[-120.64951,40.19807],[-120.64948,40.19872],[-120.64834,40.19921],[-120.64824,40.19989],[-120.64722,40.19978],[-120.64653,40.2005],[-120.64639,40.20122],[-120.64539,40.20168],[-120.64476,40.20324],[-120.64408,40.20377],[-120.64394,40.20589],[-120.64239,40.20618],[-120.64144,40.20743],[-120.64065,40.20696],[-120.63967,40.20708],[-120.63929,40.2062],[-120.63788,40.20665],[-120.63724,40.20597],[-120.63574,40.2057],[-120.63551,40.20673],[-120.63476,40.20733],[-120.63502,40.20807],[-120.6347,40.20941],[-120.63396,40.20962],[-120.63339,40.20918],[-120.63241,40.20733],[-120.6302,40.20522],[-120.6291,40.20333],[-120.62695,40.20265],[-120.62669,40.20076],[-120.62599,40.20087],[-120.62454,40.20039],[-120.62403,40.19863],[-120.62287,40.19762],[-120.62335,40.19623],[-120.62194,40.19473],[-120.621,40.193],[-120.62133,40.19112],[-120.62107,40.19055],[-120.62031,40.19009],[-120.61988,40.19039],[-120.61725,40.18909],[-120.61501,40.1886],[-120.61423,40.18742],[-120.61327,40.18687],[-120.61093,40.18641],[-120.60934,40.18417],[-120.60942,40.18346],[-120.60892,40.1825],[-120.61114,40.17997],[-120.61139,40.17557],[-120.61105,40.1756],[-120.6105,40.17726],[-120.61083,40.17784],[-120.61055,40.17912],[-120.60986,40.17982],[-120.60893,40.18004],[-120.60636,40.17955],[-120.60601,40.17974],[-120.60392,40.17947],[-120.60418,40.17995],[-120.60323,40.18039],[-120.60107,40.18038],[-120.60059,40.18],[-120.60097,40.18114],[-120.60066,40.18166],[-120.59985,40.18187],[-120.59908,40.18105],[-120.59904,40.17968],[-120.59823,40.1784],[-120.59694,40.17859],[-120.59577,40.17719],[-120.59544,40.17747],[-120.59457,40.17685],[-120.59648,40.17532],[-120.59883,40.17538],[-120.59965,40.17508],[-120.59944,40.1735],[-120.60139,40.17314],[-120.60141,40.17263],[-120.60266,40.17269],[-120.6058,40.17097],[-120.6107,40.17118],[-120.61272,40.17154],[-120.61301,40.17093],[-120.61579,40.16909],[-120.61639,40.16816],[-120.61635,40.16714],[-120.61777,40.16627],[-120.61858,40.16525],[-120.61875,40.16442],[-120.6201,40.16335],[-120.62063,40.16247],[-120.6212,40.1622],[-120.62262,40.16237],[-120.62359,40.16298],[-120.62422,40.16207],[-120.62446,40.16048],[-120.62565,40.15877],[-120.62713,40.15875],[-120.62902,40.15785],[-120.63085,40.15788],[-120.63147,40.15835],[-120.63241,40.15807],[-120.63244,40.15773],[-120.63371,40.15764],[-120.63428,40.15718],[-120.63431,40.15628],[-120.63583,40.15646],[-120.63586,40.15574],[-120.63704,40.15424],[-120.63678,40.15395],[-120.63918,40.15306],[-120.63881,40.15237],[-120.63922,40.15221],[-120.64082,40.14823],[-120.64001,40.14784],[-120.63992,40.147],[-120.64021,40.1469],[-120.6402,40.14626],[-120.64159,40.14502],[-120.64512,40.14567],[-120.6463,40.14533],[-120.64642,40.14744],[-120.64613,40.14833],[-120.64699,40.14796],[-120.64707,40.14693],[-120.64799,40.14652],[-120.64827,40.14605],[-120.64877,40.1461],[-120.64869,40.14521],[-120.65263,40.14491],[-120.6534,40.14455],[-120.6542,40.14478],[-120.65613,40.14463],[-120.65582,40.14378],[-120.65433,40.14368],[-120.65438,40.14335],[-120.65391,40.14328],[-120.65379,40.14295],[-120.65536,40.14021],[-120.65496,40.14001],[-120.65504,40.13953],[-120.65434,40.139],[-120.65402,40.13821],[-120.65456,40.13595],[-120.6535,40.13642],[-120.65221,40.13614],[-120.65194,40.13557],[-120.65234,40.13466],[-120.65396,40.13477],[-120.65353,40.13395],[-120.65356,40.13092],[-120.65542,40.13055],[-120.65614,40.13007],[-120.65504,40.12844],[-120.6556,40.12805],[-120.65559,40.12765],[-120.65659,40.12723],[-120.65864,40.12858],[-120.65852,40.12754],[-120.65618,40.12566],[-120.65726,40.12444],[-120.66057,40.12464],[-120.66184,40.12543],[-120.66343,40.12566],[-120.66262,40.12203],[-120.66171,40.12007],[-120.66348,40.11969],[-120.66525,40.12195],[-120.66541,40.1191],[-120.66846,40.11945],[-120.67007,40.11939],[-120.67053,40.11896],[-120.67052,40.11788],[-120.66991,40.11714],[-120.66869,40.11684],[-120.66913,40.11539],[-120.67029,40.11477],[-120.66871,40.115],[-120.66863,40.11478],[-120.66912,40.11452],[-120.67252,40.11428],[-120.67265,40.11301],[-120.67289,40.11429],[-120.67503,40.11358],[-120.67469,40.11305],[-120.6738,40.11294],[-120.67298,40.11215],[-120.67207,40.11212],[-120.67127,40.11171],[-120.67088,40.112],[-120.67217,40.11079],[-120.67139,40.11076],[-120.6712,40.11033],[-120.67,40.10981],[-120.66959,40.10875],[-120.67012,40.1092],[-120.6701,40.10967],[-120.67127,40.11],[-120.67198,40.1099],[-120.67204,40.10943],[-120.67143,40.10899],[-120.67169,40.10877],[-120.672,40.10902],[-120.67213,40.10858],[-120.67312,40.10809],[-120.67247,40.10632],[-120.67365,40.10606],[-120.67424,40.10478],[-120.67496,40.10487],[-120.67581,40.10458],[-120.67595,40.10362],[-120.67712,40.10398],[-120.67822,40.10342],[-120.67877,40.10274],[-120.67866,40.10233],[-120.67903,40.10233],[-120.67857,40.10163],[-120.67779,40.10213],[-120.67551,40.10241],[-120.6757,40.10146],[-120.67467,40.10067],[-120.67372,40.10095],[-120.67207,40.1021],[-120.6716,40.10119],[-120.67034,40.10153],[-120.67039,40.10177],[-120.66859,40.10136],[-120.67069,40.10086],[-120.67091,40.10034],[-120.67046,40.09972],[-120.66997,40.10001],[-120.66993,40.09871],[-120.66929,40.09769],[-120.66905,40.09603],[-120.66786,40.09559],[-120.66595,40.09589],[-120.66267,40.09361],[-120.66375,40.09354],[-120.66342,40.09292],[-120.6644,40.09262],[-120.66425,40.092],[-120.66528,40.0905],[-120.6672,40.08917],[-120.66736,40.08766],[-120.66657,40.0854],[-120.66661,40.08495],[-120.66753,40.08438],[-120.66748,40.0839],[-120.66685,40.08342],[-120.66589,40.08332],[-120.66611,40.08257],[-120.66727,40.08273],[-120.66722,40.08149],[-120.66766,40.08131],[-120.66815,40.08152],[-120.6682,40.0819],[-120.66953,40.08156],[-120.66984,40.08198],[-120.67201,40.08227],[-120.67215,40.08174],[-120.67141,40.08125],[-120.67268,40.08041],[-120.67376,40.08033],[-120.67465,40.07951],[-120.6746,40.07923],[-120.67337,40.07903],[-120.67333,40.07868],[-120.67381,40.07845],[-120.67289,40.07789],[-120.67221,40.07784],[-120.67194,40.07748],[-120.67213,40.07715],[-120.67175,40.0769],[-120.67191,40.07647],[-120.67162,40.07621],[-120.67097,40.0764],[-120.67028,40.07617],[-120.67092,40.07555],[-120.66986,40.07552],[-120.66941,40.07471],[-120.66988,40.07418],[-120.6697,40.07385],[-120.67144,40.07323],[-120.67109,40.07265],[-120.67155,40.07186],[-120.6728,40.07199],[-120.67309,40.07164],[-120.67484,40.0715],[-120.67734,40.06969],[-120.67873,40.06912],[-120.67982,40.06986],[-120.68102,40.0695],[-120.68175,40.06883],[-120.68245,40.0691],[-120.68272,40.0696],[-120.6834,40.06974],[-120.68407,40.06824],[-120.68503,40.06822],[-120.68559,40.06667],[-120.68983,40.06786],[-120.69016,40.06831],[-120.69167,40.06794],[-120.69723,40.06485],[-120.70151,40.06304],[-120.70217,40.06358],[-120.70369,40.06396],[-120.7051,40.06242],[-120.70665,40.0626],[-120.70743,40.06192],[-120.70898,40.06195],[-120.70855,40.06151],[-120.70885,40.06121],[-120.71024,40.06136],[-120.71066,40.06167],[-120.71188,40.06152],[-120.71317,40.06082],[-120.71531,40.06157],[-120.71587,40.06118],[-120.71714,40.06124],[-120.71798,40.06093],[-120.71782,40.06031],[-120.72023,40.059],[-120.72045,40.05844],[-120.72137,40.05829],[-120.72068,40.05779],[-120.7212,40.05732],[-120.72102,40.05661],[-120.72005,40.057],[-120.7197,40.05666],[-120.7194,40.05686],[-120.71903,40.05647],[-120.71837,40.05652],[-120.71647,40.05593],[-120.71845,40.05535],[-120.71966,40.05438],[-120.72039,40.05454],[-120.72083,40.05339],[-120.72151,40.05347],[-120.7212,40.05286],[-120.72161,40.05265],[-120.71728,40.05272],[-120.71452,40.05204],[-120.71259,40.05337],[-120.71133,40.05368],[-120.71074,40.0545],[-120.70876,40.05507],[-120.7071,40.05515],[-120.70663,40.05598],[-120.70586,40.05602],[-120.7054,40.05655],[-120.70451,40.05636],[-120.7041,40.05585],[-120.70511,40.05455],[-120.70477,40.05436],[-120.70521,40.05409],[-120.70412,40.05307],[-120.70415,40.05343],[-120.70368,40.05354],[-120.70349,40.05304],[-120.70309,40.05297],[-120.70049,40.05343],[-120.69839,40.05259],[-120.69798,40.0531],[-120.6985,40.05389],[-120.69727,40.05452],[-120.69671,40.05418],[-120.69592,40.05468],[-120.69516,40.05549],[-120.69492,40.05643],[-120.69324,40.05755],[-120.69322,40.05812],[-120.69194,40.0591],[-120.69099,40.05891],[-120.69003,40.05769],[-120.68846,40.05732],[-120.68809,40.05684],[-120.68856,40.05611],[-120.69015,40.05571],[-120.69004,40.0553],[-120.68873,40.05475],[-120.68819,40.05467],[-120.68685,40.05555],[-120.68414,40.05623],[-120.68396,40.05666],[-120.68219,40.05749],[-120.68178,40.05641],[-120.68187,40.05464],[-120.68268,40.05384],[-120.68251,40.05281],[-120.68419,40.05266],[-120.68455,40.05221],[-120.68427,40.04863],[-120.68443,40.04736],[-120.68521,40.04665],[-120.68549,40.04397],[-120.68461,40.041],[-120.68397,40.04029],[-120.68468,40.03796],[-120.68282,40.03583],[-120.68249,40.03429],[-120.67975,40.03253],[-120.67826,40.03225],[-120.67793,40.03246],[-120.67774,40.03214],[-120.6749,40.03154],[-120.67371,40.03029],[-120.6688,40.02839],[-120.66602,40.02842],[-120.66483,40.02945],[-120.66387,40.02929],[-120.6617,40.02776],[-120.66084,40.02776],[-120.66032,40.02808],[-120.66032,40.02851],[-120.6609,40.02933],[-120.65968,40.03006],[-120.65874,40.02958],[-120.6573,40.02944],[-120.65716,40.02906],[-120.65781,40.02822],[-120.65907,40.02812],[-120.65925,40.02783],[-120.65878,40.02722],[-120.6595,40.02594],[-120.65784,40.02566],[-120.65778,40.02544],[-120.65825,40.02542],[-120.65905,40.02575],[-120.65926,40.02544],[-120.65836,40.02534],[-120.658,40.02431],[-120.65739,40.02392],[-120.65942,40.02217],[-120.66045,40.02183],[-120.6608,40.02074],[-120.6617,40.01973],[-120.66151,40.01753],[-120.65955,40.01464],[-120.65843,40.014],[-120.65823,40.01423],[-120.65736,40.01317],[-120.65703,40.01377],[-120.65636,40.01355],[-120.65559,40.01269],[-120.65429,40.01227],[-120.65384,40.01157],[-120.65251,40.01073],[-120.65138,40.01059],[-120.65112,40.01104],[-120.64975,40.01005],[-120.64841,40.01019],[-120.64733,40.00992],[-120.64648,40.00858],[-120.64611,40.00859],[-120.64611,40.00921],[-120.64569,40.00943],[-120.6453,40.00918],[-120.64576,40.00917],[-120.64575,40.00873],[-120.6442,40.00874],[-120.64317,40.00961],[-120.64243,40.00977],[-120.64227,40.01028],[-120.64257,40.01065],[-120.64172,40.01164],[-120.64069,40.01216],[-120.6392,40.01146],[-120.63808,40.01204],[-120.63731,40.01214],[-120.6369,40.0118],[-120.63632,40.01212],[-120.63657,40.01245],[-120.63594,40.01274],[-120.63545,40.01245],[-120.63497,40.01281],[-120.63351,40.01269],[-120.63313,40.01392],[-120.63264,40.01392],[-120.63272,40.01281],[-120.63189,40.01296],[-120.63181,40.01355],[-120.6314,40.01359],[-120.63143,40.01294],[-120.63049,40.01257],[-120.62998,40.01389],[-120.63088,40.0143],[-120.63045,40.0149],[-120.62945,40.01479],[-120.62994,40.01325],[-120.62914,40.0134],[-120.62919,40.01294],[-120.62867,40.01293],[-120.62855,40.01353],[-120.62747,40.01369],[-120.62568,40.01465],[-120.6234,40.01303],[-120.62231,40.01265],[-120.62101,40.01279],[-120.62077,40.01245],[-120.61988,40.01237],[-120.61939,40.0117],[-120.61735,40.01303],[-120.61636,40.0127],[-120.6148,40.01335],[-120.61417,40.0128],[-120.61378,40.01304],[-120.6136,40.01361],[-120.61449,40.0148],[-120.61411,40.0152],[-120.61375,40.01524],[-120.613,40.01465],[-120.61208,40.01471],[-120.61031,40.0154],[-120.60921,40.01482],[-120.60867,40.01502],[-120.60847,40.01577],[-120.60769,40.01601],[-120.60667,40.01519],[-120.60627,40.01446],[-120.60645,40.01402],[-120.60564,40.01416],[-120.60332,40.01336],[-120.60332,40.01402],[-120.60297,40.01401],[-120.60297,40.01331],[-120.60223,40.01319],[-120.60214,40.01429],[-120.6018,40.01452],[-120.60117,40.01439],[-120.60094,40.01343],[-120.59964,40.01411],[-120.59947,40.01363],[-120.59885,40.01365],[-120.59837,40.01299],[-120.59766,40.01286],[-120.5964,40.01178],[-120.59474,40.01149],[-120.59361,40.01172],[-120.59312,40.01099],[-120.59243,40.01082],[-120.59252,40.0099],[-120.59154,40.01009],[-120.59155,40.01058],[-120.59102,40.01065],[-120.59018,40.00999],[-120.59009,40.01028],[-120.58968,40.01006],[-120.5889,40.01019],[-120.58892,40.00955],[-120.58823,40.00944],[-120.5885,40.00898],[-120.58778,40.00881],[-120.58739,40.0092],[-120.58707,40.00862],[-120.58673,40.0087],[-120.58664,40.00923],[-120.58598,40.00921],[-120.58572,40.00978],[-120.58694,40.0107],[-120.58672,40.01129],[-120.58819,40.0116],[-120.58862,40.01087],[-120.58922,40.01077],[-120.58958,40.01103],[-120.58902,40.01195],[-120.58921,40.01319],[-120.58809,40.01358],[-120.58689,40.01355],[-120.58672,40.01402],[-120.58604,40.01381],[-120.58604,40.01501],[-120.5852,40.01529],[-120.58459,40.01507],[-120.58441,40.01534],[-120.58405,40.01534],[-120.58369,40.01458],[-120.5831,40.01434],[-120.58308,40.01329],[-120.58399,40.01256],[-120.58334,40.01207],[-120.58127,40.01329],[-120.5813,40.01374],[-120.58202,40.01377],[-120.5831,40.01469],[-120.58328,40.01557],[-120.58251,40.01569],[-120.58279,40.01651],[-120.58178,40.01691],[-120.58307,40.01746],[-120.58253,40.01834],[-120.58308,40.01891],[-120.58342,40.01884],[-120.5834,40.01945],[-120.58279,40.01985],[-120.58337,40.02055],[-120.58339,40.02139],[-120.58438,40.02145],[-120.5846,40.02173],[-120.58334,40.02279],[-120.58003,40.02256],[-120.57924,40.0221],[-120.57945,40.02285],[-120.58039,40.02285],[-120.58068,40.02316],[-120.58005,40.02316],[-120.58022,40.02347],[-120.58129,40.02353],[-120.58115,40.02404],[-120.5816,40.02464],[-120.58105,40.02557],[-120.58031,40.02575],[-120.58035,40.02643],[-120.57948,40.02677],[-120.57872,40.02593],[-120.5785,40.02703],[-120.5792,40.02784],[-120.5788,40.02863],[-120.57816,40.02864],[-120.5774,40.02964],[-120.57726,40.03016],[-120.57796,40.03004],[-120.5778,40.03044],[-120.57692,40.03075],[-120.5769,40.0312],[-120.57679,40.03061],[-120.57628,40.03058],[-120.57616,40.03117],[-120.57712,40.03162],[-120.57629,40.03331],[-120.57403,40.03492],[-120.57244,40.03469],[-120.57263,40.03503],[-120.56979,40.0364],[-120.57014,40.03681],[-120.56979,40.03736],[-120.56779,40.03754],[-120.56319,40.04089],[-120.56163,40.03996],[-120.56059,40.03719],[-120.55805,40.03493],[-120.55744,40.03548],[-120.55596,40.03568],[-120.55577,40.03521],[-120.55475,40.03556],[-120.55413,40.03628],[-120.55269,40.03619],[-120.55241,40.03701],[-120.55183,40.0373],[-120.55072,40.0371],[-120.55027,40.03599],[-120.55092,40.03595],[-120.55154,40.03488],[-120.55096,40.03414],[-120.55093,40.0325],[-120.55018,40.03176],[-120.55087,40.03167],[-120.55163,40.03081],[-120.55187,40.02938],[-120.55135,40.02947],[-120.55098,40.02872],[-120.55203,40.02829],[-120.55272,40.02727],[-120.5524,40.02697],[-120.55193,40.02702],[-120.55079,40.02583],[-120.55033,40.02607],[-120.55013,40.02684],[-120.54967,40.02692],[-120.54915,40.02643],[-120.54826,40.02663],[-120.54661,40.02637],[-120.54616,40.02588],[-120.54572,40.02678],[-120.54648,40.02702],[-120.54638,40.02751],[-120.54853,40.02716],[-120.54877,40.02857],[-120.54792,40.03015],[-120.54702,40.03029],[-120.54649,40.0295],[-120.54607,40.02955],[-120.5463,40.02921],[-120.54562,40.0282],[-120.5452,40.02826],[-120.54401,40.02699],[-120.54435,40.02651],[-120.54367,40.02584],[-120.54315,40.0259],[-120.54279,40.02555],[-120.54131,40.02252],[-120.54078,40.02229],[-120.54091,40.02314],[-120.54015,40.02304],[-120.53927,40.02346],[-120.53844,40.0232],[-120.53864,40.02265],[-120.53835,40.02251],[-120.53822,40.0229],[-120.53776,40.02298],[-120.53732,40.0216],[-120.53617,40.02168],[-120.53577,40.02259],[-120.53639,40.02389],[-120.53333,40.02522],[-120.53268,40.02519],[-120.53218,40.02481],[-120.53191,40.02532],[-120.531,40.02567],[-120.53086,40.0265],[-120.53048,40.02678],[-120.53326,40.02721],[-120.53276,40.02773],[-120.53294,40.02882],[-120.53381,40.02885],[-120.53516,40.03065],[-120.53518,40.03275],[-120.53344,40.03253],[-120.53289,40.03298],[-120.53339,40.03369],[-120.53269,40.03427],[-120.53107,40.03497],[-120.53085,40.03564],[-120.52995,40.03555],[-120.52914,40.03592],[-120.52712,40.03425],[-120.52694,40.03448],[-120.5259,40.03422],[-120.5252,40.03503],[-120.52571,40.03527],[-120.52568,40.03566],[-120.5247,40.03562],[-120.52417,40.03487],[-120.52481,40.03398],[-120.5245,40.03397],[-120.52434,40.03328],[-120.52518,40.03315],[-120.52524,40.03291],[-120.5245,40.03201],[-120.52383,40.03199],[-120.52291,40.03251],[-120.52255,40.03345],[-120.52309,40.03603],[-120.52407,40.03709],[-120.52541,40.03747],[-120.526,40.03862],[-120.52409,40.03925],[-120.52319,40.03989],[-120.52265,40.04098],[-120.52257,40.04214],[-120.52291,40.04245],[-120.52341,40.04205],[-120.52416,40.04269],[-120.52317,40.04268],[-120.52397,40.04347],[-120.52377,40.04386],[-120.52298,40.04343],[-120.52244,40.04351],[-120.52198,40.04306],[-120.52039,40.04356],[-120.51841,40.04364],[-120.5174,40.0441],[-120.51775,40.0448],[-120.51714,40.04523],[-120.5163,40.04445],[-120.51546,40.04455],[-120.5143,40.04391],[-120.51353,40.04427],[-120.51263,40.04409],[-120.5116,40.0443],[-120.51025,40.04533],[-120.50844,40.04608],[-120.50839,40.04502],[-120.5069,40.04588],[-120.50678,40.04421],[-120.50571,40.04491],[-120.5055,40.04424],[-120.50581,40.04379],[-120.50458,40.04415],[-120.50446,40.04376],[-120.50399,40.04364],[-120.50383,40.04401],[-120.5032,40.04417],[-120.50272,40.04348],[-120.50237,40.04229],[-120.50434,40.04134],[-120.50488,40.04057],[-120.50361,40.04014],[-120.50134,40.04015],[-120.50017,40.03984],[-120.49953,40.03914],[-120.49749,40.03926],[-120.49692,40.03855],[-120.49466,40.03724],[-120.49402,40.03626],[-120.49487,40.03535],[-120.49474,40.03475],[-120.49328,40.0336],[-120.49229,40.03326],[-120.49282,40.03271],[-120.49265,40.03221],[-120.4923,40.03206],[-120.49139,40.03236],[-120.49091,40.03195],[-120.49075,40.03098],[-120.49108,40.03024],[-120.49072,40.02989],[-120.48956,40.03004],[-120.48882,40.02943],[-120.48717,40.02924],[-120.48674,40.02981],[-120.48644,40.02931],[-120.48426,40.02995],[-120.48404,40.02971],[-120.48457,40.0282],[-120.48435,40.02796],[-120.48301,40.02827],[-120.48349,40.02723],[-120.4826,40.02705],[-120.48177,40.02805],[-120.48188,40.02831],[-120.48111,40.02818],[-120.48059,40.0285],[-120.48028,40.02893],[-120.48074,40.02928],[-120.48054,40.02939],[-120.48013,40.02925],[-120.47881,40.02972],[-120.47858,40.02934],[-120.47814,40.02978],[-120.47657,40.03014],[-120.4758,40.03119],[-120.47579,40.03214],[-120.47527,40.03239],[-120.47539,40.03319],[-120.47473,40.03285],[-120.47417,40.03298],[-120.47473,40.03383],[-120.47433,40.03422],[-120.47327,40.03283],[-120.47231,40.03289],[-120.47197,40.03349],[-120.47141,40.03188],[-120.47082,40.03126],[-120.46711,40.02989],[-120.46358,40.026],[-120.46275,40.02602],[-120.4631,40.02428],[-120.46368,40.02375],[-120.46312,40.02399],[-120.46235,40.02372],[-120.46217,40.02409],[-120.46111,40.02417],[-120.46079,40.02385],[-120.46001,40.02385],[-120.45859,40.02324],[-120.45846,40.02365],[-120.45776,40.02375],[-120.45718,40.02324],[-120.45582,40.02358],[-120.45542,40.0238],[-120.45545,40.02442],[-120.45247,40.02713],[-120.45196,40.02809],[-120.4487,40.03021],[-120.44734,40.03054],[-120.44245,40.03306],[-120.44231,40.03349],[-120.44271,40.03347],[-120.44305,40.0339],[-120.4424,40.03414],[-120.44225,40.03555],[-120.44104,40.03617],[-120.44078,40.03733],[-120.43993,40.03778],[-120.43973,40.03828],[-120.44017,40.03852],[-120.44018,40.03965],[-120.43929,40.03994],[-120.43911,40.04063],[-120.43819,40.04126],[-120.43835,40.04144],[-120.43763,40.04153],[-120.43867,40.04282],[-120.43848,40.04341],[-120.43688,40.04316],[-120.43523,40.04425],[-120.43412,40.04385],[-120.43298,40.04391],[-120.43327,40.04449],[-120.43279,40.04473],[-120.4314,40.04494],[-120.43147,40.04523],[-120.43034,40.04549],[-120.43002,40.04589],[-120.42985,40.04564],[-120.42917,40.04587],[-120.42816,40.04555],[-120.4261,40.04727],[-120.42421,40.04678],[-120.42255,40.04766],[-120.42302,40.04836],[-120.42209,40.04853],[-120.42194,40.048],[-120.42154,40.04787],[-120.41982,40.04836],[-120.41852,40.04914],[-120.41917,40.04955],[-120.41885,40.04984],[-120.41839,40.0493],[-120.41721,40.04999],[-120.41753,40.05019],[-120.41736,40.05058],[-120.41669,40.05059],[-120.41707,40.05005],[-120.41569,40.05046],[-120.4159,40.05083],[-120.41551,40.05048],[-120.41454,40.05061],[-120.4139,40.05124],[-120.41335,40.05088],[-120.41348,40.05058],[-120.41302,40.05048],[-120.41307,40.05117],[-120.41192,40.05199],[-120.41268,40.05237],[-120.41238,40.05265],[-120.4127,40.05346],[-120.41233,40.05477],[-120.41293,40.05508],[-120.41348,40.05482],[-120.41354,40.0554],[-120.41447,40.05536],[-120.41375,40.05579],[-120.41434,40.05682],[-120.41418,40.05927],[-120.41306,40.06046],[-120.41068,40.06038],[-120.40925,40.06105],[-120.40826,40.06252],[-120.40691,40.06306],[-120.40475,40.06305],[-120.40455,40.06285],[-120.40442,40.06318],[-120.40177,40.06234],[-120.39915,40.06314],[-120.39869,40.0638],[-120.39884,40.06577],[-120.39974,40.06631],[-120.39948,40.0667],[-120.39893,40.06675],[-120.39954,40.06741],[-120.39787,40.06898],[-120.39806,40.07054],[-120.39777,40.07105],[-120.39804,40.07244],[-120.39864,40.07291],[-120.39911,40.07534],[-120.39446,40.07778],[-120.39355,40.07881],[-120.3938,40.07952],[-120.39343,40.08025],[-120.39153,40.08028],[-120.38937,40.08094],[-120.38899,40.08139],[-120.38783,40.08123],[-120.38589,40.08243],[-120.38564,40.08225],[-120.38361,40.08246],[-120.38271,40.08221],[-120.38189,40.08269],[-120.37839,40.08347],[-120.37723,40.08334],[-120.37694,40.08301],[-120.3747,40.08331],[-120.37369,40.0831],[-120.37295,40.08599],[-120.37038,40.08682],[-120.37011,40.08732],[-120.36919,40.08736],[-120.36855,40.08695],[-120.36732,40.08716],[-120.3663,40.08931],[-120.36491,40.09022],[-120.36372,40.09192],[-120.35868,40.09307],[-120.35646,40.09425],[-120.3523,40.09574],[-120.35174,40.09541],[-120.3499,40.09576],[-120.34928,40.09555],[-120.34885,40.09595],[-120.34834,40.09587],[-120.34797,40.09565],[-120.34812,40.09486],[-120.3471,40.09463],[-120.34007,40.09142],[-120.33719,40.09073],[-120.33749,40.09156],[-120.33461,40.09348],[-120.33403,40.09316],[-120.33434,40.09285],[-120.33343,40.09252],[-120.32978,40.08791],[-120.32842,40.08897],[-120.32843,40.08932],[-120.32925,40.08928],[-120.32948,40.08976],[-120.32906,40.09066],[-120.32818,40.09077],[-120.32869,40.092],[-120.32822,40.09206],[-120.32813,40.09245],[-120.32836,40.09358],[-120.32746,40.09388],[-120.32808,40.09442],[-120.32822,40.09508],[-120.32747,40.09592],[-120.32528,40.09567],[-120.32438,40.09626],[-120.32552,40.09651],[-120.32576,40.09691],[-120.32481,40.09735],[-120.32496,40.09808],[-120.32425,40.09888],[-120.3215,40.09988],[-120.32141,40.10097],[-120.31837,40.10135],[-120.31819,40.1036],[-120.31742,40.10419],[-120.31618,40.10436],[-120.31509,40.10555],[-120.31022,40.10762],[-120.30838,40.10769],[-120.30762,40.10727],[-120.3073,40.10752],[-120.30707,40.10971],[-120.30796,40.11103],[-120.30743,40.11218],[-120.30644,40.11367],[-120.30482,40.11486],[-120.30272,40.11578],[-120.30222,40.11666],[-120.30116,40.11583],[-120.29931,40.11513],[-120.29781,40.11371],[-120.29913,40.11283],[-120.29877,40.11256],[-120.29912,40.11132],[-120.29884,40.11013],[-120.29751,40.11097],[-120.296,40.11027],[-120.29131,40.11087],[-120.2908,40.11119],[-120.28907,40.11103],[-120.28805,40.11209],[-120.2879,40.11147],[-120.28686,40.1114],[-120.28716,40.11106],[-120.28696,40.11088],[-120.28355,40.11094],[-120.28152,40.11067],[-120.28049,40.11114],[-120.2795,40.1111],[-120.27968,40.11207],[-120.27936,40.11211],[-120.27882,40.1116],[-120.27959,40.11366],[-120.27889,40.11411],[-120.27608,40.11193],[-120.27604,40.1115],[-120.27442,40.11103],[-120.27512,40.11205],[-120.27425,40.11257],[-120.27441,40.11332],[-120.27349,40.11327],[-120.27228,40.11527],[-120.27207,40.1168],[-120.27164,40.11705],[-120.27169,40.11805],[-120.27105,40.1188],[-120.2709,40.12046],[-120.27145,40.12129],[-120.27105,40.1225],[-120.26868,40.1239],[-120.26853,40.12514],[-120.26796,40.12497],[-120.26762,40.1255],[-120.2675,40.12487],[-120.26776,40.125],[-120.26786,40.12456],[-120.26742,40.12382],[-120.26756,40.12318],[-120.26685,40.12322],[-120.26642,40.12111],[-120.26589,40.1229],[-120.26315,40.12468],[-120.26214,40.12488],[-120.26124,40.1244],[-120.25897,40.12484],[-120.25887,40.12415],[-120.25774,40.12282],[-120.25733,40.12299],[-120.25656,40.12254],[-120.25655,40.12212],[-120.25592,40.12199],[-120.25602,40.12166],[-120.25547,40.1217],[-120.25464,40.12111],[-120.2539,40.12117],[-120.25299,40.12022],[-120.25308,40.11987],[-120.25356,40.1199],[-120.25338,40.11939],[-120.25281,40.11946],[-120.25229,40.1189],[-120.25259,40.11845],[-120.25226,40.11601],[-120.24984,40.11589],[-120.24945,40.1156],[-120.24863,40.11573],[-120.24804,40.11539],[-120.24715,40.11584],[-120.24595,40.11512],[-120.24619,40.11475],[-120.24594,40.11371],[-120.24662,40.11238],[-120.24826,40.11202],[-120.24909,40.11101],[-120.25108,40.11051],[-120.24942,40.10984],[-120.24908,40.10881],[-120.24927,40.1082],[-120.25084,40.10819],[-120.24973,40.10696],[-120.25053,40.10573],[-120.25026,40.10539],[-120.25066,40.1048],[-120.25112,40.10474],[-120.2502,40.10429],[-120.2496,40.10446],[-120.2495,40.105],[-120.24869,40.10516],[-120.24835,40.10225],[-120.24873,40.1021],[-120.24876,40.10167],[-120.25006,40.10139],[-120.24972,40.10095],[-120.24989,40.1002],[-120.2502,40.10012],[-120.2485,40.0988],[-120.2475,40.09862],[-120.24664,40.09767],[-120.24657,40.09637],[-120.24595,40.09548],[-120.24487,40.09518],[-120.24416,40.09418],[-120.24471,40.09329],[-120.24463,40.09264],[-120.24285,40.09264],[-120.24238,40.09204],[-120.24246,40.09039],[-120.24339,40.08926],[-120.24269,40.08879],[-120.24169,40.08884],[-120.24093,40.08844],[-120.24101,40.08932],[-120.24037,40.08958],[-120.24116,40.09027],[-120.24107,40.0909],[-120.24195,40.09115],[-120.24192,40.09248],[-120.24132,40.09308],[-120.24116,40.09174],[-120.23885,40.09088],[-120.23846,40.09111],[-120.23882,40.09204],[-120.23828,40.09249],[-120.23778,40.09277],[-120.23668,40.09252],[-120.23581,40.09316],[-120.23495,40.09336],[-120.23655,40.09475],[-120.23383,40.09766],[-120.23378,40.09822],[-120.23436,40.09891],[-120.23373,40.09992],[-120.23252,40.10085],[-120.22913,40.10268],[-120.22771,40.10192],[-120.22723,40.10287],[-120.22522,40.10335],[-120.22466,40.10284],[-120.22377,40.10331],[-120.22344,40.10186],[-120.21989,40.10129],[-120.21635,40.09946],[-120.21741,40.09661],[-120.21873,40.0963],[-120.21931,40.09725],[-120.22047,40.09706],[-120.22154,40.09642],[-120.22171,40.0956],[-120.22232,40.09546],[-120.22208,40.09486],[-120.22248,40.09324],[-120.2215,40.0938],[-120.22111,40.0936],[-120.21912,40.0938],[-120.2175,40.09341],[-120.21359,40.09453],[-120.21323,40.09543],[-120.21367,40.09608],[-120.21347,40.09778],[-120.21161,40.09992],[-120.21021,40.0997],[-120.20914,40.10135],[-120.21044,40.1017],[-120.21113,40.10297],[-120.21109,40.10359],[-120.20964,40.10493],[-120.20892,40.10499],[-120.20758,40.10451],[-120.20641,40.1048],[-120.20592,40.10567],[-120.19066,40.09892],[-120.19066,40.09634],[-120.18769,40.0957],[-120.18819,40.09539],[-120.19067,40.09542],[-120.1907,40.09353],[-120.18919,40.09263],[-120.18724,40.0924],[-120.18666,40.09174],[-120.18694,40.09059],[-120.19681,40.08439],[-120.19876,40.08282],[-120.20313,40.08047],[-120.20667,40.08026],[-120.21002,40.07848],[-120.21095,40.07841],[-120.21198,40.07763],[-120.21449,40.07748],[-120.21561,40.07813],[-120.21673,40.0782],[-120.21731,40.07896],[-120.21878,40.07869],[-120.21958,40.07927],[-120.22021,40.07887],[-120.22006,40.07806],[-120.22042,40.07694],[-120.22123,40.07686],[-120.2224,40.07554],[-120.22317,40.07547],[-120.22384,40.07486],[-120.22472,40.07482],[-120.22393,40.0743],[-120.22365,40.07446],[-120.22337,40.07388],[-120.2246,40.0727],[-120.22556,40.07281],[-120.22518,40.07126],[-120.22482,40.07106],[-120.22529,40.06777],[-120.22495,40.06736],[-120.22547,40.06723],[-120.22633,40.06521],[-120.22565,40.06476],[-120.22559,40.06411],[-120.229,40.0604],[-120.22926,40.05934],[-120.23003,40.05885],[-120.231,40.05915],[-120.2318,40.05773],[-120.23156,40.05794],[-120.23084,40.05741],[-120.23125,40.05651],[-120.23107,40.05611],[-120.2325,40.05497],[-120.23238,40.05437],[-120.23413,40.05438],[-120.23367,40.05291],[-120.23449,40.05225],[-120.2356,40.05251],[-120.2355,40.05174],[-120.23602,40.05166],[-120.23692,40.05216],[-120.23723,40.05163],[-120.23817,40.05157],[-120.23904,40.05184],[-120.23969,40.05262],[-120.24048,40.05263],[-120.24118,40.05302],[-120.24727,40.05088],[-120.24756,40.05054],[-120.25092,40.04993],[-120.25159,40.04911],[-120.25208,40.049],[-120.25198,40.04842],[-120.25245,40.04848],[-120.2526,40.04916],[-120.25555,40.05131],[-120.25768,40.05206],[-120.25842,40.05107],[-120.26028,40.04972],[-120.25949,40.04616],[-120.25912,40.04574],[-120.25934,40.04498],[-120.25877,40.04421],[-120.2596,40.04182],[-120.26257,40.03866],[-120.26154,40.03717],[-120.26089,40.0354],[-120.26244,40.03382],[-120.26424,40.03293],[-120.26656,40.02997],[-120.26991,40.02967],[-120.26969,40.02821],[-120.26922,40.02777],[-120.27042,40.02649],[-120.27095,40.02422],[-120.27042,40.02424],[-120.27041,40.02383],[-120.26977,40.02369],[-120.26968,40.02307],[-120.2702,40.02285],[-120.26893,40.02093],[-120.26941,40.01999],[-120.27066,40.01874],[-120.272,40.01829],[-120.27215,40.01764],[-120.2729,40.01779],[-120.27373,40.01859],[-120.27363,40.01952],[-120.27421,40.01969],[-120.27504,40.01917],[-120.27567,40.01988],[-120.27676,40.01932],[-120.27666,40.01808],[-120.27746,40.01763],[-120.27759,40.01704],[-120.27665,40.01617],[-120.2775,40.01662],[-120.2766,40.01573],[-120.2769,40.01546],[-120.27666,40.01514],[-120.27599,40.01493],[-120.27507,40.01556],[-120.27444,40.01459],[-120.27528,40.01362],[-120.27493,40.01293],[-120.27539,40.01254],[-120.27527,40.01228],[-120.27597,40.01163],[-120.27589,40.01133],[-120.27631,40.01143],[-120.27662,40.0106],[-120.27608,40.01015],[-120.27538,40.01065],[-120.2755,40.01002],[-120.27489,40.01024],[-120.27476,40.01004],[-120.27601,40.00965],[-120.27571,40.00915],[-120.27688,40.00653],[-120.27785,40.00587],[-120.27835,40.00447],[-120.27953,40.00325],[-120.28091,40.00267],[-120.28102,40.00237],[-120.28046,40.00186],[-120.28091,40.00169],[-120.2808,40.00102],[-120.28159,40.00045],[-120.28059,39.99669],[-120.27862,39.99557],[-120.27647,39.99594],[-120.27616,39.99546],[-120.27668,39.99505],[-120.27671,39.99551],[-120.27701,39.99545],[-120.27747,39.99474],[-120.27657,39.99475],[-120.27647,39.99417],[-120.2768,39.99386],[-120.27649,39.99335],[-120.27537,39.99285],[-120.27581,39.99269],[-120.27524,39.9922],[-120.27556,39.99196],[-120.27543,39.99106],[-120.27492,39.99064],[-120.27496,39.98982],[-120.27544,39.98981],[-120.27569,39.98936],[-120.27517,39.98856],[-120.27533,39.98767],[-120.27492,39.98776],[-120.27364,39.98727],[-120.27316,39.98778],[-120.27316,39.98706],[-120.27267,39.98663],[-120.26992,39.98572],[-120.27026,39.98481],[-120.27082,39.9844],[-120.27039,39.98414],[-120.2713,39.98336],[-120.27077,39.98248],[-120.27106,39.98227],[-120.27112,39.9808],[-120.27179,39.98],[-120.27114,39.97902],[-120.27134,39.97828],[-120.27048,39.97781],[-120.26983,39.97807],[-120.26993,39.97738],[-120.26953,39.9771],[-120.27042,39.97722],[-120.2707,39.9767],[-120.27122,39.97684],[-120.27083,39.97628],[-120.27132,39.97615],[-120.27126,39.9756],[-120.27163,39.97587],[-120.27248,39.97573],[-120.27262,39.9753],[-120.27175,39.97424],[-120.27251,39.97465],[-120.27277,39.97518],[-120.2737,39.9747],[-120.27335,39.97475],[-120.27315,39.97441],[-120.2735,39.97431],[-120.2728,39.97404],[-120.27296,39.9739],[-120.27389,39.97431],[-120.27416,39.97417],[-120.27381,39.97324],[-120.27427,39.97311],[-120.27413,39.97335],[-120.27467,39.97379],[-120.2749,39.97336],[-120.27544,39.97389],[-120.27601,39.97343],[-120.27699,39.97335],[-120.27716,39.97255],[-120.27666,39.97231],[-120.27698,39.97175],[-120.27773,39.97189],[-120.27805,39.97141],[-120.27814,39.97192],[-120.27885,39.97196],[-120.27891,39.97125],[-120.27937,39.97115],[-120.27949,39.97138],[-120.27991,39.97105],[-120.28074,39.97118],[-120.28192,39.9708],[-120.28267,39.97094],[-120.28344,39.97046],[-120.28331,39.97069],[-120.28393,39.97116],[-120.28465,39.97083],[-120.28483,39.97122],[-120.28522,39.97078],[-120.28643,39.9707],[-120.28613,39.96993],[-120.28658,39.9697],[-120.28669,39.96878],[-120.28635,39.96837],[-120.287,39.96803],[-120.28791,39.96822],[-120.28728,39.96779],[-120.28735,39.96733],[-120.2863,39.96691],[-120.28631,39.9664],[-120.28592,39.96636],[-120.28654,39.96555],[-120.28644,39.96458],[-120.28701,39.96387],[-120.28806,39.96361],[-120.28817,39.96315],[-120.2874,39.96309],[-120.28708,39.96254],[-120.28745,39.96181],[-120.28699,39.96152],[-120.28755,39.96108],[-120.28889,39.96119],[-120.28948,39.96082],[-120.2893,39.96059],[-120.28854,39.96086],[-120.28738,39.96078],[-120.28664,39.95997],[-120.28747,39.95936],[-120.28879,39.95927],[-120.28938,39.95779],[-120.29065,39.95667],[-120.29178,39.9571],[-120.29058,39.95632],[-120.29056,39.95565],[-120.28984,39.95605],[-120.28967,39.95567],[-120.29066,39.95475],[-120.2905,39.95427],[-120.29208,39.95285],[-120.29213,39.95179],[-120.29289,39.95144],[-120.29181,39.95098],[-120.29206,39.95067],[-120.29123,39.95084],[-120.29043,39.95013],[-120.28989,39.95014],[-120.29012,39.94983],[-120.28957,39.94954],[-120.29022,39.94898],[-120.29021,39.94803],[-120.29065,39.94807],[-120.29134,39.94759],[-120.28991,39.94712],[-120.29028,39.94626],[-120.28981,39.94603],[-120.28976,39.94488],[-120.28867,39.94399],[-120.2892,39.94344],[-120.28778,39.9441],[-120.28764,39.94344],[-120.28661,39.94288],[-120.28636,39.94182],[-120.28721,39.94119],[-120.28549,39.93995],[-120.28524,39.9382],[-120.2841,39.93654],[-120.28423,39.93407],[-120.28439,39.93425],[-120.28457,39.93392],[-120.28555,39.93472],[-120.28724,39.93427],[-120.29008,39.93522],[-120.29061,39.93573],[-120.29517,39.93581],[-120.2968,39.93749],[-120.29672,39.93806],[-120.29858,39.93779],[-120.29921,39.93834],[-120.30009,39.93825],[-120.30119,39.93923],[-120.30232,39.93911],[-120.30276,39.93838],[-120.30406,39.93838],[-120.30488,39.93953],[-120.30376,39.94046],[-120.3037,39.94087],[-120.30515,39.94064],[-120.30591,39.94001],[-120.30666,39.94024],[-120.30727,39.94282],[-120.30701,39.94316],[-120.30817,39.94356],[-120.31004,39.9462],[-120.31082,39.94674],[-120.31165,39.94655],[-120.31167,39.94613],[-120.31222,39.94615],[-120.31177,39.94639],[-120.31186,39.94706],[-120.31259,39.94647],[-120.31483,39.94573],[-120.31472,39.94533],[-120.31559,39.9444],[-120.31513,39.94396],[-120.31615,39.94318],[-120.31758,39.94336],[-120.31918,39.94434],[-120.31996,39.94392],[-120.32047,39.94411],[-120.32259,39.94336],[-120.32404,39.94362],[-120.32654,39.94281],[-120.32703,39.94305],[-120.32668,39.94334],[-120.32719,39.94393],[-120.32751,39.9433],[-120.32816,39.94295],[-120.32886,39.94327],[-120.32972,39.94261],[-120.33053,39.94246],[-120.33146,39.94325],[-120.33241,39.9432],[-120.33311,39.9441],[-120.33288,39.94448],[-120.33344,39.94614],[-120.3329,39.9477],[-120.33221,39.9478],[-120.33171,39.94844],[-120.33138,39.94838],[-120.33144,39.94881],[-120.33096,39.94906],[-120.3317,39.94943],[-120.3317,39.94984],[-120.3309,39.95025],[-120.33044,39.95002],[-120.32951,39.95027],[-120.32913,39.94992],[-120.32871,39.94998],[-120.32892,39.95127],[-120.32826,39.9516],[-120.32938,39.95234],[-120.33034,39.95203],[-120.331,39.95268],[-120.33172,39.95236],[-120.33169,39.95294],[-120.33217,39.95356],[-120.33113,39.95464],[-120.33003,39.95432],[-120.32861,39.95541],[-120.32899,39.95573],[-120.32875,39.95586],[-120.32932,39.9561],[-120.32944,39.95547],[-120.3302,39.95523],[-120.331,39.95624],[-120.33148,39.95527],[-120.33277,39.95517],[-120.33372,39.95607],[-120.33345,39.95671],[-120.33435,39.95633],[-120.33433,39.95692],[-120.33559,39.95755],[-120.33486,39.95813],[-120.33459,39.95735],[-120.33395,39.95773],[-120.33388,39.95829],[-120.33441,39.9585],[-120.33444,39.95899],[-120.33509,39.95911],[-120.33646,39.95891],[-120.33671,39.95779],[-120.33944,39.95654],[-120.34049,39.9556],[-120.34167,39.95587],[-120.34155,39.95544],[-120.34193,39.9552],[-120.34401,39.95584],[-120.34396,39.95542],[-120.34462,39.95518],[-120.3446,39.95491],[-120.34608,39.9546],[-120.34725,39.95396],[-120.35067,39.95355],[-120.35149,39.95391],[-120.35207,39.9535],[-120.35265,39.95382],[-120.35331,39.95365],[-120.35363,39.95319],[-120.35294,39.95278],[-120.35326,39.95261],[-120.35251,39.95242],[-120.353,39.95131],[-120.35405,39.95103],[-120.35384,39.9505],[-120.35432,39.9505],[-120.35434,39.94994],[-120.35484,39.94971],[-120.35522,39.94987],[-120.35537,39.9495],[-120.35481,39.94932],[-120.35512,39.94846],[-120.35628,39.94828],[-120.35727,39.94713],[-120.35779,39.9473],[-120.35783,39.94677],[-120.35829,39.94666],[-120.35809,39.9461],[-120.3593,39.94542],[-120.35932,39.94505],[-120.35996,39.94508],[-120.36176,39.94424],[-120.36422,39.9439],[-120.36507,39.94411],[-120.36533,39.94375],[-120.36662,39.94382],[-120.367,39.94348],[-120.3683,39.94414],[-120.36909,39.94391],[-120.37063,39.94501],[-120.37134,39.94476],[-120.3716,39.94503],[-120.37233,39.94491],[-120.37264,39.94461],[-120.37341,39.94477],[-120.37383,39.94537],[-120.37369,39.94633],[-120.37407,39.94651],[-120.37509,39.94647],[-120.37537,39.94611],[-120.376,39.94661],[-120.37644,39.9462],[-120.37672,39.94664],[-120.37726,39.94664],[-120.3777,39.94608],[-120.37926,39.94588],[-120.37978,39.94686],[-120.38047,39.94689],[-120.38133,39.9477],[-120.3808,39.947],[-120.38143,39.94702],[-120.38286,39.94906],[-120.38268,39.94965],[-120.38409,39.95018],[-120.38414,39.95109],[-120.38534,39.95176],[-120.38745,39.95212],[-120.38799,39.95256],[-120.38803,39.95489],[-120.38563,39.95626],[-120.38651,39.95687],[-120.39093,39.95654],[-120.39194,39.95726],[-120.39217,39.95927],[-120.39289,39.95971],[-120.39399,39.9613],[-120.396,39.96031],[-120.39594,39.95921],[-120.39478,39.95832],[-120.39471,39.95721],[-120.39572,39.95638],[-120.39746,39.95588],[-120.39862,39.95593],[-120.4022,39.95745],[-120.40316,39.957],[-120.41222,39.95874],[-120.41357,39.95774],[-120.41436,39.95767],[-120.41515,39.95813],[-120.41616,39.95786],[-120.41667,39.95872],[-120.41771,39.95936],[-120.41734,39.9599],[-120.41776,39.96096],[-120.41713,39.96347],[-120.41677,39.9636],[-120.41792,39.96379],[-120.41852,39.96304],[-120.42048,39.96195],[-120.42194,39.96059],[-120.42367,39.95827],[-120.4248,39.95729],[-120.42788,39.95686],[-120.43049,39.95687],[-120.43217,39.9561],[-120.43313,39.95654],[-120.4361,39.95655],[-120.44157,39.95731],[-120.44203,39.95835],[-120.44534,39.95953],[-120.4465,39.96052],[-120.45027,39.96199],[-120.45054,39.96144],[-120.45016,39.96101],[-120.45142,39.96095],[-120.45238,39.96045],[-120.45309,39.96101],[-120.45303,39.96133],[-120.45119,39.96191],[-120.45113,39.9623],[-120.45372,39.96332],[-120.45575,39.9636],[-120.45712,39.96457],[-120.45798,39.96572],[-120.45884,39.96782],[-120.4589,39.97118],[-120.45876,39.97162],[-120.45729,39.97276],[-120.45824,39.97363],[-120.4588,39.97494],[-120.45961,39.97536],[-120.45869,39.97685],[-120.45975,39.97807],[-120.45992,39.97874],[-120.45897,39.97937],[-120.45792,39.98121],[-120.45901,39.98157],[-120.46017,39.9811],[-120.46174,39.9794],[-120.46303,39.97869],[-120.46331,39.97869],[-120.46313,39.97927],[-120.46358,39.97919],[-120.46376,39.97851],[-120.46453,39.97802],[-120.46418,39.97736],[-120.46572,39.97518],[-120.46679,39.97453],[-120.46758,39.97466],[-120.46915,39.97324],[-120.46956,39.9735],[-120.46996,39.97332],[-120.4695,39.97243],[-120.47001,39.97193],[-120.47069,39.97202],[-120.47131,39.97169],[-120.47181,39.9726],[-120.47243,39.97113],[-120.47314,39.97073],[-120.47412,39.97078],[-120.47585,39.9701],[-120.47737,39.97023],[-120.47865,39.96974],[-120.4791,39.97003],[-120.47977,39.96976],[-120.48025,39.96873],[-120.47758,39.9693],[-120.47676,39.96915],[-120.47675,39.96888],[-120.47845,39.9683],[-120.47842,39.96746],[-120.48089,39.96647],[-120.48221,39.9645],[-120.48334,39.96431],[-120.48538,39.96323],[-120.48683,39.96296],[-120.48904,39.96206],[-120.48834,39.96189],[-120.48853,39.96143],[-120.49052,39.96093],[-120.49079,39.96119],[-120.49199,39.96099],[-120.4917,39.96142],[-120.49203,39.96165],[-120.49307,39.96144],[-120.4938,39.96041],[-120.49478,39.95993],[-120.49567,39.95766],[-120.49288,39.95965],[-120.49251,39.95922],[-120.4927,39.95782],[-120.49122,39.95791],[-120.49051,39.95758],[-120.49016,39.95804],[-120.49042,39.95845],[-120.48953,39.95858],[-120.48962,39.95826],[-120.48927,39.95807],[-120.4891,39.95926],[-120.48858,39.95942],[-120.48753,39.95952],[-120.48658,39.95839],[-120.48534,39.9583],[-120.48197,39.95909],[-120.48128,39.95885],[-120.47954,39.9589],[-120.47939,39.95861],[-120.47997,39.95841],[-120.48582,39.95719],[-120.48405,39.95681],[-120.4811,39.95802],[-120.48047,39.95766],[-120.47948,39.95808],[-120.47899,39.95781],[-120.47964,39.95716],[-120.48064,39.95723],[-120.48055,39.95657],[-120.48232,39.95566],[-120.48281,39.95473],[-120.48506,39.95449],[-120.48695,39.95319],[-120.48549,39.95343],[-120.48451,39.95276],[-120.48336,39.95319],[-120.48401,39.95366],[-120.48385,39.95422],[-120.48315,39.95425],[-120.48251,39.95354],[-120.48182,39.9534],[-120.48095,39.95428],[-120.48062,39.95299],[-120.47965,39.95422],[-120.47874,39.95413],[-120.47884,39.95346],[-120.47831,39.95296],[-120.47711,39.95366],[-120.47628,39.9532],[-120.47613,39.95261],[-120.47546,39.95262],[-120.47524,39.95336],[-120.47344,39.95268],[-120.47252,39.95268],[-120.47223,39.95311],[-120.47114,39.95304],[-120.4706,39.9525],[-120.46994,39.95243],[-120.46987,39.95273],[-120.46814,39.95195],[-120.46606,39.95239],[-120.466,39.95133],[-120.46333,39.95067],[-120.46284,39.95099],[-120.46226,39.95049],[-120.45962,39.95018],[-120.45981,39.94916],[-120.45904,39.94877],[-120.46124,39.94583],[-120.46172,39.94584],[-120.46171,39.94421],[-120.4635,39.94202],[-120.46127,39.94315],[-120.46018,39.94322],[-120.45953,39.94371],[-120.45721,39.94422],[-120.4566,39.94534],[-120.456,39.94492],[-120.45423,39.94499],[-120.45357,39.94452],[-120.45378,39.94405],[-120.45284,39.94395],[-120.45271,39.94353],[-120.45321,39.94283],[-120.45264,39.94254],[-120.45266,39.94201],[-120.45378,39.94118],[-120.45203,39.93911],[-120.45217,39.93858],[-120.45184,39.93808],[-120.45112,39.93801],[-120.4507,39.93723],[-120.4528,39.9366],[-120.45301,39.93671],[-120.45268,39.93709],[-120.4543,39.93678],[-120.45464,39.93629],[-120.45435,39.93635],[-120.45424,39.93596],[-120.45523,39.93528],[-120.45695,39.93542],[-120.45755,39.93508],[-120.45757,39.93468],[-120.45714,39.93452],[-120.45753,39.93398],[-120.45805,39.93404],[-120.45824,39.93346],[-120.45866,39.93341],[-120.45844,39.93261],[-120.45773,39.93259],[-120.45779,39.93235],[-120.45853,39.93243],[-120.45839,39.9321],[-120.45893,39.93164],[-120.45893,39.92871],[-120.45964,39.92779],[-120.46127,39.92692],[-120.46191,39.9262],[-120.4637,39.92538],[-120.46733,39.92585],[-120.46971,39.92552],[-120.4715,39.9261],[-120.47678,39.92659],[-120.4785,39.92839],[-120.47982,39.93246],[-120.47973,39.93324],[-120.47836,39.93409],[-120.47905,39.93488],[-120.47871,39.9353],[-120.47945,39.93527],[-120.48004,39.93576],[-120.48045,39.93558],[-120.48142,39.93591],[-120.48238,39.93676],[-120.48461,39.93725],[-120.48752,39.9389],[-120.48856,39.94007],[-120.48933,39.93993],[-120.49129,39.94045],[-120.49249,39.94047],[-120.49342,39.94086],[-120.49361,39.94138],[-120.49454,39.94143],[-120.49512,39.94201],[-120.49601,39.94205],[-120.49538,39.94157],[-120.49568,39.94128],[-120.49685,39.94138],[-120.49795,39.94241],[-120.49763,39.94206],[-120.49879,39.94244],[-120.4987,39.94286],[-120.49911,39.94322],[-120.49957,39.94301],[-120.49918,39.94257],[-120.49995,39.94236],[-120.50062,39.94244],[-120.5007,39.94285],[-120.50103,39.94289],[-120.50199,39.94235],[-120.50228,39.94265],[-120.50351,39.94241],[-120.50492,39.94275],[-120.50593,39.94268],[-120.50623,39.94241],[-120.5074,39.94285],[-120.50787,39.94243],[-120.50876,39.94272],[-120.50936,39.94236],[-120.51005,39.94277],[-120.51098,39.94277],[-120.51126,39.94338],[-120.51332,39.94432],[-120.51413,39.94517],[-120.51545,39.94566],[-120.51614,39.9464],[-120.51987,39.94732],[-120.52195,39.94856],[-120.52368,39.94905],[-120.52407,39.94883],[-120.52682,39.94917],[-120.5274,39.94884],[-120.52897,39.94919],[-120.52896,39.94759],[-120.52844,39.94662],[-120.52966,39.94552],[-120.53002,39.94475],[-120.52913,39.94442],[-120.52846,39.94129],[-120.52922,39.94125],[-120.52899,39.94109],[-120.52993,39.9398],[-120.53085,39.93985],[-120.53146,39.93948],[-120.53308,39.93944],[-120.53412,39.93906],[-120.53449,39.93926],[-120.5355,39.93875],[-120.53611,39.93886],[-120.537,39.93855],[-120.53922,39.93855],[-120.53987,39.93822],[-120.54034,39.93852],[-120.54105,39.93824],[-120.54077,39.93794],[-120.54101,39.93749],[-120.54167,39.93774],[-120.54218,39.93735],[-120.54303,39.93747],[-120.54423,39.93674],[-120.54707,39.93614],[-120.54797,39.93568],[-120.5491,39.9359],[-120.54932,39.93536],[-120.54906,39.93462],[-120.54945,39.93424],[-120.55192,39.93412],[-120.5514,39.93377],[-120.54876,39.93391],[-120.54813,39.93352],[-120.54539,39.93377],[-120.54418,39.93455],[-120.54385,39.93535],[-120.53943,39.93746],[-120.53674,39.93739],[-120.53485,39.93771],[-120.53198,39.93742],[-120.53188,39.9369],[-120.53312,39.93572],[-120.53438,39.93659],[-120.5366,39.93653],[-120.54164,39.93518],[-120.54198,39.93465],[-120.54322,39.93433],[-120.54317,39.93358],[-120.54359,39.9331],[-120.54327,39.93303],[-120.54117,39.93428],[-120.53963,39.93412],[-120.53945,39.93382],[-120.54041,39.93314],[-120.5402,39.93245],[-120.53912,39.93209],[-120.53854,39.93153],[-120.5397,39.93062],[-120.54129,39.93091],[-120.54466,39.93011],[-120.54281,39.92989],[-120.54414,39.92779],[-120.54578,39.92732],[-120.5471,39.92644],[-120.54608,39.92672],[-120.54509,39.92661],[-120.54446,39.92529],[-120.54501,39.9249],[-120.54908,39.92301],[-120.55046,39.92294],[-120.55068,39.92251],[-120.55403,39.92089],[-120.5552,39.92073],[-120.55556,39.92018],[-120.56016,39.91808],[-120.56222,39.91647],[-120.56353,39.91654],[-120.56527,39.9162],[-120.56534,39.91567],[-120.56505,39.91553],[-120.56606,39.9151],[-120.56611,39.9148],[-120.56792,39.91426],[-120.56874,39.91438],[-120.5706,39.91261],[-120.57162,39.91245],[-120.57223,39.9129],[-120.57387,39.91316],[-120.57444,39.91285],[-120.57824,39.91242],[-120.58065,39.9125],[-120.58145,39.91201],[-120.58131,39.91053],[-120.5826,39.90851],[-120.58238,39.90805],[-120.58296,39.90673],[-120.5844,39.90527],[-120.58694,39.90456],[-120.58923,39.90504],[-120.58974,39.90419],[-120.59103,39.90394],[-120.59146,39.90326],[-120.59469,39.90118],[-120.59544,39.90108],[-120.59507,39.90154],[-120.59661,39.9019],[-120.59789,39.90099],[-120.59897,39.90072],[-120.59903,39.90036],[-120.59988,39.9004],[-120.60207,39.89964],[-120.60209,39.8994],[-120.60271,39.89954],[-120.60361,39.89877],[-120.60611,39.89789],[-120.60732,39.8985],[-120.60759,39.8982],[-120.60797,39.89826],[-120.60775,39.89862],[-120.61015,39.89885],[-120.61122,39.89944],[-120.61182,39.90019],[-120.61238,39.90009],[-120.61272,39.90086],[-120.61343,39.90128],[-120.61455,39.90139],[-120.61514,39.90092],[-120.6165,39.90143],[-120.61681,39.90205],[-120.61749,39.90231],[-120.61958,39.90258],[-120.6202,39.90368],[-120.62244,39.90503],[-120.62524,39.90593],[-120.62673,39.90597],[-120.62744,39.90643],[-120.62817,39.90644],[-120.63,39.90751],[-120.63078,39.90751],[-120.63096,39.90802],[-120.6321,39.90873],[-120.63316,39.90874],[-120.63341,39.90932],[-120.63576,39.90928],[-120.63586,39.90973],[-120.63718,39.91014],[-120.63736,39.91057],[-120.63877,39.91116],[-120.64001,39.91114],[-120.64016,39.91152],[-120.64125,39.91208],[-120.64137,39.91174],[-120.6424,39.91127],[-120.64245,39.91093],[-120.64365,39.91075],[-120.64553,39.90993],[-120.64652,39.91038],[-120.64742,39.91017],[-120.64774,39.91052],[-120.64933,39.91019],[-120.65028,39.91059],[-120.65092,39.91002],[-120.65119,39.91028],[-120.65143,39.90999],[-120.65258,39.9119],[-120.65346,39.91239],[-120.6537,39.91368],[-120.65451,39.91422],[-120.65549,39.91437],[-120.65598,39.91507],[-120.65623,39.91488],[-120.65695,39.9151],[-120.65733,39.91648],[-120.65856,39.91696],[-120.65883,39.91748],[-120.65972,39.91747],[-120.65975,39.91809],[-120.66241,39.91821],[-120.6627,39.91862],[-120.66305,39.91857],[-120.66272,39.9183],[-120.66412,39.91852],[-120.6655,39.91813],[-120.66757,39.91943],[-120.66785,39.91945],[-120.66793,39.91904],[-120.66823,39.91935],[-120.66895,39.9194],[-120.6694,39.91987],[-120.66904,39.91998],[-120.66997,39.92056],[-120.66971,39.92087],[-120.67033,39.9209],[-120.67052,39.92147],[-120.67303,39.92293],[-120.67753,39.92183],[-120.68115,39.92169],[-120.68481,39.9236],[-120.68602,39.92347],[-120.68777,39.92415],[-120.69241,39.92441],[-120.6922,39.92509],[-120.69314,39.92607],[-120.69331,39.92686],[-120.69465,39.92748],[-120.69528,39.92726],[-120.69579,39.92742],[-120.69618,39.92862],[-120.69765,39.92871],[-120.69782,39.92936],[-120.69856,39.92951],[-120.69865,39.92981],[-120.69939,39.92995],[-120.70143,39.92954],[-120.70617,39.92996],[-120.70638,39.9303],[-120.70858,39.93082],[-120.7083,39.93113],[-120.70914,39.93093],[-120.70969,39.93147],[-120.71092,39.93157],[-120.71122,39.93204],[-120.71191,39.93222],[-120.71181,39.93246],[-120.71225,39.93264],[-120.71207,39.93301],[-120.71258,39.93326],[-120.71375,39.9332],[-120.71414,39.93359],[-120.71513,39.93333],[-120.71708,39.9341],[-120.71761,39.93452],[-120.71735,39.93487],[-120.7176,39.93509],[-120.71778,39.93483],[-120.71859,39.93512],[-120.71898,39.93615],[-120.71983,39.93692],[-120.71957,39.93712],[-120.72005,39.93808],[-120.72111,39.93829],[-120.72111,39.93895],[-120.72163,39.93962],[-120.72338,39.94048],[-120.72488,39.94181],[-120.72633,39.94211],[-120.7269,39.94265],[-120.7272,39.9436],[-120.72794,39.94435],[-120.72877,39.94458],[-120.72894,39.94546],[-120.72942,39.9455],[-120.7301,39.94732],[-120.73582,39.94724],[-120.73895,39.95018],[-120.74043,39.95064],[-120.74111,39.95162],[-120.74284,39.95213],[-120.74269,39.9537],[-120.74307,39.95442],[-120.74385,39.95481],[-120.74377,39.9564],[-120.74331,39.95704],[-120.74721,39.95868],[-120.7484,39.95887],[-120.75021,39.95864],[-120.75008,39.95935],[-120.75143,39.95988],[-120.75208,39.96078],[-120.75193,39.96121],[-120.75307,39.96136],[-120.75272,39.96168],[-120.75294,39.96207],[-120.75384,39.96155],[-120.75424,39.96179],[-120.75405,39.96196],[-120.75558,39.96167],[-120.75698,39.96218],[-120.75679,39.96261],[-120.75607,39.96238],[-120.75607,39.96294],[-120.75661,39.96304],[-120.75662,39.96271],[-120.75732,39.96299],[-120.7577,39.9624],[-120.75791,39.96305],[-120.75912,39.96363],[-120.75968,39.96467],[-120.75927,39.96552],[-120.7603,39.96579],[-120.76042,39.96648],[-120.76017,39.96744],[-120.75894,39.96785],[-120.75967,39.96957],[-120.75929,39.97067],[-120.7587,39.97111],[-120.75906,39.97138],[-120.76009,39.9711],[-120.7604,39.97138],[-120.7602,39.97175],[-120.76051,39.97203],[-120.75984,39.97367],[-120.76109,39.97597],[-120.76176,39.97653],[-120.76162,39.97696],[-120.76207,39.97686],[-120.76539,39.98055],[-120.76749,39.98184],[-120.76724,39.98314],[-120.76804,39.9843],[-120.76755,39.98598],[-120.76809,39.98745],[-120.76723,39.98849],[-120.76735,39.98885],[-120.76826,39.9894],[-120.76921,39.98932],[-120.76954,39.98998],[-120.77007,39.98994],[-120.7701,39.98958],[-120.77219,39.98972],[-120.77422,39.99031],[-120.7746,39.99017],[-120.77649,39.99213],[-120.77628,39.99322],[-120.77699,39.99364],[-120.77607,39.9946],[-120.77547,39.99461],[-120.77503,39.99552],[-120.77567,39.99563],[-120.7772,39.99712],[-120.77943,39.99683],[-120.77985,39.99795],[-120.7803,39.9978],[-120.78075,39.99869],[-120.78213,39.99886],[-120.78319,39.99957],[-120.78382,39.99925],[-120.78452,40.00009],[-120.78384,40.0004],[-120.78399,40.00064],[-120.78528,40.00046],[-120.78561,39.99997],[-120.7878,39.99895],[-120.78254,39.99408],[-120.78259,39.9936],[-120.78607,39.99579],[-120.78658,39.99572],[-120.78657,39.99609],[-120.78899,39.99674],[-120.79199,39.99934],[-120.79107,40.00052],[-120.79183,40.001],[-120.79282,40.00069],[-120.79414,40.0011],[-120.7957,40.00218],[-120.79756,40.00432],[-120.79842,40.00462],[-120.79839,40.00641],[-120.79803,40.00664],[-120.79875,40.00703],[-120.79887,40.00757],[-120.79832,40.00813],[-120.79938,40.00913],[-120.79652,40.01169],[-120.79588,40.01275],[-120.7962,40.01379],[-120.79698,40.01421],[-120.79733,40.01488],[-120.79955,40.01539],[-120.80038,40.01526],[-120.80428,40.01739],[-120.80454,40.01658],[-120.80611,40.01761],[-120.8086,40.01754],[-120.8096,40.01894],[-120.81055,40.01946],[-120.8119,40.01968],[-120.81237,40.01952],[-120.81281,40.02007],[-120.81404,40.02019],[-120.81608,40.02193],[-120.81688,40.02203],[-120.81712,40.02271],[-120.81829,40.02301],[-120.81841,40.02367],[-120.81894,40.0235],[-120.8188,40.02473],[-120.82063,40.02625],[-120.82017,40.02643],[-120.8197,40.02619],[-120.81983,40.02677],[-120.81881,40.02696],[-120.81834,40.02672],[-120.81768,40.02699],[-120.81762,40.02712],[-120.81802,40.02688],[-120.81791,40.02751],[-120.82053,40.02875],[-120.81704,40.03094],[-120.81618,40.03112],[-120.81573,40.03189],[-120.81313,40.03234],[-120.81378,40.03292],[-120.81282,40.0333],[-120.81217,40.03416],[-120.81231,40.03534],[-120.81155,40.03563],[-120.81117,40.03618],[-120.8106,40.03617],[-120.81125,40.03763],[-120.81213,40.03757],[-120.81213,40.03859],[-120.81047,40.03921],[-120.80958,40.03903],[-120.80888,40.03838],[-120.80881,40.0377],[-120.80934,40.0369],[-120.80855,40.03678],[-120.80851,40.03633],[-120.80753,40.03671],[-120.80719,40.03634],[-120.80621,40.03751],[-120.80658,40.03775],[-120.80605,40.03804],[-120.80643,40.03834],[-120.80579,40.0386],[-120.80534,40.038],[-120.80502,40.03864],[-120.80439,40.0389],[-120.80435,40.04025],[-120.8035,40.04056],[-120.80318,40.04033],[-120.80244,40.04077],[-120.80225,40.04125],[-120.80398,40.04135],[-120.80392,40.04175],[-120.80265,40.04182],[-120.80193,40.04131],[-120.80098,40.0414],[-120.79919,40.04083],[-120.79815,40.04086],[-120.79741,40.04142],[-120.79676,40.04258],[-120.79575,40.04327],[-120.79541,40.0442],[-120.79631,40.0457],[-120.79708,40.04564],[-120.79871,40.04349],[-120.79923,40.04322],[-120.80541,40.04604],[-120.80773,40.04652],[-120.80885,40.04739],[-120.81086,40.04757],[-120.8138,40.04868],[-120.81575,40.04867],[-120.8168,40.04905],[-120.81751,40.05025],[-120.81757,40.05405],[-120.81973,40.05752],[-120.8188,40.05825],[-120.81915,40.05957],[-120.81979,40.05983],[-120.82067,40.05927],[-120.82269,40.0617],[-120.82281,40.06204],[-120.82175,40.06215],[-120.82233,40.06319],[-120.82409,40.06379],[-120.82667,40.06551],[-120.82773,40.06887],[-120.82748,40.0694],[-120.82663,40.06972],[-120.82793,40.07192],[-120.82547,40.0737],[-120.82333,40.07662],[-120.82307,40.07721],[-120.82402,40.07717],[-120.82424,40.07745],[-120.82445,40.07893],[-120.82103,40.08083],[-120.81873,40.08132],[-120.81739,40.08077],[-120.81674,40.08088],[-120.81641,40.08156],[-120.81695,40.08192],[-120.8167,40.08207],[-120.81641,40.08174],[-120.81607,40.08181],[-120.81631,40.08296],[-120.81538,40.08333],[-120.81478,40.08305],[-120.81474,40.08377],[-120.8144,40.0836],[-120.81397,40.08401],[-120.81345,40.08357],[-120.81353,40.08393],[-120.81307,40.08421],[-120.81384,40.08497],[-120.81301,40.08505],[-120.81212,40.08615],[-120.81023,40.08665],[-120.80906,40.08744],[-120.8099,40.08891],[-120.80969,40.08969],[-120.81034,40.09149],[-120.81127,40.09251],[-120.81375,40.09343],[-120.8148,40.0935],[-120.81573,40.0943],[-120.81727,40.09496],[-120.82072,40.09522],[-120.82162,40.09684],[-120.82156,40.09768],[-120.81882,40.09772],[-120.81936,40.09869],[-120.81888,40.09982],[-120.81771,40.09905],[-120.81571,40.0997],[-120.81111,40.09921],[-120.8093,40.09821],[-120.80728,40.09771],[-120.80671,40.1001],[-120.80702,40.10172],[-120.80656,40.1027],[-120.80473,40.10328],[-120.80024,40.10289],[-120.7997,40.10329],[-120.80063,40.10363],[-120.80155,40.10452],[-120.80216,40.10556],[-120.80224,40.10723],[-120.80308,40.10624],[-120.80358,40.10644],[-120.80288,40.10715],[-120.80338,40.10825],[-120.80338,40.10952],[-120.80379,40.11062],[-120.80437,40.11066],[-120.80469,40.11112],[-120.80396,40.11123],[-120.804,40.11158],[-120.80289,40.11227],[-120.8008,40.1119],[-120.79874,40.11253],[-120.79704,40.11486],[-120.79861,40.1166],[-120.80037,40.11757],[-120.79968,40.11969],[-120.79668,40.11922],[-120.79372,40.11916],[-120.79265,40.11955],[-120.78759,40.11914],[-120.78659,40.11955],[-120.78426,40.11932],[-120.78244,40.11865],[-120.78176,40.11894],[-120.77932,40.11909],[-120.77872,40.11953],[-120.77978,40.12054],[-120.78114,40.12047],[-120.78217,40.12086],[-120.78217,40.12139],[-120.78307,40.12138],[-120.78358,40.12201],[-120.78439,40.1223],[-120.7858,40.12173],[-120.78661,40.12251],[-120.78564,40.12298],[-120.78625,40.12337],[-120.78727,40.1231],[-120.78807,40.12378],[-120.78751,40.12465],[-120.78933,40.12493],[-120.79088,40.12654],[-120.79113,40.12658],[-120.79129,40.12593],[-120.79178,40.12585],[-120.79222,40.127],[-120.79459,40.12786],[-120.79636,40.13107],[-120.79633,40.13245],[-120.79684,40.1328],[-120.79762,40.13279],[-120.79787,40.1333],[-120.79742,40.13453],[-120.7995,40.13519],[-120.80003,40.1349],[-120.80067,40.13547],[-120.80011,40.13589],[-120.80079,40.13678],[-120.79951,40.13821],[-120.79922,40.13903],[-120.79683,40.14054],[-120.7948,40.14237],[-120.79491,40.1437],[-120.79574,40.14429],[-120.798,40.14474],[-120.79816,40.14589],[-120.79787,40.14628],[-120.7972,40.14648],[-120.79642,40.14621],[-120.79637,40.14554],[-120.79596,40.14555],[-120.7955,40.14614],[-120.79598,40.14782],[-120.79517,40.14905],[-120.79234,40.15053],[-120.79016,40.15019],[-120.79042,40.14985],[-120.79005,40.14979],[-120.7898,40.1503],[-120.79064,40.15175],[-120.78807,40.15126],[-120.78783,40.15216],[-120.78685,40.15217],[-120.78567,40.15174],[-120.78507,40.15201],[-120.78539,40.15252],[-120.78762,40.15363],[-120.79223,40.15211],[-120.79254,40.15162],[-120.79366,40.15107],[-120.79395,40.15119],[-120.79423,40.15075],[-120.79635,40.15069],[-120.79775,40.15033],[-120.79914,40.15064],[-120.79987,40.1515],[-120.80107,40.15168],[-120.80147,40.15213],[-120.80262,40.15162],[-120.80347,40.14939],[-120.80473,40.14841],[-120.80862,40.14743],[-120.81091,40.14962],[-120.81127,40.15366],[-120.81271,40.15492],[-120.81371,40.15506],[-120.81435,40.15557],[-120.81433,40.15623],[-120.81483,40.15646],[-120.81527,40.15758],[-120.81637,40.15781],[-120.81829,40.15995],[-120.8184,40.15964],[-120.81977,40.15951],[-120.8204,40.16029],[-120.82019,40.16059],[-120.81939,40.16067],[-120.82051,40.16144],[-120.82064,40.16101],[-120.82195,40.16064],[-120.82352,40.16182],[-120.8238,40.16308],[-120.82434,40.16352],[-120.8252,40.16354],[-120.82624,40.16307],[-120.82643,40.16156],[-120.82607,40.161],[-120.82357,40.15921],[-120.82295,40.15949],[-120.82268,40.15871],[-120.82164,40.15821],[-120.82051,40.15683],[-120.81902,40.15353],[-120.81813,40.15283],[-120.81851,40.15153],[-120.81838,40.1474],[-120.81708,40.14619],[-120.81694,40.14427],[-120.81796,40.14251],[-120.81973,40.14151],[-120.82296,40.1409],[-120.8214,40.13973],[-120.82115,40.13834],[-120.8207,40.13786],[-120.82168,40.13762],[-120.8216,40.13672],[-120.822,40.13622],[-120.8214,40.13422],[-120.82187,40.13247],[-120.82171,40.13164],[-120.82236,40.13073],[-120.82217,40.13021],[-120.82146,40.13001],[-120.82117,40.12901],[-120.81968,40.12688],[-120.82106,40.12598],[-120.82224,40.12582],[-120.82198,40.12278],[-120.82461,40.11996],[-120.82589,40.11927],[-120.82537,40.11739],[-120.8254,40.11471],[-120.82447,40.11452],[-120.82385,40.11398],[-120.8242,40.11275],[-120.82464,40.1129],[-120.82532,40.1122],[-120.82525,40.11099],[-120.8242,40.1106],[-120.82419,40.10915],[-120.82542,40.10819],[-120.82541,40.10694],[-120.82876,40.10394],[-120.82961,40.10397],[-120.82963,40.10343],[-120.83006,40.10314],[-120.83109,40.10282],[-120.832,40.10289],[-120.83311,40.10469],[-120.83421,40.10528],[-120.83537,40.10525],[-120.83635,40.1066],[-120.83672,40.10602],[-120.83819,40.10537],[-120.83936,40.10585],[-120.84079,40.10578],[-120.84382,40.10835],[-120.84383,40.10902],[-120.84533,40.10901],[-120.84572,40.11036],[-120.84499,40.11247],[-120.84853,40.11533],[-120.85091,40.11512],[-120.85201,40.11329],[-120.85401,40.11308],[-120.85603,40.11412],[-120.8553,40.11615],[-120.85521,40.11945],[-120.85796,40.11936],[-120.85886,40.11996],[-120.85799,40.12209],[-120.85813,40.12526],[-120.85722,40.12577],[-120.85898,40.12671],[-120.85935,40.12739],[-120.85935,40.13155],[-120.8591,40.13244],[-120.85834,40.13301],[-120.85928,40.13335],[-120.85942,40.13385],[-120.85811,40.13432],[-120.85802,40.13464],[-120.85985,40.13557],[-120.85984,40.13594],[-120.85846,40.13643],[-120.85851,40.13689],[-120.85888,40.13757],[-120.85988,40.13824],[-120.86059,40.13809],[-120.86181,40.13893],[-120.86192,40.13966],[-120.86135,40.14031],[-120.86158,40.1416],[-120.86127,40.14209],[-120.86006,40.14258],[-120.85878,40.14246],[-120.85867,40.1438],[-120.86423,40.14484],[-120.86586,40.14258],[-120.86806,40.14327],[-120.86832,40.1441],[-120.86749,40.14437],[-120.86871,40.14518],[-120.86944,40.14611],[-120.86927,40.14694],[-120.87221,40.14692],[-120.87325,40.14794],[-120.87579,40.14859],[-120.87704,40.15041],[-120.87995,40.14988],[-120.88028,40.15189],[-120.88039,40.15162],[-120.88158,40.15158],[-120.88429,40.1558],[-120.88533,40.15526],[-120.88666,40.15539],[-120.88802,40.15501],[-120.88854,40.15542],[-120.89137,40.15477],[-120.89235,40.15349],[-120.89325,40.15336],[-120.89314,40.15299],[-120.89375,40.15257],[-120.89649,40.1536],[-120.89658,40.15287],[-120.89683,40.15304],[-120.89789,40.15263],[-120.89953,40.15293],[-120.90111,40.15278],[-120.90248,40.15336],[-120.90421,40.15347],[-120.90379,40.15387],[-120.90587,40.15404],[-120.90961,40.15308],[-120.91237,40.1535],[-120.91356,40.15259],[-120.91582,40.15285],[-120.91647,40.15381],[-120.9165,40.15479],[-120.91876,40.15638],[-120.91965,40.15771],[-120.92152,40.15896],[-120.92158,40.16008],[-120.92076,40.16081],[-120.92086,40.16111],[-120.9231,40.16296],[-120.92286,40.16374],[-120.92139,40.1648],[-120.92153,40.16544],[-120.92063,40.16627],[-120.92118,40.16667],[-120.92175,40.16793],[-120.92131,40.16824],[-120.92163,40.16907],[-120.92092,40.16991],[-120.92137,40.17023],[-120.92115,40.17102],[-120.92311,40.17188],[-120.92228,40.17244],[-120.92233,40.173],[-120.92271,40.17357],[-120.92335,40.17363],[-120.92365,40.17309],[-120.92332,40.17212],[-120.92392,40.172],[-120.924,40.17141],[-120.92357,40.17008],[-120.92471,40.16938],[-120.92449,40.16872],[-120.92394,40.16837],[-120.92401,40.16734],[-120.92334,40.1667],[-120.92358,40.16571],[-120.92435,40.16543],[-120.9249,40.16563],[-120.9251,40.16523],[-120.92644,40.1649],[-120.92702,40.16397],[-120.93008,40.16262],[-120.93181,40.16085],[-120.93265,40.1587],[-120.93293,40.15682],[-120.93351,40.15635],[-120.93368,40.15558],[-120.93299,40.15352],[-120.93109,40.15487],[-120.93103,40.15529],[-120.92999,40.15488],[-120.93022,40.15417],[-120.93109,40.15368],[-120.93159,40.1516],[-120.93243,40.15121],[-120.93288,40.15037],[-120.93337,40.14997],[-120.93493,40.1496],[-120.93575,40.14988],[-120.93737,40.1475],[-120.93565,40.14654],[-120.93509,40.14585],[-120.93527,40.14207],[-120.93496,40.14165],[-120.93258,40.14086],[-120.93153,40.14143],[-120.93121,40.14262],[-120.9315,40.1432],[-120.93105,40.14359],[-120.92711,40.14322],[-120.92783,40.14257],[-120.92909,40.14238],[-120.93007,40.14066],[-120.92937,40.1406],[-120.92816,40.13876],[-120.92746,40.13841],[-120.92204,40.13858],[-120.91887,40.1393],[-120.91527,40.13819],[-120.91082,40.1382],[-120.9092,40.13846],[-120.90976,40.13788],[-120.90931,40.13721],[-120.90959,40.13668],[-120.90768,40.13647],[-120.90398,40.13538],[-120.90319,40.13552],[-120.90195,40.13501],[-120.90086,40.1351],[-120.90099,40.1345],[-120.89809,40.13361],[-120.89626,40.13247],[-120.89532,40.13264],[-120.89381,40.13179],[-120.8919,40.13119],[-120.88976,40.13177],[-120.88872,40.13141],[-120.88532,40.12769],[-120.88586,40.12707],[-120.88557,40.12679],[-120.88597,40.12559],[-120.88651,40.12564],[-120.88707,40.12477],[-120.88775,40.12451],[-120.88622,40.12064],[-120.8873,40.12097],[-120.88768,40.12163],[-120.88891,40.12212],[-120.8887,40.12322],[-120.88946,40.12431],[-120.89606,40.12409],[-120.89637,40.12532],[-120.89727,40.12541],[-120.89909,40.12437],[-120.90114,40.12423],[-120.90139,40.12347],[-120.90338,40.12251],[-120.90391,40.12291],[-120.90465,40.12266],[-120.90717,40.12297],[-120.90824,40.12268],[-120.90789,40.1214],[-120.90608,40.11939],[-120.90587,40.11814],[-120.90687,40.11549],[-120.90685,40.11444],[-120.90739,40.11372],[-120.90961,40.10776],[-120.90974,40.10524],[-120.91103,40.10316],[-120.91297,40.10213],[-120.91634,40.1011],[-120.91805,40.09911],[-120.91557,40.09649],[-120.91672,40.09526],[-120.91927,40.0942],[-120.91984,40.09267],[-120.92188,40.08944],[-120.9209,40.08496],[-120.92132,40.08379],[-120.92537,40.0818],[-120.92688,40.08053],[-120.93082,40.07908],[-120.9337,40.07879],[-120.93437,40.07772],[-120.93628,40.07685],[-120.937,40.07724],[-120.93862,40.07652],[-120.93822,40.07595],[-120.94021,40.07565],[-120.94016,40.07507],[-120.94064,40.07497],[-120.94073,40.0745],[-120.94254,40.07431],[-120.9426,40.07361],[-120.94067,40.07391],[-120.93937,40.07373],[-120.93892,40.07413],[-120.93846,40.074],[-120.93858,40.07367],[-120.938,40.07388],[-120.93773,40.0745],[-120.93719,40.07458],[-120.93669,40.07398],[-120.93629,40.07433],[-120.93598,40.07415],[-120.93304,40.07582],[-120.93262,40.07663],[-120.93224,40.07654],[-120.93063,40.07752],[-120.92814,40.07811],[-120.92719,40.07999],[-120.92422,40.08044],[-120.92236,40.08119],[-120.92167,40.08119],[-120.92151,40.08152],[-120.92135,40.08091],[-120.92182,40.081],[-120.92101,40.0802],[-120.91955,40.07974],[-120.91616,40.08021],[-120.9157,40.08012],[-120.91549,40.07966],[-120.9142,40.07952],[-120.91316,40.07904],[-120.9125,40.07973],[-120.91163,40.07985],[-120.91068,40.07943],[-120.90958,40.07937],[-120.90854,40.0788],[-120.90692,40.07881],[-120.9056,40.0797],[-120.90434,40.07988],[-120.89721,40.08011],[-120.89536,40.08131],[-120.89505,40.08212],[-120.89233,40.08181],[-120.88963,40.08122],[-120.88827,40.08034],[-120.88807,40.07978],[-120.88876,40.07785],[-120.88807,40.07615],[-120.88523,40.07565],[-120.88313,40.07346],[-120.88095,40.07258],[-120.87789,40.07027],[-120.87477,40.0695],[-120.8721,40.06816],[-120.87151,40.06644],[-120.87073,40.06602],[-120.87099,40.06569],[-120.86832,40.06287],[-120.86785,40.06195],[-120.86379,40.05918],[-120.86092,40.05823],[-120.86026,40.05722],[-120.85914,40.05711],[-120.85889,40.05675],[-120.85757,40.05695],[-120.85767,40.05743],[-120.85711,40.05803],[-120.85556,40.05812],[-120.85592,40.05899],[-120.85519,40.05976],[-120.8545,40.05986],[-120.85384,40.05928],[-120.85268,40.05891],[-120.85277,40.05849],[-120.8521,40.05791],[-120.85281,40.05782],[-120.85335,40.05694],[-120.85415,40.05652],[-120.85423,40.05603],[-120.85418,40.05577],[-120.85287,40.05552],[-120.85361,40.05476],[-120.85484,40.05521],[-120.85508,40.05497],[-120.85335,40.05451],[-120.85301,40.05476],[-120.85214,40.05455],[-120.85311,40.05365],[-120.85217,40.05351],[-120.85155,40.05387],[-120.85114,40.05365],[-120.85089,40.05259],[-120.85268,40.05177],[-120.85193,40.05077],[-120.8523,40.05009],[-120.85319,40.05003],[-120.85473,40.05093],[-120.85702,40.04997],[-120.85844,40.05046],[-120.85859,40.04933],[-120.85786,40.04787],[-120.85704,40.04749],[-120.85705,40.04703],[-120.85496,40.04684],[-120.85474,40.04624],[-120.85271,40.04517],[-120.85229,40.0452],[-120.85218,40.04585],[-120.85123,40.04637],[-120.8501,40.04646],[-120.84975,40.04507],[-120.85086,40.04478],[-120.85075,40.04218],[-120.85169,40.04073],[-120.85323,40.03951],[-120.85584,40.03971],[-120.8581,40.03904],[-120.85822,40.03798],[-120.85583,40.03783],[-120.85532,40.03665],[-120.85623,40.03556],[-120.8595,40.03366],[-120.8593,40.03318],[-120.85963,40.03264],[-120.86102,40.03285],[-120.86197,40.03244],[-120.86195,40.03052],[-120.8625,40.02956],[-120.86308,40.0298],[-120.86422,40.02971],[-120.86446,40.02938],[-120.86395,40.02878],[-120.86346,40.02869],[-120.8614,40.02617],[-120.86042,40.02383],[-120.86079,40.02058],[-120.86021,40.01911],[-120.85925,40.01808],[-120.85914,40.01608],[-120.85859,40.01503],[-120.85896,40.01424],[-120.86011,40.0142],[-120.8602,40.01293],[-120.85985,40.01255],[-120.85967,40.01044],[-120.85883,40.00981],[-120.85854,40.00853],[-120.85748,40.00746],[-120.85892,40.00669],[-120.8595,40.00579],[-120.85878,40.00463],[-120.86006,40.00221],[-120.86061,39.99819],[-120.85993,39.99684],[-120.86029,39.99448],[-120.86002,39.99328],[-120.85881,39.99076],[-120.85934,39.99018],[-120.86154,39.98934],[-120.86289,39.98954],[-120.86465,39.98892],[-120.86424,39.98749],[-120.86496,39.98713],[-120.86514,39.98613],[-120.86559,39.98595],[-120.86745,39.98347],[-120.86951,39.98196],[-120.87112,39.97912],[-120.87247,39.97799],[-120.8732,39.97656],[-120.87576,39.97524],[-120.87624,39.9756],[-120.87705,39.97584],[-120.87724,39.97557],[-120.87769,39.97588],[-120.87798,39.97775],[-120.87888,39.97814],[-120.87987,39.97939],[-120.88039,39.97935],[-120.88046,39.97968],[-120.87833,39.98126],[-120.87859,39.98158],[-120.8782,39.98186],[-120.87846,39.98254],[-120.87801,39.98302],[-120.8783,39.9831],[-120.87815,39.98399],[-120.87849,39.98403],[-120.87865,39.98369],[-120.87886,39.984],[-120.87859,39.98427],[-120.87914,39.98471],[-120.88004,39.98463],[-120.8811,39.98534],[-120.88224,39.98547],[-120.8832,39.98641],[-120.88377,39.98632],[-120.88391,39.98666],[-120.88451,39.98658],[-120.8849,39.98688],[-120.88565,39.98668],[-120.88731,39.98694],[-120.88995,39.98491],[-120.89137,39.98423],[-120.89346,39.9838],[-120.89484,39.98296],[-120.89592,39.98184],[-120.89668,39.98193],[-120.89723,39.9816],[-120.90074,39.98094],[-120.90298,39.97997],[-120.90444,39.97977],[-120.9053,39.98008],[-120.90593,39.98203],[-120.90524,39.98301],[-120.90567,39.9859],[-120.90545,39.98842],[-120.90662,39.99001],[-120.90689,39.99096],[-120.9062,39.99177],[-120.90646,39.99218],[-120.90781,39.99269],[-120.9127,39.9926],[-120.91418,39.99334],[-120.91216,39.99488],[-120.91467,39.99644],[-120.91562,39.99749],[-120.91694,39.99781],[-120.91897,39.99647],[-120.9205,39.99882],[-120.92066,40.00014],[-120.92886,40.00066],[-120.92957,40.00107],[-120.93044,40.00107],[-120.93119,40.00045],[-120.93062,40.00113],[-120.93115,40.00122],[-120.93196,40.00204],[-120.93326,40.00209],[-120.93387,40.00208],[-120.93524,40.00134],[-120.93644,40.00151],[-120.93669,40.00035],[-120.93799,39.99995],[-120.93864,40.00006],[-120.93968,40.0008],[-120.93944,40.00106],[-120.94012,40.00204],[-120.93887,40.00196],[-120.93839,40.00245],[-120.93864,40.00282],[-120.94254,40.00483],[-120.94375,40.0067],[-120.94498,40.00642],[-120.94701,40.00677],[-120.94866,40.00656],[-120.94939,40.00673],[-120.95078,40.00596],[-120.95242,40.00661],[-120.95512,40.00686],[-120.95721,40.0054],[-120.9581,40.00313],[-120.96119,40.00112],[-120.96279,40.00039],[-120.96465,39.99997],[-120.96877,40.0005],[-120.96979,40.00182],[-120.96973,40.00291],[-120.9679,40.01044],[-120.96453,40.01239],[-120.96491,40.01304],[-120.96337,40.01459],[-120.96375,40.01655],[-120.96438,40.01726],[-120.96489,40.01704],[-120.9659,40.01509],[-120.96639,40.01515],[-120.96797,40.01643],[-120.97011,40.01643],[-120.97197,40.01693],[-120.9725,40.01788],[-120.97328,40.01807],[-120.97395,40.01915],[-120.97465,40.01955],[-120.97646,40.01893],[-120.97746,40.02087],[-120.97701,40.02122],[-120.97706,40.0216],[-120.97752,40.02257],[-120.97826,40.02317],[-120.978,40.02363],[-120.97826,40.02407],[-120.97858,40.02398],[-120.97849,40.02434],[-120.97903,40.02471],[-120.97839,40.02583],[-120.979,40.02594],[-120.9794,40.02682],[-120.98048,40.02669],[-120.98021,40.02609],[-120.98083,40.02585],[-120.98132,40.02684],[-120.98177,40.02692],[-120.9822,40.02627],[-120.98266,40.02666],[-120.98441,40.02584],[-120.98377,40.02569],[-120.98363,40.02535],[-120.98406,40.02508],[-120.98529,40.02532],[-120.98775,40.02357],[-120.99098,40.02316],[-120.99133,40.02285],[-120.99181,40.02175],[-120.99146,40.02145],[-120.99163,40.02061],[-120.99223,40.01972],[-120.9913,40.01856],[-120.9909,40.01724],[-120.99175,40.01691],[-120.99123,40.01651],[-120.99335,40.01451],[-120.99473,40.0139],[-120.99529,40.01324],[-120.99981,40.01306],[-121.00146,40.01319],[-121.00205,40.01374],[-121.00304,40.01245],[-121.00462,40.01211],[-121.00434,40.01139],[-121.00375,40.01102],[-121.004,40.00992],[-121.00455,40.0098],[-121.00484,40.00937],[-121.00585,40.00999],[-121.0064,40.00928],[-121.00723,40.00937],[-121.00758,40.00902],[-121.00725,40.00859],[-121.00739,40.00764],[-121.00801,40.00645],[-121.00957,40.00685],[-121.00929,40.00654],[-121.0099,40.00595],[-121.01126,40.00562],[-121.01195,40.0049],[-121.01266,40.00468],[-121.01273,40.00338],[-121.01372,40.00271],[-121.01308,40.00122],[-121.0144,40.00143],[-121.01373,39.99956],[-121.01398,39.99887],[-121.01617,40.00072],[-121.01826,39.99961],[-121.02199,39.99953],[-121.02254,40.00055],[-121.02328,40.00069],[-121.02265,40.00151],[-121.02346,40.00146],[-121.02479,40.00274],[-121.02633,40.00259],[-121.02705,40.00301],[-121.0276,40.00385],[-121.02785,40.00359],[-121.02674,40.00202],[-121.027,40.00135],[-121.02873,40.0006],[-121.02872,40.00012],[-121.02952,39.99969],[-121.02895,39.99901],[-121.0305,39.99805],[-121.03053,39.99725],[-121.03089,39.99698],[-121.03342,39.99637],[-121.03381,39.99585],[-121.03452,39.99562],[-121.03615,39.99602],[-121.03869,39.9954],[-121.03907,39.9955],[-121.03895,39.99592],[-121.03933,39.99543],[-121.0404,39.99499],[-121.04102,39.99391],[-121.04208,39.99306],[-121.04547,39.99239],[-121.05088,39.99046],[-121.05274,39.98829],[-121.0537,39.98822],[-121.05415,39.98762],[-121.05376,39.98749],[-121.05418,39.98729],[-121.05411,39.98555],[-121.05513,39.98502],[-121.0557,39.98388],[-121.05702,39.98372],[-121.05895,39.98483],[-121.06218,39.98542],[-121.063,39.98537],[-121.06715,39.98352],[-121.06812,39.98379],[-121.0687,39.98337],[-121.06921,39.98342],[-121.06985,39.98413],[-121.07051,39.98392],[-121.07138,39.9844],[-121.07254,39.98446],[-121.07504,39.98249],[-121.07652,39.98004],[-121.07869,39.97988],[-121.0796,39.9782],[-121.0799,39.97633],[-121.08071,39.97506],[-121.08065,39.97408],[-121.08029,39.97374],[-121.08038,39.97263],[-121.08112,39.97219],[-121.08161,39.97062],[-121.08097,39.96918],[-121.0799,39.96871],[-121.07952,39.9676],[-121.07742,39.96618],[-121.07726,39.9655],[-121.07726,39.96206],[-121.07787,39.95898],[-121.07755,39.95787],[-121.07797,39.95797],[-121.07803,39.95677],[-121.07761,39.9545],[-121.07826,39.95301],[-121.08012,39.95436],[-121.08079,39.95363],[-121.08156,39.95168],[-121.0812,39.94961],[-121.08218,39.94728],[-121.08194,39.94728],[-121.0819,39.9451],[-121.08158,39.94448],[-121.08101,39.94461],[-121.08041,39.94428],[-121.0806,39.94395],[-121.08088,39.94423],[-121.08154,39.94411],[-121.08179,39.94313],[-121.08083,39.94076],[-121.08111,39.93962],[-121.08063,39.93911],[-121.08113,39.93809],[-121.08034,39.93792],[-121.08057,39.93761],[-121.0802,39.93728],[-121.08029,39.93679],[-121.08344,39.93587],[-121.08659,39.93587],[-121.08665,39.93559],[-121.08976,39.93621],[-121.09145,39.93631],[-121.09165,39.93598],[-121.09464,39.93633],[-121.09555,39.93666],[-121.09868,39.93947],[-121.09939,39.9397],[-121.09971,39.94053],[-121.1002,39.94081],[-121.10027,39.94169],[-121.10178,39.94263],[-121.10225,39.94358],[-121.10322,39.94391],[-121.10418,39.94482],[-121.10606,39.94453],[-121.10633,39.94484],[-121.10741,39.94492],[-121.10835,39.9458],[-121.10828,39.94639],[-121.10899,39.94683],[-121.11048,39.9466],[-121.11202,39.94694],[-121.11664,39.94633],[-121.11728,39.94648],[-121.11715,39.9463],[-121.11772,39.946],[-121.11864,39.94648],[-121.11903,39.94628],[-121.11983,39.94677],[-121.11936,39.9471],[-121.12016,39.94846],[-121.12101,39.94837],[-121.12209,39.94913],[-121.12229,39.9504],[-121.12175,39.95079],[-121.12345,39.94967],[-121.12452,39.94851],[-121.12659,39.9477],[-121.12671,39.94741],[-121.1274,39.94758],[-121.12714,39.9488],[-121.12774,39.94923],[-121.12756,39.94999],[-121.12895,39.95024],[-121.12866,39.94984],[-121.1289,39.94962],[-121.13078,39.94934],[-121.13412,39.94805],[-121.13536,39.94794],[-121.13557,39.94761],[-121.13903,39.94753],[-121.14056,39.94814],[-121.14211,39.94742],[-121.14261,39.94775],[-121.14329,39.94759],[-121.14396,39.94692],[-121.14674,39.94566],[-121.14815,39.94579],[-121.14673,39.94658],[-121.1471,39.94697],[-121.14664,39.94757],[-121.14671,39.94809],[-121.14799,39.94818],[-121.14855,39.94777],[-121.15107,39.94743],[-121.15141,39.9481],[-121.1521,39.94829],[-121.15314,39.94793],[-121.15313,39.94765],[-121.15443,39.94743],[-121.15357,39.94693],[-121.15378,39.9467],[-121.15305,39.94568],[-121.15318,39.94515],[-121.15257,39.94357],[-121.15124,39.94322],[-121.15128,39.94248],[-121.14913,39.9422],[-121.1479,39.94072],[-121.14774,39.93966],[-121.14662,39.93841],[-121.14537,39.93806],[-121.14501,39.93895],[-121.14455,39.93898],[-121.14339,39.93799],[-121.14336,39.937],[-121.14501,39.93633],[-121.14582,39.93529],[-121.14552,39.93482],[-121.14469,39.93451],[-121.14325,39.93233],[-121.14539,39.93139],[-121.14629,39.93045],[-121.14738,39.93011],[-121.14779,39.93032],[-121.14878,39.92954],[-121.15179,39.92855],[-121.15372,39.9286],[-121.15433,39.92682],[-121.15569,39.92564],[-121.1569,39.9256],[-121.15905,39.92716],[-121.16007,39.92727],[-121.16051,39.92762],[-121.16117,39.92749],[-121.16125,39.92707],[-121.16212,39.92638],[-121.16443,39.92539],[-121.16498,39.92532],[-121.16532,39.92564],[-121.16589,39.92557],[-121.16798,39.92627],[-121.16842,39.92583],[-121.16865,39.92449],[-121.16998,39.92376],[-121.16975,39.92235],[-121.17076,39.92244],[-121.17217,39.9218],[-121.17276,39.92131],[-121.17254,39.92099],[-121.17353,39.92014],[-121.17401,39.92029],[-121.17445,39.91993],[-121.17454,39.91945],[-121.17397,39.91914],[-121.17648,39.91741],[-121.17867,39.917],[-121.1792,39.91714],[-121.17942,39.91667],[-121.18082,39.91643],[-121.18092,39.91614],[-121.18169,39.91591],[-121.18238,39.91595],[-121.18274,39.91638],[-121.18331,39.91616],[-121.18286,39.91543],[-121.18369,39.91562],[-121.18477,39.91473],[-121.18552,39.91528],[-121.18623,39.91433],[-121.18595,39.91332],[-121.1871,39.91086],[-121.18785,39.91038],[-121.1884,39.91056],[-121.18931,39.90908],[-121.19087,39.90863],[-121.19089,39.90765],[-121.19202,39.9069],[-121.19267,39.90652],[-121.19458,39.90633],[-121.19483,39.9059],[-121.19801,39.90408],[-121.19793,39.9038],[-121.19971,39.9029],[-121.19927,39.9019],[-121.19982,39.90155],[-121.20233,39.90084],[-121.20237,39.90128],[-121.20364,39.90146],[-121.20531,39.90047],[-121.20618,39.90057],[-121.20678,39.89999],[-121.20759,39.90019],[-121.20781,39.89984],[-121.20792,39.90023],[-121.20758,39.90043],[-121.20811,39.90079],[-121.20834,39.90066],[-121.20892,39.90123],[-121.20881,39.90151],[-121.21001,39.90172],[-121.21033,39.90238],[-121.21075,39.9025],[-121.21059,39.90227],[-121.21116,39.90197],[-121.21181,39.90273],[-121.21217,39.90268],[-121.21265,39.90165],[-121.21357,39.90207],[-121.21497,39.90184],[-121.21579,39.90206],[-121.21637,39.90265],[-121.21639,39.90321],[-121.21684,39.90266],[-121.21906,39.90265],[-121.22147,39.90205],[-121.22179,39.90173],[-121.2225,39.90218],[-121.22428,39.90166],[-121.22601,39.90155],[-121.22793,39.90212],[-121.23175,39.89925],[-121.23499,39.89925],[-121.23463,39.89793],[-121.23595,39.8971],[-121.23924,39.89798],[-121.24272,39.9005],[-121.24419,39.90098],[-121.24467,39.90164],[-121.24483,39.90122],[-121.2506,39.90209],[-121.25169,39.903],[-121.25723,39.90163],[-121.25919,39.90067],[-121.26089,39.90039],[-121.26217,39.89985],[-121.26551,39.89975],[-121.26821,39.89738],[-121.2704,39.89761],[-121.2731,39.89875],[-121.27658,39.89738],[-121.27773,39.89852],[-121.28087,39.89711],[-121.28561,39.89814],[-121.28585,39.89872],[-121.28686,39.8989],[-121.28799,39.89777],[-121.29033,39.89631],[-121.29108,39.89523],[-121.29212,39.89494],[-121.29244,39.8937],[-121.29212,39.8931],[-121.29283,39.89264],[-121.2946,39.89283],[-121.29534,39.89349],[-121.29823,39.89373],[-121.29964,39.89433],[-121.30038,39.89552],[-121.30101,39.89469],[-121.30441,39.89433],[-121.30859,39.89298],[-121.31115,39.89116],[-121.3123,39.89154],[-121.31306,39.89314],[-121.31351,39.89323],[-121.31473,39.89218],[-121.31538,39.89229],[-121.31558,39.89457],[-121.31602,39.89439],[-121.31595,39.89322],[-121.31653,39.89229],[-121.31692,39.89304],[-121.31647,39.89395],[-121.31682,39.89411],[-121.31664,39.89434],[-121.31802,39.89471],[-121.31813,39.8942],[-121.31859,39.89451],[-121.31838,39.89478],[-121.31956,39.8953],[-121.31992,39.89615],[-121.31924,39.89695],[-121.32224,39.89944],[-121.3218,39.90386],[-121.32028,39.9057],[-121.32053,39.90614],[-121.32385,39.90581],[-121.32528,39.90594],[-121.32572,39.90868],[-121.32719,39.90981],[-121.32739,39.91034],[-121.32897,39.91137],[-121.33025,39.91322],[-121.33143,39.91243],[-121.33174,39.9118],[-121.33282,39.91161],[-121.33257,39.91094],[-121.33347,39.91086],[-121.33357,39.91044],[-121.33318,39.91018],[-121.33372,39.90998],[-121.33385,39.90958],[-121.33508,39.91015],[-121.33674,39.90974],[-121.33781,39.90886],[-121.33836,39.90879],[-121.33797,39.90821],[-121.33868,39.90775],[-121.34003,39.90817],[-121.34051,39.90784],[-121.34308,39.90812],[-121.34293,39.90726],[-121.34341,39.90693],[-121.34436,39.90722],[-121.34514,39.90688],[-121.34595,39.9058],[-121.34724,39.90495],[-121.34836,39.90491],[-121.34984,39.90351],[-121.35585,39.90205],[-121.35663,39.90223],[-121.35693,39.9018],[-121.35831,39.90147],[-121.35886,39.9015],[-121.35936,39.90199],[-121.35941,39.90233],[-121.3585,39.90244],[-121.35843,39.90268],[-121.35875,39.90315],[-121.35937,39.90313],[-121.36192,39.90187],[-121.36076,39.89877],[-121.36129,39.896],[-121.36104,39.89458],[-121.36151,39.89419],[-121.36194,39.89448],[-121.36269,39.89419],[-121.36269,39.89389],[-121.36228,39.89382],[-121.36249,39.89353],[-121.36181,39.89365],[-121.36156,39.8933],[-121.36239,39.89196],[-121.36225,39.89146],[-121.36354,39.89098],[-121.36359,39.89045],[-121.36406,39.89017],[-121.36394,39.88941],[-121.36639,39.8886],[-121.3675,39.88749],[-121.36816,39.8876],[-121.36929,39.88617],[-121.37067,39.88546],[-121.37138,39.88404],[-121.37228,39.88362],[-121.37244,39.88226],[-121.37319,39.88164],[-121.37294,39.88143],[-121.37337,39.88084],[-121.37321,39.88005],[-121.37441,39.87915],[-121.37484,39.87832],[-121.37479,39.87774],[-121.37509,39.87762],[-121.37459,39.87704],[-121.37487,39.87683],[-121.37475,39.87545],[-121.37526,39.87425],[-121.37505,39.87397],[-121.37556,39.87348],[-121.37531,39.87307],[-121.37594,39.87263],[-121.37495,39.87248],[-121.37537,39.87217],[-121.37492,39.87132],[-121.37521,39.87091],[-121.37486,39.87064],[-121.37546,39.87033],[-121.37438,39.86995],[-121.3746,39.8689],[-121.37557,39.86873],[-121.37659,39.86799],[-121.37701,39.86812],[-121.37682,39.86886],[-121.37742,39.86882],[-121.37817,39.86824],[-121.37965,39.86807],[-121.38036,39.86742],[-121.38139,39.86726],[-121.38149,39.86693],[-121.38565,39.86506],[-121.38731,39.86446],[-121.38775,39.86458],[-121.38959,39.86202],[-121.39265,39.86156],[-121.39381,39.86185],[-121.39381,39.86072],[-121.39435,39.86022],[-121.39436,39.86177],[-121.39482,39.86168],[-121.39518,39.86112],[-121.39584,39.86102],[-121.39602,39.8617],[-121.39645,39.86163],[-121.39693,39.86197],[-121.39603,39.86274],[-121.39642,39.86326],[-121.39524,39.86334],[-121.39539,39.86419],[-121.39791,39.86364],[-121.39718,39.86487],[-121.39852,39.86615],[-121.39836,39.86657],[-121.39925,39.86627],[-121.3997,39.86662],[-121.40051,39.86655],[-121.40037,39.86732],[-121.40096,39.8679],[-121.40078,39.86819],[-121.40216,39.86875],[-121.40233,39.86919],[-121.40302,39.86893],[-121.40344,39.86902],[-121.40377,39.86963],[-121.40418,39.86925],[-121.40469,39.86943],[-121.4044,39.86999],[-121.40518,39.87101],[-121.40495,39.87202],[-121.40581,39.87202],[-121.40632,39.87287],[-121.40595,39.87291],[-121.40619,39.87318],[-121.40561,39.87366],[-121.40568,39.87399],[-121.40475,39.87439],[-121.40498,39.87444],[-121.40459,39.87584],[-121.4037,39.87585],[-121.40363,39.87637],[-121.40442,39.87687],[-121.40332,39.87807],[-121.4038,39.8787],[-121.40323,39.87947],[-121.40343,39.87962],[-121.40203,39.87931],[-121.40263,39.87983],[-121.40183,39.8806],[-121.40337,39.8802],[-121.40385,39.88064],[-121.40465,39.88055],[-121.40538,39.88157],[-121.40585,39.88163],[-121.40614,39.88266],[-121.40507,39.88282],[-121.40521,39.88321],[-121.4042,39.88452],[-121.4034,39.8844],[-121.40314,39.8848],[-121.40302,39.88451],[-121.40245,39.88556],[-121.40198,39.88575],[-121.4015,39.88557],[-121.40055,39.88613],[-121.4006,39.88683],[-121.40002,39.88725],[-121.40054,39.88729],[-121.40067,39.88773],[-121.40003,39.88931],[-121.40025,39.88964],[-121.39973,39.89008],[-121.39986,39.89049],[-121.39943,39.89037],[-121.39941,39.88982],[-121.39854,39.89073],[-121.39886,39.89138],[-121.39853,39.89196],[-121.39886,39.89208],[-121.39819,39.89216],[-121.39748,39.89287],[-121.39661,39.89278],[-121.39648,39.89312],[-121.39608,39.89288],[-121.39536,39.8941],[-121.39457,39.89454],[-121.39429,39.8952],[-121.3946,39.89685],[-121.3942,39.89753],[-121.3944,39.89833],[-121.39407,39.89852],[-121.39361,39.89833],[-121.39359,39.89865],[-121.39321,39.89874],[-121.39359,39.89944],[-121.39306,39.89973],[-121.39347,39.89989],[-121.39385,39.90081],[-121.39311,39.90175],[-121.3932,39.9025],[-121.39353,39.90252],[-121.39303,39.90306],[-121.39323,39.90361],[-121.39273,39.90402],[-121.39217,39.90366],[-121.39211,39.90455],[-121.39172,39.90493],[-121.39233,39.90578],[-121.39198,39.90694],[-121.39134,39.90731],[-121.39088,39.907],[-121.38977,39.9078],[-121.39049,39.90806],[-121.39105,39.90876],[-121.39059,39.90982],[-121.39107,39.91055],[-121.38992,39.91138],[-121.38988,39.91238],[-121.3896,39.9124],[-121.38953,39.91179],[-121.38892,39.91213],[-121.38957,39.91321],[-121.38923,39.91411],[-121.38944,39.91486],[-121.38866,39.91567],[-121.38906,39.91613],[-121.38757,39.91664],[-121.38763,39.91702],[-121.38728,39.9172],[-121.38795,39.91743],[-121.38719,39.91795],[-121.38596,39.91816],[-121.3855,39.91875],[-121.38396,39.91928],[-121.38453,39.91969],[-121.3847,39.9204],[-121.38557,39.92111],[-121.38538,39.92157],[-121.38628,39.9224],[-121.38723,39.92632],[-121.38544,39.92773],[-121.38391,39.92826],[-121.38324,39.92809],[-121.38345,39.92836],[-121.38115,39.93003],[-121.37997,39.92995],[-121.3797,39.93019],[-121.379,39.92988],[-121.37818,39.93018],[-121.37808,39.9318],[-121.37721,39.93473],[-121.37598,39.93663],[-121.37627,39.93712],[-121.37607,39.93845],[-121.3768,39.93909],[-121.37692,39.94022],[-121.37739,39.94075],[-121.37762,39.94297],[-121.37868,39.94352],[-121.37958,39.9449],[-121.37944,39.94535],[-121.37988,39.9454],[-121.37991,39.9459],[-121.38041,39.94616],[-121.37997,39.94706],[-121.3802,39.9473],[-121.38063,39.94719],[-121.38117,39.94785],[-121.38117,39.94813],[-121.38089,39.94898],[-121.3831,39.95074],[-121.38354,39.95301],[-121.38527,39.95575],[-121.38485,39.95641],[-121.38573,39.95813],[-121.38751,39.95965],[-121.38863,39.96128],[-121.38945,39.96167],[-121.38976,39.96352],[-121.39317,39.96537],[-121.39406,39.96689],[-121.39545,39.96727],[-121.39809,39.96907],[-121.40127,39.97017],[-121.40384,39.97179],[-121.40409,39.97443],[-121.40309,39.97611],[-121.40255,39.97642],[-121.40225,39.97848],[-121.40343,39.97997],[-121.40384,39.98137],[-121.40454,39.98149],[-121.40532,39.98403],[-121.40448,39.98429],[-121.40391,39.98514],[-121.40394,39.98557],[-121.40445,39.98567],[-121.40426,39.98611],[-121.40457,39.98666],[-121.4041,39.98762],[-121.40455,39.98896],[-121.40415,39.99096],[-121.40368,39.99118],[-121.40348,39.99176],[-121.40309,39.9917],[-121.40266,39.99214],[-121.40245,39.99293],[-121.4016,39.99289],[-121.4013,39.99318],[-121.40054,39.99274],[-121.40033,39.99311],[-121.40009,39.99402],[-121.40061,39.99486],[-121.4007,39.99601],[-121.40036,39.99643],[-121.39922,39.99672],[-121.39836,39.9977],[-121.39803,39.99847],[-121.39845,40.00009],[-121.39755,40.00152],[-121.397,40.00146],[-121.39657,40.00204],[-121.39693,40.00285],[-121.3959,40.00318],[-121.39626,40.00335],[-121.3962,40.00457],[-121.39554,40.00526],[-121.39402,40.00565],[-121.39313,40.00741],[-121.39316,40.00807],[-121.39211,40.00952],[-121.39199,40.01068],[-121.39278,40.01223],[-121.39075,40.01187],[-121.38911,40.01194],[-121.38831,40.01245],[-121.38628,40.01294],[-121.38588,40.01314],[-121.38657,40.01377],[-121.3867,40.01474],[-121.38773,40.01497],[-121.3888,40.01485],[-121.38873,40.01458],[-121.38956,40.01455],[-121.39057,40.01401],[-121.39108,40.0132],[-121.39139,40.01369],[-121.3916,40.01354],[-121.39191,40.01382],[-121.39156,40.0141],[-121.3924,40.01435],[-121.39277,40.01524],[-121.39377,40.01538],[-121.39385,40.01502],[-121.39458,40.01521],[-121.39493,40.01569],[-121.3954,40.01566],[-121.39834,40.01728],[-121.39951,40.01823],[-121.39964,40.01871],[-121.40571,40.02148],[-121.40701,40.02524],[-121.4068,40.02694],[-121.40594,40.02806],[-121.40437,40.02914],[-121.40625,40.02875],[-121.40754,40.02934],[-121.40824,40.03002],[-121.40836,40.03092],[-121.40668,40.03197],[-121.40823,40.03246],[-121.41221,40.03305],[-121.41646,40.03324],[-121.41852,40.03414],[-121.41799,40.03748],[-121.41883,40.0391],[-121.42045,40.03949],[-121.42358,40.03938],[-121.42449,40.04372],[-121.42419,40.04486],[-121.42647,40.0464],[-121.42789,40.04606],[-121.42876,40.04664],[-121.42941,40.04827],[-121.43206,40.04783],[-121.43414,40.04901],[-121.43445,40.04992],[-121.43507,40.0502],[-121.43615,40.05008],[-121.43707,40.05068],[-121.43875,40.05075],[-121.43985,40.05133],[-121.44108,40.05136],[-121.4436,40.05209],[-121.44541,40.05201],[-121.44827,40.05393],[-121.45045,40.05492],[-121.45097,40.05465],[-121.45236,40.05571],[-121.45312,40.05556],[-121.45351,40.05595],[-121.45387,40.05558],[-121.45454,40.05607],[-121.45502,40.05588],[-121.45615,40.05645],[-121.45631,40.05697],[-121.45694,40.05691],[-121.45795,40.05764],[-121.46195,40.05869],[-121.46386,40.05963],[-121.46421,40.06043],[-121.46605,40.05981],[-121.46728,40.05974],[-121.46985,40.06018],[-121.47228,40.05838],[-121.47559,40.05699],[-121.47718,40.05663],[-121.47807,40.05692],[-121.47871,40.05788],[-121.4786,40.0604],[-121.4802,40.06304],[-121.48125,40.0616],[-121.48338,40.06118],[-121.48374,40.06067],[-121.48626,40.05976],[-121.48597,40.05967],[-121.48619,40.05844],[-121.48851,40.05558],[-121.49245,40.05284],[-121.49207,40.05226],[-121.49242,40.05136],[-121.492,40.05056],[-121.49149,40.05061],[-121.49192,40.0504],[-121.49086,40.04991],[-121.49081,40.0486],[-121.49134,40.04828],[-121.49105,40.04826],[-121.49109,40.04768],[-121.49483,40.04613],[-121.49451,40.04613],[-121.49711,40.04466],[-121.49941,40.04269],[-121.50137,40.04245],[-121.50318,40.04284],[-121.50426,40.04348],[-121.50478,40.04422],[-121.50673,40.04427],[-121.50748,40.04509],[-121.50882,40.04511],[-121.5098,40.04548],[-121.50963,40.04628],[-121.51139,40.04617],[-121.51202,40.04679],[-121.51226,40.04737],[-121.51179,40.04825],[-121.51034,40.0489],[-121.51041,40.05006],[-121.51066,40.04991],[-121.51111,40.05038],[-121.51059,40.05268],[-121.51387,40.05486],[-121.5191,40.05726],[-121.52747,40.05715],[-121.52798,40.05779],[-121.52752,40.05999],[-121.52779,40.06105],[-121.53041,40.06139],[-121.53096,40.06237],[-121.53452,40.06375],[-121.5349,40.0651],[-121.53802,40.06683],[-121.53921,40.06828],[-121.54021,40.0686],[-121.54204,40.06854],[-121.5423,40.07046],[-121.54176,40.07103],[-121.54211,40.07254],[-121.54119,40.07482],[-121.54026,40.07547],[-121.53999,40.07535],[-121.53951,40.07586],[-121.53515,40.07757],[-121.5319,40.07963],[-121.52613,40.08084],[-121.52707,40.08155],[-121.52469,40.08418],[-121.52347,40.08455],[-121.52222,40.08561],[-121.52218,40.08706],[-121.52066,40.08838],[-121.51911,40.09184],[-121.51277,40.09219],[-121.51199,40.09203],[-121.51012,40.09272],[-121.50728,40.09511],[-121.50535,40.09525],[-121.50568,40.09542],[-121.50527,40.09564],[-121.50511,40.09547],[-121.50283,40.09614],[-121.50246,40.09578],[-121.50171,40.09593],[-121.50148,40.09655],[-121.50117,40.09594],[-121.50066,40.09594],[-121.50066,40.09628],[-121.50038,40.09595],[-121.49841,40.09597],[-121.49516,40.09795],[-121.49364,40.09822],[-121.49351,40.09877],[-121.49318,40.09835],[-121.49206,40.09909],[-121.49007,40.09939],[-121.48853,40.10105],[-121.48373,40.10237],[-121.48134,40.10373],[-121.47903,40.10357],[-121.47432,40.10719],[-121.47462,40.10875],[-121.47379,40.10951],[-121.47122,40.10922],[-121.46967,40.10992],[-121.46909,40.10967],[-121.4682,40.10979],[-121.4656,40.11097],[-121.46346,40.11092],[-121.46264,40.11255],[-121.46192,40.11282],[-121.45914,40.1153],[-121.45798,40.11704],[-121.45582,40.11804],[-121.45553,40.11881],[-121.45258,40.12107],[-121.45312,40.12127],[-121.45329,40.12258],[-121.45419,40.12378],[-121.45354,40.12503],[-121.45251,40.12596],[-121.45248,40.12642],[-121.44846,40.12684],[-121.44701,40.12781],[-121.44638,40.12778],[-121.44592,40.12879],[-121.44296,40.13036],[-121.44307,40.13086],[-121.4424,40.13111],[-121.44271,40.13148],[-121.44199,40.13157],[-121.44147,40.13217],[-121.44065,40.13375],[-121.44077,40.13432],[-121.44021,40.13466],[-121.44058,40.13512],[-121.44023,40.13557],[-121.44048,40.1377],[-121.44019,40.13776],[-121.44035,40.13911],[-121.44008,40.13931],[-121.44086,40.14128],[-121.44081,40.14374],[-121.44112,40.1441],[-121.4408,40.14708],[-121.43866,40.14999],[-121.43806,40.15022],[-121.43665,40.14956],[-121.43678,40.1516],[-121.43588,40.15238],[-121.43515,40.15406],[-121.43437,40.15454],[-121.43389,40.15551],[-121.43346,40.15567],[-121.433,40.15543],[-121.43288,40.15664],[-121.43228,40.15732],[-121.43192,40.1589],[-121.43113,40.16017],[-121.42882,40.1618],[-121.42693,40.16384],[-121.42525,40.1646],[-121.42524,40.1646],[-121.42432,40.16518],[-121.42326,40.1652],[-121.42313,40.16607],[-121.4221,40.1666],[-121.41991,40.16636],[-121.41902,40.1673],[-121.4203,40.16788],[-121.42031,40.16825],[-121.41811,40.16894],[-121.41747,40.16877],[-121.41637,40.16927],[-121.41218,40.16959],[-121.4125,40.1702],[-121.41232,40.17131],[-121.4119,40.17124],[-121.41149,40.17159],[-121.41008,40.17148],[-121.40974,40.17187],[-121.40844,40.17204],[-121.40774,40.17096],[-121.40774,40.17025],[-121.40459,40.16999],[-121.40068,40.16918],[-121.40019,40.17045],[-121.39928,40.17093],[-121.39905,40.17136],[-121.39933,40.17196],[-121.39897,40.17204],[-121.39952,40.17248],[-121.39909,40.17353],[-121.39859,40.17404],[-121.39765,40.17407],[-121.39725,40.17502],[-121.39777,40.17652],[-121.39705,40.17691],[-121.39558,40.17678],[-121.39571,40.17713],[-121.39766,40.17828],[-121.39868,40.17816],[-121.40102,40.17905],[-121.40359,40.17938],[-121.40445,40.1798],[-121.40661,40.17942],[-121.40736,40.1796],[-121.40785,40.18043],[-121.40881,40.18003],[-121.41002,40.18079],[-121.41147,40.18095],[-121.41215,40.18056],[-121.41463,40.18091],[-121.41517,40.1803],[-121.41743,40.18087],[-121.41748,40.18015],[-121.41915,40.18053],[-121.41917,40.18415],[-121.4198,40.18516],[-121.41971,40.18576],[-121.42004,40.18584],[-121.41976,40.18683],[-121.42029,40.18693],[-121.41997,40.18735],[-121.42046,40.18788],[-121.4203,40.18926],[-121.42077,40.18982],[-121.42049,40.1902],[-121.42081,40.1916],[-121.4197,40.19264],[-121.41977,40.19302],[-121.42068,40.19261],[-121.42139,40.19366],[-121.42087,40.19479],[-121.41852,40.19504],[-121.41714,40.19625],[-121.41819,40.19838],[-121.41782,40.20073],[-121.41635,40.20226],[-121.41554,40.20373],[-121.41496,40.2042],[-121.41429,40.20411],[-121.41441,40.20452],[-121.41497,40.20465],[-121.4149,40.20544],[-121.41442,40.20584],[-121.41478,40.2062],[-121.41431,40.20644],[-121.41404,40.20724],[-121.41348,40.20746],[-121.41359,40.20903],[-121.41296,40.20992],[-121.41437,40.21126],[-121.41457,40.21191],[-121.41421,40.21331],[-121.41367,40.21363],[-121.41389,40.21439],[-121.4134,40.21464],[-121.41347,40.21644],[-121.41098,40.2184],[-121.41132,40.21853],[-121.41099,40.22045],[-121.41165,40.22323],[-121.41153,40.22456],[-121.41479,40.22738],[-121.41462,40.22771],[-121.41493,40.22784],[-121.41558,40.23025],[-121.41505,40.23229],[-121.41298,40.23449],[-121.4141,40.23556],[-121.41422,40.23612],[-121.41492,40.23629],[-121.41517,40.237],[-121.41436,40.23787],[-121.41205,40.23889],[-121.4121,40.24043],[-121.41273,40.24127],[-121.41232,40.24298],[-121.41411,40.24484],[-121.41351,40.24539],[-121.41376,40.24693],[-121.41342,40.24746],[-121.41277,40.24767],[-121.41296,40.24874],[-121.41174,40.24894],[-121.41178,40.24977],[-121.41128,40.24995],[-121.41064,40.25096],[-121.40999,40.25275],[-121.41015,40.25393],[-121.40978,40.25506],[-121.40846,40.25567],[-121.40778,40.25576],[-121.40742,40.25552],[-121.40678,40.25619],[-121.40548,40.25682],[-121.4038,40.25558],[-121.40405,40.25627],[-121.40332,40.25655],[-121.40305,40.25713],[-121.40215,40.25693],[-121.40179,40.25742],[-121.4003,40.25735],[-121.39944,40.25832],[-121.39774,40.2575],[-121.39818,40.25795],[-121.39811,40.25839],[-121.39687,40.25882],[-121.3967,40.25916],[-121.39568,40.25915],[-121.3952,40.25859],[-121.39312,40.25933],[-121.39309,40.25983],[-121.39204,40.2597],[-121.39123,40.25892],[-121.38956,40.25914],[-121.38923,40.25959],[-121.38822,40.25959],[-121.38865,40.26008],[-121.39062,40.26023],[-121.39182,40.26067],[-121.39192,40.26162],[-121.39113,40.26191],[-121.39165,40.26218],[-121.39229,40.26328],[-121.39111,40.264],[-121.38934,40.26278],[-121.38885,40.26266],[-121.38815,40.26294],[-121.38896,40.26373],[-121.38869,40.26527],[-121.38949,40.26584],[-121.3893,40.26633],[-121.38834,40.26574],[-121.38781,40.26613],[-121.3863,40.26633],[-121.38481,40.26603],[-121.38529,40.26831],[-121.38489,40.27121],[-121.38522,40.27129],[-121.38548,40.27085],[-121.38615,40.271],[-121.38665,40.26989],[-121.38796,40.26929],[-121.38959,40.26918],[-121.39093,40.26954],[-121.39158,40.27029],[-121.39246,40.27055],[-121.39291,40.27048],[-121.39347,40.26965],[-121.39536,40.26952],[-121.39591,40.27008],[-121.39698,40.27047],[-121.39709,40.27154],[-121.39898,40.27115],[-121.39951,40.27135],[-121.39983,40.27197],[-121.40001,40.27261],[-121.3992,40.27335],[-121.39925,40.27386],[-121.39762,40.27547],[-121.39774,40.27607],[-121.39834,40.27646],[-121.39791,40.27714],[-121.39479,40.27858],[-121.39469,40.28045],[-121.39404,40.28062],[-121.39312,40.28165],[-121.39156,40.28215],[-121.38981,40.28152],[-121.38937,40.28086],[-121.38947,40.28031],[-121.3875,40.28135],[-121.38531,40.28108],[-121.38432,40.28193],[-121.3848,40.28228],[-121.38438,40.28284],[-121.38332,40.28335],[-121.38453,40.2846],[-121.38435,40.28538],[-121.38353,40.28566],[-121.38188,40.28786],[-121.38065,40.2879],[-121.38007,40.28848],[-121.37949,40.2886],[-121.37923,40.28825],[-121.37885,40.28844],[-121.37941,40.28936],[-121.37921,40.29022],[-121.37991,40.29206],[-121.37977,40.29252],[-121.37539,40.29321],[-121.3751,40.29301],[-121.37429,40.29449],[-121.37158,40.29566],[-121.36872,40.29626],[-121.36731,40.2956],[-121.36726,40.29591],[-121.36835,40.29669],[-121.3696,40.29707],[-121.36984,40.29903],[-121.36971,40.29994],[-121.36914,40.3],[-121.36845,40.30106],[-121.36805,40.30096],[-121.36761,40.30157],[-121.36631,40.3018],[-121.36435,40.30168],[-121.36439,40.30205],[-121.36363,40.30254],[-121.36369,40.303],[-121.36289,40.30307],[-121.36131,40.30264],[-121.36021,40.30331],[-121.35898,40.30297],[-121.35799,40.30304],[-121.35669,40.30231],[-121.35468,40.30257],[-121.35431,40.30312],[-121.35355,40.30324],[-121.35236,40.30402],[-121.35313,40.30474],[-121.35261,40.30603],[-121.3515,40.30592],[-121.35107,40.30508],[-121.35062,40.3096],[-121.35108,40.31013],[-121.35046,40.31196],[-121.35152,40.31237],[-121.35201,40.31228],[-121.35268,40.3128],[-121.35239,40.31402],[-121.35412,40.31524],[-121.35399,40.31644],[-121.35598,40.31612],[-121.35695,40.3164],[-121.35743,40.31695],[-121.35735,40.31771],[-121.35671,40.31839],[-121.35497,40.31926],[-121.35227,40.31936],[-121.34986,40.31583],[-121.34889,40.3159],[-121.34866,40.31623],[-121.34801,40.3158],[-121.34653,40.3163],[-121.34654,40.31714],[-121.34372,40.31659],[-121.34338,40.31664],[-121.34332,40.31716],[-121.34289,40.31719],[-121.34284,40.31665],[-121.34147,40.31658],[-121.3407,40.31687],[-121.33994,40.31773],[-121.33917,40.31873],[-121.34026,40.31955],[-121.34026,40.31993],[-121.34147,40.32065],[-121.34015,40.32287],[-121.33784,40.3231],[-121.33862,40.32396],[-121.34209,40.32514],[-121.34233,40.32573],[-121.34155,40.32614],[-121.34074,40.32783],[-121.34,40.32801],[-121.33958,40.32868],[-121.34032,40.32865],[-121.34064,40.32896],[-121.34057,40.32982],[-121.34168,40.33047],[-121.34129,40.33155],[-121.34317,40.33245],[-121.34432,40.33243],[-121.34475,40.33282],[-121.34514,40.33278],[-121.34498,40.3335],[-121.34415,40.33413],[-121.34463,40.33529],[-121.34377,40.33574],[-121.34344,40.33537],[-121.34384,40.33497],[-121.34264,40.3345],[-121.3426,40.33511],[-121.34143,40.33611],[-121.34095,40.33611],[-121.34071,40.33564],[-121.33992,40.33544],[-121.33926,40.33683],[-121.33795,40.33674],[-121.33694,40.33699],[-121.33652,40.33769],[-121.33676,40.33806],[-121.33641,40.33812],[-121.33613,40.33875],[-121.33604,40.33994],[-121.33569,40.34024],[-121.33398,40.34033],[-121.33369,40.34241],[-121.33331,40.34252],[-121.33338,40.34344],[-121.333,40.3438],[-121.33254,40.34375],[-121.33304,40.34469],[-121.33277,40.34584],[-121.33109,40.34595],[-121.33085,40.34624],[-121.33044,40.34604],[-121.32999,40.34698],[-121.32834,40.34678],[-121.32757,40.34728],[-121.32652,40.34702],[-121.32581,40.34771],[-121.32498,40.34754],[-121.32512,40.34732],[-121.32456,40.34678],[-121.32299,40.34896],[-121.32333,40.34892],[-121.32387,40.34946],[-121.32428,40.34888],[-121.32527,40.34927],[-121.32501,40.34994],[-121.32578,40.35103],[-121.32471,40.35236],[-121.3232,40.35186],[-121.32313,40.35148],[-121.322,40.35067],[-121.32147,40.35109],[-121.32117,40.35279],[-121.32191,40.35335],[-121.32126,40.3541],[-121.32201,40.35519],[-121.32179,40.35571],[-121.32301,40.35644],[-121.32285,40.35688],[-121.32124,40.35718],[-121.32131,40.35963],[-121.32175,40.36021],[-121.32401,40.36135],[-121.32442,40.36192],[-121.32653,40.36115],[-121.33022,40.36096],[-121.33496,40.36307],[-121.33497,40.36281],[-121.33591,40.36237],[-121.33721,40.36322],[-121.33839,40.36165],[-121.33939,40.36118],[-121.34031,40.36211],[-121.34132,40.36253],[-121.34093,40.36057],[-121.33985,40.35976],[-121.34022,40.35897],[-121.34102,40.35917],[-121.34223,40.35814],[-121.3418,40.35736],[-121.34323,40.35594],[-121.34395,40.35606],[-121.34496,40.35576],[-121.34818,40.35683],[-121.3495,40.35654],[-121.35049,40.35548],[-121.35125,40.35566],[-121.35065,40.35646],[-121.35162,40.3571],[-121.35217,40.35658],[-121.35332,40.35773],[-121.35415,40.35748],[-121.35545,40.35638],[-121.35605,40.35437],[-121.3569,40.35386],[-121.35802,40.35423],[-121.35817,40.35522],[-121.3594,40.35536],[-121.35949,40.35465],[-121.36054,40.35324],[-121.36037,40.35282],[-121.36137,40.35249],[-121.36221,40.35139],[-121.36256,40.35238],[-121.36294,40.35251],[-121.36257,40.35322],[-121.36246,40.35565],[-121.36095,40.35654],[-121.35922,40.36322],[-121.36069,40.36408],[-121.36143,40.36411],[-121.36261,40.36495],[-121.365,40.36557],[-121.36668,40.36568],[-121.36668,40.36497],[-121.36699,40.36504],[-121.36678,40.36569],[-121.3688,40.3659],[-121.36872,40.36504],[-121.36809,40.36431],[-121.36833,40.3641],[-121.36793,40.36396],[-121.36731,40.3642],[-121.3669,40.36397],[-121.36688,40.36338],[-121.368,40.3635],[-121.3682,40.3639],[-121.3685,40.36351],[-121.36891,40.36354],[-121.36947,40.36448],[-121.36988,40.36431],[-121.36978,40.36389],[-121.37089,40.36472],[-121.37196,40.36473],[-121.37219,40.36454],[-121.37133,40.36423],[-121.37094,40.3623],[-121.37024,40.36167],[-121.37065,40.36081],[-121.37206,40.36025],[-121.37355,40.36037],[-121.37389,40.36005],[-121.37572,40.36059],[-121.37687,40.36051],[-121.37714,40.35978],[-121.37608,40.35902],[-121.37428,40.35932],[-121.37175,40.3589],[-121.37129,40.35841],[-121.36688,40.35634],[-121.36716,40.35552],[-121.36806,40.35535],[-121.36903,40.35571],[-121.37222,40.35455],[-121.37299,40.35344],[-121.37473,40.35236],[-121.37959,40.35258],[-121.38041,40.35231],[-121.38084,40.3515],[-121.3821,40.35188],[-121.38301,40.35101],[-121.382,40.35077],[-121.38255,40.35003],[-121.38322,40.34977],[-121.38428,40.35018],[-121.38396,40.34922],[-121.38292,40.34909],[-121.38277,40.34867],[-121.38414,40.34644],[-121.38523,40.34629],[-121.38467,40.34741],[-121.38517,40.34758],[-121.385,40.34818],[-121.38634,40.34789],[-121.38605,40.34911],[-121.38671,40.34881],[-121.3871,40.34916],[-121.38776,40.3487],[-121.38785,40.34796],[-121.38866,40.3474],[-121.38902,40.34649],[-121.38995,40.34669],[-121.39037,40.34642],[-121.39096,40.34701],[-121.39315,40.3462],[-121.39333,40.34646],[-121.39412,40.34519],[-121.39439,40.34522],[-121.39426,40.34496],[-121.39565,40.34411],[-121.39565,40.34357],[-121.3948,40.34287],[-121.39564,40.34235],[-121.39563,40.34107],[-121.40001,40.33893],[-121.39957,40.33875],[-121.3999,40.33765],[-121.39902,40.3372],[-121.3984,40.3375],[-121.39784,40.33733],[-121.39663,40.33807],[-121.39613,40.33777],[-121.395,40.33799],[-121.39495,40.33746],[-121.39414,40.33696],[-121.39338,40.33717],[-121.39496,40.33491],[-121.39642,40.33347],[-121.39704,40.33327],[-121.39703,40.33268],[-121.39647,40.33292],[-121.39616,40.33264],[-121.39659,40.33241],[-121.39598,40.33257],[-121.39591,40.33237],[-121.39708,40.33159],[-121.39777,40.33167],[-121.39809,40.33088],[-121.39945,40.32958],[-121.39964,40.32793],[-121.40063,40.32745],[-121.40131,40.32777],[-121.40114,40.32654],[-121.40157,40.32629],[-121.40409,40.32579],[-121.40771,40.3258],[-121.40913,40.32668],[-121.4104,40.3267],[-121.41368,40.32767],[-121.41364,40.3273],[-121.4142,40.32681],[-121.41383,40.32609],[-121.41533,40.32575],[-121.41547,40.32545],[-121.41672,40.32609],[-121.41647,40.32425],[-121.41866,40.32281],[-121.41815,40.32184],[-121.41772,40.32184],[-121.41746,40.32135],[-121.41647,40.32124],[-121.41598,40.32005],[-121.41778,40.31939],[-121.41778,40.31868],[-121.4188,40.31758],[-121.41962,40.31765],[-121.42046,40.3173],[-121.42126,40.31763],[-121.42165,40.31699],[-121.42258,40.31721],[-121.42318,40.31656],[-121.42232,40.31634],[-121.42221,40.31575],[-121.42323,40.31501],[-121.42306,40.31461],[-121.42429,40.31454],[-121.42718,40.31252],[-121.42827,40.3122],[-121.42963,40.31224],[-121.42985,40.31168],[-121.43066,40.31145],[-121.43097,40.31087],[-121.4318,40.31078],[-121.43269,40.31144],[-121.4343,40.31198],[-121.43436,40.31231],[-121.43529,40.31215],[-121.43538,40.31248],[-121.43739,40.31367],[-121.43815,40.31346],[-121.43889,40.31449],[-121.43955,40.31426],[-121.43979,40.31459],[-121.43934,40.31499],[-121.43953,40.31539],[-121.44009,40.31557],[-121.44138,40.31523],[-121.44239,40.31586],[-121.44247,40.31624],[-121.44427,40.31655],[-121.44525,40.31733],[-121.44596,40.31722],[-121.44683,40.31768],[-121.4477,40.31738],[-121.44907,40.31762],[-121.4507,40.31864],[-121.45213,40.31862],[-121.45278,40.31901],[-121.45617,40.31943],[-121.45645,40.31995],[-121.45734,40.31984],[-121.45821,40.3205],[-121.46152,40.3205],[-121.46193,40.32084],[-121.46548,40.32128],[-121.46623,40.32107],[-121.46757,40.32178],[-121.46738,40.32236],[-121.4676,40.32221],[-121.46822,40.32267],[-121.46883,40.3223],[-121.46967,40.32233],[-121.47027,40.32312],[-121.47111,40.32344],[-121.47194,40.32468],[-121.47291,40.32724],[-121.47369,40.32972],[-121.47356,40.3324],[-121.47437,40.33331],[-121.4737,40.3348],[-121.47404,40.33545],[-121.47488,40.33596],[-121.47601,40.33536],[-121.47594,40.33491],[-121.47687,40.33463],[-121.47662,40.33431],[-121.47767,40.33418],[-121.47751,40.33545],[-121.47858,40.33492],[-121.47914,40.33512],[-121.47864,40.33555],[-121.47858,40.3362],[-121.47756,40.33649],[-121.47758,40.33699],[-121.47839,40.33698],[-121.47966,40.33604],[-121.48051,40.33624],[-121.48092,40.3385],[-121.48208,40.33882],[-121.48241,40.33964],[-121.48188,40.33761],[-121.48213,40.33726],[-121.48132,40.33521],[-121.48069,40.33465],[-121.4816,40.33441],[-121.48109,40.3327],[-121.48108,40.33096],[-121.48373,40.32945],[-121.48365,40.32788],[-121.48656,40.32433],[-121.48552,40.32355],[-121.48615,40.32309],[-121.48477,40.32248],[-121.4851,40.3218],[-121.48642,40.32062],[-121.48798,40.32003],[-121.48762,40.31966],[-121.4902,40.3172],[-121.4913,40.31697],[-121.49132,40.31674],[-121.4922,40.3169],[-121.49197,40.31588],[-121.49117,40.31561],[-121.49178,40.31538],[-121.49167,40.31507],[-121.49099,40.31476],[-121.48914,40.31468],[-121.48919,40.31402],[-121.48822,40.31344],[-121.48895,40.31298],[-121.48975,40.3135],[-121.49336,40.3133],[-121.49274,40.31304],[-121.49322,40.31225],[-121.49517,40.31189],[-121.49584,40.31242],[-121.49471,40.31289],[-121.49482,40.31322],[-121.49695,40.31277],[-121.4975,40.31336],[-121.49873,40.31367],[-121.49884,40.31271],[-121.49976,40.31283],[-121.50063,40.31258],[-121.50105,40.31299],[-121.50166,40.31285],[-121.50165,40.31328],[-121.50246,40.31314],[-121.50327,40.3138],[-121.50382,40.31359],[-121.50552,40.31395],[-121.50626,40.31371],[-121.50662,40.31293],[-121.50732,40.31274],[-121.50586,40.30943],[-121.50716,40.30915],[-121.50758,40.30841],[-121.50837,40.30847],[-121.50855,40.30793],[-121.50989,40.30806],[-121.5104,40.30772],[-121.51071,40.3082],[-121.51126,40.30745],[-121.51246,40.30699],[-121.51311,40.30799],[-121.51357,40.30805],[-121.51432,40.30744],[-121.51527,40.30743],[-121.51591,40.30808],[-121.51675,40.30804],[-121.51698,40.30834],[-121.51643,40.30955],[-121.51722,40.30953],[-121.51733,40.30867],[-121.51788,40.30932],[-121.51808,40.30709],[-121.51864,40.30643],[-121.51822,40.30613],[-121.51842,40.30565],[-121.52033,40.30504],[-121.52067,40.30527],[-121.51987,40.30594],[-121.51991,40.30695],[-121.5206,40.30685],[-121.52083,40.30517],[-121.5213,40.30439],[-121.52309,40.30394],[-121.52372,40.30416],[-121.52258,40.30581],[-121.52271,40.30669],[-121.52302,40.30703],[-121.52398,40.30676],[-121.52426,40.30694],[-121.52441,40.30752],[-121.52396,40.30766],[-121.52471,40.30832],[-121.52472,40.30902],[-121.52419,40.30909],[-121.52406,40.30965],[-121.52247,40.30788],[-121.52216,40.30868],[-121.52261,40.30897],[-121.522,40.30928],[-121.52251,40.31018],[-121.522,40.3104],[-121.52135,40.30976],[-121.52034,40.31242],[-121.51975,40.31223],[-121.51879,40.31243],[-121.51725,40.31334],[-121.5171,40.31354],[-121.51765,40.31399],[-121.51656,40.31446],[-121.51675,40.31505],[-121.51603,40.31546],[-121.51486,40.31528],[-121.51434,40.31623],[-121.514,40.31627],[-121.51469,40.31763],[-121.5139,40.31737],[-121.51321,40.31864],[-121.51286,40.31836],[-121.51185,40.31852],[-121.5115,40.31917],[-121.51141,40.31975],[-121.51221,40.32032],[-121.5114,40.32092],[-121.51128,40.32164],[-121.51292,40.32204],[-121.51106,40.32592],[-121.51071,40.32749],[-121.50975,40.32747],[-121.50939,40.32802],[-121.50994,40.32833],[-121.5089,40.32893],[-121.50925,40.32975],[-121.50847,40.32993],[-121.50903,40.33056],[-121.50886,40.33111],[-121.50804,40.33132],[-121.50822,40.33228],[-121.50751,40.33314],[-121.50661,40.3332],[-121.50749,40.33381],[-121.50759,40.33432],[-121.50732,40.33408],[-121.5072,40.3345],[-121.50776,40.33523],[-121.50751,40.33593],[-121.50633,40.33701],[-121.50668,40.33833],[-121.50624,40.33834],[-121.50612,40.33884],[-121.50491,40.33895],[-121.50394,40.33864],[-121.50394,40.33818],[-121.50349,40.33811],[-121.50299,40.33859],[-121.4996,40.33932],[-121.49899,40.3415],[-121.49558,40.34371],[-121.49422,40.34808],[-121.49164,40.34884],[-121.49084,40.35045],[-121.49196,40.35128],[-121.49117,40.35145],[-121.49076,40.35195],[-121.49113,40.35262],[-121.49344,40.3521],[-121.49431,40.35107],[-121.49539,40.35174],[-121.49265,40.35339],[-121.49329,40.35495],[-121.49305,40.35549],[-121.49396,40.35534],[-121.49454,40.35437],[-121.49495,40.3545],[-121.49541,40.35411],[-121.49586,40.35487],[-121.49523,40.35629],[-121.49612,40.35625],[-121.49606,40.35704],[-121.4986,40.35698],[-121.49889,40.35667],[-121.49835,40.35604],[-121.49915,40.35586],[-121.50034,40.35612],[-121.50045,40.35708],[-121.49937,40.35709],[-121.49934,40.35754],[-121.50089,40.35826],[-121.50128,40.35788],[-121.50149,40.35634],[-121.50191,40.35634],[-121.50153,40.35781],[-121.50075,40.35862],[-121.501,40.35882],[-121.50283,40.35811],[-121.50348,40.35828],[-121.50402,40.3588],[-121.5035,40.35985],[-121.50267,40.36047],[-121.50337,40.36077],[-121.50453,40.36042],[-121.50417,40.36174],[-121.50453,40.36182],[-121.50565,40.36112],[-121.50618,40.36115],[-121.50652,40.36165],[-121.5058,40.36202],[-121.50626,40.3626],[-121.50423,40.36273],[-121.50417,40.36417],[-121.50607,40.36429],[-121.50641,40.36395],[-121.50728,40.3653],[-121.5079,40.36484],[-121.50822,40.36501],[-121.50721,40.36581],[-121.50769,40.36615],[-121.50803,40.36966],[-121.5089,40.37088],[-121.50945,40.37085],[-121.50934,40.37125],[-121.51057,40.37405],[-121.51084,40.37228],[-121.51047,40.37199],[-121.5115,40.3695],[-121.51086,40.36825],[-121.51089,40.36283],[-121.51508,40.36059],[-121.51734,40.359],[-121.5173,40.35845],[-121.51774,40.35818],[-121.51841,40.3568],[-121.51978,40.35539],[-121.5224,40.35502],[-121.52312,40.35436],[-121.52407,40.35405],[-121.5257,40.35403],[-121.5276,40.35281],[-121.52855,40.35301],[-121.52906,40.35261],[-121.53013,40.35368],[-121.53107,40.35368],[-121.53172,40.35665],[-121.53204,40.35661],[-121.5321,40.35848],[-121.53419,40.36044],[-121.5353,40.36258],[-121.53592,40.36608],[-121.53335,40.372],[-121.53279,40.37407],[-121.53114,40.3754],[-121.53101,40.37597],[-121.53014,40.37634],[-121.52759,40.37872],[-121.52527,40.3821],[-121.52614,40.38336],[-121.52479,40.38729],[-121.5248,40.39194],[-121.52432,40.39298],[-121.52473,40.39485],[-121.52449,40.39588],[-121.52729,40.39942],[-121.5298,40.4034],[-121.52998,40.40514],[-121.5304,40.40523],[-121.53098,40.4073],[-121.53046,40.40879],[-121.53203,40.41343],[-121.5332,40.41935],[-121.53458,40.42249],[-121.53431,40.42476],[-121.53469,40.42583],[-121.53379,40.42826],[-121.53445,40.42958],[-121.53639,40.43123],[-121.53695,40.43238],[-121.53631,40.43305],[-121.53458,40.43367],[-121.53444,40.43526],[-121.53362,40.43645],[-121.53585,40.43978],[-121.53563,40.44094],[-121.53464,40.44207],[-121.53517,40.44335],[-121.53448,40.44337],[-121.53373,40.44257],[-121.53204,40.44311],[-121.53141,40.44641],[-121.53089,40.44596],[-121.52953,40.44305],[-121.52906,40.44274],[-121.5283,40.44282],[-121.52877,40.44478],[-121.52798,40.44556],[-121.52795,40.44612],[-121.52711,40.44628],[-121.5267,40.44692],[-121.52608,40.44678],[-121.52601,40.4474],[-121.52663,40.44795],[-121.52564,40.45062],[-121.52472,40.45139],[-121.5249,40.45324],[-121.52579,40.45454],[-121.52536,40.45524],[-121.52467,40.4553],[-121.52445,40.45674],[-121.52418,40.45708],[-121.52339,40.45707],[-121.52328,40.45747],[-121.52071,40.45717],[-121.51933,40.4575],[-121.51793,40.45829],[-121.51813,40.45916],[-121.51772,40.4595],[-121.51675,40.45936],[-121.51694,40.46001],[-121.51649,40.46031],[-121.51443,40.46058],[-121.51299,40.4597],[-121.51037,40.4609],[-121.51034,40.46144],[-121.50988,40.46159],[-121.50929,40.46119],[-121.50905,40.46223],[-121.50615,40.46164],[-121.50593,40.46325],[-121.50371,40.46332],[-121.50306,40.46376],[-121.50258,40.46364],[-121.50256,40.46294],[-121.50369,40.46267],[-121.50378,40.46165],[-121.50414,40.46172],[-121.5041,40.46124],[-121.50472,40.46104],[-121.50499,40.46009],[-121.50466,40.45999],[-121.50447,40.45912],[-121.50357,40.45876],[-121.50281,40.45894],[-121.50274,40.4598],[-121.50208,40.4597],[-121.50131,40.46059],[-121.50036,40.46041],[-121.5006,40.45848],[-121.49966,40.45802],[-121.49912,40.45814],[-121.49937,40.45899],[-121.49889,40.45907],[-121.49893,40.45974],[-121.49841,40.45986],[-121.49799,40.45958],[-121.49756,40.45998],[-121.49673,40.45999],[-121.49583,40.45939],[-121.49539,40.45941],[-121.49439,40.46004],[-121.49407,40.46071],[-121.49319,40.46035],[-121.49213,40.46072],[-121.49197,40.46042],[-121.49113,40.46046],[-121.49086,40.46107],[-121.49015,40.46112],[-121.48994,40.46142],[-121.49076,40.46191],[-121.49011,40.46236],[-121.49041,40.46241],[-121.49055,40.46317],[-121.49179,40.46403],[-121.48978,40.46432],[-121.48878,40.46405],[-121.48765,40.46449],[-121.48686,40.46516],[-121.48731,40.46602],[-121.4869,40.46812],[-121.4848,40.46931],[-121.48395,40.47086],[-121.4831,40.47056],[-121.48284,40.47135],[-121.48198,40.47145],[-121.48127,40.47102],[-121.48154,40.47072],[-121.48182,40.47087],[-121.4828,40.46875],[-121.48257,40.46843],[-121.48193,40.46817],[-121.48098,40.4689],[-121.48013,40.46892],[-121.47989,40.4698],[-121.47904,40.47065],[-121.48009,40.47071],[-121.47875,40.47208],[-121.47884,40.47342],[-121.4792,40.4728],[-121.47962,40.47281],[-121.47942,40.4746],[-121.47846,40.4744],[-121.47772,40.47473],[-121.47688,40.47606],[-121.47581,40.47526],[-121.475,40.47536],[-121.47445,40.47478],[-121.47446,40.47409],[-121.47398,40.4743],[-121.47338,40.47398],[-121.47447,40.47341],[-121.47426,40.47277],[-121.47473,40.47285],[-121.47556,40.47215],[-121.47449,40.47135],[-121.47566,40.47035],[-121.47653,40.4706],[-121.47697,40.46917],[-121.47777,40.46885],[-121.47804,40.46804],[-121.47706,40.46707],[-121.47809,40.46621],[-121.4781,40.46584],[-121.4777,40.46568],[-121.47864,40.4649],[-121.47818,40.46361],[-121.47768,40.4634],[-121.47433,40.46469],[-121.47281,40.4643],[-121.47129,40.4647],[-121.47083,40.46695],[-121.47005,40.46701],[-121.46844,40.46609],[-121.46686,40.46684],[-121.46597,40.46679],[-121.46497,40.46547],[-121.46452,40.46586],[-121.46462,40.46642],[-121.46337,40.46677],[-121.46348,40.46823],[-121.46219,40.46838],[-121.46175,40.46803],[-121.46164,40.46729],[-121.4612,40.46717],[-121.46095,40.46765],[-121.46144,40.46799],[-121.46124,40.46825],[-121.46086,40.46816],[-121.46056,40.46881],[-121.45866,40.46824],[-121.45843,40.46897],[-121.45918,40.46967],[-121.45908,40.47013],[-121.45816,40.46929],[-121.45644,40.46935],[-121.45593,40.46848],[-121.45588,40.46715],[-121.45511,40.46702],[-121.45452,40.46891],[-121.45381,40.46894],[-121.45374,40.46704],[-121.45312,40.46622],[-121.45209,40.46636],[-121.45075,40.46588],[-121.44947,40.46583],[-121.44867,40.46684],[-121.4465,40.46642],[-121.44643,40.46619],[-121.44507,40.46629],[-121.4446,40.46533],[-121.44336,40.46595],[-121.44348,40.46788],[-121.44296,40.46858],[-121.44234,40.46815],[-121.44269,40.46779],[-121.44247,40.46683],[-121.44296,40.46657],[-121.44314,40.46566],[-121.44268,40.46533],[-121.44199,40.46541],[-121.43994,40.46595],[-121.43942,40.46635],[-121.4391,40.46809],[-121.43832,40.46939],[-121.43662,40.47041],[-121.43545,40.4717],[-121.43401,40.47221],[-121.43276,40.47391],[-121.43237,40.47609],[-121.43102,40.47784],[-121.42993,40.48046],[-121.42881,40.48149],[-121.42941,40.48322],[-121.42699,40.48592],[-121.42934,40.48735],[-121.42932,40.48879],[-121.4307,40.49147],[-121.42986,40.49187],[-121.43002,40.49257],[-121.42983,40.49308],[-121.42941,40.49321],[-121.42876,40.49228],[-121.4288,40.49177],[-121.42829,40.49193],[-121.42791,40.49305],[-121.42692,40.49431],[-121.42635,40.49448],[-121.425,40.49422],[-121.42564,40.49387],[-121.4246,40.49303],[-121.42445,40.49187],[-121.42348,40.49105],[-121.42294,40.49265],[-121.42237,40.49271],[-121.42216,40.49318],[-121.42228,40.49434],[-121.42324,40.49507],[-121.42419,40.495],[-121.42609,40.49567],[-121.42721,40.4974],[-121.42686,40.4989],[-121.42739,40.49894],[-121.42758,40.49936],[-121.42877,40.49783],[-121.43149,40.49889],[-121.44215,40.5008],[-121.44415,40.50239],[-121.44597,40.50299],[-121.44669,40.50315],[-121.4473,40.50243],[-121.44868,40.50251],[-121.44921,40.50273],[-121.44901,40.50385],[-121.44942,40.50409],[-121.44994,40.50415],[-121.44994,40.50311],[-121.45062,40.50295],[-121.45254,40.50396],[-121.45392,40.50705],[-121.45466,40.50766],[-121.4568,40.5076],[-121.45789,40.50789],[-121.45892,40.50843],[-121.45985,40.50967],[-121.4601,40.5095],[-121.4607,40.50972],[-121.46193,40.5106],[-121.46318,40.51062],[-121.46395,40.51622],[-121.46149,40.52201],[-121.46084,40.52218],[-121.4615,40.52335],[-121.4614,40.52408],[-121.45309,40.52687],[-121.45558,40.53502],[-121.45779,40.5362],[-121.46125,40.5356],[-121.46143,40.5353],[-121.46247,40.53509],[-121.46334,40.53523],[-121.46478,40.53817],[-121.46709,40.53868],[-121.46664,40.53922],[-121.46789,40.54086],[-121.4681,40.54246],[-121.46906,40.5425],[-121.46958,40.54388],[-121.47031,40.54399],[-121.47102,40.54475],[-121.47083,40.54576],[-121.47187,40.54892],[-121.47289,40.54955],[-121.47272,40.55063],[-121.4712,40.55121],[-121.47038,40.55305],[-121.47237,40.55468],[-121.47297,40.55589],[-121.47205,40.55944],[-121.47049,40.56085],[-121.47147,40.56176],[-121.47193,40.56305],[-121.47239,40.5665],[-121.47231,40.56718],[-121.4716,40.56807],[-121.47169,40.5708],[-121.47053,40.5733],[-121.46944,40.5744],[-121.46986,40.57557],[-121.46846,40.57706],[-121.46785,40.57716],[-121.46806,40.57743],[-121.46771,40.57816],[-121.46798,40.57846],[-121.46738,40.57854],[-121.46661,40.57963],[-121.46251,40.58188],[-121.45956,40.5829],[-121.45766,40.58413],[-121.45757,40.58607],[-121.45783,40.58615],[-121.45708,40.58757],[-121.45681,40.59072],[-121.45557,40.59309],[-121.45227,40.59481],[-121.44937,40.59694],[-121.44897,40.59795],[-121.44633,40.5983],[-121.44501,40.59881],[-121.43644,40.59952],[-121.43357,40.60021],[-121.43335,40.60103],[-121.43516,40.6019],[-121.43513,40.60232],[-121.43681,40.60291],[-121.43809,40.60447],[-121.43756,40.60526],[-121.43904,40.60759],[-121.43866,40.60875],[-121.43908,40.60914],[-121.43906,40.60973],[-121.43867,40.61026],[-121.43979,40.61084],[-121.44041,40.61175],[-121.44012,40.61252],[-121.4397,40.61257],[-121.43989,40.61324],[-121.43922,40.61359],[-121.43954,40.61567],[-121.44128,40.61871],[-121.44115,40.6211],[-121.44212,40.62287],[-121.44182,40.62365],[-121.4424,40.62513],[-121.44308,40.62502],[-121.44273,40.62588],[-121.4434,40.62754],[-121.44179,40.62848],[-121.44099,40.6284],[-121.44088,40.62808],[-121.43951,40.6275],[-121.43936,40.62789],[-121.43829,40.62809],[-121.43641,40.62784],[-121.43658,40.62853],[-121.43707,40.62859],[-121.43774,40.6295],[-121.43759,40.63013],[-121.43624,40.63017],[-121.43646,40.63057],[-121.43568,40.6312],[-121.43587,40.6319],[-121.43547,40.63249],[-121.43584,40.63321],[-121.43523,40.63377],[-121.43527,40.63537],[-121.43736,40.63556],[-121.43877,40.63508],[-121.43954,40.63426],[-121.44054,40.6338],[-121.4418,40.63368],[-121.44341,40.63393],[-121.4439,40.63481],[-121.44344,40.63523],[-121.44345,40.63584],[-121.44328,40.63592],[-121.44279,40.63577],[-121.44252,40.63575],[-121.44248,40.63576],[-121.44246,40.63577],[-121.44151,40.63624],[-121.44125,40.63686],[-121.43849,40.63716],[-121.43809,40.63769],[-121.43696,40.63758],[-121.43658,40.63852],[-121.4354,40.63834],[-121.43496,40.63865],[-121.43484,40.63888],[-121.43553,40.63918],[-121.43367,40.63896],[-121.43382,40.63943],[-121.43345,40.64005],[-121.43256,40.64023],[-121.43243,40.64098],[-121.43102,40.64196],[-121.43095,40.64239],[-121.43138,40.64268],[-121.43119,40.64302],[-121.43192,40.64349],[-121.43164,40.64415],[-121.43195,40.64546],[-121.43151,40.64655],[-121.43114,40.64663],[-121.43165,40.64698],[-121.43163,40.64781],[-121.43229,40.64784],[-121.43257,40.6482],[-121.43256,40.64879],[-121.43179,40.64907],[-121.4315,40.65078],[-121.43178,40.65217],[-121.42999,40.65284],[-121.4286,40.65196],[-121.4261,40.65311],[-121.42516,40.65306],[-121.42422,40.654],[-121.42368,40.65772],[-121.42148,40.65946],[-121.42113,40.66166],[-121.41893,40.66327],[-121.41722,40.66902],[-121.4157,40.66976],[-121.41532,40.67043],[-121.41532,40.67159],[-121.41317,40.67461],[-121.41209,40.67694],[-121.41127,40.68084],[-121.40917,40.68343],[-121.40942,40.68442],[-121.40845,40.6853],[-121.40884,40.69008],[-121.40442,40.68919],[-121.40352,40.6894],[-121.40317,40.69001],[-121.40237,40.69033],[-121.40215,40.69128],[-121.40069,40.69138],[-121.4003,40.69179],[-121.39974,40.69292],[-121.40015,40.69439],[-121.39996,40.69662],[-121.40048,40.70012],[-121.39963,40.70216],[-121.39928,40.7026],[-121.39697,40.70269],[-121.39622,40.70228],[-121.39588,40.7011],[-121.39502,40.70072],[-121.39531,40.70031],[-121.39507,40.69983],[-121.39572,40.69948],[-121.39579,40.69892],[-121.39405,40.6972],[-121.39432,40.69606],[-121.39348,40.69617],[-121.39252,40.69533],[-121.39374,40.69352],[-121.39272,40.69256],[-121.3913,40.6922],[-121.3901,40.69468],[-121.38718,40.69457],[-121.3879,40.69565],[-121.38697,40.69695],[-121.38379,40.69709],[-121.38396,40.69946],[-121.38309,40.69968],[-121.38201,40.70125],[-121.38176,40.70026],[-121.38092,40.7],[-121.38006,40.70015],[-121.37964,40.70095],[-121.37994,40.70179],[-121.37865,40.70313],[-121.37503,40.70426],[-121.37396,40.70615],[-121.37251,40.70581],[-121.37085,40.70669],[-121.36528,40.71165],[-121.36454,40.71288],[-121.36194,40.7141],[-121.35999,40.71463],[-121.35741,40.71598],[-121.35802,40.71675],[-121.35756,40.72163],[-121.35767,40.72519],[-121.35806,40.72567],[-121.35789,40.7291],[-121.3583,40.72947],[-121.35738,40.73007],[-121.35732,40.73122],[-121.35798,40.73185],[-121.35764,40.73478],[-121.35847,40.73643],[-121.3579,40.73721],[-121.35876,40.73791],[-121.35801,40.73941],[-121.35863,40.74004],[-121.35827,40.74038],[-121.35871,40.74113],[-121.35817,40.74217],[-121.35856,40.74376],[-121.35925,40.7444],[-121.35896,40.74568],[-121.35982,40.74602],[-121.3602,40.74842],[-121.35961,40.74998],[-121.36043,40.7508],[-121.35986,40.75185],[-121.36075,40.75346],[-121.36,40.75438],[-121.36012,40.75466],[-121.36079,40.75439],[-121.36145,40.755],[-121.36149,40.75605],[-121.36082,40.75635],[-121.36087,40.75683],[-121.36211,40.75808],[-121.36181,40.75851],[-121.36135,40.75854],[-121.3611,40.75924],[-121.36117,40.75949],[-121.3614,40.75927],[-121.36249,40.75944],[-121.36241,40.75992],[-121.36176,40.7602],[-121.36097,40.76141],[-121.36024,40.76149],[-121.36019,40.76187],[-121.35876,40.76276],[-121.35888,40.76339],[-121.35838,40.76353],[-121.35818,40.76486],[-121.35654,40.76493],[-121.35584,40.76467],[-121.35549,40.76543],[-121.35499,40.76535],[-121.35366,40.76588],[-121.35151,40.76497],[-121.34664,40.76473],[-121.3455,40.76406],[-121.34504,40.76427],[-121.34525,40.76],[-121.34425,40.75691],[-121.34153,40.75612],[-121.34025,40.75638],[-121.33522,40.75597],[-121.33654,40.75807],[-121.33776,40.75841],[-121.33805,40.75931],[-121.33762,40.76134],[-121.3382,40.76157],[-121.33952,40.7607],[-121.34105,40.76027],[-121.34187,40.76139],[-121.34251,40.76366],[-121.34052,40.76364],[-121.33777,40.76433],[-121.33852,40.76482],[-121.33901,40.76653],[-121.33836,40.7667],[-121.33794,40.76723],[-121.33807,40.7677],[-121.33675,40.76823],[-121.3359,40.76809],[-121.33476,40.76917],[-121.33437,40.77163],[-121.3335,40.77202],[-121.33368,40.77224],[-121.33443,40.77206],[-121.33437,40.77265],[-121.33484,40.77282],[-121.3345,40.77393],[-121.33412,40.77411],[-121.33375,40.77381],[-121.3333,40.77407],[-121.33385,40.77632],[-121.3343,40.77689],[-121.3337,40.77798],[-121.33405,40.77828],[-121.33372,40.77879],[-121.33405,40.78078],[-121.3344,40.78103],[-121.33447,40.78333],[-121.33308,40.78347],[-121.33315,40.78316],[-121.33234,40.78242],[-121.32903,40.78231],[-121.32851,40.78247],[-121.32883,40.78321],[-121.32749,40.78313],[-121.32679,40.78431],[-121.32529,40.78416],[-121.32452,40.78444],[-121.32314,40.78383],[-121.32214,40.78413],[-121.32175,40.78347],[-121.32072,40.78291],[-121.31992,40.78304],[-121.31924,40.78228],[-121.31895,40.78262],[-121.31839,40.78263],[-121.31794,40.78224],[-121.31722,40.78252],[-121.31581,40.78212],[-121.31544,40.78254],[-121.31463,40.78189],[-121.314,40.78205],[-121.31277,40.78099],[-121.314,40.77893],[-121.31226,40.77779],[-121.30943,40.77844],[-121.30884,40.77785],[-121.30896,40.77623],[-121.3086,40.77579],[-121.30807,40.77561],[-121.3078,40.77506],[-121.30701,40.77491],[-121.30716,40.77525],[-121.30654,40.77514],[-121.30625,40.77405],[-121.30529,40.77377],[-121.30523,40.77257],[-121.30538,40.77284],[-121.30569,40.77229],[-121.30679,40.77264],[-121.30624,40.77128],[-121.30654,40.77043],[-121.30751,40.76949],[-121.30708,40.76854],[-121.30726,40.76824],[-121.30621,40.76743],[-121.30559,40.76782],[-121.30512,40.76775],[-121.30556,40.76686],[-121.30415,40.7649],[-121.30407,40.76356],[-121.30465,40.76353],[-121.30401,40.76286],[-121.30266,40.76278],[-121.30225,40.76244],[-121.30271,40.76108],[-121.30354,40.76068],[-121.30264,40.76039],[-121.3027,40.75939],[-121.30309,40.75905],[-121.30217,40.75772],[-121.30274,40.75677],[-121.30213,40.75692],[-121.30164,40.75605],[-121.30077,40.75567],[-121.30118,40.755],[-121.30042,40.755],[-121.30067,40.75414],[-121.29964,40.75237],[-121.30014,40.75164],[-121.30082,40.7515],[-121.30109,40.75093],[-121.30022,40.75035],[-121.30005,40.74887],[-121.29918,40.74899],[-121.29894,40.7485],[-121.29964,40.74821],[-121.29926,40.74756],[-121.29969,40.7473],[-121.29913,40.74664],[-121.29939,40.746],[-121.29852,40.745],[-121.29849,40.7445],[-121.29903,40.74401],[-121.29852,40.74345],[-121.29905,40.74218],[-121.29832,40.7422],[-121.29839,40.74154],[-121.29801,40.74133],[-121.29829,40.74087],[-121.29796,40.74047],[-121.29881,40.74045],[-121.2981,40.73856],[-121.29764,40.73858],[-121.29737,40.73822],[-121.29788,40.73782],[-121.29724,40.73735],[-121.29715,40.73673],[-121.29629,40.73692],[-121.2962,40.73645],[-121.29556,40.73631],[-121.29711,40.73359],[-121.29728,40.73356],[-121.29803,40.73343],[-121.2971,40.73358],[-121.29673,40.73154],[-121.29703,40.73099],[-121.29639,40.73051],[-121.29677,40.72998],[-121.29728,40.73017],[-121.30024,40.72626],[-121.30005,40.72532],[-121.30058,40.72364],[-121.30205,40.72295],[-121.30122,40.72108],[-121.30339,40.71988],[-121.30319,40.71914],[-121.30402,40.71844],[-121.30496,40.71837],[-121.30524,40.71865],[-121.30537,40.71801],[-121.30654,40.71768],[-121.30717,40.71794],[-121.30717,40.71721],[-121.30597,40.71681],[-121.30579,40.71643],[-121.30673,40.71404],[-121.30745,40.71369],[-121.30771,40.71305],[-121.3076,40.71159],[-121.30795,40.71119],[-121.30971,40.71082],[-121.3097,40.70977],[-121.31142,40.70876],[-121.31225,40.70879],[-121.31299,40.70924],[-121.31385,40.7089],[-121.31363,40.70837],[-121.3144,40.70755],[-121.31391,40.70561],[-121.31312,40.7058],[-121.31185,40.70531],[-121.31049,40.70545],[-121.30997,40.70478],[-121.31015,40.7046],[-121.30896,40.70366],[-121.30975,40.70285],[-121.30706,40.70243],[-121.31011,40.70146],[-121.30904,40.70076],[-121.31047,40.69893],[-121.31229,40.69748],[-121.31037,40.69764],[-121.30961,40.6956],[-121.30978,40.6944],[-121.31066,40.69411],[-121.31136,40.69311],[-121.31259,40.69302],[-121.31308,40.6919],[-121.31277,40.69117],[-121.31306,40.69104],[-121.31338,40.69147],[-121.3139,40.6909],[-121.31375,40.69046],[-121.31314,40.69029],[-121.31286,40.68931],[-121.31194,40.68879],[-121.31326,40.68803],[-121.31374,40.6873],[-121.31384,40.68616],[-121.31345,40.68531],[-121.31417,40.6846],[-121.31382,40.68328],[-121.31449,40.68285],[-121.31398,40.68224],[-121.31603,40.68166],[-121.31588,40.681],[-121.31644,40.68066],[-121.31676,40.67788],[-121.31814,40.67727],[-121.31845,40.67748],[-121.31876,40.67729],[-121.31882,40.67649],[-121.31815,40.67621],[-121.31808,40.67561],[-121.31926,40.67493],[-121.31944,40.6735],[-121.32011,40.67225],[-121.32046,40.67176],[-121.32117,40.67164],[-121.32076,40.66959],[-121.32149,40.66891],[-121.32172,40.66775],[-121.32257,40.66732],[-121.3228,40.66661],[-121.3243,40.6667],[-121.32361,40.66634],[-121.32372,40.66565],[-121.32538,40.66358],[-121.32627,40.663],[-121.32686,40.66168],[-121.32803,40.66143],[-121.32826,40.66049],[-121.32935,40.65999],[-121.32929,40.65943],[-121.33016,40.65921],[-121.33054,40.65867],[-121.33128,40.6586],[-121.33128,40.65673],[-121.33041,40.65528],[-121.33136,40.6548],[-121.33295,40.65554],[-121.33365,40.65454],[-121.33331,40.65298],[-121.33504,40.65235],[-121.33565,40.65174],[-121.33532,40.65028],[-121.3357,40.64905],[-121.33618,40.64888],[-121.33643,40.64832],[-121.33793,40.64771],[-121.33943,40.64516],[-121.34093,40.6448],[-121.34508,40.64236],[-121.34451,40.64189],[-121.34495,40.64157],[-121.34541,40.63985],[-121.34464,40.63916],[-121.34459,40.6386],[-121.34585,40.63857],[-121.3455,40.63786],[-121.34618,40.63697],[-121.34606,40.63648],[-121.34966,40.63605],[-121.35002,40.63466],[-121.35101,40.63417],[-121.35117,40.63328],[-121.35219,40.63206],[-121.35114,40.6312],[-121.35099,40.63085],[-121.35126,40.63044],[-121.35173,40.63053],[-121.35176,40.6298],[-121.35097,40.62943],[-121.35063,40.62867],[-121.35132,40.6283],[-121.35319,40.62878],[-121.35386,40.62816],[-121.3544,40.62852],[-121.35493,40.62838],[-121.35442,40.62776],[-121.35538,40.62737],[-121.35384,40.62389],[-121.35369,40.62281],[-121.35275,40.62247],[-121.35233,40.62138],[-121.35158,40.62141],[-121.35112,40.62083],[-121.3492,40.6203],[-121.34772,40.62039],[-121.34701,40.61994],[-121.34687,40.61927],[-121.34642,40.61914],[-121.34568,40.61998],[-121.34459,40.61965],[-121.34359,40.61824],[-121.34378,40.61745],[-121.34438,40.61702],[-121.34428,40.61538],[-121.34525,40.61552],[-121.34522,40.61468],[-121.34554,40.61444],[-121.34636,40.61523],[-121.34837,40.61579],[-121.35065,40.61555],[-121.35117,40.61669],[-121.35203,40.61729],[-121.35264,40.61891],[-121.35334,40.61894],[-121.35386,40.61813],[-121.35438,40.61806],[-121.35504,40.61815],[-121.35638,40.619],[-121.35702,40.62082],[-121.35638,40.6218],[-121.35666,40.6224],[-121.35747,40.62225],[-121.35956,40.62508],[-121.36127,40.62416],[-121.36372,40.62532],[-121.36437,40.62512],[-121.36486,40.62408],[-121.36314,40.62318],[-121.36317,40.62245],[-121.36509,40.62217],[-121.36393,40.62078],[-121.36408,40.61984],[-121.36465,40.61948],[-121.36632,40.61942],[-121.36664,40.61898],[-121.36433,40.6184],[-121.36384,40.61746],[-121.36301,40.61739],[-121.36381,40.61653],[-121.36324,40.61588],[-121.36241,40.61556],[-121.36231,40.61519],[-121.3615,40.61522],[-121.36102,40.61354],[-121.36066,40.61393],[-121.36025,40.61339],[-121.35965,40.61333],[-121.35983,40.61272],[-121.36083,40.61289],[-121.36047,40.6123],[-121.3607,40.61205],[-121.36205,40.61282],[-121.36365,40.61306],[-121.36558,40.61483],[-121.369,40.61566],[-121.3704,40.61633],[-121.37463,40.6171],[-121.37676,40.61701],[-121.37717,40.61734],[-121.37955,40.61638],[-121.3824,40.61637],[-121.38342,40.61701],[-121.38504,40.61727],[-121.38824,40.61538],[-121.3856,40.61286],[-121.3801,40.61232],[-121.37594,40.61351],[-121.3652,40.61427],[-121.36289,40.60895],[-121.36263,40.60638],[-121.36295,40.60613],[-121.36263,40.60577],[-121.36391,40.60304],[-121.36476,40.60241],[-121.36517,40.60091],[-121.36602,40.60057],[-121.36639,40.59995],[-121.36614,40.59966],[-121.36498,40.59979],[-121.36446,40.5991],[-121.36552,40.59867],[-121.36566,40.59823],[-121.36484,40.59729],[-121.36513,40.59694],[-121.36469,40.59657],[-121.36719,40.5973],[-121.36845,40.59702],[-121.36874,40.5965],[-121.37498,40.59998],[-121.37907,40.59988],[-121.38419,40.59819],[-121.38676,40.59715],[-121.38715,40.5967],[-121.38542,40.59645],[-121.38336,40.59681],[-121.38247,40.59571],[-121.38216,40.59589],[-121.38218,40.59656],[-121.3818,40.5966],[-121.38205,40.59689],[-121.38161,40.59672],[-121.38103,40.59722],[-121.37983,40.59742],[-121.38011,40.59689],[-121.37936,40.59711],[-121.37856,40.59673],[-121.37862,40.59612],[-121.37803,40.59601],[-121.37793,40.59632],[-121.37661,40.59694],[-121.37659,40.59619],[-121.37701,40.59602],[-121.37587,40.59556],[-121.37672,40.59431],[-121.37609,40.59415],[-121.37601,40.59357],[-121.37534,40.59291],[-121.37463,40.59305],[-121.37222,40.59254],[-121.37188,40.59142],[-121.37237,40.59093],[-121.37199,40.59018],[-121.37128,40.59045],[-121.37119,40.5901],[-121.37076,40.59013],[-121.37141,40.58948],[-121.37098,40.58883],[-121.36981,40.58896],[-121.37006,40.58849],[-121.36942,40.5882],[-121.36942,40.58848],[-121.36761,40.58817],[-121.36675,40.58678],[-121.36496,40.58623],[-121.36292,40.58657],[-121.36316,40.58726],[-121.36283,40.58788],[-121.36076,40.58934],[-121.35833,40.58983],[-121.35841,40.5902],[-121.35789,40.5907],[-121.35709,40.5904],[-121.35513,40.59123],[-121.3548,40.59042],[-121.35375,40.59002],[-121.35448,40.58943],[-121.35441,40.58901],[-121.35394,40.58896],[-121.35323,40.58945],[-121.3531,40.58919],[-121.35211,40.5894],[-121.35102,40.5901],[-121.35113,40.59049],[-121.35048,40.59104],[-121.35136,40.59198],[-121.35125,40.59282],[-121.35188,40.59315],[-121.35232,40.59426],[-121.35162,40.59504],[-121.35192,40.59604],[-121.35139,40.59635],[-121.35172,40.59674],[-121.35146,40.5967],[-121.35072,40.59767],[-121.35062,40.5982],[-121.35096,40.59844],[-121.34998,40.59894],[-121.34926,40.60024],[-121.34766,40.6007],[-121.34766,40.6013],[-121.34634,40.60233],[-121.34545,40.60234],[-121.34416,40.60301],[-121.3439,40.6026],[-121.34364,40.60264],[-121.34352,40.60305],[-121.34306,40.603],[-121.34286,40.60355],[-121.34184,40.60392],[-121.34184,40.60417],[-121.341,40.60393],[-121.34071,40.60411],[-121.34109,40.60575],[-121.34086,40.60601],[-121.34018,40.60594],[-121.33871,40.60753],[-121.33932,40.60914],[-121.34012,40.60972],[-121.34052,40.61167],[-121.34039,40.61207],[-121.33974,40.61229],[-121.33932,40.6133],[-121.33961,40.61447],[-121.34102,40.61582],[-121.34148,40.61541],[-121.34223,40.61572],[-121.34229,40.61606],[-121.34125,40.61658],[-121.34088,40.61776],[-121.33917,40.61902],[-121.33964,40.61988],[-121.33931,40.62075],[-121.33707,40.62253],[-121.33772,40.62293],[-121.33772,40.62337],[-121.33887,40.62437],[-121.33881,40.62479],[-121.33938,40.62503],[-121.34013,40.6262],[-121.33837,40.62724],[-121.33644,40.62778],[-121.33527,40.62866],[-121.3322,40.62858],[-121.33067,40.62887],[-121.33047,40.62917],[-121.32752,40.62928],[-121.32413,40.6289],[-121.3233,40.62918],[-121.32252,40.62859],[-121.32146,40.62844],[-121.31879,40.62862],[-121.31679,40.62814],[-121.31129,40.6281],[-121.30918,40.62647],[-121.30586,40.62622],[-121.30535,40.6257],[-121.30547,40.62482],[-121.30453,40.62365],[-121.3045,40.62288],[-121.30268,40.62166],[-121.3028,40.62113],[-121.30225,40.62015],[-121.30251,40.61871],[-121.30187,40.61691],[-121.30009,40.61501],[-121.29906,40.61502],[-121.29859,40.61469],[-121.29656,40.61669],[-121.29511,40.61937],[-121.29268,40.62262],[-121.29202,40.62699],[-121.28944,40.62941],[-121.28863,40.62976],[-121.28667,40.62994],[-121.27773,40.63025],[-121.27577,40.6298],[-121.27395,40.62983],[-121.27197,40.62878],[-121.27154,40.62886],[-121.27087,40.62823],[-121.26987,40.62823],[-121.26708,40.62705],[-121.26616,40.62723],[-121.26471,40.62663],[-121.26466,40.62686],[-121.26402,40.62664],[-121.26183,40.62697],[-121.26118,40.6267],[-121.26134,40.62629],[-121.261,40.62631],[-121.26089,40.62671],[-121.25966,40.62716],[-121.25852,40.62828],[-121.25781,40.62772],[-121.25603,40.62743],[-121.25605,40.62701],[-121.25414,40.62523],[-121.25374,40.62501],[-121.25237,40.62529],[-121.2498,40.62333],[-121.25038,40.623],[-121.25073,40.62169],[-121.25114,40.62154],[-121.25011,40.61913],[-121.25153,40.6166],[-121.25767,40.61696],[-121.2551,40.61363],[-121.25381,40.61051],[-121.2537,40.60573],[-121.25396,40.60434],[-121.25694,40.60105],[-121.25909,40.59959],[-121.25928,40.59885],[-121.26028,40.59772],[-121.26,40.5956],[-121.2604,40.59382],[-121.25958,40.5932],[-121.25962,40.59176],[-121.26035,40.59122],[-121.26246,40.59182],[-121.26469,40.59169],[-121.26692,40.59325],[-121.27009,40.59309],[-121.27206,40.59257],[-121.27244,40.59159],[-121.27351,40.59087],[-121.27375,40.5872],[-121.27522,40.58635],[-121.2757,40.58682],[-121.27746,40.58528],[-121.27726,40.58377],[-121.27774,40.58074],[-121.27673,40.57959],[-121.2767,40.57865],[-121.27519,40.57847],[-121.27302,40.57984],[-121.27245,40.57963],[-121.27089,40.58053],[-121.27016,40.58351],[-121.26877,40.58504],[-121.26688,40.58639],[-121.26709,40.58803],[-121.26663,40.58838],[-121.26598,40.58839],[-121.26612,40.58791],[-121.26449,40.58755],[-121.26434,40.58715],[-121.26536,40.58623],[-121.26524,40.58504],[-121.26469,40.58511],[-121.26468,40.58511],[-121.26462,40.58537],[-121.26414,40.58522],[-121.26429,40.58488],[-121.26501,40.5848],[-121.26459,40.58431],[-121.26492,40.584],[-121.26563,40.58417],[-121.26545,40.5838],[-121.26589,40.58375],[-121.26586,40.58352],[-121.2653,40.58349],[-121.26618,40.58333],[-121.26591,40.5828],[-121.26641,40.58285],[-121.26751,40.58107],[-121.26878,40.58086],[-121.26851,40.57998],[-121.26897,40.57959],[-121.26875,40.579],[-121.26918,40.57858],[-121.26862,40.57823],[-121.26848,40.57737],[-121.26922,40.57676],[-121.267,40.57468],[-121.26302,40.57601],[-121.26142,40.57529],[-121.2591,40.57605],[-121.25595,40.576],[-121.24887,40.57438],[-121.24715,40.57367],[-121.245,40.57336],[-121.24268,40.57453],[-121.24175,40.57666],[-121.23994,40.57781],[-121.23978,40.57849],[-121.23789,40.57942],[-121.23602,40.5794],[-121.23425,40.58012],[-121.23184,40.58191],[-121.23164,40.58059],[-121.23106,40.57967],[-121.23257,40.57863],[-121.23038,40.57675],[-121.23007,40.57468],[-121.22839,40.57222],[-121.22565,40.57096],[-121.22583,40.57067],[-121.22518,40.57022],[-121.22453,40.57024],[-121.22313,40.56947],[-121.22205,40.56952],[-121.2206,40.56897],[-121.21983,40.56765],[-121.21907,40.56714],[-121.21859,40.56716],[-121.21805,40.56627],[-121.21736,40.56666],[-121.21684,40.56595],[-121.21613,40.56617],[-121.21407,40.56504],[-121.21296,40.56503],[-121.21119,40.56439],[-121.20944,40.56337],[-121.20892,40.5634],[-121.20685,40.56165],[-121.20589,40.56169],[-121.20512,40.56118],[-121.20462,40.56118],[-121.20469,40.56079],[-121.20327,40.55915],[-121.20336,40.55861],[-121.2026,40.55815],[-121.20291,40.55721],[-121.20212,40.55698],[-121.20125,40.55616],[-121.20056,40.55593],[-121.19984,40.55649],[-121.196,40.55571],[-121.19312,40.55576],[-121.18912,40.55857],[-121.18607,40.55975],[-121.18028,40.5627],[-121.17979,40.56271],[-121.17838,40.5612],[-121.17616,40.55993],[-121.17542,40.55911],[-121.17463,40.55922],[-121.17463,40.55876],[-121.17414,40.55851],[-121.17355,40.55916],[-121.17358,40.55972],[-121.17265,40.55962],[-121.17077,40.56003],[-121.17019,40.55909],[-121.17023,40.5585],[-121.17055,40.5584],[-121.16947,40.55781],[-121.1679,40.55878],[-121.16759,40.55953],[-121.16702,40.55992],[-121.16701,40.56046],[-121.16647,40.56074],[-121.16625,40.56044],[-121.16582,40.56061],[-121.16541,40.56041],[-121.16502,40.56071],[-121.16502,40.56036],[-121.16477,40.56068],[-121.16476,40.55997],[-121.16521,40.55946],[-121.16461,40.559],[-121.16451,40.55833],[-121.16566,40.55795],[-121.16543,40.55724],[-121.16494,40.55742],[-121.16477,40.55694],[-121.16433,40.55699],[-121.16442,40.55667],[-121.16376,40.55712],[-121.16391,40.55652],[-121.16352,40.55624],[-121.16304,40.55622],[-121.16288,40.55676],[-121.16238,40.55678],[-121.16111,40.55633],[-121.16116,40.55613],[-121.16103,40.55611],[-121.16055,40.55667],[-121.16077,40.55594],[-121.16014,40.5557],[-121.16019,40.55605],[-121.15956,40.5561],[-121.15929,40.55579],[-121.15852,40.55693],[-121.15825,40.55674],[-121.1573,40.55697],[-121.15857,40.55728],[-121.15863,40.55757],[-121.15839,40.55841],[-121.15794,40.55864],[-121.15749,40.55845],[-121.15734,40.56002],[-121.15736,40.56033],[-121.15804,40.56012],[-121.15926,40.56063],[-121.1599,40.56054],[-121.16074,40.56109],[-121.16068,40.56163],[-121.16107,40.56181],[-121.16093,40.56269],[-121.16164,40.5633],[-121.16119,40.56374],[-121.16014,40.56374],[-121.16012,40.56425],[-121.1607,40.56454],[-121.16033,40.56477],[-121.16042,40.56545],[-121.16022,40.56578],[-121.15975,40.56562],[-121.1595,40.56587],[-121.15993,40.56614],[-121.1598,40.56656],[-121.1593,40.56684],[-121.15859,40.56675],[-121.15861,40.56744],[-121.15839,40.56744],[-121.15811,40.56752],[-121.15863,40.5675],[-121.15954,40.56813],[-121.1601,40.56799],[-121.16085,40.56826],[-121.16079,40.56863],[-121.15944,40.56897],[-121.15858,40.57074],[-121.15691,40.57159],[-121.15718,40.57178],[-121.15645,40.57278],[-121.15677,40.57369],[-121.15617,40.57425],[-121.15547,40.57428],[-121.15563,40.57533],[-121.15423,40.57539],[-121.15419,40.57467],[-121.1532,40.57435],[-121.15192,40.57299],[-121.15173,40.57101],[-121.15137,40.57067],[-121.151,40.57087],[-121.15054,40.56998],[-121.15092,40.56972],[-121.15109,40.56847],[-121.15084,40.5682],[-121.14806,40.56838],[-121.14695,40.5696],[-121.14477,40.57018],[-121.14478,40.57067],[-121.14419,40.57125],[-121.1432,40.57013],[-121.14217,40.56997],[-121.14162,40.5695],[-121.14141,40.56978],[-121.14029,40.56893],[-121.1396,40.56997],[-121.13824,40.57022],[-121.13714,40.5708],[-121.13342,40.56907],[-121.13303,40.56734],[-121.13322,40.5663],[-121.13413,40.56594],[-121.13323,40.56558],[-121.13122,40.5686],[-121.13132,40.5691],[-121.13075,40.5695],[-121.12981,40.56969],[-121.12895,40.56895],[-121.12792,40.56953],[-121.12708,40.56944],[-121.1253,40.57097],[-121.12394,40.57055],[-121.12428,40.571],[-121.12361,40.57147],[-121.12387,40.57217],[-121.12273,40.57257],[-121.12185,40.57374],[-121.12115,40.57405],[-121.12103,40.57487],[-121.12136,40.57547],[-121.12027,40.57607],[-121.11913,40.57553],[-121.11943,40.5766],[-121.11859,40.57721],[-121.1181,40.57727],[-121.11793,40.57648],[-121.11727,40.57641],[-121.11707,40.57602],[-121.11698,40.5766],[-121.11652,40.57692],[-121.11538,40.57684],[-121.11468,40.57738],[-121.11385,40.57671],[-121.11359,40.57705],[-121.1124,40.57739],[-121.11175,40.57705],[-121.11153,40.57649],[-121.11187,40.57634],[-121.11236,40.57343],[-121.11199,40.57187],[-121.10919,40.56694],[-121.10883,40.56733],[-121.10819,40.56718],[-121.10861,40.56662],[-121.10912,40.5668],[-121.108,40.56465],[-121.1053,40.56282],[-121.10284,40.55947],[-121.10019,40.55114],[-121.09837,40.54686],[-121.09819,40.54628],[-121.0986,40.54573],[-121.09754,40.54458],[-121.0955,40.54395],[-121.09489,40.54408],[-121.09417,40.54343],[-121.09444,40.54243],[-121.09396,40.54214],[-121.09377,40.53983],[-121.09403,40.53921],[-121.09356,40.53902],[-121.09383,40.5382],[-121.09364,40.53643],[-121.09415,40.53571],[-121.09504,40.53595],[-121.0953,40.53573],[-121.09455,40.53458],[-121.0951,40.53447],[-121.09557,40.53488],[-121.09665,40.53409],[-121.09666,40.53352],[-121.09761,40.53318],[-121.09768,40.53268],[-121.09689,40.53238],[-121.09665,40.53172],[-121.09705,40.53157],[-121.0976,40.53199],[-121.09788,40.53069],[-121.09947,40.52927],[-121.0999,40.52914],[-121.10021,40.52942],[-121.09981,40.52769],[-121.1003,40.52743],[-121.1012,40.52789],[-121.10197,40.52848],[-121.10226,40.52934],[-121.10308,40.52889],[-121.1024,40.52842],[-121.10271,40.52747],[-121.1036,40.52802],[-121.1067,40.52811],[-121.10701,40.52701],[-121.10636,40.52675],[-121.10602,40.52594],[-121.10669,40.52559],[-121.10795,40.52651],[-121.1086,40.52562],[-121.10886,40.52586],[-121.10911,40.52566],[-121.10947,40.52399],[-121.10917,40.52366],[-121.11097,40.52203],[-121.11176,40.52229],[-121.11201,40.5219],[-121.11124,40.52134],[-121.11168,40.52056],[-121.1129,40.52007],[-121.11468,40.52077],[-121.11683,40.52039],[-121.11736,40.51983],[-121.1181,40.51994],[-121.11865,40.51889],[-121.11948,40.51844],[-121.11926,40.51773],[-121.11831,40.51768],[-121.11816,40.51746],[-121.11854,40.51686],[-121.12048,40.51677],[-121.12067,40.51616],[-121.12138,40.51593],[-121.12128,40.51526],[-121.12234,40.51445],[-121.12262,40.51348],[-121.12318,40.51326],[-121.12403,40.51379],[-121.12412,40.51284],[-121.12506,40.51193],[-121.12639,40.51155],[-121.12704,40.51211],[-121.12701,40.51148],[-121.12797,40.51062],[-121.12888,40.51049],[-121.12929,40.50971],[-121.13151,40.50893],[-121.13278,40.50735],[-121.1329,40.50657],[-121.13246,40.50546],[-121.13634,40.50313],[-121.13796,40.5026],[-121.13836,40.50311],[-121.14013,40.50323],[-121.14225,40.50427],[-121.1451,40.50403],[-121.14612,40.50436],[-121.14784,40.50413],[-121.14959,40.50441],[-121.15016,40.50425],[-121.15131,40.50493],[-121.15475,40.50379],[-121.15492,40.50304],[-121.1558,40.50256],[-121.15631,40.50303],[-121.15736,40.50217],[-121.15776,40.50277],[-121.15786,40.5041],[-121.16282,40.50309],[-121.16375,40.50238],[-121.1644,40.50238],[-121.16558,40.50096],[-121.16663,40.50043],[-121.16695,40.49885],[-121.16757,40.49834],[-121.16755,40.49763],[-121.16816,40.497],[-121.16831,40.49627],[-121.17002,40.49447],[-121.16502,40.49135],[-121.16423,40.49186],[-121.16285,40.49072],[-121.162,40.4912],[-121.16106,40.49084],[-121.15948,40.4909],[-121.15894,40.49138],[-121.15906,40.49182],[-121.15665,40.49193],[-121.15456,40.49144],[-121.15455,40.49086],[-121.15409,40.49057],[-121.15343,40.49107],[-121.15262,40.49096],[-121.15143,40.49147],[-121.15125,40.49234],[-121.15029,40.49309],[-121.14761,40.4944],[-121.14601,40.49421],[-121.14599,40.49382],[-121.14523,40.49329],[-121.14398,40.49331],[-121.14265,40.49257],[-121.14063,40.49329],[-121.13946,40.49306],[-121.13648,40.49378],[-121.13353,40.49589],[-121.1322,40.49645],[-121.1309,40.49633],[-121.12995,40.49723],[-121.12937,40.49696],[-121.12875,40.49706],[-121.12842,40.49667],[-121.12718,40.49689],[-121.12663,40.49745],[-121.12621,40.49723],[-121.12627,40.49651],[-121.12365,40.49576],[-121.12329,40.49502],[-121.12229,40.495],[-121.12293,40.49372],[-121.12188,40.4933],[-121.12276,40.49291],[-121.12388,40.493],[-121.12482,40.49174],[-121.12574,40.49169],[-121.12589,40.49196],[-121.12624,40.49174],[-121.12621,40.49115],[-121.12699,40.49102],[-121.12696,40.49078],[-121.12558,40.49024],[-121.12453,40.49034],[-121.12412,40.49112],[-121.1228,40.49127],[-121.12244,40.49189],[-121.12266,40.49217],[-121.12225,40.49226],[-121.12079,40.49162],[-121.12054,40.49116],[-121.12086,40.49049],[-121.12051,40.49026],[-121.11938,40.49072],[-121.1191,40.49196],[-121.11845,40.49223],[-121.11827,40.49276],[-121.1171,40.49258],[-121.11633,40.49325],[-121.11583,40.49318],[-121.1156,40.49361],[-121.11481,40.4936],[-121.11331,40.49295],[-121.11275,40.49221],[-121.11269,40.49184],[-121.11409,40.49155],[-121.11435,40.49117],[-121.11258,40.4904],[-121.11005,40.48831],[-121.10731,40.4894],[-121.10553,40.49129],[-121.10172,40.49081],[-121.09946,40.4902],[-121.09861,40.48965],[-121.09843,40.48867],[-121.09724,40.48788],[-121.09447,40.48788],[-121.0936,40.48735],[-121.09116,40.48742],[-121.0888,40.48803],[-121.08566,40.48767],[-121.08323,40.48856],[-121.08006,40.4881],[-121.07825,40.48755],[-121.07543,40.48738],[-121.07509,40.48701],[-121.07536,40.48592],[-121.07442,40.48345],[-121.07338,40.48263],[-121.07347,40.48151],[-121.07239,40.48047],[-121.07287,40.48013],[-121.07317,40.47902],[-121.07729,40.47534],[-121.07739,40.47408],[-121.07638,40.4733],[-121.07679,40.47298],[-121.07639,40.47213],[-121.07674,40.47184],[-121.07602,40.47123],[-121.07288,40.46363],[-121.07156,40.45863],[-121.07103,40.45818],[-121.07113,40.4571],[-121.06958,40.45301],[-121.06936,40.45016],[-121.06864,40.44803],[-121.06836,40.44031],[-121.06219,40.43559],[-121.0621,40.43488],[-121.05757,40.43176],[-121.0557,40.43006],[-121.05449,40.42777],[-121.05322,40.42163],[-121.05241,40.42102],[-121.05207,40.41877],[-121.05141,40.41856],[-121.05069,40.41777],[-121.05093,40.41755],[-121.04339,40.41003],[-121.03343,40.40661],[-121.0321,40.40513],[-121.0328,40.40452],[-121.03115,40.40334],[-121.03072,40.40219],[-121.02894,40.40143],[-121.02829,40.40072],[-121.02589,40.40075],[-121.02239,40.39979],[-121.02124,40.39817],[-121.02041,40.39799],[-121.01943,40.39716],[-121.01594,40.39645],[-121.01508,40.39813],[-121.01347,40.39789],[-121.01168,40.39623],[-121.01068,40.39656],[-121.01137,40.3979],[-121.01071,40.39868],[-121.0086,40.39832],[-121.00732,40.39749],[-121.00436,40.39668],[-121.003,40.39546],[-121.00388,40.39166],[-121.0026,40.39109],[-121.00199,40.38968],[-121.00131,40.38936],[-120.99995,40.38757],[-121.00026,40.38628],[-121.00281,40.3839],[-121.00131,40.38202],[-121.00144,40.38092],[-121.00111,40.38061],[-121.00152,40.37951],[-121.00064,40.37708],[-121.00061,40.37496],[-121.00101,40.37375],[-121.00049,40.37247],[-121.00098,40.3716],[-121.00065,40.37065],[-121.00122,40.36678],[-121.00243,40.36623],[-121.00632,40.36844],[-121.00837,40.37056],[-121.01196,40.37336],[-121.01413,40.37347],[-121.01594,40.37002],[-121.01746,40.36835],[-121.01743,40.36622],[-121.01678,40.36374],[-121.0143,40.36305],[-121.01424,40.35939],[-121.01245,40.35254],[-121.01579,40.33748],[-121.01722,40.33451],[-121.01646,40.33385],[-121.01806,40.33313],[-121.01804,40.33218],[-121.01931,40.33076],[-121.01927,40.32793],[-121.02084,40.32636],[-121.02089,40.32573],[-121.02335,40.325],[-121.02563,40.32261],[-121.03136,40.32277],[-121.03342,40.32049],[-121.03258,40.31773],[-121.03311,40.31279],[-121.03833,40.31152],[-121.04636,40.31037],[-121.05101,40.31141],[-121.05589,40.3143],[-121.07098,40.31447],[-121.07964,40.31409],[-121.08139,40.3147],[-121.08285,40.31623],[-121.08488,40.32149],[-121.08537,40.32478],[-121.083,40.3285],[-121.08327,40.32966],[-121.084,40.32998],[-121.08529,40.32981],[-121.08628,40.32922],[-121.08814,40.3287],[-121.08758,40.32697],[-121.08839,40.3256],[-121.08773,40.32468],[-121.08875,40.32243],[-121.08914,40.32201],[-121.08984,40.32197],[-121.08849,40.31747]],[[-121.38078,39.94808],[-121.38106,39.9484],[-121.38088,39.9481],[-121.38078,39.94808]],[[-121.18634,40.06026],[-121.18597,40.06324],[-121.18729,40.06389],[-121.18877,40.06421],[-121.19081,40.06396],[-121.19328,40.0624],[-121.19506,40.06226],[-121.19639,40.06245],[-121.19848,40.06509],[-121.19965,40.06438],[-121.20065,40.06415],[-121.20187,40.06487],[-121.20438,40.06361],[-121.20704,40.06346],[-121.20827,40.06386],[-121.20896,40.06351],[-121.20855,40.0629],[-121.2086,40.06215],[-121.20937,40.06164],[-121.21004,40.06165],[-121.21048,40.06104],[-121.21001,40.05965],[-121.21012,40.05877],[-121.21247,40.05869],[-121.21306,40.05823],[-121.21286,40.05781],[-121.21126,40.05728],[-121.21179,40.05657],[-121.20876,40.05559],[-121.20856,40.05473],[-121.20756,40.05412],[-121.20734,40.04967],[-121.20671,40.04827],[-121.20339,40.04692],[-121.20184,40.04778],[-121.20302,40.04906],[-121.20331,40.05089],[-121.20207,40.05211],[-121.20191,40.05121],[-121.20063,40.05115],[-121.19854,40.05029],[-121.19793,40.04762],[-121.19904,40.0467],[-121.19872,40.04598],[-121.20052,40.04443],[-121.20042,40.04394],[-121.19598,40.04329],[-121.19546,40.04243],[-121.1929,40.04099],[-121.19244,40.03894],[-121.19151,40.03761],[-121.18931,40.03933],[-121.18935,40.03965],[-121.18845,40.03999],[-121.18912,40.04047],[-121.18793,40.04117],[-121.18558,40.0409],[-121.1852,40.04135],[-121.18516,40.04075],[-121.18444,40.04028],[-121.1851,40.03979],[-121.18484,40.03826],[-121.18365,40.03789],[-121.18388,40.03867],[-121.18301,40.03997],[-121.18308,40.04118],[-121.18395,40.04132],[-121.18488,40.04292],[-121.18289,40.04256],[-121.18212,40.0444],[-121.17835,40.0451],[-121.17757,40.0467],[-121.17686,40.0467],[-121.1763,40.0463],[-121.17586,40.04678],[-121.17471,40.04686],[-121.17448,40.04626],[-121.17337,40.04692],[-121.17197,40.04704],[-121.17129,40.04874],[-121.17008,40.04976],[-121.17021,40.05113],[-121.17139,40.05267],[-121.17146,40.05418],[-121.16935,40.05587],[-121.16905,40.05732],[-121.16946,40.05828],[-121.17051,40.05769],[-121.17515,40.05736],[-121.17583,40.05644],[-121.17668,40.05611],[-121.17862,40.05616],[-121.17988,40.05639],[-121.18303,40.0583],[-121.18483,40.05864],[-121.18634,40.06026]],[[-121.23096,40.1291],[-121.22966,40.12884],[-121.22905,40.12895],[-121.22791,40.13033],[-121.22558,40.13126],[-121.22558,40.1315],[-121.22311,40.13094],[-121.22244,40.13103],[-121.22239,40.13163],[-121.22113,40.13277],[-121.22131,40.1333],[-121.22089,40.13332],[-121.22051,40.13383],[-121.22148,40.13467],[-121.22214,40.13588],[-121.22163,40.13638],[-121.22159,40.13751],[-121.22107,40.13801],[-121.22178,40.13917],[-121.22148,40.14017],[-121.22313,40.1417],[-121.22163,40.14192],[-121.22083,40.14155],[-121.2205,40.1409],[-121.21989,40.1416],[-121.21922,40.14131],[-121.21899,40.14211],[-121.21844,40.1424],[-121.21825,40.14371],[-121.2186,40.14464],[-121.21945,40.14479],[-121.21938,40.14566],[-121.21851,40.14603],[-121.2178,40.14572],[-121.2162,40.14586],[-121.21637,40.1452],[-121.21558,40.14435],[-121.21423,40.14431],[-121.21397,40.14462],[-121.21349,40.14444],[-121.21318,40.14473],[-121.21288,40.14563],[-121.21225,40.14535],[-121.21228,40.14475],[-121.21197,40.14471],[-121.21057,40.14545],[-121.21136,40.14578],[-121.21083,40.14642],[-121.21043,40.14623],[-121.21031,40.14558],[-121.20874,40.14553],[-121.20791,40.14488],[-121.20711,40.14581],[-121.20774,40.14617],[-121.20746,40.14652],[-121.20792,40.14698],[-121.20764,40.14777],[-121.20854,40.1484],[-121.20765,40.14837],[-121.2071,40.14907],[-121.20586,40.14895],[-121.20543,40.15041],[-121.20471,40.15035],[-121.20435,40.15075],[-121.20373,40.15029],[-121.20287,40.15024],[-121.20376,40.14907],[-121.20267,40.1483],[-121.19953,40.15013],[-121.19873,40.15218],[-121.19898,40.15261],[-121.1986,40.15261],[-121.1985,40.15295],[-121.19656,40.15299],[-121.19676,40.1538],[-121.19808,40.15416],[-121.19833,40.15468],[-121.20184,40.15487],[-121.20206,40.15545],[-121.20318,40.15611],[-121.20371,40.15701],[-121.20587,40.15707],[-121.20676,40.15752],[-121.20788,40.15899],[-121.2123,40.15869],[-121.21413,40.15923],[-121.21558,40.16006],[-121.21647,40.15982],[-121.21678,40.15896],[-121.21642,40.15791],[-121.21721,40.15666],[-121.2169,40.15532],[-121.2157,40.15564],[-121.21507,40.15522],[-121.21473,40.15531],[-121.21482,40.15561],[-121.21349,40.15658],[-121.21313,40.15574],[-121.2119,40.15507],[-121.21143,40.15493],[-121.21009,40.15546],[-121.20943,40.15528],[-121.20811,40.15442],[-121.20798,40.15372],[-121.20995,40.15255],[-121.21119,40.1513],[-121.21192,40.15131],[-121.21232,40.15229],[-121.21275,40.15228],[-121.21361,40.15217],[-121.21406,40.15137],[-121.21479,40.15098],[-121.21597,40.1512],[-121.21636,40.15167],[-121.21705,40.15084],[-121.21726,40.14976],[-121.21832,40.15078],[-121.21976,40.15047],[-121.22005,40.15001],[-121.21967,40.14936],[-121.22002,40.14907],[-121.21906,40.14892],[-121.21967,40.1477],[-121.22029,40.14722],[-121.22065,40.14716],[-121.22095,40.14753],[-121.22071,40.1487],[-121.22124,40.14954],[-121.22172,40.14942],[-121.22157,40.14914],[-121.22201,40.14872],[-121.22376,40.14859],[-121.22405,40.14885],[-121.22543,40.1485],[-121.22521,40.14935],[-121.22431,40.1496],[-121.22458,40.14996],[-121.2252,40.15007],[-121.22631,40.1492],[-121.22662,40.1496],[-121.22744,40.14898],[-121.2275,40.14782],[-121.2272,40.14664],[-121.22672,40.14632],[-121.22713,40.14616],[-121.22774,40.14654],[-121.22845,40.14615],[-121.22735,40.1458],[-121.22753,40.14548],[-121.22691,40.14489],[-121.22739,40.14479],[-121.22748,40.14426],[-121.2312,40.14483],[-121.2314,40.14524],[-121.23086,40.14573],[-121.23132,40.14613],[-121.23226,40.1461],[-121.23242,40.14549],[-121.23312,40.14581],[-121.23412,40.144],[-121.23314,40.14183],[-121.23222,40.14237],[-121.23074,40.14188],[-121.23058,40.14011],[-121.23016,40.13948],[-121.22874,40.13956],[-121.22753,40.13757],[-121.22609,40.13697],[-121.2272,40.13532],[-121.22715,40.13442],[-121.22903,40.13295],[-121.229,40.13195],[-121.22972,40.1314],[-121.22945,40.13064],[-121.2299,40.12953],[-121.23093,40.12967],[-121.23096,40.1291]],[[-121.15466,40.15042],[-121.15421,40.15284],[-121.15399,40.15318],[-121.15347,40.15318],[-121.15331,40.15364],[-121.15205,40.15382],[-121.15154,40.15341],[-121.1508,40.15332],[-121.15002,40.15164],[-121.14893,40.15076],[-121.14758,40.1506],[-121.14619,40.15128],[-121.14771,40.15356],[-121.14938,40.15502],[-121.14948,40.15569],[-121.14933,40.15639],[-121.1489,40.15652],[-121.14876,40.1558],[-121.14757,40.1546],[-121.14608,40.1556],[-121.14635,40.15648],[-121.14611,40.15771],[-121.14439,40.15817],[-121.14502,40.15969],[-121.14459,40.16022],[-121.14665,40.16056],[-121.14759,40.16208],[-121.14608,40.16373],[-121.14505,40.16422],[-121.14526,40.16475],[-121.14491,40.16579],[-121.14378,40.1659],[-121.14409,40.16751],[-121.14404,40.16777],[-121.14351,40.16781],[-121.14345,40.16842],[-121.14085,40.16869],[-121.14062,40.16898],[-121.1416,40.17051],[-121.14285,40.17048],[-121.14327,40.17085],[-121.1428,40.17165],[-121.14075,40.17273],[-121.14175,40.17373],[-121.1416,40.17416],[-121.13956,40.17404],[-121.13987,40.17465],[-121.13931,40.17526],[-121.13883,40.17554],[-121.13786,40.17552],[-121.13638,40.17736],[-121.13578,40.17775],[-121.13439,40.17746],[-121.132,40.17885],[-121.1317,40.17943],[-121.13093,40.17909],[-121.12946,40.17905],[-121.12866,40.17859],[-121.12817,40.18],[-121.12727,40.18098],[-121.12914,40.1817],[-121.13127,40.18106],[-121.13187,40.18322],[-121.13438,40.18345],[-121.13544,40.18258],[-121.13512,40.18199],[-121.13771,40.18075],[-121.13737,40.18031],[-121.13821,40.17886],[-121.13997,40.17865],[-121.14175,40.18007],[-121.14612,40.18105],[-121.14844,40.18268],[-121.14992,40.18246],[-121.1551,40.18253],[-121.15713,40.18222],[-121.15912,40.18162],[-121.16161,40.18031],[-121.16055,40.17744],[-121.16029,40.17535],[-121.16191,40.17313],[-121.16318,40.17285],[-121.16322,40.17206],[-121.16226,40.17009],[-121.1604,40.17058],[-121.15948,40.17019],[-121.15931,40.17065],[-121.15669,40.17021],[-121.15527,40.17113],[-121.15424,40.17136],[-121.15158,40.17122],[-121.15105,40.17051],[-121.15059,40.16647],[-121.15081,40.16534],[-121.15247,40.16434],[-121.15433,40.16413],[-121.15584,40.16563],[-121.15594,40.16719],[-121.15668,40.1669],[-121.15884,40.16709],[-121.15952,40.1667],[-121.15851,40.16604],[-121.15918,40.16477],[-121.15883,40.16389],[-121.15961,40.1637],[-121.15874,40.16278],[-121.16006,40.16191],[-121.16163,40.16135],[-121.16248,40.16129],[-121.16354,40.16167],[-121.16436,40.16135],[-121.16537,40.16182],[-121.16533,40.16301],[-121.16611,40.16434],[-121.16738,40.1642],[-121.16772,40.16373],[-121.16874,40.1638],[-121.17069,40.16443],[-121.17081,40.16487],[-121.17142,40.16442],[-121.17326,40.1641],[-121.17323,40.16449],[-121.17364,40.16429],[-121.17435,40.16513],[-121.17329,40.16595],[-121.17312,40.16675],[-121.17628,40.16734],[-121.17652,40.16775],[-121.1778,40.16807],[-121.17763,40.16842],[-121.17654,40.16876],[-121.17554,40.1695],[-121.17667,40.17076],[-121.17667,40.17138],[-121.17655,40.17205],[-121.17534,40.17308],[-121.17602,40.17432],[-121.17935,40.17333],[-121.18036,40.17338],[-121.18117,40.17309],[-121.18353,40.17438],[-121.18285,40.17511],[-121.18134,40.17508],[-121.17997,40.17562],[-121.1785,40.17558],[-121.17753,40.1763],[-121.17966,40.17913],[-121.18007,40.17914],[-121.18036,40.1787],[-121.18059,40.17741],[-121.1818,40.17648],[-121.18364,40.17698],[-121.18484,40.17801],[-121.18452,40.17944],[-121.18468,40.1816],[-121.1842,40.18275],[-121.18497,40.18271],[-121.18665,40.17945],[-121.18686,40.17854],[-121.18648,40.17583],[-121.18717,40.17557],[-121.18837,40.17619],[-121.18906,40.17735],[-121.1888,40.17999],[-121.19058,40.18081],[-121.1909,40.18167],[-121.19019,40.18181],[-121.18939,40.18379],[-121.1879,40.18447],[-121.18729,40.18538],[-121.18752,40.18736],[-121.1864,40.18727],[-121.18612,40.18779],[-121.18649,40.18876],[-121.18375,40.18943],[-121.18365,40.18991],[-121.18718,40.18962],[-121.18941,40.19028],[-121.19077,40.1898],[-121.18812,40.18879],[-121.18829,40.18723],[-121.18781,40.1862],[-121.18863,40.1849],[-121.19061,40.18325],[-121.19137,40.18194],[-121.19083,40.17981],[-121.19117,40.17953],[-121.19178,40.17688],[-121.19199,40.17658],[-121.19334,40.17641],[-121.19296,40.17758],[-121.19336,40.17826],[-121.19477,40.17585],[-121.19251,40.17102],[-121.19278,40.16923],[-121.19385,40.16803],[-121.19447,40.16484],[-121.19397,40.16475],[-121.19376,40.16387],[-121.1927,40.16328],[-121.19299,40.16209],[-121.19363,40.16177],[-121.19346,40.16027],[-121.19257,40.16018],[-121.19151,40.15857],[-121.19162,40.1564],[-121.19069,40.15538],[-121.19025,40.15504],[-121.18946,40.1552],[-121.18732,40.15448],[-121.18758,40.15342],[-121.1873,40.15261],[-121.18673,40.15229],[-121.18716,40.15163],[-121.18697,40.15026],[-121.18611,40.14919],[-121.18645,40.14851],[-121.18475,40.14638],[-121.18364,40.14574],[-121.18364,40.14501],[-121.18269,40.14292],[-121.18152,40.14293],[-121.18086,40.14391],[-121.1798,40.14394],[-121.17854,40.14353],[-121.17583,40.13985],[-121.17632,40.1387],[-121.1762,40.13767],[-121.17258,40.13292],[-121.17362,40.13121],[-121.17304,40.13073],[-121.17445,40.12968],[-121.17457,40.12909],[-121.1742,40.12848],[-121.17316,40.12868],[-121.17227,40.12942],[-121.16892,40.12975],[-121.1682,40.12879],[-121.16747,40.12886],[-121.16403,40.12773],[-121.16329,40.12779],[-121.16338,40.12756],[-121.16262,40.12728],[-121.16244,40.1266],[-121.16137,40.12636],[-121.16043,40.12567],[-121.15894,40.12538],[-121.15817,40.12465],[-121.15757,40.12484],[-121.15718,40.12443],[-121.1575,40.12395],[-121.1572,40.12328],[-121.15646,40.12312],[-121.15639,40.1234],[-121.1555,40.12372],[-121.15443,40.12337],[-121.15301,40.12157],[-121.15195,40.12079],[-121.15189,40.11984],[-121.14991,40.11975],[-121.14982,40.119],[-121.14895,40.11901],[-121.14833,40.1178],[-121.14838,40.11634],[-121.14777,40.11571],[-121.14878,40.11526],[-121.14893,40.11421],[-121.14951,40.11423],[-121.15067,40.11301],[-121.1481,40.11283],[-121.14743,40.11327],[-121.14547,40.1121],[-121.1449,40.11294],[-121.14417,40.11274],[-121.14375,40.11219],[-121.1432,40.11294],[-121.14167,40.11267],[-121.13908,40.11133],[-121.13758,40.1122],[-121.13635,40.11368],[-121.1359,40.11448],[-121.13583,40.11575],[-121.13657,40.11602],[-121.13724,40.11542],[-121.13793,40.11528],[-121.13863,40.11595],[-121.13895,40.11843],[-121.14025,40.11906],[-121.14329,40.12332],[-121.1462,40.12551],[-121.14546,40.12642],[-121.1463,40.12736],[-121.14693,40.12745],[-121.1475,40.12675],[-121.14816,40.12683],[-121.14936,40.12836],[-121.15025,40.12836],[-121.1507,40.12872],[-121.151,40.12956],[-121.15213,40.12863],[-121.15496,40.12928],[-121.15549,40.12889],[-121.15644,40.12908],[-121.15745,40.12972],[-121.15961,40.13031],[-121.16138,40.13206],[-121.16132,40.1325],[-121.16063,40.13269],[-121.16069,40.13324],[-121.16137,40.13297],[-121.16176,40.13319],[-121.1615,40.13383],[-121.16129,40.13372],[-121.16179,40.13402],[-121.16174,40.1348],[-121.16305,40.1377],[-121.16192,40.13809],[-121.16181,40.13946],[-121.16039,40.14027],[-121.15965,40.14015],[-121.15917,40.14039],[-121.15897,40.1412],[-121.16003,40.14284],[-121.15949,40.14339],[-121.16008,40.14454],[-121.15944,40.14455],[-121.15822,40.14521],[-121.15836,40.14589],[-121.15733,40.14715],[-121.1573,40.14855],[-121.15611,40.1484],[-121.15466,40.15042]],[[-121.39634,40.5543],[-121.39571,40.55515],[-121.39467,40.55527],[-121.39413,40.55405],[-121.39349,40.55372],[-121.39314,40.55367],[-121.39326,40.55431],[-121.39278,40.55452],[-121.39146,40.55441],[-121.39079,40.55297],[-121.39215,40.55004],[-121.3918,40.54822],[-121.39259,40.54763],[-121.394,40.54742],[-121.39374,40.54528],[-121.394,40.54422],[-121.39454,40.54392],[-121.39543,40.54403],[-121.3965,40.54509],[-121.39826,40.54556],[-121.39851,40.54536],[-121.39893,40.54552],[-121.39903,40.54601],[-121.40096,40.54665],[-121.40083,40.5459],[-121.40158,40.54554],[-121.40264,40.54613],[-121.40285,40.54597],[-121.40395,40.54633],[-121.40437,40.54799],[-121.40534,40.54792],[-121.40534,40.54601],[-121.40598,40.54566],[-121.40659,40.54571],[-121.40745,40.547],[-121.408,40.54588],[-121.40783,40.54548],[-121.40984,40.54453],[-121.4099,40.54398],[-121.40919,40.54316],[-121.40967,40.54266],[-121.40926,40.54262],[-121.40859,40.54181],[-121.40905,40.54146],[-121.40998,40.54151],[-121.41098,40.54214],[-121.41247,40.53741],[-121.41289,40.53453],[-121.4155,40.53223],[-121.41884,40.53043],[-121.41889,40.52997],[-121.41939,40.52967],[-121.42213,40.5291],[-121.426,40.52916],[-121.4283,40.52789],[-121.42936,40.52661],[-121.42704,40.52396],[-121.42723,40.5231],[-121.42671,40.52296],[-121.42776,40.51971],[-121.42622,40.51946],[-121.42573,40.51881],[-121.42603,40.51824],[-121.42675,40.51818],[-121.42751,40.51761],[-121.42685,40.51699],[-121.42698,40.51631],[-121.42816,40.51583],[-121.42884,40.51616],[-121.42879,40.51567],[-121.4277,40.51559],[-121.4276,40.51522],[-121.42822,40.51312],[-121.42884,40.51351],[-121.42876,40.51419],[-121.42918,40.51417],[-121.42934,40.51374],[-121.43066,40.51455],[-121.43127,40.51308],[-121.43114,40.51237],[-121.4305,40.51204],[-121.43076,40.51178],[-121.4303,40.51133],[-121.42898,40.51222],[-121.42867,40.5121],[-121.42724,40.51264],[-121.42481,40.51175],[-121.4231,40.51283],[-121.42301,40.51322],[-121.42367,40.51379],[-121.42401,40.51373],[-121.42344,40.51458],[-121.42248,40.51397],[-121.4228,40.51375],[-121.42269,40.51236],[-121.42371,40.51208],[-121.42409,40.51078],[-121.42509,40.51097],[-121.42535,40.51074],[-121.42464,40.50972],[-121.42487,40.50911],[-121.42443,40.50863],[-121.42409,40.50951],[-121.42319,40.5099],[-121.42321,40.5103],[-121.42395,40.51019],[-121.42417,40.51051],[-121.42364,40.51052],[-121.42204,40.512],[-121.42181,40.51169],[-121.42289,40.51057],[-121.4215,40.51076],[-121.42137,40.51057],[-121.42132,40.51088],[-121.42072,40.51099],[-121.42043,40.51068],[-121.42083,40.51004],[-121.42007,40.50986],[-121.41908,40.51081],[-121.41871,40.51056],[-121.41868,40.51001],[-121.41941,40.50948],[-121.41829,40.50977],[-121.41799,40.50947],[-121.4186,40.5092],[-121.41865,40.50801],[-121.41788,40.50803],[-121.41805,40.50839],[-121.41764,40.50921],[-121.41535,40.51011],[-121.41541,40.50978],[-121.41469,40.5092],[-121.41559,40.50916],[-121.41583,40.50851],[-121.41686,40.50806],[-121.41705,40.50751],[-121.41647,40.50705],[-121.41649,40.50724],[-121.41552,40.50705],[-121.41521,40.50724],[-121.41566,40.50749],[-121.4155,40.50785],[-121.41491,40.50762],[-121.41467,40.50782],[-121.41431,40.50924],[-121.41367,40.50901],[-121.41344,40.5093],[-121.41277,40.50848],[-121.41274,40.50879],[-121.41095,40.50906],[-121.40969,40.51097],[-121.40921,40.51098],[-121.40903,40.51006],[-121.40852,40.50981],[-121.40778,40.51144],[-121.40836,40.51189],[-121.40821,40.51248],[-121.40864,40.51266],[-121.40852,40.51283],[-121.40763,40.51224],[-121.40742,40.51284],[-121.40794,40.51337],[-121.40881,40.51338],[-121.40942,40.51479],[-121.40797,40.51521],[-121.40784,40.5143],[-121.40722,40.5148],[-121.40642,40.51489],[-121.40585,40.51563],[-121.40525,40.51533],[-121.40541,40.51625],[-121.40451,40.51635],[-121.40336,40.51838],[-121.40289,40.51864],[-121.40257,40.51782],[-121.40268,40.51762],[-121.40314,40.51779],[-121.40377,40.51698],[-121.40275,40.5165],[-121.4035,40.51562],[-121.40223,40.51545],[-121.40171,40.51643],[-121.40113,40.51669],[-121.40102,40.51633],[-121.40179,40.51544],[-121.40142,40.51546],[-121.40131,40.51509],[-121.40073,40.51513],[-121.39944,40.51618],[-121.39852,40.51625],[-121.39823,40.51677],[-121.39809,40.51604],[-121.39887,40.51562],[-121.39946,40.51476],[-121.39894,40.51459],[-121.39832,40.51479],[-121.39796,40.51533],[-121.39762,40.51472],[-121.39655,40.51493],[-121.39635,40.51453],[-121.39684,40.5141],[-121.39647,40.51387],[-121.39604,40.5143],[-121.39485,40.51407],[-121.39461,40.51483],[-121.39362,40.51531],[-121.39333,40.51599],[-121.39297,40.51521],[-121.39329,40.51421],[-121.3923,40.5143],[-121.39196,40.51381],[-121.39106,40.51376],[-121.39082,40.513],[-121.39015,40.51324],[-121.38845,40.51292],[-121.38796,40.51359],[-121.38812,40.51437],[-121.3886,40.5145],[-121.3887,40.51489],[-121.38564,40.51615],[-121.38564,40.51559],[-121.38447,40.51535],[-121.38417,40.51409],[-121.3847,40.51406],[-121.38448,40.51475],[-121.38494,40.51515],[-121.38537,40.51514],[-121.3854,40.5148],[-121.38634,40.51486],[-121.38732,40.51447],[-121.38739,40.514],[-121.3868,40.51416],[-121.38673,40.51314],[-121.387,40.51363],[-121.38747,40.51358],[-121.38876,40.51173],[-121.38864,40.51093],[-121.38755,40.51078],[-121.38773,40.511],[-121.38708,40.51137],[-121.38604,40.51115],[-121.38588,40.51053],[-121.38544,40.51081],[-121.38466,40.51039],[-121.38366,40.51067],[-121.38367,40.51019],[-121.38432,40.50959],[-121.38402,40.50947],[-121.38393,40.5097],[-121.38344,40.50966],[-121.38364,40.51041],[-121.38335,40.51059],[-121.38224,40.5102],[-121.38228,40.51066],[-121.38291,40.51116],[-121.38187,40.51165],[-121.38197,40.51233],[-121.38243,40.51261],[-121.38188,40.51281],[-121.38162,40.5135],[-121.38177,40.51392],[-121.38264,40.51338],[-121.38284,40.51456],[-121.38165,40.51456],[-121.38071,40.51416],[-121.37996,40.51476],[-121.37997,40.51548],[-121.38128,40.51519],[-121.38129,40.51556],[-121.38058,40.51558],[-121.38055,40.51667],[-121.38179,40.517],[-121.38177,40.51741],[-121.38007,40.51722],[-121.37979,40.51765],[-121.37933,40.51723],[-121.3785,40.51745],[-121.37876,40.51799],[-121.37819,40.51847],[-121.37923,40.51982],[-121.37843,40.52005],[-121.37933,40.52107],[-121.37923,40.52187],[-121.37888,40.52182],[-121.37969,40.52262],[-121.3789,40.52358],[-121.3811,40.52436],[-121.38188,40.5255],[-121.38122,40.52584],[-121.38077,40.52501],[-121.37946,40.52473],[-121.37888,40.52544],[-121.3801,40.52681],[-121.38058,40.52673],[-121.38152,40.52723],[-121.38153,40.52867],[-121.38079,40.52907],[-121.38136,40.53018],[-121.3804,40.53101],[-121.37967,40.53056],[-121.37962,40.53106],[-121.37915,40.53098],[-121.37914,40.53062],[-121.37854,40.53029],[-121.37897,40.52977],[-121.37818,40.52911],[-121.37822,40.52832],[-121.37722,40.52972],[-121.37782,40.5301],[-121.37798,40.53072],[-121.37756,40.53108],[-121.37756,40.53282],[-121.37909,40.53267],[-121.37944,40.53301],[-121.37936,40.53241],[-121.37975,40.53222],[-121.38074,40.53355],[-121.38089,40.53479],[-121.38071,40.53506],[-121.37987,40.53513],[-121.37918,40.53588],[-121.37923,40.53668],[-121.37859,40.53669],[-121.37855,40.53704],[-121.37912,40.53762],[-121.37908,40.53805],[-121.37968,40.53831],[-121.37944,40.53946],[-121.38068,40.54011],[-121.38106,40.54076],[-121.38078,40.54111],[-121.37977,40.54079],[-121.3794,40.54102],[-121.37904,40.54157],[-121.37943,40.54247],[-121.37917,40.54364],[-121.37823,40.54333],[-121.37752,40.54253],[-121.3772,40.54261],[-121.37694,40.54339],[-121.37772,40.54342],[-121.37857,40.54388],[-121.37855,40.54459],[-121.38015,40.54539],[-121.3802,40.54576],[-121.37964,40.54617],[-121.37881,40.54574],[-121.37836,40.54589],[-121.37849,40.54618],[-121.37801,40.54625],[-121.37778,40.54689],[-121.3782,40.54727],[-121.37718,40.54827],[-121.37744,40.54927],[-121.37669,40.55043],[-121.37724,40.55096],[-121.37774,40.55072],[-121.3782,40.55088],[-121.37867,40.55147],[-121.37953,40.5517],[-121.38002,40.55136],[-121.38017,40.55156],[-121.37987,40.55333],[-121.38047,40.55309],[-121.38093,40.55391],[-121.38182,40.55454],[-121.38208,40.55543],[-121.38153,40.55577],[-121.38103,40.55679],[-121.38044,40.55708],[-121.38058,40.55778],[-121.38161,40.55811],[-121.38206,40.55935],[-121.38274,40.55973],[-121.38284,40.55937],[-121.38364,40.55919],[-121.38364,40.55865],[-121.38504,40.55684],[-121.38548,40.5573],[-121.38639,40.55727],[-121.38719,40.55689],[-121.38686,40.55737],[-121.38773,40.55814],[-121.38982,40.55759],[-121.39142,40.55777],[-121.39166,40.55817],[-121.39225,40.55819],[-121.3931,40.55659],[-121.39084,40.55683],[-121.39001,40.5561],[-121.39017,40.55492],[-121.39168,40.5548],[-121.3927,40.55542],[-121.39403,40.55581],[-121.39545,40.55575],[-121.3958,40.55604],[-121.39671,40.55577],[-121.39705,40.55521],[-121.39851,40.55518],[-121.39864,40.55463],[-121.39909,40.55459],[-121.39982,40.55465],[-121.40061,40.55544],[-121.40184,40.5556],[-121.40237,40.55537],[-121.40292,40.55481],[-121.40273,40.55091],[-121.40125,40.54993],[-121.39764,40.55087],[-121.39694,40.55128],[-121.39723,40.55195],[-121.39536,40.55325],[-121.39568,40.5536],[-121.39609,40.55346],[-121.39634,40.5543]],[[-121.35907,40.53965],[-121.35922,40.53974],[-121.35925,40.5397],[-121.35907,40.53965]],[[-121.35767,40.54658],[-121.36047,40.54646],[-121.36069,40.54611],[-121.36066,40.54557],[-121.35954,40.54526],[-121.35953,40.54484],[-121.36023,40.54428],[-121.35931,40.54247],[-121.35989,40.54175],[-121.36128,40.54183],[-121.36039,40.53999],[-121.36168,40.53922],[-121.36182,40.53864],[-121.36131,40.53848],[-121.36103,40.53775],[-121.36024,40.5384],[-121.35921,40.53817],[-121.36018,40.53864],[-121.36002,40.53954],[-121.35929,40.54],[-121.35918,40.54079],[-121.35794,40.5406],[-121.35824,40.54031],[-121.35782,40.54009],[-121.35776,40.53939],[-121.35722,40.53933],[-121.35705,40.53862],[-121.35622,40.53926],[-121.3572,40.54011],[-121.35802,40.54165],[-121.35785,40.54217],[-121.35692,40.54247],[-121.35583,40.54184],[-121.35609,40.54139],[-121.35533,40.54168],[-121.35517,40.54234],[-121.35637,40.54298],[-121.3564,40.54339],[-121.35544,40.54393],[-121.35537,40.54437],[-121.35551,40.54481],[-121.35733,40.54567],[-121.3573,40.54627],[-121.35767,40.54658]],[[-121.17355,40.55852],[-121.17354,40.55851],[-121.17345,40.55859],[-121.17355,40.55852]],[[-121.38161,40.55946],[-121.38056,40.55953],[-121.38029,40.56029],[-121.38075,40.56036],[-121.38105,40.56172],[-121.38225,40.56232],[-121.38246,40.56184],[-121.38173,40.56166],[-121.382,40.56011],[-121.38161,40.55946]],[[-121.38341,40.56416],[-121.38341,40.56343],[-121.38178,40.56315],[-121.38126,40.56268],[-121.38041,40.56281],[-121.38049,40.56319],[-121.3801,40.56335],[-121.37906,40.56319],[-121.37883,40.5636],[-121.37841,40.56362],[-121.37816,40.56334],[-121.37691,40.56395],[-121.37704,40.56443],[-121.37833,40.56404],[-121.37936,40.56445],[-121.37949,40.56477],[-121.38341,40.56416]],[[-121.35729,40.57528],[-121.35905,40.57346],[-121.35879,40.57277],[-121.36017,40.57232],[-121.36076,40.57174],[-121.36092,40.57106],[-121.36173,40.57034],[-121.36162,40.56979],[-121.3633,40.56862],[-121.36567,40.56791],[-121.36635,40.56727],[-121.36632,40.56686],[-121.36524,40.56742],[-121.36523,40.56689],[-121.36465,40.56685],[-121.36449,40.56756],[-121.3632,40.56784],[-121.36302,40.56709],[-121.36335,40.56667],[-121.36242,40.56625],[-121.36198,40.56494],[-121.36082,40.56492],[-121.36043,40.56631],[-121.36092,40.56689],[-121.35966,40.56734],[-121.35816,40.56707],[-121.35777,40.56808],[-121.35847,40.56807],[-121.35899,40.56874],[-121.35829,40.56953],[-121.35822,40.57012],[-121.35767,40.57038],[-121.3573,40.57013],[-121.35742,40.5697],[-121.35611,40.56973],[-121.35608,40.57016],[-121.35575,40.57005],[-121.35542,40.57033],[-121.35574,40.57116],[-121.35451,40.57191],[-121.35477,40.5724],[-121.35445,40.57257],[-121.35414,40.57253],[-121.35409,40.57205],[-121.35373,40.57228],[-121.35362,40.5719],[-121.35347,40.57046],[-121.35356,40.57019],[-121.35414,40.57044],[-121.35425,40.5702],[-121.3539,40.56988],[-121.35404,40.56912],[-121.35273,40.56902],[-121.35249,40.56821],[-121.35263,40.56784],[-121.35318,40.56779],[-121.35414,40.56836],[-121.3542,40.56788],[-121.35481,40.56796],[-121.35542,40.56728],[-121.35477,40.56701],[-121.3549,40.56651],[-121.35401,40.56573],[-121.3539,40.56608],[-121.35335,40.5662],[-121.35281,40.56594],[-121.35216,40.56678],[-121.35154,40.56697],[-121.35169,40.56797],[-121.35104,40.56834],[-121.35167,40.56909],[-121.35096,40.569],[-121.35103,40.57048],[-121.35054,40.57044],[-121.35026,40.57023],[-121.35008,40.57024],[-121.34974,40.57064],[-121.34923,40.57066],[-121.34821,40.5723],[-121.34853,40.57249],[-121.3463,40.57229],[-121.34576,40.57322],[-121.34496,40.57341],[-121.34391,40.57325],[-121.34335,40.57275],[-121.34296,40.57312],[-121.34208,40.57312],[-121.3418,40.57303],[-121.34213,40.5725],[-121.34323,40.57231],[-121.34326,40.57201],[-121.3427,40.57173],[-121.34326,40.57125],[-121.34268,40.57111],[-121.34254,40.57051],[-121.34302,40.57027],[-121.34261,40.57013],[-121.34298,40.56899],[-121.34325,40.56943],[-121.34347,40.56907],[-121.34413,40.56894],[-121.34335,40.56871],[-121.3442,40.56796],[-121.34544,40.56768],[-121.34586,40.56791],[-121.3461,40.56757],[-121.34711,40.56753],[-121.34709,40.56726],[-121.34645,40.56705],[-121.34655,40.56664],[-121.34616,40.56661],[-121.34616,40.56609],[-121.34464,40.56618],[-121.34408,40.56649],[-121.34373,40.56567],[-121.34491,40.56518],[-121.34557,40.56534],[-121.34579,40.5647],[-121.34622,40.56452],[-121.34653,40.56193],[-121.34614,40.56129],[-121.34547,40.56129],[-121.34496,40.55987],[-121.34404,40.55969],[-121.34373,40.559],[-121.34303,40.56035],[-121.34267,40.55978],[-121.34183,40.55996],[-121.34145,40.56076],[-121.34035,40.56073],[-121.34022,40.56196],[-121.34147,40.56205],[-121.34169,40.56258],[-121.34032,40.56296],[-121.33971,40.56337],[-121.33971,40.56374],[-121.33812,40.56369],[-121.33995,40.56525],[-121.3398,40.56577],[-121.34038,40.56683],[-121.33756,40.56911],[-121.33859,40.57005],[-121.34028,40.5701],[-121.33954,40.57163],[-121.33633,40.57472],[-121.33654,40.57544],[-121.33585,40.57547],[-121.33586,40.5752],[-121.33549,40.57558],[-121.33611,40.5763],[-121.33571,40.57684],[-121.33594,40.57748],[-121.33781,40.57737],[-121.33901,40.57762],[-121.33896,40.57829],[-121.34035,40.57883],[-121.34086,40.58042],[-121.34042,40.58112],[-121.34074,40.58239],[-121.34186,40.58198],[-121.34241,40.58205],[-121.3429,40.58263],[-121.34335,40.58209],[-121.34492,40.58145],[-121.34621,40.58003],[-121.34737,40.57962],[-121.34808,40.57988],[-121.34834,40.58053],[-121.34914,40.58022],[-121.34978,40.58085],[-121.3503,40.58082],[-121.34901,40.57969],[-121.34941,40.57945],[-121.34946,40.57907],[-121.34886,40.57901],[-121.34921,40.57855],[-121.34779,40.57824],[-121.34814,40.57748],[-121.34879,40.57758],[-121.34931,40.57822],[-121.34985,40.57772],[-121.35014,40.57798],[-121.35104,40.57769],[-121.35145,40.57791],[-121.35168,40.57742],[-121.35344,40.57771],[-121.35273,40.57575],[-121.35375,40.57543],[-121.35528,40.57645],[-121.3553,40.57604],[-121.35629,40.57545],[-121.35729,40.57528]],[[-121.36762,40.56836],[-121.36676,40.56918],[-121.36468,40.57013],[-121.36459,40.57129],[-121.36854,40.5708],[-121.36855,40.57027],[-121.36967,40.57003],[-121.36944,40.56926],[-121.36983,40.56917],[-121.37015,40.56955],[-121.37105,40.56964],[-121.37141,40.57058],[-121.36992,40.57095],[-121.37018,40.57175],[-121.36994,40.5719],[-121.36845,40.57184],[-121.36704,40.57221],[-121.36636,40.57322],[-121.36604,40.57327],[-121.36562,40.57258],[-121.36488,40.57269],[-121.36375,40.57561],[-121.36472,40.57569],[-121.36504,40.57618],[-121.36574,40.5764],[-121.36597,40.57599],[-121.36758,40.57567],[-121.367,40.57491],[-121.36797,40.57407],[-121.36906,40.5746],[-121.36964,40.57442],[-121.37013,40.57529],[-121.37001,40.5758],[-121.37101,40.57623],[-121.3706,40.57717],[-121.3698,40.57653],[-121.36929,40.57671],[-121.36943,40.57624],[-121.36827,40.57613],[-121.36816,40.57571],[-121.36664,40.57754],[-121.36546,40.57822],[-121.36691,40.57851],[-121.36671,40.57989],[-121.36939,40.57991],[-121.37106,40.57952],[-121.3718,40.57969],[-121.37273,40.57896],[-121.37278,40.57839],[-121.37326,40.57834],[-121.3733,40.5781],[-121.37271,40.57811],[-121.37243,40.57763],[-121.3736,40.57692],[-121.37379,40.57729],[-121.37447,40.57731],[-121.37364,40.57646],[-121.37401,40.57587],[-121.37502,40.57545],[-121.37518,40.57294],[-121.37554,40.57232],[-121.37604,40.57237],[-121.37853,40.57123],[-121.37852,40.56973],[-121.37803,40.56871],[-121.37621,40.56924],[-121.375,40.56926],[-121.3744,40.56894],[-121.37366,40.56702],[-121.37347,40.56776],[-121.3729,40.56815],[-121.37137,40.56816],[-121.37119,40.56764],[-121.37164,40.56711],[-121.37159,40.56634],[-121.37004,40.56566],[-121.36971,40.56584],[-121.36983,40.56699],[-121.36895,40.5672],[-121.36865,40.56779],[-121.36832,40.5677],[-121.36819,40.56838],[-121.36762,40.56836]],[[-120.41016,40.00423],[-120.41055,40.00412],[-120.4106,40.00336],[-120.41249,40.00304],[-120.41372,40.00322],[-120.41457,40.00366],[-120.41545,40.00373],[-120.41869,40.00532],[-120.41914,40.00508],[-120.41945,40.00531],[-120.41852,40.00336],[-120.4178,40.00331],[-120.41709,40.00235],[-120.41734,40.00198],[-120.41879,40.00255],[-120.42014,40.00225],[-120.4205,40.00232],[-120.4205,40.00278],[-120.42146,40.003],[-120.4221,40.00054],[-120.41883,39.99514],[-120.4187,39.99433],[-120.41802,39.99424],[-120.41711,39.99509],[-120.4165,39.99461],[-120.41859,39.99301],[-120.41994,39.99259],[-120.41817,39.99245],[-120.41801,39.99284],[-120.41724,39.99292],[-120.41703,39.99247],[-120.41566,39.992],[-120.41562,39.99139],[-120.41467,39.99057],[-120.41484,39.98978],[-120.4139,39.98962],[-120.41392,39.98883],[-120.41199,39.98795],[-120.41158,39.98666],[-120.4107,39.98573],[-120.40952,39.98534],[-120.40912,39.98484],[-120.40888,39.98388],[-120.40928,39.9833],[-120.40858,39.98291],[-120.40821,39.98347],[-120.40791,39.98318],[-120.40784,39.9838],[-120.40788,39.98451],[-120.40846,39.98515],[-120.40839,39.98636],[-120.40744,39.98734],[-120.40672,39.98732],[-120.40637,39.98761],[-120.40623,39.98664],[-120.40513,39.98772],[-120.4048,39.98871],[-120.40403,39.98881],[-120.40324,39.9878],[-120.40254,39.98831],[-120.40194,39.98816],[-120.40146,39.98896],[-120.40006,39.98849],[-120.399,39.98907],[-120.39997,39.98978],[-120.40016,39.99051],[-120.40081,39.99097],[-120.40038,39.99193],[-120.39957,39.99182],[-120.39941,39.99317],[-120.40161,39.9942],[-120.4017,39.99511],[-120.40256,39.99567],[-120.4021,39.99676],[-120.40266,39.99697],[-120.40324,39.99609],[-120.40435,39.99538],[-120.40503,39.99548],[-120.40532,39.9951],[-120.40594,39.99578],[-120.40585,39.99623],[-120.40671,39.99683],[-120.40738,39.99623],[-120.40807,39.99647],[-120.40786,39.99691],[-120.40835,39.99693],[-120.40884,39.99747],[-120.40879,39.99818],[-120.40807,39.99879],[-120.40651,39.99903],[-120.40607,40.00035],[-120.40549,40.00037],[-120.4048,40.00118],[-120.40747,40.00212],[-120.40811,40.00322],[-120.41016,40.00423]],[[-120.28136,39.99727],[-120.2813,39.99721],[-120.28127,39.99731],[-120.28136,39.99727]],[[-120.32256,40.00719],[-120.32413,40.00634],[-120.32529,40.00617],[-120.32593,40.00554],[-120.32598,40.00485],[-120.32554,40.00464],[-120.32502,40.00488],[-120.3251,40.00558],[-120.32459,40.00543],[-120.32471,40.00451],[-120.32426,40.00439],[-120.32427,40.00386],[-120.32362,40.00413],[-120.32375,40.00476],[-120.32342,40.005],[-120.32198,40.0044],[-120.32086,40.00486],[-120.32014,40.00457],[-120.31959,40.00521],[-120.3196,40.00471],[-120.31905,40.00484],[-120.31915,40.00525],[-120.31884,40.00537],[-120.31926,40.00568],[-120.31852,40.00737],[-120.31833,40.0075],[-120.31815,40.0071],[-120.31783,40.00721],[-120.31779,40.00773],[-120.31705,40.0082],[-120.31709,40.00769],[-120.31622,40.00724],[-120.31593,40.00743],[-120.31635,40.00783],[-120.31615,40.00901],[-120.3152,40.00914],[-120.31507,40.00881],[-120.31476,40.0091],[-120.315,40.00927],[-120.3142,40.00961],[-120.31376,40.01035],[-120.31332,40.01008],[-120.31292,40.01019],[-120.31321,40.01163],[-120.31403,40.01232],[-120.3139,40.01269],[-120.31353,40.01271],[-120.31415,40.01324],[-120.31387,40.01344],[-120.31436,40.01363],[-120.31526,40.0133],[-120.31538,40.01289],[-120.31661,40.01206],[-120.31736,40.01263],[-120.31767,40.01256],[-120.31764,40.01285],[-120.31857,40.01355],[-120.32263,40.01261],[-120.32263,40.01225],[-120.32368,40.0116],[-120.32331,40.01128],[-120.3235,40.01101],[-120.32234,40.01048],[-120.32297,40.01],[-120.3233,40.00885],[-120.32309,40.00859],[-120.32224,40.00916],[-120.32174,40.00916],[-120.32153,40.0087],[-120.32256,40.00719]],[[-120.76427,40.04341],[-120.76292,40.04236],[-120.7645,40.04261],[-120.76597,40.04238],[-120.76631,40.04158],[-120.76543,40.04119],[-120.76584,40.04073],[-120.76551,40.03979],[-120.76705,40.03778],[-120.76665,40.03752],[-120.7668,40.03721],[-120.76566,40.03697],[-120.77185,40.03123],[-120.77029,40.03048],[-120.76967,40.0286],[-120.76905,40.02879],[-120.76837,40.02841],[-120.76786,40.02894],[-120.76763,40.03015],[-120.7682,40.03029],[-120.76856,40.03092],[-120.76643,40.03225],[-120.7665,40.03275],[-120.76588,40.0326],[-120.76498,40.03339],[-120.76413,40.03361],[-120.7635,40.03463],[-120.76189,40.03512],[-120.76097,40.0358],[-120.76065,40.03691],[-120.76026,40.03704],[-120.76028,40.03774],[-120.75956,40.03798],[-120.7589,40.03762],[-120.75738,40.03807],[-120.75587,40.03748],[-120.75443,40.03795],[-120.75333,40.03785],[-120.7533,40.03817],[-120.75225,40.03831],[-120.75156,40.03823],[-120.75129,40.03787],[-120.75095,40.03805],[-120.74894,40.03769],[-120.74796,40.03788],[-120.74656,40.03759],[-120.744,40.03767],[-120.74283,40.03704],[-120.74235,40.03625],[-120.74158,40.03617],[-120.74141,40.03573],[-120.7385,40.03589],[-120.73746,40.03508],[-120.73677,40.03534],[-120.73569,40.03504],[-120.7346,40.03413],[-120.73444,40.03318],[-120.73406,40.03302],[-120.73351,40.03371],[-120.73122,40.03328],[-120.73046,40.03295],[-120.72943,40.03143],[-120.72759,40.03078],[-120.72629,40.0314],[-120.72568,40.03321],[-120.72672,40.03443],[-120.72556,40.03516],[-120.7247,40.03666],[-120.724,40.0372],[-120.72379,40.03804],[-120.7241,40.03838],[-120.72244,40.03943],[-120.72179,40.04115],[-120.72192,40.04166],[-120.72048,40.0429],[-120.72034,40.04499],[-120.72204,40.04521],[-120.72301,40.0458],[-120.72273,40.04603],[-120.72311,40.04629],[-120.72209,40.04716],[-120.72173,40.04795],[-120.72057,40.04846],[-120.7211,40.04894],[-120.72116,40.04871],[-120.72282,40.0485],[-120.72527,40.049],[-120.72581,40.04923],[-120.72574,40.05013],[-120.72613,40.05062],[-120.72704,40.05066],[-120.72787,40.05172],[-120.72906,40.05182],[-120.72996,40.05136],[-120.72974,40.05062],[-120.73031,40.05015],[-120.72987,40.04859],[-120.73055,40.04858],[-120.73017,40.04807],[-120.73099,40.04699],[-120.73434,40.04585],[-120.73585,40.04596],[-120.73756,40.04359],[-120.73794,40.04393],[-120.73781,40.0446],[-120.73917,40.04504],[-120.74093,40.04493],[-120.74133,40.04458],[-120.74403,40.04495],[-120.74515,40.04475],[-120.74625,40.04505],[-120.74602,40.04566],[-120.74674,40.04555],[-120.74697,40.04585],[-120.74654,40.04616],[-120.7466,40.04682],[-120.74853,40.0476],[-120.75065,40.04741],[-120.75112,40.04795],[-120.75113,40.04726],[-120.75196,40.04721],[-120.7526,40.0476],[-120.7524,40.04837],[-120.75281,40.04929],[-120.75253,40.05007],[-120.75327,40.05014],[-120.75387,40.05108],[-120.75465,40.05085],[-120.75512,40.05215],[-120.7551,40.05166],[-120.75541,40.05184],[-120.75548,40.05163],[-120.75512,40.05097],[-120.7558,40.05123],[-120.75574,40.05035],[-120.75457,40.0479],[-120.75416,40.04779],[-120.75548,40.0464],[-120.75568,40.04514],[-120.7565,40.04488],[-120.75728,40.04533],[-120.75756,40.04489],[-120.75856,40.04478],[-120.76109,40.04375],[-120.76395,40.04383],[-120.76427,40.04341]],[[-120.77065,40.0434],[-120.77132,40.04382],[-120.77081,40.04435],[-120.77139,40.045],[-120.77271,40.04549],[-120.77254,40.0471],[-120.77287,40.0473],[-120.77536,40.04806],[-120.77477,40.0484],[-120.77677,40.04951],[-120.77856,40.04998],[-120.77893,40.05053],[-120.77916,40.05035],[-120.78041,40.05076],[-120.78311,40.05066],[-120.78514,40.05248],[-120.78495,40.05282],[-120.78575,40.05256],[-120.78553,40.05234],[-120.78621,40.05203],[-120.78638,40.05085],[-120.78757,40.04977],[-120.79026,40.04903],[-120.79111,40.04897],[-120.79135,40.04931],[-120.79204,40.04919],[-120.79267,40.04899],[-120.79313,40.04832],[-120.79252,40.04794],[-120.79079,40.04797],[-120.79028,40.04743],[-120.78985,40.04737],[-120.78956,40.04768],[-120.78562,40.04657],[-120.78243,40.0481],[-120.78078,40.04797],[-120.7796,40.04855],[-120.77738,40.04702],[-120.77264,40.04135],[-120.772,40.04108],[-120.77009,40.04108],[-120.76907,40.04143],[-120.77006,40.04344],[-120.77065,40.0434]],[[-121.13953,40.09624],[-121.13905,40.09497],[-121.13947,40.09419],[-121.14127,40.09341],[-121.14177,40.09285],[-121.14211,40.09142],[-121.14288,40.09021],[-121.14282,40.08858],[-121.14632,40.08622],[-121.14812,40.08579],[-121.14949,40.08583],[-121.14982,40.08472],[-121.14919,40.08311],[-121.14977,40.08142],[-121.14782,40.08117],[-121.14484,40.07988],[-121.14066,40.07978],[-121.14051,40.07916],[-121.13995,40.0792],[-121.13906,40.08033],[-121.13693,40.08006],[-121.13624,40.08023],[-121.13496,40.07968],[-121.13149,40.08028],[-121.13049,40.07982],[-121.12582,40.0789],[-121.12574,40.07821],[-121.12498,40.0775],[-121.12593,40.07652],[-121.12593,40.07504],[-121.12411,40.07315],[-121.1236,40.0739],[-121.12363,40.07507],[-121.12252,40.07581],[-121.12164,40.07706],[-121.11859,40.0776],[-121.11649,40.07755],[-121.11472,40.07717],[-121.1134,40.0755],[-121.11445,40.07524],[-121.11481,40.07468],[-121.11539,40.07322],[-121.11529,40.07167],[-121.11507,40.07109],[-121.11304,40.06979],[-121.11281,40.06927],[-121.11362,40.06808],[-121.11449,40.06804],[-121.11516,40.06838],[-121.1167,40.06746],[-121.1145,40.06498],[-121.11075,40.06469],[-121.11028,40.06393],[-121.10949,40.06354],[-121.11037,40.06192],[-121.11122,40.06153],[-121.11308,40.0614],[-121.1143,40.0606],[-121.11758,40.06067],[-121.11683,40.05935],[-121.11525,40.05879],[-121.11467,40.05927],[-121.11328,40.05883],[-121.11176,40.05902],[-121.11114,40.05962],[-121.11034,40.05946],[-121.11006,40.06035],[-121.11044,40.06059],[-121.11043,40.06117],[-121.1097,40.0613],[-121.10902,40.06224],[-121.10634,40.06284],[-121.10603,40.06315],[-121.10693,40.06435],[-121.10581,40.06524],[-121.10614,40.06541],[-121.10602,40.06592],[-121.10699,40.06663],[-121.10593,40.06693],[-121.10502,40.06771],[-121.10587,40.06783],[-121.10583,40.06871],[-121.10654,40.06952],[-121.10535,40.07036],[-121.10584,40.07232],[-121.10383,40.07221],[-121.10367,40.07158],[-121.10307,40.07138],[-121.10277,40.07224],[-121.10153,40.07222],[-121.10131,40.07265],[-121.10016,40.07308],[-121.09999,40.07354],[-121.10066,40.0738],[-121.10075,40.07345],[-121.10198,40.0733],[-121.10262,40.07353],[-121.10275,40.07389],[-121.10432,40.07361],[-121.10471,40.07429],[-121.10452,40.07576],[-121.10581,40.07703],[-121.10522,40.07734],[-121.10305,40.0771],[-121.10255,40.07785],[-121.10181,40.07805],[-121.10176,40.0785],[-121.1013,40.0785],[-121.10132,40.07661],[-121.10011,40.07687],[-121.09916,40.07786],[-121.09842,40.07735],[-121.09839,40.07698],[-121.09676,40.07666],[-121.09642,40.07624],[-121.09573,40.0768],[-121.09482,40.0768],[-121.09482,40.0764],[-121.09392,40.07589],[-121.0944,40.07522],[-121.09434,40.07358],[-121.09319,40.07315],[-121.09267,40.0723],[-121.09196,40.07194],[-121.09058,40.07195],[-121.09021,40.07159],[-121.08941,40.07148],[-121.08898,40.07017],[-121.08792,40.06962],[-121.08604,40.06753],[-121.08569,40.06768],[-121.08521,40.06898],[-121.08602,40.07037],[-121.08607,40.07139],[-121.08725,40.07264],[-121.08814,40.07306],[-121.08894,40.07439],[-121.09005,40.07492],[-121.09152,40.07661],[-121.09249,40.0768],[-121.09325,40.07764],[-121.0935,40.07927],[-121.09245,40.08008],[-121.09315,40.08031],[-121.09283,40.08069],[-121.09203,40.08076],[-121.09144,40.08116],[-121.09146,40.08348],[-121.09327,40.08422],[-121.09438,40.08427],[-121.09483,40.08233],[-121.09602,40.0822],[-121.09671,40.08452],[-121.10135,40.0863],[-121.10229,40.08531],[-121.10364,40.08455],[-121.10503,40.08474],[-121.10642,40.0835],[-121.10709,40.08212],[-121.10831,40.08229],[-121.11164,40.08168],[-121.11259,40.08263],[-121.11575,40.08236],[-121.11723,40.08155],[-121.11941,40.08111],[-121.11982,40.08012],[-121.12222,40.08062],[-121.12321,40.08232],[-121.12563,40.08316],[-121.12629,40.08465],[-121.1279,40.08602],[-121.12726,40.08754],[-121.12716,40.08894],[-121.13001,40.09168],[-121.12575,40.09469],[-121.12743,40.09599],[-121.12788,40.09597],[-121.13164,40.09436],[-121.132,40.09356],[-121.13396,40.09284],[-121.13605,40.09361],[-121.13818,40.09547],[-121.13953,40.09624]],[[-120.96783,40.1119],[-120.96925,40.1118],[-120.97048,40.11104],[-120.97034,40.10984],[-120.97197,40.10885],[-120.97055,40.10868],[-120.97006,40.1079],[-120.96793,40.1073],[-120.96762,40.10696],[-120.96715,40.10748],[-120.9668,40.10732],[-120.96722,40.10682],[-120.96359,40.10612],[-120.96012,40.1034],[-120.95776,40.10296],[-120.95712,40.10217],[-120.95792,40.10081],[-120.95909,40.10027],[-120.96064,40.09883],[-120.96108,40.09784],[-120.95846,40.09661],[-120.95792,40.09689],[-120.95497,40.09668],[-120.95319,40.09802],[-120.95119,40.09827],[-120.95007,40.09887],[-120.94871,40.09908],[-120.94781,40.09985],[-120.946,40.10007],[-120.94222,40.09972],[-120.94222,40.10043],[-120.94081,40.10105],[-120.94076,40.10167],[-120.94147,40.10227],[-120.94179,40.10321],[-120.9417,40.1038],[-120.94338,40.10474],[-120.94363,40.10606],[-120.94469,40.10664],[-120.94557,40.10867],[-120.9457,40.10998],[-120.94723,40.10951],[-120.9479,40.10959],[-120.95126,40.11108],[-120.95155,40.11192],[-120.95229,40.11175],[-120.9539,40.11237],[-120.95467,40.11195],[-120.95585,40.11197],[-120.95687,40.11246],[-120.95679,40.11322],[-120.95721,40.11336],[-120.95779,40.11337],[-120.95766,40.11291],[-120.95805,40.11269],[-120.95832,40.113],[-120.95904,40.11282],[-120.95979,40.11332],[-120.95974,40.11358],[-120.96078,40.11345],[-120.9613,40.11382],[-120.96149,40.11354],[-120.96239,40.11412],[-120.96447,40.11459],[-120.96484,40.11437],[-120.96649,40.11461],[-120.96666,40.11363],[-120.96777,40.11268],[-120.96783,40.1119]],[[-121.11835,40.18409],[-121.11739,40.18272],[-121.11787,40.18207],[-121.1187,40.18219],[-121.11926,40.18269],[-121.11951,40.1838],[-121.12046,40.1842],[-121.12154,40.18235],[-121.12274,40.18304],[-121.12348,40.18279],[-121.12365,40.18156],[-121.12523,40.18041],[-121.12624,40.17801],[-121.12473,40.17813],[-121.12313,40.17955],[-121.12218,40.17955],[-121.12221,40.17917],[-121.12318,40.17877],[-121.1207,40.17826],[-121.1207,40.17859],[-121.12031,40.17865],[-121.11883,40.18043],[-121.11703,40.1801],[-121.11528,40.18117],[-121.11428,40.18142],[-121.11423,40.18289],[-121.11557,40.18478],[-121.11651,40.1851],[-121.11835,40.18409]],[[-121.08448,40.3259],[-121.08451,40.32593],[-121.08452,40.32582],[-121.08448,40.3259]]],[[[-120.88721,40.33863],[-120.88758,40.33932],[-120.88638,40.34007],[-120.88619,40.33929],[-120.88655,40.33863],[-120.88721,40.33863]]]]}}]}