{"type":"FeatureCollection","features":[{"type":"Feature","properties":{"name":"All green space","areaKm2":159.112},"geometry":{"type":"MultiPolygon","coordinates":[[[[-87.52104,41.64646],[-87.52,41.64646],[-87.52,41.64347],[-87.52104,41.64348],[-87.52104,41.64646]]],[[[-87.53977,41.66304],[-87.53863,41.66866],[-87.53883,41.66956],[-87.53915,41.67019],[-87.53811,41.67219],[-87.53235,41.68047],[-87.52438,41.68036],[-87.52386,41.68009],[-87.52279,41.68002],[-87.52285,41.67711],[-87.52326,41.67708],[-87.52356,41.67635],[-87.52344,41.67422],[-87.52355,41.67374],[-87.52476,41.67353],[-87.52492,41.67271],[-87.52501,41.66807],[-87.52476,41.66765],[-87.52496,41.66748],[-87.52508,41.6618],[-87.5249,41.6617],[-87.52481,41.65672],[-87.52513,41.65665],[-87.52524,41.65538],[-87.52517,41.65452],[-87.52475,41.65373],[-87.52476,41.65021],[-87.52581,41.65063],[-87.52582,41.65191],[-87.52617,41.65192],[-87.52757,41.65399],[-87.5276,41.65442],[-87.52875,41.65615],[-87.52955,41.65708],[-87.52998,41.65721],[-87.53094,41.65644],[-87.53186,41.65685],[-87.53188,41.65671],[-87.53127,41.6564],[-87.53116,41.65645],[-87.53114,41.65633],[-87.53207,41.65562],[-87.53193,41.65547],[-87.5321,41.65498],[-87.53276,41.6546],[-87.53275,41.65421],[-87.53371,41.65421],[-87.53372,41.6537],[-87.53555,41.65372],[-87.53558,41.65537],[-87.53596,41.65542],[-87.53574,41.65546],[-87.53578,41.65553],[-87.53633,41.65556],[-87.53629,41.65577],[-87.53576,41.65589],[-87.53637,41.65592],[-87.53646,41.65613],[-87.53535,41.65612],[-87.53541,41.65647],[-87.5369,41.65656],[-87.53678,41.65665],[-87.53583,41.6567],[-87.53585,41.65682],[-87.53682,41.65683],[-87.53686,41.65796],[-87.53736,41.65803],[-87.53758,41.65831],[-87.53803,41.65832],[-87.53803,41.65888],[-87.53862,41.65888],[-87.53864,41.6592],[-87.53978,41.65919],[-87.53977,41.66304]]],[[[-87.53473,41.72282],[-87.53469,41.72303],[-87.53421,41.72303],[-87.5342,41.72316],[-87.52447,41.7232],[-87.52446,41.72191],[-87.525,41.72155],[-87.5247,41.72126],[-87.52481,41.72119],[-87.52509,41.72141],[-87.52541,41.72094],[-87.52508,41.72085],[-87.52512,41.72074],[-87.52545,41.7208],[-87.52551,41.72067],[-87.5256,41.71959],[-87.52546,41.71873],[-87.52497,41.71812],[-87.52451,41.71806],[-87.52447,41.71741],[-87.52581,41.71732],[-87.52591,41.71753],[-87.5262,41.71744],[-87.52652,41.71777],[-87.52735,41.71753],[-87.52729,41.7174],[-87.52756,41.71729],[-87.52729,41.71684],[-87.52858,41.71583],[-87.5286,41.71506],[-87.52783,41.71351],[-87.5274,41.71302],[-87.52646,41.71237],[-87.52836,41.71083],[-87.52666,41.70989],[-87.52622,41.70985],[-87.526,41.71017],[-87.52607,41.71037],[-87.52575,41.71043],[-87.52457,41.70961],[-87.52424,41.70951],[-87.52414,41.7093],[-87.52453,41.70927],[-87.52487,41.70942],[-87.52511,41.70975],[-87.52559,41.70994],[-87.52621,41.70954],[-87.52577,41.70916],[-87.52529,41.70947],[-87.52521,41.7094],[-87.52567,41.70909],[-87.52537,41.70883],[-87.52486,41.70915],[-87.52478,41.70909],[-87.52496,41.70897],[-87.52448,41.7084],[-87.52447,41.70802],[-87.52478,41.70799],[-87.52533,41.70825],[-87.53023,41.71179],[-87.53124,41.71274],[-87.53184,41.71398],[-87.53196,41.71399],[-87.53201,41.71877],[-87.53528,41.72291],[-87.53473,41.72282]]],[[[-87.53121,41.6827],[-87.53154,41.68271],[-87.53155,41.68452],[-87.53095,41.68453],[-87.531,41.69172],[-87.52466,41.69173],[-87.52471,41.68084],[-87.53241,41.68083],[-87.53121,41.6827]]],[[[-87.53786,41.64359],[-87.53785,41.64457],[-87.53504,41.64457],[-87.53504,41.6482],[-87.52777,41.64819],[-87.52773,41.64001],[-87.5339,41.64002],[-87.53616,41.64183],[-87.53773,41.6429],[-87.53776,41.64274],[-87.538,41.64287],[-87.53896,41.64359],[-87.53786,41.64359]]],[[[-87.53083,41.73797],[-87.5307,41.73808],[-87.5308,41.73824],[-87.53101,41.73823],[-87.53094,41.73918],[-87.53074,41.7394],[-87.53075,41.73956],[-87.53109,41.73956],[-87.5311,41.7406],[-87.52986,41.74061],[-87.52905,41.73426],[-87.52971,41.73397],[-87.53111,41.73798],[-87.53083,41.73797]]],[[[-87.5557,41.76124],[-87.55568,41.76145],[-87.55374,41.76239],[-87.55366,41.76233],[-87.55456,41.76188],[-87.55461,41.76174],[-87.55419,41.76112],[-87.55386,41.76089],[-87.55225,41.76014],[-87.54921,41.75897],[-87.54808,41.75881],[-87.54699,41.75891],[-87.54604,41.75926],[-87.54544,41.75969],[-87.54502,41.76036],[-87.54467,41.7606],[-87.5465,41.76061],[-87.54646,41.76068],[-87.54434,41.76068],[-87.54325,41.75974],[-87.5433,41.75965],[-87.54478,41.75892],[-87.54763,41.75719],[-87.54792,41.75664],[-87.54505,41.75407],[-87.54442,41.75392],[-87.54412,41.75397],[-87.54353,41.75233],[-87.54305,41.75197],[-87.54034,41.75186],[-87.53097,41.74808],[-87.52992,41.74134],[-87.53069,41.74113],[-87.53121,41.74113],[-87.53108,41.74124],[-87.53188,41.74722],[-87.54047,41.74887],[-87.5409,41.74971],[-87.54155,41.75024],[-87.54233,41.75057],[-87.54424,41.75109],[-87.54456,41.75194],[-87.54474,41.75188],[-87.54452,41.75151],[-87.54465,41.75118],[-87.54723,41.75185],[-87.54792,41.75213],[-87.54836,41.75242],[-87.54776,41.7528],[-87.55093,41.75571],[-87.55124,41.75554],[-87.55159,41.75586],[-87.55129,41.75605],[-87.55636,41.7609],[-87.5557,41.76124]]],[[[-87.53434,41.65178],[-87.53017,41.65177],[-87.53018,41.64881],[-87.53439,41.64881],[-87.53434,41.65178]]],[[[-87.53998,41.68692],[-87.53744,41.68693],[-87.53743,41.68676],[-87.53692,41.68673],[-87.5369,41.68693],[-87.53652,41.68694],[-87.53652,41.68465],[-87.53999,41.68465],[-87.53998,41.68692]]],[[[-87.54222,41.73297],[-87.54226,41.73379],[-87.54038,41.7338],[-87.54035,41.73105],[-87.54057,41.73061],[-87.54114,41.7301],[-87.54144,41.7301],[-87.54146,41.73075],[-87.54217,41.73074],[-87.54218,41.73137],[-87.54283,41.73136],[-87.54283,41.73196],[-87.54151,41.73199],[-87.5415,41.73207],[-87.54283,41.73206],[-87.54286,41.73296],[-87.54222,41.73297]]],[[[-87.54666,41.7407],[-87.54665,41.74053],[-87.54606,41.74054],[-87.54603,41.73955],[-87.54591,41.73939],[-87.54552,41.73927],[-87.54552,41.73887],[-87.54571,41.73905],[-87.54597,41.73906],[-87.54589,41.738],[-87.54621,41.73809],[-87.54601,41.73821],[-87.54606,41.73875],[-87.54654,41.739],[-87.5466,41.73924],[-87.54702,41.73906],[-87.54695,41.73755],[-87.54704,41.7384],[-87.5475,41.7393],[-87.54706,41.7392],[-87.54672,41.7395],[-87.54797,41.74044],[-87.54835,41.74059],[-87.54853,41.74057],[-87.54857,41.74037],[-87.54838,41.74011],[-87.54884,41.74],[-87.54965,41.74119],[-87.55099,41.74249],[-87.55081,41.74267],[-87.551,41.74317],[-87.54666,41.7407]]],[[[-87.55841,41.64484],[-87.55761,41.64492],[-87.55761,41.64506],[-87.55536,41.64565],[-87.55459,41.64556],[-87.55416,41.64531],[-87.55405,41.6451],[-87.55386,41.64514],[-87.55299,41.64461],[-87.54914,41.64304],[-87.54749,41.6429],[-87.54603,41.6433],[-87.54565,41.64329],[-87.54485,41.64271],[-87.54476,41.64228],[-87.54591,41.64131],[-87.54664,41.64005],[-87.55416,41.64006],[-87.55463,41.64035],[-87.55491,41.64094],[-87.55489,41.64267],[-87.55471,41.64268],[-87.55474,41.64458],[-87.55461,41.64466],[-87.55876,41.64465],[-87.55841,41.64484]]],[[[-87.54649,41.66555],[-87.54647,41.66169],[-87.54617,41.66064],[-87.54553,41.65973],[-87.54834,41.66132],[-87.54838,41.66266],[-87.54899,41.66266],[-87.54902,41.66456],[-87.5495,41.66457],[-87.54951,41.66547],[-87.54649,41.66555]]],[[[-87.54992,41.71396],[-87.55001,41.71427],[-87.5496,41.7148],[-87.55007,41.71515],[-87.54999,41.71562],[-87.54971,41.71581],[-87.54981,41.71616],[-87.55021,41.71617],[-87.55024,41.71676],[-87.54979,41.71679],[-87.54979,41.71709],[-87.54959,41.71714],[-87.54962,41.71725],[-87.54919,41.71729],[-87.54924,41.71761],[-87.5489,41.7178],[-87.54887,41.71858],[-87.54833,41.71863],[-87.54819,41.71885],[-87.54831,41.71904],[-87.54825,41.72096],[-87.54737,41.72094],[-87.54711,41.72068],[-87.54997,41.71357],[-87.55024,41.7138],[-87.54992,41.71396]]],[[[-87.54742,41.73738],[-87.54734,41.73477],[-87.54757,41.73207],[-87.54783,41.73206],[-87.54799,41.73737],[-87.54742,41.73738]]],[[[-87.548,41.74463],[-87.54794,41.7421],[-87.55022,41.74333],[-87.55024,41.74462],[-87.548,41.74463]]],[[[-87.55192,41.65911],[-87.54959,41.65911],[-87.54961,41.65555],[-87.55194,41.65556],[-87.55192,41.65911]]],[[[-87.55259,41.65218],[-87.55202,41.65193],[-87.55075,41.65098],[-87.55895,41.65102],[-87.55898,41.65222],[-87.55259,41.65218]]],[[[-87.55958,41.73352],[-87.55564,41.73356],[-87.55555,41.73015],[-87.55995,41.73327],[-87.55958,41.73352]]],[[[-87.61731,41.86889],[-87.61692,41.86978],[-87.6171,41.88174],[-87.61686,41.88223],[-87.61647,41.8826],[-87.61446,41.88338],[-87.61391,41.88378],[-87.61348,41.88434],[-87.61309,41.88443],[-87.61336,41.88464],[-87.6133,41.88518],[-87.61358,41.88717],[-87.61388,41.88787],[-87.61377,41.88809],[-87.61356,41.88794],[-87.61275,41.88794],[-87.61283,41.88351],[-87.61323,41.88305],[-87.61388,41.8827],[-87.61602,41.88237],[-87.61638,41.88208],[-87.61652,41.88178],[-87.61651,41.88068],[-87.61619,41.88065],[-87.61619,41.88056],[-87.6165,41.88055],[-87.61621,41.87575],[-87.61624,41.8689],[-87.61567,41.86862],[-87.61537,41.86831],[-87.61352,41.86851],[-87.61271,41.86825],[-87.61236,41.86765],[-87.61244,41.86728],[-87.61272,41.86698],[-87.61271,41.86675],[-87.60776,41.86686],[-87.60725,41.86717],[-87.60668,41.86723],[-87.60598,41.86699],[-87.60566,41.86653],[-87.60573,41.86601],[-87.60607,41.86568],[-87.60606,41.8648],[-87.60631,41.8648],[-87.60634,41.865],[-87.60657,41.86514],[-87.60678,41.86512],[-87.60721,41.86466],[-87.6073,41.86421],[-87.6069,41.86251],[-87.60663,41.86216],[-87.60601,41.86203],[-87.60595,41.86007],[-87.60704,41.85987],[-87.60653,41.85336],[-87.60912,41.8532],[-87.6096,41.85339],[-87.60992,41.85378],[-87.60935,41.8568],[-87.60997,41.85772],[-87.60992,41.8587],[-87.61048,41.85926],[-87.61039,41.85991],[-87.61048,41.86013],[-87.61069,41.86021],[-87.6107,41.86065],[-87.61037,41.86085],[-87.61042,41.86139],[-87.61002,41.86193],[-87.60971,41.86332],[-87.6098,41.86418],[-87.61048,41.86531],[-87.61059,41.86588],[-87.61269,41.86585],[-87.61268,41.86529],[-87.61327,41.86419],[-87.61348,41.86307],[-87.61318,41.86216],[-87.61259,41.86138],[-87.61258,41.86083],[-87.61223,41.86064],[-87.61234,41.8604],[-87.61223,41.86039],[-87.61233,41.86036],[-87.61221,41.86035],[-87.61221,41.86018],[-87.61247,41.85999],[-87.61219,41.85869],[-87.61229,41.85852],[-87.61257,41.8585],[-87.61283,41.85826],[-87.61308,41.85757],[-87.61285,41.8563],[-87.61262,41.85596],[-87.61118,41.85485],[-87.61074,41.85308],[-87.60928,41.85101],[-87.60922,41.8505],[-87.60955,41.84885],[-87.60951,41.84805],[-87.60858,41.84662],[-87.60843,41.84605],[-87.60856,41.84562],[-87.60909,41.84489],[-87.60917,41.84424],[-87.60874,41.84329],[-87.60806,41.84232],[-87.60793,41.84117],[-87.60756,41.84058],[-87.60702,41.84068],[-87.60671,41.84057],[-87.60728,41.84055],[-87.607,41.8399],[-87.60494,41.83883],[-87.60618,41.83854],[-87.60609,41.83729],[-87.60586,41.83646],[-87.60543,41.83579],[-87.60459,41.835],[-87.60458,41.83481],[-87.60478,41.83461],[-87.60504,41.83469],[-87.6052,41.83455],[-87.60468,41.83349],[-87.60438,41.83321],[-87.60316,41.83287],[-87.60274,41.8323],[-87.60277,41.83147],[-87.60247,41.83075],[-87.60161,41.82992],[-87.60014,41.82809],[-87.59811,41.82668],[-87.59771,41.82626],[-87.59751,41.82567],[-87.5977,41.82452],[-87.59757,41.82379],[-87.59739,41.82344],[-87.59673,41.82361],[-87.59734,41.82338],[-87.59691,41.82247],[-87.59447,41.82115],[-87.5943,41.82148],[-87.59417,41.82149],[-87.59488,41.82],[-87.59452,41.81956],[-87.59262,41.8183],[-87.59222,41.81767],[-87.59212,41.81662],[-87.5912,41.81579],[-87.59082,41.81509],[-87.59028,41.81458],[-87.58998,41.81362],[-87.58946,41.81307],[-87.58935,41.81316],[-87.58914,41.81303],[-87.58916,41.81288],[-87.58865,41.81226],[-87.58828,41.81206],[-87.58774,41.81201],[-87.58734,41.81174],[-87.58696,41.81121],[-87.58704,41.81061],[-87.58692,41.81008],[-87.58517,41.80723],[-87.58452,41.80662],[-87.58297,41.80564],[-87.58137,41.80437],[-87.58067,41.80421],[-87.58005,41.80379],[-87.58007,41.80352],[-87.58046,41.80296],[-87.58032,41.80281],[-87.58053,41.80096],[-87.58031,41.79971],[-87.57986,41.79839],[-87.57955,41.79792],[-87.5781,41.79697],[-87.5775,41.79687],[-87.57663,41.79705],[-87.57613,41.79703],[-87.5758,41.79696],[-87.57529,41.79661],[-87.57518,41.79622],[-87.57542,41.79545],[-87.57622,41.79508],[-87.57726,41.79506],[-87.57822,41.79477],[-87.579,41.79418],[-87.57929,41.79344],[-87.5793,41.79266],[-87.57902,41.79249],[-87.57916,41.79225],[-87.57813,41.79029],[-87.57807,41.78977],[-87.57637,41.78857],[-87.57479,41.78865],[-87.57727,41.78836],[-87.57717,41.78811],[-87.57727,41.78809],[-87.57737,41.78709],[-87.57725,41.78645],[-87.57611,41.78364],[-87.57307,41.78212],[-87.57042,41.78113],[-87.56843,41.78163],[-87.56768,41.78462],[-87.56756,41.7846],[-87.56832,41.78157],[-87.5711,41.7809],[-87.57309,41.78025],[-87.57293,41.77991],[-87.5724,41.77983],[-87.57255,41.77949],[-87.57179,41.77858],[-87.57005,41.77718],[-87.56861,41.77637],[-87.56601,41.77324],[-87.56502,41.7726],[-87.5639,41.77211],[-87.56358,41.77212],[-87.56318,41.77042],[-87.56241,41.76937],[-87.5614,41.76888],[-87.56019,41.76855],[-87.55942,41.76938],[-87.55935,41.76666],[-87.56038,41.76629],[-87.56039,41.76611],[-87.56084,41.76622],[-87.56085,41.76635],[-87.56606,41.7664],[-87.56631,41.76651],[-87.56664,41.77349],[-87.56692,41.77377],[-87.56794,41.77426],[-87.56925,41.77516],[-87.57011,41.7755],[-87.57138,41.77573],[-87.57123,41.77619],[-87.57071,41.77636],[-87.56996,41.77607],[-87.56937,41.77536],[-87.5692,41.77543],[-87.56962,41.77612],[-87.57123,41.77689],[-87.5723,41.77784],[-87.57271,41.77848],[-87.57243,41.77892],[-87.57259,41.77916],[-87.57303,41.77909],[-87.57318,41.77881],[-87.57137,41.7767],[-87.57132,41.77631],[-87.57161,41.77579],[-87.57175,41.77567],[-87.57329,41.7754],[-87.57492,41.77551],[-87.57567,41.77756],[-87.57569,41.77812],[-87.57549,41.77869],[-87.57474,41.77973],[-87.5745,41.7806],[-87.57328,41.78065],[-87.57263,41.78083],[-87.57237,41.78077],[-87.57215,41.78099],[-87.57242,41.78114],[-87.57265,41.78097],[-87.57339,41.7808],[-87.57453,41.78081],[-87.5759,41.78289],[-87.57683,41.7846],[-87.57755,41.78672],[-87.57792,41.78909],[-87.57821,41.78955],[-87.5792,41.79048],[-87.57994,41.79157],[-87.58009,41.79248],[-87.57995,41.79343],[-87.57917,41.79468],[-87.57899,41.79546],[-87.57903,41.79604],[-87.57942,41.79688],[-87.58062,41.79815],[-87.58116,41.79913],[-87.58132,41.79994],[-87.58136,41.80265],[-87.58173,41.80376],[-87.58283,41.80499],[-87.5854,41.80679],[-87.58999,41.81242],[-87.5928,41.81462],[-87.59359,41.81539],[-87.59834,41.82164],[-87.59912,41.82331],[-87.59979,41.82539],[-87.60022,41.82611],[-87.60438,41.82956],[-87.60694,41.83287],[-87.60736,41.83373],[-87.60759,41.83463],[-87.60753,41.83778],[-87.6077,41.83851],[-87.60732,41.8385],[-87.60713,41.83831],[-87.60702,41.83643],[-87.60685,41.83648],[-87.60705,41.83728],[-87.60703,41.83785],[-87.60684,41.83813],[-87.60702,41.83821],[-87.6072,41.83858],[-87.60774,41.83869],[-87.60814,41.83996],[-87.60909,41.84132],[-87.60999,41.84335],[-87.61112,41.84817],[-87.61193,41.85029],[-87.61029,41.85071],[-87.61037,41.85121],[-87.61051,41.85154],[-87.61064,41.85152],[-87.61047,41.85079],[-87.61204,41.85044],[-87.61247,41.85111],[-87.61261,41.85107],[-87.61261,41.85108],[-87.61318,41.85249],[-87.61424,41.85409],[-87.614,41.85415],[-87.61427,41.85413],[-87.61511,41.85541],[-87.61596,41.85801],[-87.61458,41.85828],[-87.61429,41.85794],[-87.6145,41.85833],[-87.61413,41.85865],[-87.61388,41.85913],[-87.61374,41.86029],[-87.61285,41.86025],[-87.61268,41.8604],[-87.61286,41.86054],[-87.61382,41.86049],[-87.61467,41.86196],[-87.61479,41.8628],[-87.61408,41.86434],[-87.61378,41.86599],[-87.61363,41.86607],[-87.60743,41.86615],[-87.60736,41.8665],[-87.61389,41.86644],[-87.61419,41.86631],[-87.61427,41.86612],[-87.61415,41.86525],[-87.61428,41.86514],[-87.61543,41.86512],[-87.61547,41.86528],[-87.61825,41.86523],[-87.61835,41.86509],[-87.61887,41.86511],[-87.61896,41.86522],[-87.61915,41.86613],[-87.61904,41.86682],[-87.61731,41.86889]],[[-87.61398,41.85753],[-87.61381,41.8565],[-87.61335,41.85551],[-87.61355,41.85521],[-87.61405,41.855],[-87.61402,41.85465],[-87.61389,41.85468],[-87.61393,41.85497],[-87.61342,41.85524],[-87.61328,41.85558],[-87.61372,41.85647],[-87.61386,41.85754],[-87.61425,41.8579],[-87.61398,41.85753]]],[[[-87.61154,41.84879],[-87.61041,41.84404],[-87.60919,41.8412],[-87.60876,41.84063],[-87.60894,41.84057],[-87.61032,41.84362],[-87.61104,41.84638],[-87.61141,41.84633],[-87.61245,41.84951],[-87.61208,41.84955],[-87.61261,41.85107],[-87.61154,41.84879]]],[[[-87.5642,41.68451],[-87.56007,41.68456],[-87.56007,41.68277],[-87.55944,41.68275],[-87.55938,41.67135],[-87.55967,41.67001],[-87.56016,41.6699],[-87.56014,41.66972],[-87.56044,41.66957],[-87.56031,41.66942],[-87.56155,41.66868],[-87.56235,41.66802],[-87.56286,41.66831],[-87.56346,41.6674],[-87.56414,41.66687],[-87.5642,41.68451]]],[[[-87.56891,41.65895],[-87.5689,41.65849],[-87.57147,41.65854],[-87.57149,41.65807],[-87.56168,41.65819],[-87.56049,41.65807],[-87.55938,41.65772],[-87.5594,41.65213],[-87.55959,41.65193],[-87.56414,41.65191],[-87.56506,41.65199],[-87.56571,41.65224],[-87.56611,41.65253],[-87.56655,41.65314],[-87.56707,41.65342],[-87.56879,41.65516],[-87.56992,41.65604],[-87.57097,41.65723],[-87.57182,41.65786],[-87.57193,41.65843],[-87.57184,41.65878],[-87.57211,41.65899],[-87.56891,41.65895]]],[[[-87.56709,41.72322],[-87.56694,41.72291],[-87.56674,41.72286],[-87.56641,41.72295],[-87.5663,41.72315],[-87.56578,41.72328],[-87.56217,41.72336],[-87.56084,41.72316],[-87.56084,41.72298],[-87.56181,41.72296],[-87.56183,41.7231],[-87.56227,41.72309],[-87.56228,41.72275],[-87.56381,41.72273],[-87.56434,41.72285],[-87.5664,41.72268],[-87.57011,41.72263],[-87.57038,41.72322],[-87.56709,41.72322]]],[[[-87.57343,41.65189],[-87.56833,41.65186],[-87.5642,41.64775],[-87.56375,41.64767],[-87.56372,41.64755],[-87.56386,41.64759],[-87.56391,41.64747],[-87.56349,41.64708],[-87.56321,41.64656],[-87.56252,41.64593],[-87.56246,41.64465],[-87.57236,41.64469],[-87.57245,41.64657],[-87.57344,41.64658],[-87.57343,41.65189]]],[[[-87.56343,41.70797],[-87.56337,41.70468],[-87.56554,41.70466],[-87.56559,41.70793],[-87.56343,41.70797]]],[[[-87.56379,41.74691],[-87.56381,41.74456],[-87.56604,41.74454],[-87.56609,41.74691],[-87.56379,41.74691]]],[[[-87.57558,41.69547],[-87.57465,41.6957],[-87.57227,41.69583],[-87.56659,41.69587],[-87.56543,41.69564],[-87.56477,41.69513],[-87.56454,41.69454],[-87.5644,41.68473],[-87.57462,41.68464],[-87.5763,41.68435],[-87.57642,41.69471],[-87.57558,41.69547]]],[[[-87.56442,41.67369],[-87.56441,41.66965],[-87.5691,41.66972],[-87.56907,41.67263],[-87.56938,41.67274],[-87.56957,41.67358],[-87.56442,41.67369]]],[[[-87.57526,41.67359],[-87.5698,41.67365],[-87.56955,41.67279],[-87.56974,41.67268],[-87.57038,41.67268],[-87.57038,41.67174],[-87.57226,41.6717],[-87.57238,41.67161],[-87.57329,41.66891],[-87.57334,41.66781],[-87.57277,41.66679],[-87.57495,41.66384],[-87.56975,41.66383],[-87.56873,41.66436],[-87.56799,41.66523],[-87.56786,41.66562],[-87.56497,41.66786],[-87.56439,41.66786],[-87.56442,41.6667],[-87.56545,41.66679],[-87.56587,41.66666],[-87.56638,41.66615],[-87.56696,41.66584],[-87.56831,41.66425],[-87.56924,41.66374],[-87.57054,41.66348],[-87.57527,41.66358],[-87.57526,41.67359]]],[[[-87.57619,41.77408],[-87.57502,41.77525],[-87.57343,41.77525],[-87.57117,41.77552],[-87.56972,41.77522],[-87.5671,41.77366],[-87.57638,41.77358],[-87.57619,41.77408]]],[[[-87.58465,41.72079],[-87.58374,41.71974],[-87.5811,41.7198],[-87.58108,41.72028],[-87.5792,41.72031],[-87.57915,41.72009],[-87.56877,41.70846],[-87.56876,41.7081],[-87.57347,41.70805],[-87.5849,41.72078],[-87.58465,41.72079]]],[[[-87.5734,41.737],[-87.57332,41.73353],[-87.57551,41.7335],[-87.5756,41.73697],[-87.5734,41.737]]],[[[-87.58332,41.70713],[-87.58273,41.70728],[-87.58093,41.70735],[-87.58083,41.70637],[-87.57947,41.7025],[-87.57924,41.70208],[-87.57891,41.70182],[-87.57477,41.70193],[-87.57343,41.69734],[-87.573,41.69683],[-87.57355,41.69601],[-87.57484,41.6959],[-87.57635,41.69544],[-87.57654,41.6955],[-87.58258,41.70492],[-87.58274,41.70519],[-87.58275,41.70572],[-87.58304,41.70595],[-87.58329,41.70597],[-87.58376,41.70676],[-87.58332,41.70713]]],[[[-87.57952,41.77974],[-87.57655,41.78055],[-87.57488,41.78058],[-87.57496,41.77989],[-87.57575,41.77867],[-87.57595,41.77801],[-87.57588,41.77729],[-87.57534,41.77604],[-87.57533,41.77556],[-87.57555,41.77552],[-87.57821,41.77607],[-87.5787,41.77646],[-87.57968,41.77908],[-87.57952,41.77974]]],[[[-87.58549,41.78781],[-87.58492,41.78846],[-87.58491,41.7889],[-87.5853,41.78992],[-87.5853,41.7916],[-87.5842,41.79166],[-87.5842,41.79181],[-87.58525,41.79181],[-87.58524,41.79207],[-87.58485,41.79238],[-87.58412,41.79257],[-87.58188,41.79258],[-87.58055,41.79225],[-87.57955,41.7904],[-87.57854,41.78949],[-87.57819,41.789],[-87.57779,41.78652],[-87.5773,41.78493],[-87.57619,41.78287],[-87.5751,41.78125],[-87.57509,41.78097],[-87.57673,41.78069],[-87.57946,41.7799],[-87.58045,41.77996],[-87.58271,41.78053],[-87.5836,41.78053],[-87.58423,41.78036],[-87.58509,41.78068],[-87.58633,41.78073],[-87.58647,41.78749],[-87.58549,41.78781]]],[[[-87.585,41.77451],[-87.5848,41.77519],[-87.58303,41.77557],[-87.58088,41.77561],[-87.57814,41.77588],[-87.57674,41.77569],[-87.57549,41.77533],[-87.57541,41.77519],[-87.57642,41.77409],[-87.57663,41.77353],[-87.58567,41.77344],[-87.585,41.77451]]],[[[-87.57732,41.75884],[-87.57728,41.75707],[-87.57973,41.75704],[-87.57973,41.75841],[-87.58099,41.75838],[-87.581,41.75879],[-87.57732,41.75884]]],[[[-87.58555,41.68343],[-87.57854,41.68542],[-87.5772,41.68613],[-87.57686,41.68619],[-87.57705,41.68586],[-87.57682,41.68572],[-87.57696,41.68485],[-87.57768,41.68489],[-87.57781,41.68448],[-87.57829,41.68426],[-87.582,41.68326],[-87.58324,41.68307],[-87.58538,41.6825],[-87.58564,41.68251],[-87.58568,41.68311],[-87.58555,41.68343]]],[[[-87.58432,41.77995],[-87.58363,41.7803],[-87.58285,41.78041],[-87.58052,41.77983],[-87.57974,41.77975],[-87.57975,41.77888],[-87.57902,41.77698],[-87.5791,41.77651],[-87.57947,41.77609],[-87.57992,41.77588],[-87.58049,41.77577],[-87.58285,41.77572],[-87.58483,41.77534],[-87.58519,41.77675],[-87.58522,41.77745],[-87.58478,41.77895],[-87.58489,41.77898],[-87.58432,41.77995]]],[[[-87.58162,41.79981],[-87.58101,41.79825],[-87.57965,41.79676],[-87.57934,41.79616],[-87.57933,41.79528],[-87.58041,41.79535],[-87.58074,41.79548],[-87.58087,41.79678],[-87.58064,41.79764],[-87.58083,41.79769],[-87.58099,41.79714],[-87.58111,41.79713],[-87.5821,41.79811],[-87.58224,41.7996],[-87.58162,41.79981]]],[[[-87.57933,41.79514],[-87.58061,41.79259],[-87.58197,41.79277],[-87.58198,41.7934],[-87.58036,41.79343],[-87.58034,41.79521],[-87.57944,41.79518],[-87.57933,41.79528],[-87.57933,41.79514]]],[[[-87.60237,41.65027],[-87.60209,41.65026],[-87.60213,41.65153],[-87.60158,41.65156],[-87.60159,41.65182],[-87.59921,41.65186],[-87.59897,41.65142],[-87.59852,41.65143],[-87.59836,41.65154],[-87.59839,41.65176],[-87.59822,41.65167],[-87.59821,41.65193],[-87.60011,41.65192],[-87.60011,41.65365],[-87.59693,41.65371],[-87.59681,41.65308],[-87.59624,41.65252],[-87.59617,41.65195],[-87.59484,41.65196],[-87.59485,41.6537],[-87.59375,41.65371],[-87.59331,41.65386],[-87.59336,41.65548],[-87.59217,41.65525],[-87.59047,41.65562],[-87.58929,41.65527],[-87.58763,41.65546],[-87.58673,41.65542],[-87.58583,41.65518],[-87.58491,41.65468],[-87.58144,41.65075],[-87.58026,41.64907],[-87.57969,41.64748],[-87.57958,41.64593],[-87.57947,41.64584],[-87.57881,41.64588],[-87.57866,41.64409],[-87.57871,41.64173],[-87.57897,41.64207],[-87.57963,41.64244],[-87.58217,41.64359],[-87.58397,41.64459],[-87.58521,41.64549],[-87.58784,41.64794],[-87.58972,41.64939],[-87.5899,41.64965],[-87.59078,41.65006],[-87.59191,41.65023],[-87.59343,41.65028],[-87.59781,41.64932],[-87.59782,41.65036],[-87.59785,41.64929],[-87.60055,41.64936],[-87.60246,41.64984],[-87.60237,41.65027]]],[[[-87.58589,41.64365],[-87.58576,41.64366],[-87.58429,41.64284],[-87.58353,41.64259],[-87.58281,41.64203],[-87.5816,41.64173],[-87.58154,41.64159],[-87.5811,41.64139],[-87.57895,41.64061],[-87.57895,41.64009],[-87.58334,41.6401],[-87.58333,41.6411],[-87.58557,41.64117],[-87.58591,41.64141],[-87.5858,41.64174],[-87.58598,41.64343],[-87.58589,41.64365]]],[[[-87.58489,41.80245],[-87.58382,41.80248],[-87.58356,41.80264],[-87.5836,41.80431],[-87.58339,41.80452],[-87.58337,41.80479],[-87.58419,41.80553],[-87.58316,41.80487],[-87.5825,41.80425],[-87.582,41.8035],[-87.58175,41.80274],[-87.58175,41.79979],[-87.58395,41.7997],[-87.58497,41.80221],[-87.58489,41.80245]]],[[[-87.58651,41.79334],[-87.58398,41.79334],[-87.58399,41.79275],[-87.58507,41.79246],[-87.58566,41.7917],[-87.58664,41.79163],[-87.58651,41.79334]]],[[[-87.58565,41.78059],[-87.58506,41.78053],[-87.58437,41.78018],[-87.58483,41.77962],[-87.58564,41.77728],[-87.58613,41.77636],[-87.58633,41.78049],[-87.58565,41.78059]]],[[[-87.58564,41.79158],[-87.58552,41.79146],[-87.58547,41.78975],[-87.58511,41.78886],[-87.5852,41.7883],[-87.5855,41.788],[-87.58647,41.78772],[-87.58661,41.79146],[-87.58564,41.79158]]],[[[-87.60145,41.82499],[-87.60103,41.82507],[-87.60085,41.825],[-87.59981,41.82343],[-87.59858,41.82118],[-87.59531,41.81681],[-87.59357,41.81476],[-87.59167,41.81325],[-87.59105,41.81261],[-87.58992,41.8107],[-87.59077,41.81028],[-87.59067,41.81013],[-87.58967,41.81041],[-87.58812,41.8091],[-87.58651,41.80744],[-87.58818,41.80645],[-87.58816,41.80622],[-87.58848,41.80618],[-87.59433,41.81491],[-87.60041,41.82306],[-87.60032,41.82313],[-87.60041,41.82324],[-87.60051,41.82319],[-87.6012,41.82408],[-87.60108,41.82416],[-87.60129,41.8242],[-87.60177,41.82482],[-87.60145,41.82499]]],[[[-87.58845,41.78766],[-87.58673,41.78759],[-87.58667,41.78646],[-87.58875,41.78634],[-87.58845,41.78766]]],[[[-87.59625,41.7872],[-87.59157,41.78722],[-87.59161,41.78661],[-87.59627,41.78658],[-87.59625,41.7872]]],[[[-87.592,41.80597],[-87.59197,41.80433],[-87.59385,41.80431],[-87.5939,41.80595],[-87.592,41.80597]]],[[[-87.59357,41.65905],[-87.5932,41.65883],[-87.59257,41.65786],[-87.59169,41.65702],[-87.59069,41.65571],[-87.59182,41.65538],[-87.59232,41.65535],[-87.59342,41.65561],[-87.59303,41.65571],[-87.59312,41.65615],[-87.59404,41.65782],[-87.59492,41.65907],[-87.59357,41.65905]]],[[[-87.59417,41.79785],[-87.59401,41.79793],[-87.5942,41.79895],[-87.59456,41.79895],[-87.59457,41.79942],[-87.59268,41.79944],[-87.59268,41.79924],[-87.59304,41.79924],[-87.59304,41.79909],[-87.59345,41.79906],[-87.59346,41.79521],[-87.5948,41.7952],[-87.59491,41.79795],[-87.59417,41.79785]]],[[[-87.59826,41.74395],[-87.59763,41.74396],[-87.59769,41.74224],[-87.59527,41.74227],[-87.59528,41.74398],[-87.59302,41.74401],[-87.59295,41.74057],[-87.59759,41.74052],[-87.59751,41.73878],[-87.5983,41.73877],[-87.59832,41.73922],[-87.59845,41.73926],[-87.59832,41.73983],[-87.5979,41.73974],[-87.59798,41.73996],[-87.59781,41.73999],[-87.59782,41.74023],[-87.59807,41.74046],[-87.59795,41.74092],[-87.59819,41.74092],[-87.5983,41.74005],[-87.59889,41.74005],[-87.59979,41.73684],[-87.59994,41.73684],[-87.59826,41.74395]]],[[[-87.5982,41.71388],[-87.5982,41.71409],[-87.59771,41.71409],[-87.59777,41.71435],[-87.59806,41.71458],[-87.59801,41.71475],[-87.59745,41.71439],[-87.59706,41.7143],[-87.5968,41.714],[-87.59643,41.71402],[-87.59611,41.71428],[-87.59567,41.71409],[-87.59549,41.71435],[-87.59528,41.71438],[-87.59521,41.71462],[-87.59503,41.7145],[-87.59487,41.71465],[-87.59457,41.71456],[-87.59452,41.71491],[-87.59327,41.71494],[-87.59322,41.71511],[-87.59298,41.71519],[-87.59283,41.71512],[-87.59327,41.7137],[-87.59345,41.71366],[-87.59444,41.71378],[-87.59457,41.71368],[-87.59678,41.71362],[-87.59725,41.71378],[-87.59979,41.71364],[-87.60166,41.71378],[-87.5982,41.71388]]],[[[-87.6011,41.78715],[-87.59643,41.78717],[-87.59646,41.78655],[-87.6011,41.7865],[-87.6011,41.78715]]],[[[-87.60113,41.78771],[-87.59645,41.78774],[-87.59647,41.78727],[-87.60115,41.78725],[-87.60113,41.78771]]],[[[-87.5974,41.72503],[-87.59734,41.72381],[-87.59844,41.72379],[-87.59934,41.72394],[-87.59936,41.72506],[-87.5974,41.72503]]],[[[-87.60249,41.70211],[-87.6022,41.7021],[-87.60202,41.70236],[-87.60162,41.70237],[-87.60146,41.70249],[-87.59947,41.7049],[-87.59942,41.70515],[-87.59994,41.70539],[-87.60002,41.70563],[-87.59889,41.70565],[-87.59854,41.70555],[-87.60076,41.70278],[-87.60158,41.70141],[-87.60192,41.70175],[-87.60264,41.70187],[-87.60249,41.70211]]],[[[-87.60117,41.65513],[-87.60031,41.65516],[-87.60035,41.65584],[-87.59961,41.65587],[-87.59925,41.65607],[-87.59825,41.65564],[-87.59835,41.65512],[-87.59916,41.65511],[-87.59949,41.65446],[-87.59949,41.65384],[-87.60106,41.65351],[-87.60136,41.65493],[-87.60117,41.65513]]],[[[-87.60111,41.7186],[-87.60131,41.71908],[-87.60088,41.71882],[-87.60072,41.71894],[-87.60034,41.71885],[-87.60098,41.71927],[-87.60169,41.71919],[-87.60183,41.71936],[-87.60181,41.71983],[-87.60161,41.7198],[-87.60172,41.72008],[-87.60155,41.72055],[-87.60083,41.72042],[-87.60089,41.71974],[-87.60052,41.71919],[-87.6004,41.72034],[-87.59959,41.72036],[-87.59977,41.71989],[-87.59948,41.71974],[-87.59927,41.71999],[-87.59929,41.72022],[-87.59907,41.72031],[-87.5989,41.71875],[-87.60015,41.71873],[-87.59994,41.71853],[-87.60038,41.71827],[-87.60074,41.71784],[-87.60138,41.71759],[-87.60151,41.71777],[-87.60149,41.71834],[-87.60215,41.71851],[-87.60229,41.71877],[-87.60111,41.7186]]],[[[-87.59938,41.75669],[-87.59929,41.75326],[-87.60147,41.75324],[-87.60156,41.75669],[-87.59938,41.75669]]],[[[-87.6092,41.83843],[-87.60842,41.83682],[-87.60797,41.83409],[-87.60731,41.83261],[-87.60488,41.82946],[-87.60187,41.82686],[-87.60104,41.82535],[-87.6011,41.82522],[-87.60191,41.82501],[-87.60799,41.83309],[-87.60864,41.83421],[-87.61048,41.83843],[-87.6092,41.83843]]],[[[-87.6013,41.78713],[-87.60132,41.7865],[-87.60592,41.78647],[-87.60596,41.78705],[-87.6013,41.78713]]],[[[-87.60577,41.71036],[-87.60186,41.71042],[-87.60176,41.70758],[-87.60634,41.70757],[-87.60577,41.71036]]],[[[-87.60314,41.64458],[-87.60314,41.64274],[-87.60128,41.64274],[-87.60128,41.64178],[-87.60164,41.64164],[-87.6033,41.64158],[-87.60379,41.64458],[-87.60314,41.64458]]],[[[-87.60435,41.80254],[-87.60435,41.80223],[-87.6039,41.80223],[-87.60407,41.80195],[-87.60407,41.80147],[-87.60625,41.80145],[-87.60627,41.80252],[-87.60435,41.80254]]],[[[-87.60678,41.82384],[-87.60545,41.82426],[-87.60442,41.82403],[-87.6048,41.82338],[-87.60658,41.82284],[-87.60921,41.8228],[-87.60926,41.82386],[-87.60678,41.82384]]],[[[-87.61184,41.64951],[-87.61166,41.64935],[-87.61111,41.64925],[-87.60609,41.64903],[-87.60609,41.64885],[-87.60589,41.64871],[-87.60598,41.64854],[-87.6055,41.6477],[-87.60503,41.6472],[-87.60517,41.64648],[-87.60499,41.64655],[-87.60466,41.64637],[-87.60452,41.64605],[-87.6051,41.64594],[-87.60597,41.64607],[-87.60588,41.64689],[-87.60558,41.6473],[-87.60599,41.64762],[-87.60628,41.64753],[-87.60697,41.64769],[-87.60802,41.64765],[-87.60779,41.64743],[-87.60798,41.64742],[-87.60807,41.64718],[-87.60833,41.64725],[-87.60852,41.6469],[-87.60867,41.64709],[-87.60899,41.64716],[-87.60913,41.64706],[-87.60924,41.6472],[-87.60933,41.64697],[-87.60948,41.64698],[-87.60955,41.64714],[-87.60988,41.64707],[-87.60984,41.649],[-87.61015,41.64909],[-87.61043,41.64904],[-87.6109,41.64919],[-87.61112,41.64899],[-87.61161,41.64921],[-87.61174,41.64764],[-87.61203,41.64709],[-87.61184,41.64951]]],[[[-87.60773,41.79122],[-87.60691,41.79113],[-87.60626,41.79124],[-87.6062,41.78719],[-87.60733,41.78722],[-87.60777,41.78781],[-87.60786,41.7885],[-87.60756,41.78989],[-87.60782,41.79114],[-87.60773,41.79122]]],[[[-87.6079,41.79389],[-87.60775,41.79427],[-87.60726,41.79491],[-87.60633,41.79487],[-87.60629,41.79137],[-87.60706,41.79126],[-87.60779,41.79136],[-87.60799,41.79154],[-87.6079,41.79389]]],[[[-87.6073,41.80115],[-87.60705,41.80147],[-87.60658,41.80162],[-87.60634,41.79508],[-87.60728,41.7951],[-87.60722,41.79665],[-87.60788,41.79898],[-87.6073,41.80115]]],[[[-87.60657,41.80219],[-87.60652,41.80179],[-87.60691,41.80174],[-87.60729,41.80152],[-87.60754,41.80115],[-87.60802,41.79916],[-87.60731,41.79609],[-87.60747,41.79501],[-87.60793,41.79431],[-87.60906,41.79362],[-87.60991,41.79336],[-87.61119,41.79332],[-87.61251,41.7936],[-87.61438,41.79437],[-87.61458,41.7947],[-87.61457,41.79545],[-87.61393,41.79782],[-87.61383,41.79945],[-87.61412,41.79987],[-87.61496,41.80052],[-87.61592,41.80203],[-87.60657,41.80219]]],[[[-87.61483,41.78889],[-87.61497,41.79003],[-87.61409,41.79069],[-87.61406,41.79155],[-87.61358,41.79223],[-87.61307,41.79352],[-87.61103,41.7931],[-87.60977,41.79269],[-87.60908,41.79233],[-87.60824,41.79159],[-87.60778,41.79065],[-87.60773,41.78972],[-87.60802,41.78826],[-87.60783,41.78755],[-87.60737,41.78689],[-87.60745,41.7865],[-87.60795,41.7863],[-87.60879,41.78623],[-87.6097,41.78638],[-87.61144,41.78691],[-87.61381,41.78663],[-87.61446,41.78681],[-87.61507,41.78754],[-87.61483,41.78889]]],[[[-87.60795,41.74017],[-87.60778,41.73895],[-87.60743,41.73866],[-87.60739,41.73743],[-87.608,41.73742],[-87.60804,41.73849],[-87.60907,41.73847],[-87.60913,41.74015],[-87.60795,41.74017]]],[[[-87.60928,41.7934],[-87.60809,41.79394],[-87.60808,41.79235],[-87.60821,41.79187],[-87.60941,41.79268],[-87.61068,41.79313],[-87.60928,41.7934]]],[[[-87.65429,41.98898],[-87.65421,41.98898],[-87.65339,41.98799],[-87.65058,41.98599],[-87.64977,41.98569],[-87.64937,41.9864],[-87.6503,41.98452],[-87.65067,41.98336],[-87.65076,41.98245],[-87.65062,41.9804],[-87.65023,41.97972],[-87.64865,41.97828],[-87.64839,41.97783],[-87.6474,41.97777],[-87.64666,41.97745],[-87.64639,41.977],[-87.64615,41.97285],[-87.64522,41.97108],[-87.64374,41.96931],[-87.63453,41.96663],[-87.63411,41.96724],[-87.63164,41.9672],[-87.63097,41.96843],[-87.63116,41.96873],[-87.63161,41.96878],[-87.63191,41.96852],[-87.63183,41.96815],[-87.63199,41.96837],[-87.63195,41.96861],[-87.63175,41.9688],[-87.63138,41.96886],[-87.63107,41.96875],[-87.6309,41.96854],[-87.63171,41.96687],[-87.63193,41.9657],[-87.63167,41.96401],[-87.63133,41.96378],[-87.63102,41.96332],[-87.63103,41.96294],[-87.63121,41.96267],[-87.63174,41.96232],[-87.6343,41.96136],[-87.63573,41.9601],[-87.63674,41.95952],[-87.63818,41.95936],[-87.64008,41.95969],[-87.64029,41.95921],[-87.64158,41.95933],[-87.64168,41.95837],[-87.64106,41.95522],[-87.63989,41.95214],[-87.63848,41.94912],[-87.63749,41.94736],[-87.63613,41.94563],[-87.63303,41.94259],[-87.63314,41.94225],[-87.63343,41.94216],[-87.63375,41.94226],[-87.63435,41.94187],[-87.63435,41.94175],[-87.63408,41.94169],[-87.63389,41.94148],[-87.63385,41.94041],[-87.6331,41.93829],[-87.63226,41.93717],[-87.63192,41.93608],[-87.63167,41.93584],[-87.63149,41.93527],[-87.63018,41.93355],[-87.63029,41.93309],[-87.63072,41.93287],[-87.63069,41.93253],[-87.63112,41.93254],[-87.63124,41.9324],[-87.63091,41.93223],[-87.63067,41.93187],[-87.63096,41.93059],[-87.63093,41.92945],[-87.63051,41.92829],[-87.62945,41.92697],[-87.62896,41.92595],[-87.62892,41.92492],[-87.63003,41.92399],[-87.62953,41.92251],[-87.62834,41.92308],[-87.62953,41.92242],[-87.62929,41.92183],[-87.62861,41.921],[-87.62771,41.92136],[-87.62877,41.92086],[-87.62781,41.9196],[-87.62733,41.91975],[-87.62826,41.9193],[-87.62714,41.91815],[-87.62681,41.91826],[-87.62759,41.9178],[-87.62632,41.91671],[-87.62605,41.9168],[-87.62657,41.91646],[-87.62593,41.9159],[-87.62402,41.91456],[-87.62303,41.91403],[-87.62216,41.91378],[-87.62155,41.91374],[-87.62026,41.91386],[-87.62029,41.91466],[-87.62019,41.91459],[-87.62017,41.91395],[-87.62047,41.91341],[-87.62119,41.91302],[-87.62254,41.91281],[-87.62326,41.91249],[-87.62468,41.91139],[-87.62474,41.91073],[-87.62511,41.91025],[-87.62507,41.90877],[-87.62482,41.90754],[-87.62359,41.90409],[-87.62229,41.90306],[-87.6218,41.90242],[-87.62167,41.90197],[-87.6199,41.90155],[-87.61923,41.90109],[-87.61497,41.89475],[-87.61386,41.89333],[-87.61162,41.89389],[-87.61089,41.89503],[-87.61103,41.89504],[-87.6109,41.89525],[-87.6108,41.89516],[-87.61015,41.8962],[-87.60913,41.89622],[-87.60912,41.89603],[-87.60933,41.89602],[-87.6093,41.8949],[-87.60968,41.89489],[-87.60966,41.8945],[-87.60929,41.8945],[-87.60926,41.89338],[-87.61041,41.89334],[-87.61098,41.89318],[-87.6114,41.89288],[-87.61169,41.89244],[-87.61173,41.89208],[-87.61361,41.89204],[-87.6139,41.8931],[-87.61575,41.89557],[-87.61951,41.90112],[-87.62014,41.9014],[-87.62245,41.90171],[-87.62357,41.9024],[-87.62368,41.90302],[-87.62427,41.90433],[-87.62555,41.90934],[-87.62562,41.91117],[-87.62543,41.91253],[-87.62556,41.91307],[-87.62586,41.91335],[-87.62528,41.91384],[-87.62544,41.91401],[-87.62569,41.91401],[-87.62596,41.91355],[-87.62603,41.91393],[-87.62708,41.91502],[-87.62837,41.91738],[-87.62882,41.91852],[-87.63056,41.92475],[-87.6306,41.92615],[-87.63042,41.9262],[-87.63019,41.92601],[-87.63,41.92619],[-87.63068,41.92636],[-87.63156,41.92782],[-87.63173,41.92842],[-87.63187,41.93029],[-87.63179,41.9332],[-87.6322,41.93473],[-87.63255,41.9355],[-87.6335,41.93666],[-87.63661,41.93906],[-87.63797,41.94053],[-87.63703,41.93957],[-87.63643,41.93923],[-87.63636,41.93939],[-87.63706,41.93967],[-87.63789,41.94061],[-87.63809,41.94066],[-87.63913,41.94194],[-87.64261,41.94822],[-87.64253,41.94857],[-87.63965,41.94688],[-87.63732,41.94603],[-87.63628,41.9446],[-87.63553,41.9432],[-87.63529,41.94321],[-87.6352,41.94338],[-87.63546,41.94346],[-87.63614,41.94461],[-87.63747,41.94627],[-87.63951,41.9469],[-87.64286,41.94893],[-87.64296,41.94934],[-87.64197,41.9498],[-87.64107,41.94998],[-87.64034,41.94969],[-87.63963,41.94979],[-87.64033,41.94975],[-87.64112,41.95003],[-87.64225,41.94977],[-87.64303,41.94943],[-87.64427,41.95257],[-87.6443,41.95299],[-87.64379,41.95453],[-87.64419,41.95487],[-87.64531,41.95721],[-87.64594,41.95944],[-87.64595,41.96042],[-87.64546,41.96201],[-87.63956,41.96275],[-87.63892,41.96303],[-87.63838,41.96359],[-87.63547,41.96297],[-87.63503,41.96252],[-87.635,41.96196],[-87.63545,41.9613],[-87.63614,41.96073],[-87.63706,41.96028],[-87.63809,41.96004],[-87.63912,41.96002],[-87.63969,41.96035],[-87.63993,41.96022],[-87.63978,41.96002],[-87.63854,41.95989],[-87.63664,41.96025],[-87.63584,41.96069],[-87.6349,41.96183],[-87.63481,41.96254],[-87.63524,41.96297],[-87.63569,41.96319],[-87.63843,41.96372],[-87.63847,41.96435],[-87.63907,41.96502],[-87.64268,41.96673],[-87.6424,41.96723],[-87.64247,41.96756],[-87.64349,41.96844],[-87.64452,41.96962],[-87.64489,41.96979],[-87.64575,41.96981],[-87.6464,41.97106],[-87.64671,41.9723],[-87.64703,41.97585],[-87.64726,41.97619],[-87.64868,41.97684],[-87.64932,41.9769],[-87.65023,41.97679],[-87.652,41.9806],[-87.6523,41.98176],[-87.65204,41.98393],[-87.65257,41.98394],[-87.65265,41.98491],[-87.65293,41.98529],[-87.65351,41.98562],[-87.65413,41.98569],[-87.65433,41.98749],[-87.65429,41.98898]]],[[[-87.62054,41.91481],[-87.62101,41.91478],[-87.62053,41.91485],[-87.62029,41.91466],[-87.62054,41.91481]]],[[[-87.61379,41.89104],[-87.61149,41.8911],[-87.61148,41.89233],[-87.61064,41.89287],[-87.61029,41.89295],[-87.61005,41.89102],[-87.60957,41.89102],[-87.60952,41.88967],[-87.61137,41.88966],[-87.6115,41.89064],[-87.61356,41.89058],[-87.61361,41.89043],[-87.6138,41.89042],[-87.61379,41.89104]]],[[[-87.61136,41.83042],[-87.61137,41.83109],[-87.61065,41.83104],[-87.61005,41.82986],[-87.61057,41.8297],[-87.61014,41.82889],[-87.60962,41.82904],[-87.60894,41.82776],[-87.61023,41.82733],[-87.61148,41.82759],[-87.61093,41.82977],[-87.61112,41.82997],[-87.61249,41.82997],[-87.6125,41.8304],[-87.61136,41.83042]]],[[[-87.6092,41.81488],[-87.60917,41.81322],[-87.61144,41.81319],[-87.61147,41.81484],[-87.6092,41.81488]]],[[[-87.61182,41.83768],[-87.61184,41.83844],[-87.61122,41.83845],[-87.61042,41.83665],[-87.61334,41.83662],[-87.61337,41.83767],[-87.61182,41.83768]]],[[[-87.60965,41.73096],[-87.60961,41.72937],[-87.61419,41.72931],[-87.61422,41.7309],[-87.60965,41.73096]]],[[[-87.6143,41.78656],[-87.61321,41.78651],[-87.61152,41.7868],[-87.61085,41.78659],[-87.611,41.78584],[-87.61551,41.7858],[-87.6143,41.78656]]],[[[-87.61081,41.65903],[-87.61077,41.65745],[-87.61149,41.65737],[-87.61165,41.6568],[-87.61226,41.6568],[-87.61232,41.65904],[-87.61081,41.65903]]],[[[-87.61208,41.66641],[-87.61184,41.65929],[-87.61226,41.65931],[-87.61236,41.66641],[-87.61208,41.66641]]],[[[-87.61528,41.79443],[-87.61472,41.79431],[-87.61325,41.79356],[-87.61362,41.79288],[-87.61375,41.79221],[-87.61483,41.791],[-87.61512,41.79019],[-87.61499,41.78882],[-87.61522,41.78753],[-87.61505,41.78718],[-87.61448,41.78662],[-87.61563,41.78589],[-87.6159,41.79441],[-87.61528,41.79443]]],[[[-87.61731,41.86026],[-87.61404,41.86029],[-87.61399,41.85951],[-87.61434,41.85871],[-87.61496,41.85833],[-87.61608,41.85828],[-87.61689,41.85925],[-87.6174,41.86016],[-87.61731,41.86026]]],[[[-87.63553,41.88722],[-87.63497,41.88711],[-87.63429,41.88711],[-87.63425,41.88725],[-87.6337,41.88726],[-87.63369,41.88715],[-87.63282,41.88715],[-87.63282,41.88726],[-87.63219,41.88726],[-87.6322,41.88716],[-87.63073,41.88725],[-87.63072,41.88716],[-87.62981,41.88716],[-87.6298,41.88729],[-87.62925,41.88728],[-87.6292,41.88716],[-87.62831,41.88716],[-87.62827,41.88731],[-87.62748,41.88727],[-87.62714,41.88739],[-87.62625,41.88804],[-87.62513,41.88855],[-87.62464,41.88863],[-87.61807,41.88805],[-87.61473,41.88792],[-87.61436,41.88808],[-87.61442,41.88795],[-87.61431,41.88794],[-87.61431,41.88779],[-87.61452,41.88773],[-87.61977,41.88796],[-87.6204,41.88802],[-87.62034,41.88824],[-87.6209,41.88829],[-87.62094,41.88813],[-87.62253,41.88837],[-87.62422,41.88838],[-87.62428,41.88852],[-87.62464,41.88856],[-87.6256,41.88829],[-87.62647,41.88754],[-87.62656,41.88767],[-87.62685,41.88756],[-87.62668,41.88726],[-87.62706,41.88707],[-87.62775,41.88705],[-87.62775,41.88726],[-87.6282,41.88724],[-87.6282,41.88703],[-87.62933,41.88703],[-87.62932,41.88723],[-87.62971,41.88723],[-87.62975,41.88703],[-87.63083,41.88703],[-87.63084,41.88719],[-87.63116,41.88719],[-87.63129,41.88703],[-87.63225,41.88703],[-87.63229,41.88721],[-87.63272,41.8872],[-87.63275,41.88703],[-87.63379,41.88703],[-87.63384,41.8872],[-87.63413,41.88719],[-87.63417,41.88703],[-87.63525,41.88703],[-87.63544,41.88717],[-87.63687,41.88619],[-87.63713,41.88584],[-87.63734,41.88601],[-87.63553,41.88722]]],[[[-87.61655,41.86498],[-87.6165,41.86477],[-87.61546,41.86478],[-87.61541,41.86494],[-87.61416,41.86492],[-87.6143,41.8643],[-87.61491,41.86322],[-87.61502,41.8626],[-87.61487,41.86188],[-87.61409,41.86048],[-87.61755,41.86045],[-87.61834,41.86246],[-87.61885,41.86484],[-87.61655,41.86498]]],[[[-87.61252,41.6513],[-87.61254,41.65247],[-87.61293,41.6525],[-87.61314,41.65267],[-87.61298,41.65275],[-87.61269,41.65267],[-87.61265,41.65299],[-87.61287,41.65302],[-87.61288,41.65288],[-87.61295,41.653],[-87.61316,41.653],[-87.61319,41.65356],[-87.61256,41.65358],[-87.61258,41.65547],[-87.61236,41.65526],[-87.6123,41.65478],[-87.61214,41.65055],[-87.6123,41.65045],[-87.61385,41.65069],[-87.61509,41.65069],[-87.61497,41.65088],[-87.61465,41.65088],[-87.61465,41.6511],[-87.61494,41.65111],[-87.61521,41.65127],[-87.61252,41.6513]]],[[[-87.62066,41.88137],[-87.62038,41.88245],[-87.62042,41.88425],[-87.61755,41.88435],[-87.61722,41.88446],[-87.61721,41.8843],[-87.61456,41.88432],[-87.61502,41.88388],[-87.61648,41.88315],[-87.61713,41.88264],[-87.6175,41.8821],[-87.61766,41.88103],[-87.62062,41.88099],[-87.62066,41.88137]]],[[[-87.61403,41.64311],[-87.61355,41.64279],[-87.61285,41.64329],[-87.61237,41.64294],[-87.61237,41.64095],[-87.61363,41.64136],[-87.61505,41.64265],[-87.61403,41.64311]]],[[[-87.61605,41.8019],[-87.6151,41.80042],[-87.61426,41.79976],[-87.61399,41.79934],[-87.61413,41.79783],[-87.61489,41.7949],[-87.61591,41.79489],[-87.61605,41.8019]]],[[[-87.61346,41.69264],[-87.61335,41.68918],[-87.6181,41.68908],[-87.61823,41.69256],[-87.61346,41.69264]]],[[[-87.61471,41.74011],[-87.61466,41.73839],[-87.61612,41.73836],[-87.61618,41.74009],[-87.61471,41.74011]]],[[[-87.61639,41.88652],[-87.61635,41.88557],[-87.61903,41.88554],[-87.6191,41.88644],[-87.61639,41.88652]]],[[[-87.61771,41.89763],[-87.61723,41.89694],[-87.62173,41.89684],[-87.62174,41.89757],[-87.61771,41.89763]]],[[[-87.61743,41.87311],[-87.61733,41.87004],[-87.61751,41.86929],[-87.61897,41.8677],[-87.62019,41.86766],[-87.62028,41.86775],[-87.62048,41.87308],[-87.61743,41.87311]]],[[[-87.61761,41.87828],[-87.61745,41.87338],[-87.6204,41.87336],[-87.62051,41.87823],[-87.61761,41.87828]]],[[[-87.61766,41.88081],[-87.6176,41.87848],[-87.62051,41.87845],[-87.62062,41.88077],[-87.61766,41.88081]]],[[[-87.61719,41.65893],[-87.61706,41.65902],[-87.61552,41.65903],[-87.61691,41.65671],[-87.61704,41.65628],[-87.6172,41.65628],[-87.61719,41.65893]]],[[[-87.61884,41.84199],[-87.61881,41.84067],[-87.61866,41.84066],[-87.61866,41.84032],[-87.61935,41.84021],[-87.61934,41.8385],[-87.62181,41.83846],[-87.6219,41.84193],[-87.61884,41.84199]]],[[[-87.6187,41.65568],[-87.61837,41.65575],[-87.61832,41.6555],[-87.61773,41.65595],[-87.61817,41.65614],[-87.61844,41.6561],[-87.61794,41.65902],[-87.61776,41.65899],[-87.61777,41.6585],[-87.61759,41.65845],[-87.61756,41.65824],[-87.61738,41.65822],[-87.61736,41.65613],[-87.61753,41.65607],[-87.61756,41.6559],[-87.61735,41.65576],[-87.61734,41.65447],[-87.61834,41.65446],[-87.6196,41.6523],[-87.61981,41.65236],[-87.61995,41.65222],[-87.6187,41.65568]]],[[[-87.62006,41.66343],[-87.61865,41.66332],[-87.61864,41.66269],[-87.61835,41.66258],[-87.61847,41.66232],[-87.61833,41.66193],[-87.61865,41.66131],[-87.61877,41.66133],[-87.61913,41.66255],[-87.62048,41.66322],[-87.62348,41.66314],[-87.62365,41.66331],[-87.62006,41.66343]]],[[[-87.62074,41.87311],[-87.62065,41.86766],[-87.62088,41.86764],[-87.62081,41.86781],[-87.62218,41.87109],[-87.62227,41.87312],[-87.62074,41.87311]]],[[[-87.62083,41.88425],[-87.621,41.88098],[-87.62413,41.88093],[-87.62419,41.88431],[-87.62083,41.88425]]],[[[-87.62095,41.87556],[-87.62081,41.87548],[-87.62077,41.8733],[-87.62227,41.87326],[-87.62232,41.87553],[-87.62095,41.87556]]],[[[-87.62087,41.87825],[-87.62082,41.87613],[-87.62095,41.87601],[-87.62233,41.87599],[-87.62238,41.87822],[-87.62087,41.87825]]],[[[-87.62413,41.88076],[-87.62098,41.88078],[-87.62088,41.87842],[-87.62238,41.87838],[-87.62241,41.88029],[-87.62258,41.88028],[-87.62261,41.88074],[-87.62314,41.88074],[-87.62313,41.87837],[-87.62411,41.87838],[-87.62413,41.88076]]],[[[-87.62405,41.87308],[-87.623,41.87311],[-87.62287,41.8699],[-87.62229,41.86898],[-87.6218,41.86763],[-87.62402,41.86761],[-87.62405,41.87308]]],[[[-87.62069,41.72164],[-87.62067,41.71904],[-87.62184,41.71902],[-87.62182,41.71726],[-87.62273,41.71723],[-87.62346,41.71933],[-87.62361,41.72155],[-87.62069,41.72164]]],[[[-87.62347,41.64668],[-87.62451,41.64464],[-87.62682,41.64463],[-87.62685,41.64667],[-87.62347,41.64668]]],[[[-87.63175,41.91325],[-87.6308,41.91313],[-87.62839,41.91216],[-87.627,41.91222],[-87.62638,41.91117],[-87.6269,41.91116],[-87.62665,41.91137],[-87.62685,41.91154],[-87.62717,41.91129],[-87.63156,41.91126],[-87.63262,41.91297],[-87.63175,41.91325]]],[[[-87.6314,41.65932],[-87.63023,41.6597],[-87.62955,41.66025],[-87.6297,41.66037],[-87.63124,41.65997],[-87.63152,41.66044],[-87.62918,41.66098],[-87.62862,41.66148],[-87.62867,41.6633],[-87.62775,41.66331],[-87.62782,41.66229],[-87.62734,41.66229],[-87.62733,41.66183],[-87.626,41.66188],[-87.62523,41.66262],[-87.62494,41.6627],[-87.62516,41.66294],[-87.62572,41.66278],[-87.62688,41.66277],[-87.62688,41.66334],[-87.62428,41.66336],[-87.62447,41.66298],[-87.62433,41.66274],[-87.62546,41.66218],[-87.62924,41.65924],[-87.6312,41.65814],[-87.63182,41.65884],[-87.6314,41.65932]]],[[[-87.62727,41.80911],[-87.62726,41.80873],[-87.62779,41.8087],[-87.62777,41.80789],[-87.62622,41.8079],[-87.62619,41.80664],[-87.62827,41.80662],[-87.62845,41.80699],[-87.62848,41.8091],[-87.62727,41.80911]]],[[[-87.63372,41.92566],[-87.6335,41.92534],[-87.63335,41.92539],[-87.63346,41.92569],[-87.6319,41.92589],[-87.63112,41.92474],[-87.62997,41.92139],[-87.62909,41.91809],[-87.62758,41.91483],[-87.62729,41.91294],[-87.62747,41.91262],[-87.62784,41.91246],[-87.62869,41.91252],[-87.63037,41.91327],[-87.63159,41.91357],[-87.63191,41.91434],[-87.63261,41.915],[-87.63304,41.91585],[-87.63399,41.91689],[-87.63453,41.91889],[-87.63552,41.92026],[-87.63574,41.92483],[-87.63593,41.92558],[-87.63372,41.92566]]],[[[-87.62764,41.82618],[-87.62768,41.8273],[-87.62658,41.82729],[-87.62654,41.82549],[-87.62757,41.82547],[-87.62774,41.82557],[-87.62801,41.82547],[-87.62802,41.82617],[-87.62764,41.82618]]],[[[-87.62709,41.8191],[-87.62652,41.81911],[-87.62647,41.81659],[-87.6281,41.81657],[-87.62709,41.8191]]],[[[-87.62917,41.84425],[-87.62927,41.84376],[-87.62951,41.84372],[-87.62944,41.84327],[-87.62906,41.8433],[-87.62895,41.84286],[-87.62841,41.84291],[-87.62812,41.8431],[-87.62701,41.8431],[-87.62698,41.84242],[-87.62777,41.84243],[-87.62799,41.84212],[-87.62852,41.84188],[-87.62961,41.84186],[-87.62969,41.84424],[-87.62917,41.84425]]],[[[-87.64035,41.65675],[-87.63534,41.65631],[-87.63435,41.65642],[-87.63344,41.65638],[-87.63263,41.65658],[-87.63228,41.65655],[-87.63117,41.65704],[-87.63111,41.6573],[-87.63094,41.65738],[-87.62968,41.65568],[-87.62556,41.65182],[-87.6408,41.65188],[-87.64091,41.65198],[-87.64111,41.65721],[-87.64035,41.65675]]],[[[-87.62829,41.84918],[-87.62824,41.84751],[-87.62873,41.84752],[-87.62973,41.84797],[-87.62976,41.84917],[-87.62829,41.84918]]],[[[-87.62921,41.74566],[-87.62919,41.74459],[-87.63159,41.74455],[-87.63159,41.74361],[-87.63257,41.74359],[-87.6326,41.74432],[-87.63407,41.74431],[-87.6341,41.74558],[-87.62921,41.74566]]],[[[-87.63704,41.93892],[-87.63412,41.93679],[-87.63332,41.93593],[-87.63262,41.93476],[-87.6322,41.93313],[-87.6323,41.92947],[-87.63196,41.92764],[-87.63202,41.92605],[-87.63347,41.92585],[-87.63362,41.92591],[-87.63518,41.92852],[-87.637,41.93111],[-87.63598,41.93312],[-87.63503,41.93328],[-87.63287,41.9333],[-87.63258,41.93321],[-87.63248,41.93337],[-87.63496,41.93345],[-87.63603,41.93328],[-87.63661,41.93451],[-87.63684,41.93686],[-87.63745,41.93824],[-87.63842,41.93972],[-87.63704,41.93892]]],[[[-87.63564,41.92009],[-87.63479,41.91909],[-87.63417,41.91694],[-87.63306,41.91568],[-87.63273,41.91501],[-87.63198,41.91424],[-87.63184,41.9139],[-87.6319,41.91351],[-87.63282,41.91334],[-87.63618,41.91881],[-87.63636,41.92011],[-87.63564,41.92009]]],[[[-87.62971,41.67058],[-87.62964,41.66895],[-87.6337,41.66884],[-87.63376,41.67058],[-87.62971,41.67058]]],[[[-87.63285,41.85942],[-87.63249,41.85981],[-87.63204,41.85998],[-87.63203,41.85924],[-87.63193,41.85922],[-87.63202,41.85785],[-87.63359,41.85782],[-87.63285,41.85942]]],[[[-87.63669,41.85504],[-87.63679,41.85536],[-87.63515,41.85689],[-87.63487,41.85735],[-87.63485,41.85782],[-87.63428,41.85887],[-87.63403,41.85897],[-87.634,41.85981],[-87.63413,41.86009],[-87.63314,41.86011],[-87.63265,41.86029],[-87.63229,41.86017],[-87.63316,41.85941],[-87.63418,41.85692],[-87.63454,41.8564],[-87.6366,41.85468],[-87.63684,41.85475],[-87.63669,41.85504]]],[[[-87.63287,41.83453],[-87.63285,41.83281],[-87.63512,41.83278],[-87.63516,41.8345],[-87.63287,41.83453]]],[[[-87.63888,41.93192],[-87.6386,41.93216],[-87.63759,41.93152],[-87.63512,41.92817],[-87.63382,41.9258],[-87.63597,41.92576],[-87.63613,41.92596],[-87.63668,41.92608],[-87.6376,41.92656],[-87.63816,41.92701],[-87.63855,41.9275],[-87.63878,41.92812],[-87.63868,41.92969],[-87.63888,41.93192]]],[[[-87.63302,41.7908],[-87.633,41.79032],[-87.63349,41.7903],[-87.63349,41.78935],[-87.63515,41.78934],[-87.6352,41.79077],[-87.63302,41.7908]]],[[[-87.63357,41.81245],[-87.63352,41.81032],[-87.63575,41.81027],[-87.6358,41.81257],[-87.63357,41.81245]]],[[[-87.63423,41.72946],[-87.63398,41.72897],[-87.63379,41.72339],[-87.6347,41.72338],[-87.63486,41.72978],[-87.63423,41.72946]]],[[[-87.63872,41.75157],[-87.63756,41.75161],[-87.63625,41.75216],[-87.63572,41.75301],[-87.63543,41.75326],[-87.63483,41.7535],[-87.63442,41.75397],[-87.63443,41.75295],[-87.63548,41.7524],[-87.63592,41.75176],[-87.63665,41.75164],[-87.63704,41.75132],[-87.63735,41.75125],[-87.63872,41.7512],[-87.63872,41.75157]]],[[[-87.63888,41.9323],[-87.63909,41.93162],[-87.63884,41.92999],[-87.63897,41.92867],[-87.63886,41.9278],[-87.63808,41.92676],[-87.63681,41.926],[-87.63625,41.92586],[-87.63628,41.92573],[-87.63905,41.92571],[-87.63925,41.93263],[-87.63888,41.9323]]],[[[-87.6365,41.93283],[-87.63639,41.9327],[-87.63713,41.93126],[-87.63917,41.93287],[-87.6365,41.93283]]],[[[-87.63918,41.76341],[-87.63487,41.76349],[-87.6362,41.75994],[-87.63915,41.75989],[-87.63918,41.76341]]],[[[-87.63907,41.90268],[-87.63907,41.90301],[-87.63924,41.90302],[-87.63927,41.90368],[-87.63767,41.90364],[-87.63749,41.90214],[-87.63897,41.9021],[-87.63894,41.90124],[-87.63939,41.90123],[-87.63953,41.90155],[-87.64009,41.90153],[-87.64011,41.90266],[-87.63907,41.90268]]],[[[-87.64635,41.96565],[-87.64374,41.96605],[-87.64286,41.96658],[-87.63971,41.96519],[-87.6389,41.96462],[-87.63855,41.96387],[-87.63904,41.96312],[-87.63961,41.96288],[-87.63981,41.96294],[-87.64547,41.96217],[-87.64604,41.96275],[-87.64644,41.96352],[-87.6466,41.96464],[-87.64635,41.96565]]],[[[-87.63712,41.71785],[-87.63711,41.71524],[-87.63814,41.71522],[-87.6382,41.71783],[-87.63712,41.71785]]],[[[-87.63897,41.74339],[-87.63894,41.74269],[-87.63779,41.74271],[-87.63766,41.74234],[-87.63936,41.7404],[-87.64031,41.74146],[-87.63932,41.74197],[-87.64051,41.74333],[-87.63897,41.74339]]],[[[-87.63798,41.70515],[-87.63793,41.70283],[-87.64022,41.70281],[-87.64028,41.70512],[-87.63798,41.70515]]],[[[-87.64742,41.96784],[-87.64742,41.96862],[-87.64715,41.96942],[-87.64578,41.96955],[-87.6453,41.96874],[-87.64459,41.96795],[-87.64507,41.96767],[-87.64497,41.96759],[-87.64454,41.9679],[-87.64305,41.96673],[-87.64367,41.96626],[-87.64623,41.96589],[-87.64646,41.96594],[-87.64715,41.96682],[-87.64742,41.96784]]],[[[-87.64527,41.91028],[-87.64349,41.91031],[-87.64343,41.90909],[-87.64526,41.90907],[-87.64527,41.91028]]],[[[-87.6441,41.92182],[-87.6439,41.92167],[-87.64385,41.9201],[-87.64618,41.91998],[-87.64617,41.9194],[-87.64726,41.91939],[-87.64727,41.9201],[-87.64743,41.92011],[-87.64748,41.92178],[-87.6441,41.92182]]],[[[-87.65841,41.65087],[-87.65818,41.65074],[-87.65813,41.65044],[-87.65759,41.65067],[-87.65721,41.65055],[-87.65661,41.65093],[-87.65661,41.65161],[-87.65635,41.65125],[-87.65602,41.65142],[-87.65556,41.65136],[-87.65575,41.6512],[-87.65623,41.65113],[-87.65617,41.65081],[-87.65477,41.65092],[-87.65442,41.65109],[-87.6542,41.65102],[-87.65319,41.65117],[-87.65213,41.65148],[-87.65027,41.65173],[-87.6501,41.65204],[-87.64973,41.65212],[-87.64933,41.65199],[-87.64884,41.65209],[-87.64866,41.652],[-87.64798,41.65206],[-87.64744,41.65197],[-87.64611,41.65203],[-87.6453,41.6519],[-87.64391,41.65193],[-87.6437,41.65212],[-87.64338,41.65203],[-87.64226,41.65294],[-87.64184,41.65314],[-87.64153,41.6535],[-87.64135,41.65379],[-87.6414,41.6547],[-87.64123,41.65474],[-87.64119,41.65354],[-87.64345,41.65187],[-87.64896,41.65181],[-87.65789,41.65024],[-87.65808,41.6503],[-87.65843,41.6502],[-87.6586,41.65057],[-87.65841,41.65087]]],[[[-87.64656,41.90635],[-87.64424,41.90639],[-87.64424,41.90601],[-87.64399,41.906],[-87.64392,41.90543],[-87.64464,41.90543],[-87.64465,41.90558],[-87.64571,41.90557],[-87.64571,41.90544],[-87.64595,41.90543],[-87.64593,41.90504],[-87.64681,41.90503],[-87.64686,41.90587],[-87.64656,41.90635]]],[[[-87.64941,41.97679],[-87.64877,41.97671],[-87.64756,41.97619],[-87.6473,41.97597],[-87.64716,41.97568],[-87.64693,41.97229],[-87.64642,41.97069],[-87.6459,41.96975],[-87.64714,41.96954],[-87.64768,41.97003],[-87.64803,41.97062],[-87.64909,41.97433],[-87.64955,41.97666],[-87.64941,41.97679]]],[[[-87.6592,41.65189],[-87.65479,41.65285],[-87.65421,41.6531],[-87.65107,41.65529],[-87.64859,41.65622],[-87.64773,41.65627],[-87.6474,41.65563],[-87.64705,41.65572],[-87.64577,41.65561],[-87.64529,41.65577],[-87.64526,41.65587],[-87.64607,41.65592],[-87.64609,41.65601],[-87.64351,41.65603],[-87.64419,41.65586],[-87.64413,41.65575],[-87.64364,41.65585],[-87.64363,41.65567],[-87.64462,41.65542],[-87.64573,41.65551],[-87.64981,41.65527],[-87.65022,41.65469],[-87.65093,41.65439],[-87.65189,41.65428],[-87.65283,41.65351],[-87.65403,41.65308],[-87.65393,41.65222],[-87.65439,41.65239],[-87.65496,41.6522],[-87.6552,41.65193],[-87.65599,41.65183],[-87.65663,41.65215],[-87.65677,41.65204],[-87.65734,41.652],[-87.65734,41.65165],[-87.65821,41.65155],[-87.65828,41.65137],[-87.65881,41.65142],[-87.65894,41.65133],[-87.65932,41.65147],[-87.65933,41.65178],[-87.6592,41.65189]]],[[[-87.6485,41.96471],[-87.64829,41.96397],[-87.64703,41.96222],[-87.64698,41.96198],[-87.64945,41.96191],[-87.64946,41.96231],[-87.64986,41.96234],[-87.64992,41.9647],[-87.6485,41.96471]]],[[[-87.64915,41.84154],[-87.64648,41.84156],[-87.64645,41.83992],[-87.64783,41.83991],[-87.64818,41.83973],[-87.64956,41.84134],[-87.64915,41.84154]]],[[[-87.65008,41.84448],[-87.64969,41.84433],[-87.64659,41.84449],[-87.6465,41.84169],[-87.6492,41.84166],[-87.64975,41.8414],[-87.65165,41.84361],[-87.65008,41.84448]]],[[[-87.64885,41.96914],[-87.64816,41.96836],[-87.6478,41.96715],[-87.64782,41.96644],[-87.64802,41.96573],[-87.64818,41.96562],[-87.64852,41.96558],[-87.64954,41.96908],[-87.64885,41.96914]]],[[[-87.65129,41.97629],[-87.6509,41.97601],[-87.64979,41.97431],[-87.64931,41.97328],[-87.64865,41.97086],[-87.64869,41.96999],[-87.64897,41.96935],[-87.64958,41.96927],[-87.65201,41.97638],[-87.65129,41.97629]]],[[[-87.64805,41.86615],[-87.64792,41.86241],[-87.65081,41.86237],[-87.65084,41.86342],[-87.64979,41.86345],[-87.64991,41.86478],[-87.65088,41.86478],[-87.65093,41.86613],[-87.64805,41.86615]]],[[[-87.64845,41.70132],[-87.64845,41.70188],[-87.64761,41.7019],[-87.64758,41.70137],[-87.64637,41.70136],[-87.64632,41.69967],[-87.64919,41.69961],[-87.64931,41.7013],[-87.64845,41.70132]]],[[[-87.64925,41.72124],[-87.64751,41.72128],[-87.64746,41.71938],[-87.64988,41.71934],[-87.64925,41.72124]]],[[[-87.65476,41.9828],[-87.6541,41.98282],[-87.65413,41.98379],[-87.65375,41.98367],[-87.65249,41.98042],[-87.65077,41.97661],[-87.65154,41.97652],[-87.65155,41.97704],[-87.65196,41.97853],[-87.65433,41.97849],[-87.65441,41.97864],[-87.6533,41.97873],[-87.65374,41.9796],[-87.65407,41.98199],[-87.65499,41.98199],[-87.655,41.98209],[-87.65472,41.98214],[-87.655,41.98215],[-87.65502,41.98258],[-87.65476,41.9828]]],[[[-87.65095,41.65782],[-87.64852,41.65791],[-87.64806,41.65789],[-87.6479,41.65756],[-87.64823,41.65743],[-87.64906,41.6574],[-87.64946,41.65707],[-87.65238,41.65664],[-87.65249,41.65689],[-87.65239,41.65703],[-87.65172,41.65711],[-87.65135,41.6574],[-87.65207,41.65751],[-87.65235,41.65735],[-87.65308,41.65733],[-87.65317,41.65741],[-87.65095,41.65782]]],[[[-87.64899,41.67409],[-87.64894,41.67235],[-87.64961,41.67234],[-87.64964,41.67297],[-87.65017,41.67296],[-87.65018,41.67312],[-87.65088,41.67311],[-87.65091,41.67406],[-87.64899,41.67409]]],[[[-87.65323,41.85517],[-87.65319,41.85394],[-87.65396,41.85385],[-87.65388,41.85264],[-87.6546,41.85263],[-87.65467,41.85515],[-87.65323,41.85517]]],[[[-87.66048,41.65475],[-87.65242,41.65594],[-87.6514,41.65606],[-87.65129,41.65595],[-87.65256,41.65494],[-87.65308,41.65523],[-87.65176,41.65569],[-87.65146,41.65594],[-87.65437,41.65549],[-87.65438,41.65526],[-87.65395,41.65529],[-87.65387,41.65516],[-87.65391,41.65498],[-87.65439,41.65479],[-87.65484,41.65488],[-87.65641,41.6548],[-87.65643,41.65492],[-87.6573,41.65493],[-87.66048,41.65459],[-87.66048,41.65475]]],[[[-87.65621,41.68831],[-87.65624,41.68887],[-87.65559,41.68888],[-87.65561,41.68925],[-87.65214,41.68929],[-87.65209,41.68768],[-87.65671,41.68763],[-87.65674,41.68831],[-87.65621,41.68831]]],[[[-87.66145,42.01348],[-87.66162,42.01332],[-87.66123,42.01277],[-87.66089,42.01189],[-87.6599,42.01086],[-87.65875,42.00997],[-87.6584,42.0093],[-87.65781,42.00861],[-87.65545,42.00662],[-87.65584,42.00631],[-87.65687,42.00629],[-87.65708,42.00571],[-87.65704,42.00509],[-87.65673,42.00423],[-87.65752,42.00427],[-87.65763,42.00512],[-87.65783,42.00517],[-87.65791,42.00569],[-87.65848,42.00569],[-87.6585,42.00621],[-87.65895,42.0062],[-87.65896,42.00683],[-87.65916,42.00683],[-87.65917,42.00745],[-87.65988,42.00743],[-87.6599,42.00796],[-87.65962,42.00798],[-87.65966,42.00864],[-87.6603,42.00863],[-87.66039,42.00984],[-87.66069,42.00984],[-87.6609,42.01052],[-87.66234,42.0105],[-87.66272,42.01172],[-87.66359,42.01343],[-87.66145,42.01348]]],[[[-87.6532,41.72859],[-87.65317,41.72687],[-87.65543,41.72684],[-87.6555,41.72857],[-87.6532,41.72859]]],[[[-87.6572,41.65342],[-87.65604,41.65349],[-87.65549,41.65389],[-87.65435,41.65407],[-87.65308,41.65503],[-87.65268,41.65485],[-87.65419,41.65367],[-87.65508,41.65325],[-87.6574,41.65259],[-87.65768,41.65317],[-87.6572,41.65342]]],[[[-87.65627,41.75594],[-87.65401,41.75593],[-87.65401,41.75423],[-87.65482,41.75422],[-87.65485,41.75506],[-87.65627,41.75505],[-87.65627,41.75594]]],[[[-87.65457,41.77774],[-87.65441,41.77243],[-87.65904,41.77233],[-87.65921,41.77768],[-87.65457,41.77774]]],[[[-87.65511,41.79958],[-87.65499,41.79424],[-87.65966,41.79417],[-87.65979,41.79953],[-87.65511,41.79958]]],[[[-87.65675,41.86515],[-87.6567,41.86351],[-87.65771,41.86347],[-87.65774,41.86433],[-87.65875,41.86439],[-87.65876,41.86512],[-87.65675,41.86515]]],[[[-87.65811,41.87214],[-87.65809,41.87138],[-87.66157,41.87117],[-87.6616,41.87214],[-87.65811,41.87214]]],[[[-87.65951,41.8802],[-87.65948,41.87911],[-87.66394,41.87905],[-87.66397,41.88014],[-87.65951,41.8802]]],[[[-87.65849,41.74308],[-87.6584,41.73956],[-87.66147,41.73951],[-87.66157,41.74303],[-87.65849,41.74308]]],[[[-87.6601,41.89794],[-87.66005,41.89629],[-87.66229,41.89625],[-87.66233,41.8979],[-87.6601,41.89794]]],[[[-87.66154,41.86335],[-87.66151,41.86158],[-87.6638,41.86156],[-87.66382,41.86234],[-87.66369,41.86249],[-87.6639,41.86265],[-87.66391,41.86332],[-87.66154,41.86335]]],[[[-87.67114,41.6474],[-87.6699,41.64873],[-87.67001,41.65063],[-87.66891,41.65069],[-87.66804,41.6496],[-87.66719,41.64989],[-87.6674,41.6509],[-87.66063,41.65255],[-87.66049,41.64948],[-87.66678,41.64826],[-87.66571,41.64713],[-87.66418,41.64709],[-87.66372,41.64715],[-87.66286,41.64762],[-87.66216,41.64819],[-87.66155,41.64827],[-87.66154,41.64839],[-87.66046,41.64841],[-87.66016,41.64017],[-87.66199,41.64017],[-87.66239,41.64042],[-87.66307,41.64017],[-87.66957,41.64018],[-87.66972,41.64396],[-87.66941,41.64431],[-87.67152,41.6455],[-87.67176,41.64527],[-87.67247,41.64561],[-87.67249,41.64675],[-87.6728,41.64717],[-87.67114,41.6474]]],[[[-87.66538,41.8853],[-87.66359,41.88419],[-87.66483,41.8831],[-87.66607,41.88336],[-87.66669,41.88337],[-87.66677,41.88528],[-87.66538,41.8853]]],[[[-87.66837,41.65522],[-87.66771,41.6551],[-87.66711,41.65526],[-87.66638,41.65499],[-87.66619,41.65542],[-87.66633,41.65562],[-87.66437,41.65574],[-87.66453,41.65689],[-87.66433,41.65675],[-87.66403,41.65703],[-87.6636,41.65691],[-87.66345,41.65722],[-87.66291,41.65734],[-87.66287,41.65607],[-87.66309,41.65563],[-87.66408,41.65553],[-87.66431,41.65524],[-87.66479,41.65511],[-87.6654,41.65512],[-87.66733,41.65454],[-87.66795,41.6542],[-87.66822,41.65419],[-87.66841,41.65461],[-87.66837,41.65522]]],[[[-87.66804,41.96837],[-87.66792,41.96791],[-87.66738,41.96792],[-87.66721,41.96711],[-87.66925,41.96709],[-87.66929,41.96836],[-87.66804,41.96837]]],[[[-87.66443,41.661],[-87.66437,41.65929],[-87.66414,41.65929],[-87.66406,41.65763],[-87.6653,41.65722],[-87.66545,41.65727],[-87.66555,41.66099],[-87.66443,41.661]]],[[[-87.66641,41.81398],[-87.66638,41.81229],[-87.66864,41.81227],[-87.66867,41.81396],[-87.66641,41.81398]]],[[[-87.719,41.91375],[-87.71778,41.91368],[-87.71777,41.91377],[-87.71679,41.91378],[-87.71678,41.91366],[-87.71656,41.91366],[-87.71655,41.91378],[-87.7151,41.91381],[-87.71511,41.91368],[-87.71494,41.91368],[-87.71493,41.9138],[-87.71358,41.91379],[-87.71355,41.91397],[-87.71332,41.91397],[-87.71329,41.91382],[-87.7103,41.91386],[-87.71008,41.91376],[-87.71007,41.91386],[-87.70869,41.91387],[-87.70867,41.91376],[-87.70844,41.91376],[-87.70753,41.9139],[-87.70451,41.91384],[-87.69718,41.91398],[-87.69703,41.91388],[-87.68323,41.91403],[-87.68051,41.91429],[-87.67763,41.91437],[-87.67763,41.91424],[-87.67748,41.91423],[-87.67749,41.91475],[-87.67642,41.91476],[-87.67633,41.91415],[-87.66915,41.91434],[-87.6689,41.91431],[-87.66889,41.91421],[-87.67765,41.914],[-87.67766,41.91418],[-87.67816,41.91424],[-87.67988,41.91424],[-87.68249,41.91401],[-87.68253,41.91375],[-87.6829,41.91398],[-87.69824,41.91385],[-87.69825,41.91376],[-87.69861,41.91375],[-87.69862,41.91384],[-87.69909,41.91385],[-87.70704,41.91377],[-87.71777,41.91355],[-87.71922,41.91362],[-87.719,41.91375]]],[[[-87.67271,41.73555],[-87.66815,41.73019],[-87.66796,41.73016],[-87.66787,41.72975],[-87.66728,41.72892],[-87.66747,41.72852],[-87.66895,41.72836],[-87.67008,41.72786],[-87.67064,41.72781],[-87.67128,41.7275],[-87.67135,41.72855],[-87.67153,41.72887],[-87.6737,41.73118],[-87.67337,41.7322],[-87.67283,41.73281],[-87.67466,41.73428],[-87.67575,41.73364],[-87.67632,41.7335],[-87.67634,41.73385],[-87.67696,41.73378],[-87.67698,41.73337],[-87.67763,41.73336],[-87.67758,41.73106],[-87.68225,41.731],[-87.68232,41.73541],[-87.67271,41.73555]]],[[[-87.66838,41.71895],[-87.66839,41.71927],[-87.66755,41.71929],[-87.66739,41.71399],[-87.66761,41.71399],[-87.66768,41.71664],[-87.66891,41.71664],[-87.66896,41.71894],[-87.66838,41.71895]]],[[[-87.6696,41.65295],[-87.66732,41.65338],[-87.66723,41.65304],[-87.66691,41.65288],[-87.66696,41.65224],[-87.66959,41.65218],[-87.66977,41.6527],[-87.6696,41.65295]]],[[[-87.66818,41.74295],[-87.66814,41.74124],[-87.67042,41.74121],[-87.67049,41.74291],[-87.66818,41.74295]]],[[[-87.66979,41.803],[-87.66976,41.80136],[-87.67197,41.80135],[-87.67203,41.80298],[-87.66979,41.803]]],[[[-87.67288,42.0154],[-87.67289,42.01591],[-87.67256,42.0159],[-87.67248,42.01438],[-87.67442,42.01433],[-87.67435,42.01388],[-87.67475,42.01387],[-87.67499,42.01537],[-87.67288,42.0154]]],[[[-87.6712,41.85765],[-87.67116,41.85599],[-87.67581,41.85593],[-87.67585,41.85758],[-87.6712,41.85765]]],[[[-87.67136,41.68455],[-87.67043,41.68457],[-87.67052,41.68442],[-87.66997,41.68425],[-87.67116,41.68214],[-87.67168,41.6823],[-87.67136,41.68455]]],[[[-87.67754,41.74283],[-87.67695,41.74107],[-87.67647,41.74015],[-87.67359,41.73654],[-87.6729,41.73648],[-87.67291,41.73578],[-87.68235,41.73567],[-87.68255,41.74275],[-87.67754,41.74283]]],[[[-87.68122,41.74443],[-87.6801,41.74471],[-87.67901,41.7454],[-87.67858,41.74589],[-87.67815,41.74705],[-87.67823,41.75008],[-87.67786,41.75011],[-87.67784,41.74974],[-87.67651,41.74976],[-87.6765,41.74933],[-87.67784,41.7493],[-87.6778,41.74742],[-87.67318,41.74748],[-87.67313,41.74527],[-87.67531,41.74524],[-87.67535,41.74657],[-87.67778,41.74653],[-87.67772,41.74334],[-87.67761,41.74333],[-87.6776,41.74295],[-87.68256,41.74292],[-87.68259,41.74443],[-87.68122,41.74443]]],[[[-87.67833,42.01555],[-87.67833,42.0166],[-87.67759,42.01659],[-87.67759,42.01675],[-87.67697,42.01683],[-87.67696,42.01724],[-87.67667,42.01723],[-87.67621,42.01565],[-87.67896,42.01434],[-87.679,42.01555],[-87.67833,42.01555]]],[[[-87.67424,41.78654],[-87.6741,41.78218],[-87.6758,41.78213],[-87.67594,41.78651],[-87.67424,41.78654]]],[[[-87.68361,41.8266],[-87.67518,41.82668],[-87.67518,41.82323],[-87.68407,41.82311],[-87.68421,41.82624],[-87.68361,41.8266]]],[[[-87.67803,41.64417],[-87.67804,41.64466],[-87.6771,41.64468],[-87.67672,41.64487],[-87.67637,41.64487],[-87.67637,41.64507],[-87.67521,41.64507],[-87.6752,41.64447],[-87.6774,41.64404],[-87.67738,41.64361],[-87.67815,41.64359],[-87.67815,41.64307],[-87.67883,41.64306],[-87.67885,41.6437],[-87.67985,41.64361],[-87.67991,41.6439],[-87.67803,41.64417]]],[[[-87.6784,41.93769],[-87.67836,41.93603],[-87.68058,41.936],[-87.68064,41.93766],[-87.6784,41.93769]]],[[[-87.67978,41.65274],[-87.6781,41.6541],[-87.67688,41.65411],[-87.67685,41.65357],[-87.67555,41.65362],[-87.67552,41.6527],[-87.678,41.65253],[-87.67821,41.65273],[-87.67817,41.65295],[-87.67847,41.65306],[-87.67867,41.65293],[-87.67863,41.65274],[-87.67929,41.65238],[-87.67982,41.65245],[-87.67978,41.65274]]],[[[-87.67646,41.69787],[-87.67642,41.69674],[-87.67869,41.69669],[-87.67874,41.69782],[-87.67646,41.69787]]],[[[-87.68371,41.97367],[-87.68369,41.97334],[-87.6826,41.97337],[-87.68261,41.97371],[-87.68239,41.97372],[-87.68241,41.97483],[-87.68261,41.97484],[-87.68265,41.97592],[-87.68088,41.97595],[-87.68083,41.97446],[-87.68003,41.97446],[-87.68,41.97315],[-87.67942,41.97314],[-87.67938,41.97245],[-87.68407,41.97238],[-87.68411,41.97366],[-87.68371,41.97367]]],[[[-87.68027,42.00514],[-87.68026,42.0047],[-87.68041,42.00467],[-87.6804,42.00429],[-87.68213,42.00417],[-87.68205,42.00159],[-87.68159,42.00158],[-87.68158,42.0013],[-87.68211,42.00129],[-87.68212,42.00103],[-87.68327,42.00101],[-87.68324,42.00013],[-87.68983,42.00003],[-87.68993,42.00492],[-87.68027,42.00514]]],[[[-87.67762,41.68199],[-87.67735,41.68183],[-87.67721,41.68132],[-87.6772,41.68077],[-87.67752,41.68006],[-87.67827,41.67952],[-87.67888,41.67937],[-87.67899,41.68185],[-87.67762,41.68199]]],[[[-87.68504,41.96314],[-87.68396,41.96145],[-87.68854,41.96138],[-87.68859,41.96309],[-87.68504,41.96314]]],[[[-87.68118,41.68813],[-87.68112,41.68639],[-87.68579,41.6863],[-87.68584,41.68806],[-87.68118,41.68813]]],[[[-87.68576,41.79378],[-87.68581,41.79517],[-87.68361,41.7952],[-87.68359,41.79507],[-87.68239,41.79509],[-87.68231,41.79234],[-87.68412,41.79233],[-87.68413,41.79209],[-87.68753,41.79204],[-87.68758,41.79375],[-87.68576,41.79378]]],[[[-87.68941,41.80549],[-87.68909,41.80556],[-87.68921,41.80646],[-87.68449,41.80657],[-87.68448,41.80475],[-87.68457,41.80484],[-87.68941,41.80482],[-87.68941,41.80549]]],[[[-87.68358,41.70993],[-87.68351,41.70649],[-87.68523,41.70648],[-87.68534,41.70991],[-87.68358,41.70993]]],[[[-87.68708,41.65486],[-87.68662,41.65482],[-87.68672,41.65419],[-87.68661,41.65412],[-87.6857,41.654],[-87.68511,41.65355],[-87.68467,41.65341],[-87.68442,41.65347],[-87.68432,41.65334],[-87.6842,41.65336],[-87.68408,41.65394],[-87.68401,41.65328],[-87.68371,41.65326],[-87.68361,41.65293],[-87.68325,41.65278],[-87.68322,41.65263],[-87.68664,41.65262],[-87.68687,41.65286],[-87.68709,41.6536],[-87.6869,41.65386],[-87.6872,41.65403],[-87.68734,41.65524],[-87.68708,41.65486]]],[[[-87.68753,41.98986],[-87.68734,41.98966],[-87.68728,41.98917],[-87.68774,41.98852],[-87.68775,41.98756],[-87.68799,41.98738],[-87.68799,41.98705],[-87.68749,41.98704],[-87.68749,41.98613],[-87.68707,41.98587],[-87.68709,41.98533],[-87.68762,41.98516],[-87.68936,41.98513],[-87.68948,41.98982],[-87.68753,41.98986]]],[[[-87.68965,41.64459],[-87.68885,41.64415],[-87.68815,41.64418],[-87.68813,41.64362],[-87.68505,41.64374],[-87.68495,41.64317],[-87.68683,41.64319],[-87.69028,41.64299],[-87.69129,41.64325],[-87.68965,41.64459]]],[[[-87.68587,41.70262],[-87.68578,41.70092],[-87.68746,41.7009],[-87.68752,41.7026],[-87.68587,41.70262]]],[[[-87.68811,41.84463],[-87.68807,41.84232],[-87.68888,41.84231],[-87.68893,41.84287],[-87.69019,41.84289],[-87.69033,41.84396],[-87.69017,41.84404],[-87.69016,41.84429],[-87.68989,41.84431],[-87.68999,41.84446],[-87.69034,41.84441],[-87.69139,41.84459],[-87.6914,41.84444],[-87.69166,41.84444],[-87.69168,41.84461],[-87.68811,41.84463]]],[[[-87.68735,41.72814],[-87.6872,41.72361],[-87.69188,41.72358],[-87.69202,41.72808],[-87.68735,41.72814]]],[[[-87.68737,41.72906],[-87.68744,41.7283],[-87.69044,41.72821],[-87.69046,41.72902],[-87.68737,41.72906]]],[[[-87.68937,41.89381],[-87.68931,41.8915],[-87.69154,41.89239],[-87.69159,41.89379],[-87.68937,41.89381]]],[[[-87.68768,41.66249],[-87.68761,41.65996],[-87.68938,41.65993],[-87.68944,41.66246],[-87.68768,41.66249]]],[[[-87.69086,41.95393],[-87.69082,41.9522],[-87.69328,41.95217],[-87.6933,41.9539],[-87.69086,41.95393]]],[[[-87.6944,41.83859],[-87.69426,41.83811],[-87.69404,41.83801],[-87.68972,41.83805],[-87.69128,41.83754],[-87.6949,41.8375],[-87.69499,41.83855],[-87.6944,41.83859]]],[[[-87.69489,42.01029],[-87.69162,42.01035],[-87.69158,42.00867],[-87.69491,42.00861],[-87.69489,42.01029]]],[[[-87.69081,41.65356],[-87.69045,41.65426],[-87.69064,41.65443],[-87.69164,41.65459],[-87.69141,41.65488],[-87.69044,41.65443],[-87.6892,41.65361],[-87.68836,41.65254],[-87.68906,41.65257],[-87.68907,41.65282],[-87.68922,41.65283],[-87.68924,41.65258],[-87.69195,41.65237],[-87.69202,41.65358],[-87.69081,41.65356]]],[[[-87.6972,42.01475],[-87.69484,42.01482],[-87.69482,42.01534],[-87.69266,42.01536],[-87.69267,42.01289],[-87.69493,42.01283],[-87.69495,42.01314],[-87.69721,42.01311],[-87.6972,42.01475]]],[[[-87.69577,41.94662],[-87.69549,41.94612],[-87.6942,41.94614],[-87.69404,41.94349],[-87.69325,41.94219],[-87.69316,41.94101],[-87.69293,41.94075],[-87.69315,41.94061],[-87.69187,41.93953],[-87.69221,41.93952],[-87.69366,41.94073],[-87.69491,41.94248],[-87.69599,41.94661],[-87.69577,41.94662]]],[[[-87.6931,41.94667],[-87.69305,41.94456],[-87.69213,41.94458],[-87.69209,41.94379],[-87.69224,41.94339],[-87.69379,41.94337],[-87.69385,41.94346],[-87.69401,41.94434],[-87.69403,41.94667],[-87.6931,41.94667]]],[[[-87.69318,41.81926],[-87.69295,41.81944],[-87.69181,41.81826],[-87.69134,41.81852],[-87.69128,41.81791],[-87.69199,41.81782],[-87.69384,41.81789],[-87.69386,41.81836],[-87.69439,41.81835],[-87.69441,41.81924],[-87.69318,41.81926]]],[[[-87.69493,41.96119],[-87.69489,41.95968],[-87.69456,41.95737],[-87.69466,41.95414],[-87.69812,41.95409],[-87.69838,41.96118],[-87.69493,41.96119]]],[[[-87.69723,41.95388],[-87.69721,41.95311],[-87.69593,41.95312],[-87.69592,41.95304],[-87.69566,41.95304],[-87.69514,41.95377],[-87.69528,41.95386],[-87.69479,41.95386],[-87.69676,41.95095],[-87.69706,41.95031],[-87.69706,41.94964],[-87.69804,41.94963],[-87.69815,41.95386],[-87.69723,41.95388]]],[[[-87.69332,41.77175],[-87.69312,41.76464],[-87.70508,41.76442],[-87.7051,41.76487],[-87.70545,41.76486],[-87.70547,41.76496],[-87.70708,41.76484],[-87.7071,41.76507],[-87.70767,41.76506],[-87.70765,41.76438],[-87.71242,41.76431],[-87.7127,41.77147],[-87.69332,41.77175]]],[[[-87.69875,41.65391],[-87.69873,41.65376],[-87.69793,41.65378],[-87.69793,41.65427],[-87.69668,41.6543],[-87.69666,41.65385],[-87.69596,41.65386],[-87.69592,41.65325],[-87.69211,41.65339],[-87.69212,41.65236],[-87.69919,41.65194],[-87.6992,41.65325],[-87.69912,41.65278],[-87.69895,41.65267],[-87.69855,41.65261],[-87.69865,41.65232],[-87.69841,41.65224],[-87.6973,41.65222],[-87.69616,41.65239],[-87.69339,41.65249],[-87.69261,41.65258],[-87.69247,41.65273],[-87.69253,41.65289],[-87.69541,41.65285],[-87.69776,41.65255],[-87.69889,41.65271],[-87.69911,41.65293],[-87.699,41.65325],[-87.69807,41.65325],[-87.69805,41.65297],[-87.69752,41.65298],[-87.69753,41.65335],[-87.69928,41.65335],[-87.69931,41.65375],[-87.69875,41.65391]]],[[[-87.69431,41.84823],[-87.69425,41.84561],[-87.6948,41.84561],[-87.69479,41.84479],[-87.6951,41.84478],[-87.69526,41.84819],[-87.69431,41.84823]]],[[[-87.69504,41.84254],[-87.69471,41.84254],[-87.69439,41.8408],[-87.69431,41.83874],[-87.695,41.83864],[-87.69504,41.84254]]],[[[-87.69897,41.85599],[-87.69787,41.85599],[-87.69711,41.85618],[-87.69645,41.85667],[-87.69616,41.85731],[-87.69576,41.85734],[-87.69566,41.85563],[-87.69907,41.85556],[-87.69913,41.85585],[-87.69897,41.85599]]],[[[-87.70183,41.86241],[-87.70215,41.86471],[-87.70184,41.86536],[-87.70097,41.86575],[-87.69943,41.86587],[-87.70031,41.86493],[-87.70037,41.86466],[-87.70024,41.86427],[-87.69922,41.86302],[-87.69843,41.86328],[-87.69924,41.86328],[-87.70018,41.86438],[-87.70022,41.86487],[-87.69968,41.8655],[-87.69923,41.86585],[-87.69882,41.86583],[-87.69781,41.86554],[-87.69722,41.86517],[-87.6967,41.86433],[-87.69684,41.8633],[-87.69802,41.86316],[-87.69692,41.86301],[-87.69681,41.86174],[-87.697,41.86109],[-87.69673,41.8612],[-87.69679,41.86265],[-87.69655,41.86431],[-87.69673,41.86483],[-87.69722,41.86538],[-87.69677,41.86563],[-87.69599,41.86562],[-87.69584,41.86148],[-87.70169,41.85943],[-87.70222,41.86054],[-87.70183,41.86241]]],[[[-87.70148,41.85913],[-87.69588,41.86111],[-87.69584,41.86015],[-87.69628,41.86015],[-87.6965,41.86082],[-87.69673,41.86075],[-87.69644,41.86023],[-87.69652,41.85928],[-87.69629,41.85793],[-87.6964,41.85702],[-87.69691,41.85642],[-87.6976,41.85616],[-87.69852,41.85607],[-87.7,41.85635],[-87.70055,41.85662],[-87.7009,41.85707],[-87.70096,41.85812],[-87.70148,41.85913]]],[[[-87.69602,41.86641],[-87.69597,41.86579],[-87.6969,41.86571],[-87.6974,41.86547],[-87.6988,41.86595],[-87.7006,41.86594],[-87.70069,41.86635],[-87.69602,41.86641]]],[[[-87.70574,41.90938],[-87.70573,41.90949],[-87.70558,41.9095],[-87.7056,41.91001],[-87.69718,41.91012],[-87.69699,41.903],[-87.7019,41.90296],[-87.70181,41.89934],[-87.70658,41.89927],[-87.70688,41.90937],[-87.70574,41.90938]]],[[[-87.69753,41.74252],[-87.69749,41.74179],[-87.69636,41.74181],[-87.69637,41.74254],[-87.69561,41.74254],[-87.69547,41.739],[-87.69566,41.73888],[-87.69693,41.73869],[-87.69815,41.73891],[-87.69822,41.74251],[-87.69753,41.74252]]],[[[-87.69771,41.64542],[-87.69772,41.64624],[-87.69747,41.64625],[-87.69735,41.64748],[-87.69704,41.64779],[-87.69651,41.6478],[-87.69648,41.64715],[-87.69716,41.64634],[-87.69491,41.64631],[-87.69483,41.64443],[-87.69888,41.64438],[-87.69891,41.64541],[-87.69771,41.64542]]],[[[-87.70051,41.94184],[-87.69854,41.94184],[-87.69851,41.9407],[-87.6996,41.94069],[-87.69981,41.94052],[-87.70107,41.94138],[-87.70051,41.94184]]],[[[-87.69952,41.99034],[-87.69944,41.98864],[-87.70014,41.98863],[-87.70066,41.98875],[-87.70073,41.98859],[-87.70292,41.98857],[-87.70298,41.99033],[-87.69952,41.99034]]],[[[-87.69732,41.6513],[-87.69738,41.65047],[-87.69628,41.65051],[-87.69638,41.64963],[-87.69659,41.64963],[-87.69655,41.6485],[-87.69714,41.64802],[-87.69794,41.64802],[-87.69803,41.65079],[-87.69911,41.65081],[-87.69914,41.65127],[-87.69732,41.6513]]],[[[-87.70167,41.85902],[-87.70116,41.8581],[-87.70119,41.85737],[-87.701,41.85685],[-87.70039,41.85633],[-87.69944,41.85602],[-87.69934,41.85556],[-87.70279,41.85551],[-87.70287,41.85861],[-87.70167,41.85902]]],[[[-87.70143,41.97575],[-87.70131,41.97222],[-87.70345,41.97219],[-87.70429,41.97486],[-87.70433,41.97511],[-87.7042,41.97521],[-87.70452,41.97569],[-87.70143,41.97575]]],[[[-87.7038,41.97208],[-87.70287,41.97043],[-87.70148,41.96861],[-87.70341,41.96858],[-87.70341,41.96894],[-87.7036,41.96895],[-87.70361,41.96988],[-87.70384,41.97034],[-87.70386,41.97079],[-87.70422,41.9708],[-87.70426,41.97209],[-87.7038,41.97208]]],[[[-87.70247,41.84092],[-87.70251,41.84205],[-87.70192,41.8427],[-87.70138,41.84271],[-87.70132,41.84092],[-87.70015,41.84093],[-87.70009,41.83844],[-87.70207,41.83765],[-87.70208,41.83738],[-87.70228,41.83738],[-87.70239,41.83912],[-87.70302,41.83913],[-87.70306,41.8409],[-87.70247,41.84092]]],[[[-87.70087,41.86632],[-87.70093,41.86593],[-87.70185,41.86552],[-87.70224,41.86507],[-87.70231,41.86462],[-87.70214,41.86354],[-87.70221,41.86312],[-87.70242,41.86301],[-87.70298,41.86306],[-87.70309,41.86635],[-87.70087,41.86632]]],[[[-87.70232,41.92144],[-87.7023,41.92079],[-87.70697,41.92074],[-87.70701,41.92138],[-87.70232,41.92144]]],[[[-87.70236,41.86257],[-87.70214,41.86241],[-87.70242,41.86052],[-87.70187,41.85937],[-87.70284,41.85902],[-87.70299,41.86248],[-87.70236,41.86257]]],[[[-87.70008,41.66733],[-87.69994,41.66427],[-87.70181,41.66424],[-87.70262,41.66314],[-87.70464,41.66439],[-87.7047,41.66726],[-87.70008,41.66733]]],[[[-87.70568,41.98303],[-87.70353,41.97585],[-87.70457,41.97587],[-87.7067,41.983],[-87.70568,41.98303]]],[[[-87.70487,41.97389],[-87.70423,41.97319],[-87.70385,41.97219],[-87.70607,41.97216],[-87.70615,41.97424],[-87.70487,41.97389]]],[[[-87.7068,42.00833],[-87.70464,42.00832],[-87.70469,42.00658],[-87.70681,42.00658],[-87.7068,42.00833]]],[[[-87.70444,41.73394],[-87.7024,41.73392],[-87.70222,41.72813],[-87.70288,41.72809],[-87.70281,41.72941],[-87.70295,41.72954],[-87.70412,41.7296],[-87.70407,41.73168],[-87.70522,41.73168],[-87.70527,41.73257],[-87.70558,41.73339],[-87.70444,41.73394]]],[[[-87.70747,41.99029],[-87.70708,41.99009],[-87.70719,41.98993],[-87.70776,41.98989],[-87.70581,41.98316],[-87.70675,41.98318],[-87.70753,41.98568],[-87.70769,41.98634],[-87.70757,41.98647],[-87.70783,41.98672],[-87.70893,41.99029],[-87.70747,41.99029]]],[[[-87.70495,41.68042],[-87.7043,41.68038],[-87.70459,41.67991],[-87.70471,41.67916],[-87.70461,41.67898],[-87.70414,41.67893],[-87.70373,41.67913],[-87.70364,41.6794],[-87.70336,41.67938],[-87.70324,41.67915],[-87.70336,41.67886],[-87.70313,41.67868],[-87.70354,41.67842],[-87.70296,41.67806],[-87.70306,41.67774],[-87.70291,41.67701],[-87.70517,41.67695],[-87.70523,41.68025],[-87.70495,41.68042]]],[[[-87.71401,41.82981],[-87.71334,41.83008],[-87.71333,41.82989],[-87.7109,41.8304],[-87.70716,41.83166],[-87.70717,41.833],[-87.70525,41.83268],[-87.70523,41.83219],[-87.70481,41.8322],[-87.70481,41.83205],[-87.7056,41.83174],[-87.71229,41.82965],[-87.71396,41.82921],[-87.71401,41.82981]]],[[[-87.70931,41.99028],[-87.70716,41.98318],[-87.70814,41.98314],[-87.71029,41.99026],[-87.70931,41.99028]]],[[[-87.7122,41.65281],[-87.71205,41.65291],[-87.71219,41.65355],[-87.71193,41.65383],[-87.71194,41.65399],[-87.71298,41.65426],[-87.71382,41.65432],[-87.71382,41.65459],[-87.71133,41.65467],[-87.71119,41.65273],[-87.70566,41.65279],[-87.70546,41.6529],[-87.70428,41.65293],[-87.70425,41.65196],[-87.70638,41.65193],[-87.70643,41.65223],[-87.70907,41.65215],[-87.70906,41.65187],[-87.71368,41.65181],[-87.7139,41.6527],[-87.7122,41.65281]]],[[[-87.7066,41.6611],[-87.70588,41.66097],[-87.70503,41.6604],[-87.70476,41.66004],[-87.70466,41.65818],[-87.7048,41.65818],[-87.70501,41.65919],[-87.70664,41.65922],[-87.70696,41.65932],[-87.70708,41.66041],[-87.70749,41.66088],[-87.7075,41.66109],[-87.7066,41.6611]],[[-87.70501,41.65952],[-87.70483,41.6596],[-87.70683,41.65966],[-87.70695,41.65948],[-87.7059,41.65939],[-87.70501,41.65952]]],[[[-87.71056,41.99853],[-87.71038,42.00418],[-87.71024,42.00419],[-87.71024,42.00432],[-87.71037,42.00432],[-87.71025,42.01177],[-87.7092,42.01179],[-87.70948,42.00477],[-87.70946,41.99747],[-87.71047,41.99746],[-87.71056,41.99853]]],[[[-87.70936,41.99573],[-87.70918,41.99164],[-87.70942,41.99188],[-87.71029,41.99572],[-87.70936,41.99573]]],[[[-87.71153,41.9972],[-87.71126,41.99729],[-87.7111,41.99618],[-87.7107,41.99607],[-87.7103,41.99373],[-87.70974,41.99198],[-87.7109,41.99268],[-87.71046,41.99288],[-87.71074,41.99502],[-87.71128,41.99498],[-87.71165,41.99672],[-87.71153,41.9972]]],[[[-87.71052,41.6621],[-87.70805,41.66213],[-87.70626,41.66127],[-87.70641,41.66119],[-87.71058,41.66115],[-87.71052,41.6621]]],[[[-87.71118,42.01889],[-87.71109,42.01902],[-87.71067,42.01906],[-87.71043,42.01904],[-87.7106,42.01193],[-87.71117,42.01193],[-87.71135,42.01207],[-87.71118,42.01889]]],[[[-87.70725,41.68055],[-87.70715,41.67829],[-87.7069,41.67829],[-87.70687,41.67693],[-87.70797,41.67691],[-87.70734,41.67781],[-87.70722,41.6783],[-87.70764,41.67873],[-87.70793,41.67949],[-87.7088,41.68053],[-87.70725,41.68055]]],[[[-87.71131,42.01164],[-87.7112,42.01175],[-87.71071,42.01179],[-87.7106,42.01177],[-87.71089,42.00283],[-87.71085,41.99745],[-87.71159,41.99754],[-87.71163,42.00102],[-87.71131,42.01164]]],[[[-87.70875,41.66668],[-87.70886,41.66945],[-87.70768,41.66947],[-87.70764,41.66873],[-87.70735,41.66873],[-87.70723,41.66584],[-87.7068,41.66584],[-87.70679,41.66567],[-87.70722,41.66566],[-87.70721,41.66524],[-87.70958,41.66598],[-87.7096,41.66691],[-87.70875,41.66668]]],[[[-87.70849,41.6611],[-87.70759,41.66082],[-87.7072,41.66041],[-87.70698,41.65829],[-87.70764,41.65808],[-87.70754,41.65785],[-87.70697,41.65789],[-87.70698,41.65764],[-87.70894,41.65775],[-87.70899,41.65849],[-87.71054,41.65848],[-87.71057,41.65992],[-87.70805,41.65952],[-87.70712,41.65953],[-87.70721,41.65973],[-87.71057,41.66001],[-87.71069,41.66108],[-87.70849,41.6611]]],[[[-87.71112,41.99022],[-87.71062,41.98857],[-87.71266,41.98856],[-87.71269,41.99021],[-87.71112,41.99022]]],[[[-87.71574,41.88144],[-87.71474,41.88121],[-87.71399,41.88118],[-87.7124,41.88169],[-87.71116,41.88176],[-87.7111,41.88102],[-87.71577,41.88094],[-87.71574,41.88144]]],[[[-87.71124,41.88456],[-87.71116,41.88285],[-87.71154,41.88282],[-87.71182,41.88295],[-87.71259,41.88379],[-87.71346,41.88423],[-87.71504,41.88448],[-87.71647,41.88428],[-87.71674,41.88485],[-87.71124,41.88456]]],[[[-87.71171,41.79235],[-87.71174,41.79331],[-87.711,41.79332],[-87.71094,41.78987],[-87.71281,41.78984],[-87.71307,41.78974],[-87.71313,41.79232],[-87.71171,41.79235]]],[[[-87.7203,41.88314],[-87.71997,41.88244],[-87.72019,41.88195],[-87.72005,41.88189],[-87.71983,41.88249],[-87.72005,41.88302],[-87.72032,41.88324],[-87.72044,41.88385],[-87.72034,41.88415],[-87.71969,41.88445],[-87.71884,41.88428],[-87.7177,41.88384],[-87.71653,41.88412],[-87.71626,41.88393],[-87.71615,41.884],[-87.71633,41.88418],[-87.716,41.88429],[-87.71465,41.88436],[-87.7136,41.88416],[-87.71271,41.88373],[-87.7121,41.88308],[-87.71202,41.8826],[-87.71227,41.88215],[-87.71282,41.88173],[-87.71359,41.88141],[-87.71439,41.88132],[-87.71572,41.88162],[-87.71522,41.88229],[-87.71512,41.8828],[-87.71536,41.88332],[-87.71585,41.88377],[-87.71596,41.88369],[-87.71557,41.88333],[-87.71531,41.8827],[-87.71543,41.8823],[-87.71595,41.88165],[-87.71678,41.88175],[-87.71964,41.88174],[-87.7207,41.88198],[-87.72077,41.88295],[-87.7203,41.88314]]],[[[-87.71299,41.86991],[-87.71296,41.86941],[-87.71215,41.86941],[-87.71213,41.86895],[-87.71534,41.86891],[-87.71539,41.86986],[-87.71299,41.86991]]],[[[-87.7157,41.68548],[-87.71583,41.68777],[-87.71783,41.6878],[-87.71799,41.68875],[-87.71794,41.6896],[-87.71755,41.68958],[-87.717,41.68974],[-87.71542,41.68977],[-87.71539,41.69126],[-87.71189,41.69131],[-87.71185,41.68979],[-87.71065,41.6898],[-87.71059,41.68868],[-87.71533,41.68859],[-87.71518,41.68414],[-87.71693,41.68412],[-87.71695,41.68428],[-87.71739,41.68427],[-87.71739,41.68411],[-87.7199,41.6841],[-87.71999,41.68539],[-87.7157,41.68548]]],[[[-87.71257,41.65549],[-87.71228,41.65529],[-87.71153,41.65523],[-87.71068,41.65609],[-87.7109,41.65646],[-87.71117,41.65652],[-87.71179,41.65637],[-87.71264,41.65636],[-87.71268,41.65742],[-87.71048,41.6576],[-87.7104,41.65499],[-87.71284,41.65494],[-87.71257,41.65549]]],[[[-87.713,41.72787],[-87.71295,41.72614],[-87.71536,41.72612],[-87.71541,41.72784],[-87.713,41.72787]]],[[[-87.71939,41.87948],[-87.71904,41.87912],[-87.71866,41.87903],[-87.71822,41.87918],[-87.71795,41.8795],[-87.71674,41.87944],[-87.7165,41.8786],[-87.71656,41.8773],[-87.71845,41.87725],[-87.71846,41.87713],[-87.71588,41.87713],[-87.71586,41.8768],[-87.71653,41.87678],[-87.71681,41.87608],[-87.71744,41.87563],[-87.71729,41.87532],[-87.71973,41.87465],[-87.71981,41.87526],[-87.72035,41.87633],[-87.72048,41.87706],[-87.71881,41.87711],[-87.7188,41.87723],[-87.72049,41.87726],[-87.72054,41.87947],[-87.71939,41.87948]]],[[[-87.71971,41.8816],[-87.7169,41.88161],[-87.71601,41.8815],[-87.716,41.88096],[-87.7206,41.88088],[-87.72073,41.88179],[-87.71971,41.8816]]],[[[-87.71524,41.6465],[-87.71485,41.647],[-87.71441,41.64702],[-87.71456,41.64662],[-87.71501,41.6463],[-87.71501,41.64601],[-87.7138,41.64579],[-87.71375,41.64485],[-87.71596,41.64482],[-87.71612,41.6465],[-87.71524,41.6465]]],[[[-87.71665,41.88798],[-87.71657,41.88685],[-87.71693,41.88506],[-87.72084,41.88531],[-87.72091,41.88793],[-87.71665,41.88798]]],[[[-87.71694,41.8849],[-87.71667,41.88422],[-87.71732,41.884],[-87.71779,41.88399],[-87.71891,41.88443],[-87.71973,41.88456],[-87.72073,41.88415],[-87.72084,41.88509],[-87.71694,41.8849]]],[[[-87.71722,41.8808],[-87.71699,41.87974],[-87.71711,41.87963],[-87.71794,41.87961],[-87.71821,41.87993],[-87.7187,41.88005],[-87.71906,41.87996],[-87.71939,41.8796],[-87.72054,41.87957],[-87.72061,41.8807],[-87.71722,41.8808]]],[[[-87.72035,41.97557],[-87.72021,41.97411],[-87.71969,41.97411],[-87.71969,41.97398],[-87.71942,41.9739],[-87.71846,41.9739],[-87.71845,41.97377],[-87.71891,41.97376],[-87.71892,41.97351],[-87.71905,41.97345],[-87.71959,41.97345],[-87.7196,41.97364],[-87.72021,41.97364],[-87.72026,41.97379],[-87.72268,41.97369],[-87.72271,41.97427],[-87.7245,41.97423],[-87.72453,41.9755],[-87.72035,41.97557]]],[[[-87.72785,41.98959],[-87.72786,41.99004],[-87.71892,41.99017],[-87.71878,41.98304],[-87.72062,41.98301],[-87.72065,41.98384],[-87.72209,41.98382],[-87.72212,41.98476],[-87.71975,41.98478],[-87.71978,41.98531],[-87.71958,41.98531],[-87.71959,41.98554],[-87.71927,41.98555],[-87.71929,41.98632],[-87.7195,41.98633],[-87.71951,41.98664],[-87.72031,41.98666],[-87.7203,41.98615],[-87.72068,41.98614],[-87.72071,41.98671],[-87.72192,41.98692],[-87.72454,41.98699],[-87.72472,41.98725],[-87.72564,41.98693],[-87.72598,41.98653],[-87.72639,41.98642],[-87.72652,41.98597],[-87.72844,41.986],[-87.72852,41.98959],[-87.72785,41.98959]]],[[[-87.71532,41.65267],[-87.71526,41.65178],[-87.71823,41.65174],[-87.71814,41.65192],[-87.71789,41.65192],[-87.7179,41.65216],[-87.71829,41.65217],[-87.7183,41.65253],[-87.71871,41.65251],[-87.71872,41.65264],[-87.71532,41.65267]]],[[[-87.72068,41.80299],[-87.72072,41.80312],[-87.71953,41.80397],[-87.71864,41.80402],[-87.71864,41.80422],[-87.71804,41.80423],[-87.71798,41.80286],[-87.72012,41.80201],[-87.72027,41.80235],[-87.72092,41.80296],[-87.72068,41.80299]]],[[[-87.71956,41.74822],[-87.71947,41.74547],[-87.72158,41.7454],[-87.72166,41.74819],[-87.71956,41.74822]]],[[[-87.72401,41.66019],[-87.72303,41.66005],[-87.72303,41.65977],[-87.72269,41.65969],[-87.72195,41.65997],[-87.72092,41.6601],[-87.72079,41.66031],[-87.72093,41.66195],[-87.72083,41.66195],[-87.72063,41.66021],[-87.71924,41.66022],[-87.71924,41.66002],[-87.71954,41.65989],[-87.72147,41.65964],[-87.7215,41.6594],[-87.72419,41.65927],[-87.72432,41.65935],[-87.72423,41.65996],[-87.72579,41.6601],[-87.72401,41.66019]]],[[[-87.72278,41.95362],[-87.72274,41.95195],[-87.72498,41.95191],[-87.72504,41.95358],[-87.72278,41.95362]]],[[[-87.7234,41.9318],[-87.72332,41.93008],[-87.72565,41.93004],[-87.72569,41.93176],[-87.7234,41.9318]]],[[[-87.72863,41.67296],[-87.72824,41.6724],[-87.72589,41.67199],[-87.72328,41.67113],[-87.72101,41.67122],[-87.72093,41.66982],[-87.72126,41.67002],[-87.7213,41.67099],[-87.72189,41.67098],[-87.72198,41.67025],[-87.72589,41.67168],[-87.72597,41.67179],[-87.72829,41.67202],[-87.72846,41.67155],[-87.72913,41.67182],[-87.72915,41.67237],[-87.72863,41.67296]]],[[[-87.72537,41.7402],[-87.72531,41.73855],[-87.72993,41.73847],[-87.72998,41.74012],[-87.72537,41.7402]]],[[[-87.72465,41.67655],[-87.72461,41.67558],[-87.72738,41.67554],[-87.72742,41.6765],[-87.72465,41.67655]]],[[[-87.72761,41.89521],[-87.7276,41.89477],[-87.72715,41.89478],[-87.72712,41.89348],[-87.72863,41.89346],[-87.72871,41.89519],[-87.72761,41.89521]]],[[[-87.72837,41.97544],[-87.72827,41.97328],[-87.73181,41.97325],[-87.73182,41.97361],[-87.73196,41.97372],[-87.73306,41.97373],[-87.7331,41.97542],[-87.72837,41.97544]]],[[[-87.72685,41.75121],[-87.72679,41.74954],[-87.73043,41.74948],[-87.73051,41.75116],[-87.72685,41.75121]]],[[[-87.72819,41.7749],[-87.72814,41.77314],[-87.72755,41.77314],[-87.72754,41.77139],[-87.72977,41.77136],[-87.72987,41.77489],[-87.72819,41.7749]]],[[[-87.72806,41.66741],[-87.72766,41.66763],[-87.72657,41.66666],[-87.7265,41.66472],[-87.72843,41.66467],[-87.72843,41.66496],[-87.72887,41.66495],[-87.72889,41.66555],[-87.7284,41.66556],[-87.72842,41.66603],[-87.728,41.66604],[-87.72802,41.66641],[-87.7273,41.66644],[-87.72732,41.66663],[-87.72762,41.6669],[-87.72894,41.66688],[-87.72899,41.66739],[-87.72806,41.66741]]],[[[-87.73827,41.98132],[-87.73816,41.97782],[-87.73766,41.97768],[-87.73702,41.97767],[-87.7369,41.97756],[-87.736,41.97752],[-87.735,41.97669],[-87.73285,41.97603],[-87.73195,41.97609],[-87.73031,41.97559],[-87.73093,41.97566],[-87.73189,41.97598],[-87.73285,41.97591],[-87.73572,41.97681],[-87.73717,41.977],[-87.73814,41.97733],[-87.73814,41.97716],[-87.73735,41.9769],[-87.73619,41.97677],[-87.73417,41.97624],[-87.73311,41.97581],[-87.73185,41.97584],[-87.73118,41.97557],[-87.7427,41.97545],[-87.73827,41.98132]]],[[[-87.7293,41.83675],[-87.72926,41.83322],[-87.73213,41.8332],[-87.73226,41.83671],[-87.7293,41.83675]]],[[[-87.72793,41.69744],[-87.72788,41.69662],[-87.7284,41.69661],[-87.72894,41.69644],[-87.72892,41.69583],[-87.73011,41.69581],[-87.73013,41.69742],[-87.72793,41.69744]]],[[[-87.73802,41.65593],[-87.73776,41.65634],[-87.73273,41.65451],[-87.72771,41.6546],[-87.728,41.65439],[-87.72797,41.65259],[-87.73289,41.65374],[-87.73827,41.65563],[-87.73828,41.65593],[-87.73802,41.65593]]],[[[-87.73131,41.86235],[-87.73125,41.86061],[-87.73345,41.86064],[-87.73351,41.86231],[-87.73131,41.86235]]],[[[-87.73052,41.78941],[-87.73048,41.78768],[-87.731,41.78767],[-87.73096,41.78592],[-87.73177,41.78591],[-87.7318,41.78764],[-87.73268,41.78763],[-87.73273,41.78939],[-87.73052,41.78941]]],[[[-87.73856,41.68197],[-87.73855,41.68231],[-87.73734,41.68063],[-87.7365,41.6809],[-87.73759,41.68268],[-87.73749,41.68273],[-87.73584,41.68006],[-87.73507,41.68007],[-87.73507,41.67999],[-87.73571,41.67996],[-87.7336,41.6766],[-87.73156,41.67662],[-87.73151,41.67567],[-87.73101,41.67542],[-87.72948,41.67544],[-87.72945,41.67353],[-87.73044,41.67402],[-87.73045,41.67378],[-87.73323,41.67571],[-87.73373,41.67619],[-87.73377,41.67612],[-87.73577,41.67697],[-87.73827,41.68012],[-87.7383,41.68065],[-87.73886,41.68181],[-87.73856,41.68197]]],[[[-87.73815,42.0097],[-87.73761,42.00969],[-87.73725,42.00995],[-87.73449,42.00785],[-87.7345,42.00775],[-87.73501,42.00737],[-87.73503,42.00641],[-87.73821,42.0064],[-87.73815,42.0097]]],[[[-87.73192,41.64585],[-87.73188,41.64438],[-87.73245,41.64437],[-87.73247,41.64508],[-87.73455,41.64505],[-87.73537,41.64559],[-87.73592,41.64574],[-87.73192,41.64585]]],[[[-87.73396,41.80583],[-87.73386,41.80235],[-87.73556,41.80233],[-87.73565,41.80581],[-87.73396,41.80583]]],[[[-87.737,41.98956],[-87.73704,41.98995],[-87.73667,41.98996],[-87.73651,41.9872],[-87.73738,41.98685],[-87.73769,41.98722],[-87.73775,41.98955],[-87.737,41.98956]]],[[[-87.73864,41.99713],[-87.73864,41.9965],[-87.73672,41.99013],[-87.73701,41.99012],[-87.73921,41.99717],[-87.73864,41.99713]]],[[[-87.73725,41.77793],[-87.73624,41.77794],[-87.73622,41.77762],[-87.73505,41.77758],[-87.73503,41.77673],[-87.73724,41.77673],[-87.73725,41.77793]]],[[[-87.73687,41.93058],[-87.73684,41.92869],[-87.73905,41.92867],[-87.73908,41.93056],[-87.73687,41.93058]]],[[[-87.73911,41.94614],[-87.73731,41.94265],[-87.73954,41.94263],[-87.73965,41.94614],[-87.73911,41.94614]]],[[[-87.74758,41.98456],[-87.747,41.98482],[-87.74667,41.98444],[-87.74757,41.98401],[-87.74737,41.98362],[-87.74696,41.98342],[-87.74653,41.98291],[-87.74586,41.98261],[-87.73839,41.98269],[-87.73839,41.98197],[-87.73896,41.98122],[-87.73878,41.9812],[-87.74313,41.97544],[-87.74555,41.9755],[-87.74572,41.97647],[-87.74662,41.97722],[-87.74675,41.97752],[-87.74627,41.97946],[-87.74652,41.98066],[-87.74724,41.98184],[-87.74812,41.98278],[-87.74816,41.98455],[-87.74758,41.98456]]],[[[-87.74117,42.00447],[-87.73891,41.99733],[-87.73924,41.99734],[-87.74087,42.00233],[-87.74142,42.00448],[-87.74117,42.00447]]],[[[-87.7372,41.72191],[-87.73725,41.72309],[-87.73612,41.72342],[-87.73603,41.72116],[-87.73789,41.72112],[-87.73791,41.72189],[-87.7372,41.72191]]],[[[-87.7403,41.77034],[-87.73963,41.77035],[-87.73962,41.77069],[-87.73835,41.7707],[-87.73835,41.77109],[-87.73748,41.7711],[-87.73772,41.77014],[-87.73821,41.7694],[-87.73915,41.76891],[-87.74033,41.76872],[-87.7403,41.77034]]],[[[-87.74305,42.01168],[-87.74333,42.01146],[-87.74125,42.00468],[-87.74073,42.00457],[-87.74152,42.00457],[-87.74166,42.00496],[-87.74261,42.00496],[-87.74258,42.00637],[-87.7421,42.00637],[-87.74203,42.00623],[-87.74349,42.01109],[-87.74361,42.0111],[-87.74381,42.01168],[-87.74305,42.01168]]],[[[-87.74367,41.66152],[-87.74365,41.66051],[-87.74323,41.6604],[-87.74321,41.66027],[-87.74037,41.65934],[-87.74347,41.66004],[-87.74352,41.65955],[-87.74222,41.65885],[-87.74233,41.65873],[-87.74171,41.65856],[-87.73854,41.65679],[-87.73909,41.65631],[-87.74087,41.65709],[-87.74708,41.66055],[-87.74759,41.66099],[-87.74763,41.66146],[-87.74367,41.66152]]],[[[-87.73927,41.67918],[-87.7402,41.67988],[-87.7404,41.67988],[-87.74034,41.67886],[-87.73989,41.67885],[-87.73986,41.67862],[-87.73935,41.67862],[-87.73932,41.67822],[-87.73967,41.67821],[-87.7397,41.67845],[-87.74043,41.67843],[-87.74059,41.67892],[-87.74108,41.67891],[-87.74112,41.67985],[-87.74169,41.67983],[-87.74187,41.68038],[-87.74239,41.68038],[-87.74247,41.68193],[-87.73927,41.67918]]],[[[-87.74507,42.01897],[-87.74401,42.01563],[-87.7441,42.01557],[-87.74522,42.01643],[-87.74601,42.01895],[-87.74507,42.01897]]],[[[-87.76224,41.81071],[-87.7506,41.81452],[-87.74374,41.81659],[-87.74359,41.81655],[-87.76252,41.81053],[-87.76224,41.81071]]],[[[-87.76268,41.81192],[-87.74367,41.81796],[-87.74618,41.81654],[-87.75608,41.81326],[-87.76239,41.81142],[-87.76263,41.81149],[-87.76268,41.81192]]],[[[-87.74726,41.98088],[-87.74695,41.97951],[-87.74721,41.97823],[-87.74791,41.97634],[-87.74804,41.98158],[-87.74726,41.98088]]],[[[-87.74936,41.69526],[-87.74872,41.69461],[-87.74791,41.69415],[-87.74764,41.69352],[-87.74637,41.69299],[-87.74487,41.69323],[-87.74638,41.69363],[-87.74751,41.69363],[-87.74771,41.69383],[-87.74769,41.69414],[-87.7479,41.69426],[-87.74756,41.69465],[-87.74662,41.69442],[-87.74491,41.69444],[-87.74494,41.69355],[-87.74454,41.69326],[-87.74453,41.6927],[-87.74783,41.69268],[-87.7479,41.69365],[-87.74946,41.69362],[-87.74964,41.69392],[-87.74945,41.6943],[-87.7503,41.69474],[-87.75031,41.69526],[-87.74936,41.69526]]],[[[-87.7507,41.66143],[-87.74456,41.6579],[-87.74481,41.65787],[-87.74569,41.65828],[-87.74769,41.65947],[-87.74789,41.65948],[-87.74803,41.65909],[-87.74822,41.65907],[-87.74837,41.65946],[-87.75121,41.66107],[-87.75078,41.66112],[-87.75087,41.66129],[-87.75155,41.66137],[-87.7507,41.66143]]],[[[-87.75098,41.98855],[-87.7507,41.98942],[-87.75058,41.9896],[-87.75008,41.9898],[-87.75008,41.98941],[-87.74846,41.98866],[-87.74842,41.98578],[-87.74854,41.98554],[-87.74945,41.98513],[-87.74998,41.98539],[-87.75031,41.98525],[-87.75079,41.98605],[-87.75111,41.98709],[-87.75098,41.98855]]],[[[-87.74683,41.80384],[-87.7468,41.80219],[-87.75023,41.80214],[-87.75028,41.80379],[-87.74683,41.80384]]],[[[-87.75173,41.98392],[-87.75052,41.98452],[-87.74938,41.98321],[-87.7519,41.98196],[-87.75306,41.98248],[-87.75173,41.98392]]],[[[-87.75054,41.8142],[-87.74859,41.81473],[-87.74855,41.81312],[-87.74952,41.8131],[-87.74952,41.81265],[-87.75053,41.81264],[-87.75065,41.81273],[-87.75074,41.81264],[-87.75125,41.81263],[-87.75126,41.81226],[-87.75172,41.81225],[-87.75174,41.81304],[-87.75296,41.81302],[-87.75311,41.81293],[-87.75313,41.81339],[-87.75054,41.8142]]],[[[-87.74815,41.65861],[-87.74804,41.65816],[-87.74738,41.65791],[-87.74802,41.65783],[-87.74788,41.6569],[-87.74814,41.65688],[-87.74784,41.65221],[-87.74799,41.65219],[-87.74793,41.65063],[-87.74816,41.65064],[-87.74841,41.65796],[-87.74829,41.65828],[-87.74844,41.65885],[-87.74815,41.65861]]],[[[-87.75009,41.74056],[-87.7501,41.74132],[-87.7496,41.74133],[-87.7496,41.74159],[-87.74949,41.74159],[-87.74947,41.74117],[-87.7489,41.74118],[-87.74889,41.74098],[-87.74848,41.74099],[-87.74848,41.7409],[-87.74885,41.74089],[-87.74884,41.74069],[-87.74897,41.74068],[-87.74891,41.73916],[-87.74841,41.73916],[-87.74839,41.7386],[-87.75005,41.73858],[-87.75007,41.74024],[-87.75064,41.74024],[-87.75066,41.74055],[-87.75009,41.74056]]],[[[-87.75183,41.98778],[-87.75149,41.98614],[-87.75253,41.98552],[-87.75383,41.98674],[-87.75183,41.98778]]],[[[-87.76417,41.99599],[-87.75603,41.99224],[-87.75758,41.99041],[-87.75585,41.98951],[-87.75698,41.98812],[-87.75392,41.98669],[-87.75264,41.98551],[-87.7537,41.98497],[-87.75368,41.98482],[-87.75184,41.98399],[-87.75545,41.97992],[-87.75624,41.97991],[-87.76437,41.9955],[-87.76417,41.99599]]],[[[-87.75124,41.72972],[-87.75124,41.73006],[-87.7507,41.73007],[-87.75055,41.73032],[-87.75,41.73034],[-87.75002,41.73079],[-87.74896,41.73072],[-87.74892,41.72939],[-87.75173,41.72933],[-87.75174,41.72971],[-87.75124,41.72972]]],[[[-87.75128,41.92367],[-87.75123,41.9224],[-87.75355,41.92238],[-87.75358,41.92364],[-87.75128,41.92367]]],[[[-87.75106,41.90585],[-87.75103,41.9042],[-87.75571,41.90414],[-87.75575,41.90579],[-87.75106,41.90585]]],[[[-87.75537,41.6653],[-87.75502,41.66505],[-87.75406,41.6659],[-87.75482,41.66645],[-87.74871,41.66265],[-87.74857,41.66197],[-87.74956,41.66204],[-87.74983,41.66219],[-87.74939,41.66255],[-87.74912,41.66262],[-87.74941,41.6629],[-87.75278,41.66479],[-87.75384,41.66568],[-87.75463,41.66509],[-87.75461,41.66497],[-87.7523,41.66353],[-87.75314,41.66397],[-87.75325,41.66389],[-87.75366,41.66408],[-87.75552,41.66517],[-87.75537,41.6653]]],[[[-87.75844,41.70233],[-87.75688,41.70158],[-87.75661,41.70127],[-87.75525,41.70081],[-87.75501,41.70057],[-87.75486,41.6999],[-87.75282,41.699],[-87.75285,41.69877],[-87.75299,41.69874],[-87.75278,41.6985],[-87.75212,41.69824],[-87.75048,41.69805],[-87.74963,41.69809],[-87.74916,41.69665],[-87.74978,41.69654],[-87.74994,41.697],[-87.7508,41.69789],[-87.75187,41.69792],[-87.75199,41.69804],[-87.75217,41.69799],[-87.75295,41.69826],[-87.75332,41.69893],[-87.75565,41.70016],[-87.75711,41.70145],[-87.75848,41.70217],[-87.75942,41.70228],[-87.75948,41.70243],[-87.75844,41.70233]]],[[[-87.75027,41.64691],[-87.7502,41.64558],[-87.75109,41.64558],[-87.75113,41.64587],[-87.75194,41.64585],[-87.75195,41.64607],[-87.75261,41.64608],[-87.75263,41.64685],[-87.75027,41.64691]]],[[[-87.75373,41.83096],[-87.7537,41.82927],[-87.75592,41.82927],[-87.75595,41.83002],[-87.75653,41.83001],[-87.75655,41.83093],[-87.75373,41.83096]]],[[[-87.75417,41.84061],[-87.75394,41.84056],[-87.75388,41.83932],[-87.75613,41.83928],[-87.75614,41.83989],[-87.75417,41.84061]]],[[[-87.7544,41.85684],[-87.75435,41.85547],[-87.75662,41.85542],[-87.75667,41.85683],[-87.7544,41.85684]]],[[[-87.755,41.65758],[-87.75426,41.65803],[-87.75438,41.65881],[-87.75407,41.65913],[-87.75373,41.6601],[-87.75286,41.66094],[-87.75276,41.66126],[-87.75212,41.66085],[-87.75261,41.66039],[-87.75276,41.65993],[-87.7532,41.65991],[-87.75309,41.65725],[-87.75526,41.65714],[-87.755,41.65758]]],[[[-87.77799,41.67363],[-87.77275,41.67244],[-87.77008,41.6716],[-87.7647,41.66939],[-87.75304,41.66274],[-87.75293,41.66163],[-87.7532,41.66185],[-87.75334,41.66263],[-87.75368,41.66287],[-87.75394,41.66267],[-87.75796,41.66505],[-87.75837,41.66466],[-87.76035,41.66563],[-87.76315,41.66666],[-87.76316,41.66753],[-87.76485,41.6675],[-87.76502,41.66732],[-87.77067,41.66932],[-87.77057,41.66954],[-87.76897,41.66897],[-87.76837,41.66895],[-87.76515,41.66786],[-87.76364,41.66789],[-87.76318,41.66801],[-87.76266,41.66785],[-87.76254,41.66792],[-87.76697,41.67016],[-87.77146,41.6718],[-87.77801,41.67352],[-87.77799,41.67363]]],[[[-87.76104,42.01459],[-87.75752,42.01453],[-87.75753,42.01323],[-87.7614,42.01327],[-87.76104,42.01459]]],[[[-87.75853,41.96514],[-87.75769,41.96419],[-87.75882,41.96416],[-87.75844,41.96368],[-87.75993,41.9638],[-87.75996,41.96418],[-87.76126,41.96417],[-87.76143,41.9651],[-87.75853,41.96514]]],[[[-87.76618,41.98949],[-87.76579,41.99171],[-87.76452,41.9951],[-87.75938,41.98525],[-87.76665,41.98875],[-87.76618,41.98949]]],[[[-87.76222,42.00157],[-87.75971,42.00048],[-87.76011,41.99997],[-87.76049,42.00015],[-87.76108,41.99951],[-87.76154,41.99973],[-87.76182,41.99939],[-87.7628,41.99986],[-87.76222,42.00157]]],[[[-87.77357,41.6769],[-87.77282,41.67612],[-87.77093,41.67476],[-87.76874,41.67387],[-87.75875,41.66902],[-87.75883,41.66889],[-87.75584,41.66705],[-87.7562,41.66683],[-87.75628,41.66637],[-87.7566,41.6661],[-87.75628,41.66563],[-87.76365,41.66966],[-87.76774,41.67158],[-87.77019,41.67247],[-87.77261,41.67316],[-87.77804,41.6744],[-87.77808,41.6752],[-87.77791,41.6752],[-87.77776,41.67479],[-87.77693,41.67478],[-87.77672,41.67424],[-87.77325,41.67345],[-87.76906,41.67217],[-87.76543,41.67075],[-87.76199,41.66894],[-87.7616,41.66894],[-87.76092,41.66972],[-87.76886,41.67364],[-87.77255,41.67529],[-87.77512,41.67574],[-87.77567,41.67416],[-87.77607,41.67434],[-87.77609,41.67449],[-87.7766,41.67468],[-87.77724,41.67626],[-87.77759,41.67645],[-87.77811,41.67651],[-87.77812,41.67681],[-87.77357,41.6769]]],[[[-87.77678,41.64642],[-87.77071,41.64658],[-87.75677,41.64676],[-87.75648,41.64019],[-87.77666,41.64018],[-87.77678,41.64642]]],[[[-87.76049,41.88886],[-87.76046,41.88778],[-87.76324,41.88775],[-87.76326,41.88882],[-87.76049,41.88886]]],[[[-87.75791,41.65408],[-87.75766,41.64702],[-87.75776,41.64689],[-87.77219,41.64665],[-87.7724,41.65385],[-87.75791,41.65408]]],[[[-87.7604,41.83451],[-87.76044,41.83274],[-87.76328,41.83265],[-87.76336,41.83449],[-87.7604,41.83451]]],[[[-87.76183,41.94403],[-87.76182,41.94232],[-87.76406,41.9423],[-87.76412,41.94405],[-87.76183,41.94403]]],[[[-87.76699,41.95679],[-87.76226,41.95682],[-87.76215,41.95336],[-87.76689,41.95329],[-87.76699,41.95679]]],[[[-87.76235,41.9688],[-87.76266,41.96814],[-87.76268,41.96775],[-87.76491,41.96787],[-87.76496,41.96955],[-87.76235,41.9688]]],[[[-87.76106,41.7557],[-87.76101,41.75461],[-87.7622,41.75459],[-87.7622,41.75365],[-87.76303,41.75363],[-87.76302,41.7525],[-87.76455,41.75246],[-87.76462,41.75563],[-87.76106,41.7557]]],[[[-87.76685,41.78422],[-87.76583,41.7846],[-87.76527,41.78496],[-87.76424,41.78591],[-87.76216,41.78602],[-87.76212,41.78507],[-87.76331,41.78492],[-87.76685,41.78406],[-87.76685,41.78422]]],[[[-87.77514,41.99739],[-87.77044,41.99709],[-87.76669,41.99719],[-87.76543,41.99659],[-87.76469,41.99517],[-87.76495,41.99446],[-87.76658,41.99518],[-87.7662,41.99566],[-87.76639,41.99573],[-87.76674,41.99526],[-87.76686,41.99532],[-87.76652,41.99579],[-87.76673,41.99589],[-87.76705,41.99541],[-87.76733,41.99554],[-87.76709,41.99607],[-87.76759,41.9963],[-87.76796,41.99584],[-87.76811,41.9959],[-87.76776,41.99638],[-87.768,41.99648],[-87.76835,41.99601],[-87.7686,41.99599],[-87.76904,41.99617],[-87.76924,41.99573],[-87.76875,41.99556],[-87.76895,41.99511],[-87.77079,41.99591],[-87.77103,41.99487],[-87.77086,41.99463],[-87.7706,41.99448],[-87.76906,41.99432],[-87.76855,41.99415],[-87.76788,41.99359],[-87.76568,41.99254],[-87.76645,41.98924],[-87.76828,41.98735],[-87.7684,41.98732],[-87.77197,41.98917],[-87.77185,41.98965],[-87.77211,41.98978],[-87.77171,41.99101],[-87.78295,41.99632],[-87.78297,41.99733],[-87.77514,41.99739]]],[[[-87.76449,41.69778],[-87.76452,41.69849],[-87.76144,41.69681],[-87.76177,41.69646],[-87.76429,41.69645],[-87.76433,41.69697],[-87.76528,41.69696],[-87.76531,41.69778],[-87.76449,41.69778]]],[[[-87.76651,41.81331],[-87.76308,41.81445],[-87.76306,41.81363],[-87.76775,41.81231],[-87.76887,41.81188],[-87.76922,41.81245],[-87.76651,41.81331]]],[[[-87.77421,41.80798],[-87.77216,41.80886],[-87.76307,41.81181],[-87.7631,41.8113],[-87.76329,41.81115],[-87.77421,41.80782],[-87.77421,41.80798]]],[[[-87.80147,41.79844],[-87.79688,41.80002],[-87.79416,41.80075],[-87.76994,41.80841],[-87.76326,41.81039],[-87.76306,41.81035],[-87.80161,41.79819],[-87.80147,41.79844]]],[[[-87.76239,41.70698],[-87.76234,41.70532],[-87.76487,41.70527],[-87.76494,41.70696],[-87.76239,41.70698]]],[[[-87.76486,41.87769],[-87.76474,41.87199],[-87.76629,41.87135],[-87.76817,41.87114],[-87.77421,41.87144],[-87.77444,41.87753],[-87.76486,41.87769]]],[[[-87.79161,42.01183],[-87.78878,42.01189],[-87.78628,42.00902],[-87.78867,42.00792],[-87.78652,42.0052],[-87.78571,42.00472],[-87.78483,42.00456],[-87.78456,42.00463],[-87.78316,42.00449],[-87.78284,42.00411],[-87.78206,42.00446],[-87.7673,41.99745],[-87.76745,41.99736],[-87.77012,41.99722],[-87.77568,41.9975],[-87.78774,41.99743],[-87.79059,42.00044],[-87.79038,42.00056],[-87.79074,42.00091],[-87.79068,42.00121],[-87.79097,42.00153],[-87.79077,42.00162],[-87.79025,42.0026],[-87.79055,42.00294],[-87.78971,42.00334],[-87.78957,42.0038],[-87.78997,42.00385],[-87.79032,42.00358],[-87.79096,42.00353],[-87.79207,42.00374],[-87.79253,42.00396],[-87.79273,42.00434],[-87.79274,42.00463],[-87.79299,42.00492],[-87.79268,42.00506],[-87.7918,42.00661],[-87.79298,42.00807],[-87.79475,42.00885],[-87.79644,42.0081],[-87.79687,42.00856],[-87.79728,42.00836],[-87.79777,42.00892],[-87.79161,42.01183]]],[[[-87.7646,41.7014],[-87.76446,41.69865],[-87.76948,41.70138],[-87.7646,41.7014]]],[[[-87.76692,41.6742],[-87.76702,41.67589],[-87.76679,41.67589],[-87.76667,41.67611],[-87.7661,41.67648],[-87.76543,41.67638],[-87.76542,41.6757],[-87.76484,41.67541],[-87.76483,41.6753],[-87.76541,41.6752],[-87.76532,41.67325],[-87.76707,41.67408],[-87.76692,41.6742]]],[[[-87.76982,41.75716],[-87.76984,41.75763],[-87.76796,41.75763],[-87.76747,41.7579],[-87.76707,41.7579],[-87.76709,41.75721],[-87.76737,41.75681],[-87.76807,41.7565],[-87.76995,41.75646],[-87.76999,41.75715],[-87.76982,41.75716]]],[[[-87.76997,41.67018],[-87.76968,41.67109],[-87.76748,41.67026],[-87.76793,41.6696],[-87.76855,41.66921],[-87.7705,41.66965],[-87.76997,41.67018]]],[[[-87.7717,41.71192],[-87.77166,41.71139],[-87.77042,41.71133],[-87.77041,41.71119],[-87.76995,41.71141],[-87.76979,41.71125],[-87.77217,41.7099],[-87.7722,41.71061],[-87.77291,41.7106],[-87.77293,41.71083],[-87.77342,41.71082],[-87.77344,41.71104],[-87.77408,41.71103],[-87.7741,41.71133],[-87.77466,41.71133],[-87.77467,41.7119],[-87.7717,41.71192]]],[[[-87.7769,41.67282],[-87.77553,41.67271],[-87.77359,41.67224],[-87.76999,41.67107],[-87.76983,41.67099],[-87.77002,41.67027],[-87.77067,41.6697],[-87.77113,41.66989],[-87.77144,41.67021],[-87.77557,41.67146],[-87.77611,41.67175],[-87.77703,41.67258],[-87.7769,41.67282]]],[[[-87.77269,41.73852],[-87.77068,41.73987],[-87.77076,41.73775],[-87.77266,41.73772],[-87.77269,41.73852]]],[[[-87.77326,41.73985],[-87.7733,41.74077],[-87.77084,41.74082],[-87.77095,41.74006],[-87.7729,41.73876],[-87.77313,41.73894],[-87.77314,41.73936],[-87.7737,41.73935],[-87.77371,41.73983],[-87.77326,41.73985]]],[[[-87.7775,41.80998],[-87.77704,41.80994],[-87.77458,41.81069],[-87.7727,41.81141],[-87.77233,41.81076],[-87.77266,41.81065],[-87.77272,41.81073],[-87.77601,41.80961],[-87.77987,41.80853],[-87.77991,41.80926],[-87.7775,41.80998]]],[[[-87.77755,41.67316],[-87.7773,41.67319],[-87.77716,41.67245],[-87.77612,41.67162],[-87.77126,41.66985],[-87.77127,41.66964],[-87.77153,41.66961],[-87.77657,41.67143],[-87.77779,41.67247],[-87.77755,41.67316]]],[[[-87.77629,41.70364],[-87.77549,41.7032],[-87.77488,41.70387],[-87.77274,41.70269],[-87.77264,41.70276],[-87.77234,41.70259],[-87.77356,41.70126],[-87.77686,41.70305],[-87.77629,41.70364]]],[[[-87.77382,41.68073],[-87.77351,41.68111],[-87.77339,41.6811],[-87.7733,41.679],[-87.77341,41.67858],[-87.77358,41.67953],[-87.77505,41.67954],[-87.7762,41.68069],[-87.77382,41.68073]]],[[[-87.77713,41.91472],[-87.77708,41.91293],[-87.78106,41.91288],[-87.78115,41.91466],[-87.77713,41.91472]]],[[[-87.7755,41.73029],[-87.77547,41.72967],[-87.78021,41.72952],[-87.78024,41.73034],[-87.7755,41.73029]]],[[[-87.78076,42.00856],[-87.78062,42.00841],[-87.78005,42.00866],[-87.77903,42.00744],[-87.77988,42.00702],[-87.77956,42.00673],[-87.77913,42.00693],[-87.77884,42.00659],[-87.7801,42.00599],[-87.78166,42.00813],[-87.78076,42.00856]]],[[[-87.77837,41.92736],[-87.77824,41.9239],[-87.7853,41.92382],[-87.78545,41.92726],[-87.77837,41.92736]]],[[[-87.77806,41.87062],[-87.77801,41.86911],[-87.77912,41.8691],[-87.77915,41.87031],[-87.78032,41.87038],[-87.78035,41.8708],[-87.77806,41.87062]]],[[[-87.78251,41.82142],[-87.77773,41.82143],[-87.7777,41.81443],[-87.78244,41.81434],[-87.78251,41.82142]]],[[[-87.77781,41.78132],[-87.7777,41.77822],[-87.77995,41.77818],[-87.78006,41.78128],[-87.77781,41.78132]]],[[[-87.7779,41.75575],[-87.77779,41.75228],[-87.78201,41.75209],[-87.78211,41.75567],[-87.7779,41.75575]]],[[[-87.80532,41.64593],[-87.80559,41.65321],[-87.79325,41.65357],[-87.78221,41.65371],[-87.78194,41.6464],[-87.77714,41.64635],[-87.77693,41.64018],[-87.81016,41.64016],[-87.81034,41.64584],[-87.80532,41.64593]]],[[[-87.78024,41.78966],[-87.78023,41.78984],[-87.77977,41.78985],[-87.77963,41.7892],[-87.77938,41.78919],[-87.77928,41.78697],[-87.7815,41.78693],[-87.7816,41.78963],[-87.78024,41.78966]]],[[[-87.77828,41.6737],[-87.77824,41.67277],[-87.77998,41.67324],[-87.78008,41.67267],[-87.78025,41.67271],[-87.78018,41.67329],[-87.78295,41.67377],[-87.78304,41.67365],[-87.78655,41.67455],[-87.79003,41.6751],[-87.7931,41.67578],[-87.79319,41.67592],[-87.79288,41.67619],[-87.79376,41.6764],[-87.79378,41.67632],[-87.7934,41.6762],[-87.79332,41.67596],[-87.79382,41.67603],[-87.79477,41.67638],[-87.7965,41.67675],[-87.79667,41.67689],[-87.7967,41.67719],[-87.77828,41.6737]]],[[[-87.78665,41.96645],[-87.78208,41.96651],[-87.78208,41.96515],[-87.78667,41.96513],[-87.78665,41.96645]]],[[[-87.78175,41.80349],[-87.78665,41.80125],[-87.79279,41.79997],[-87.78175,41.80349]]],[[[-87.78411,41.95288],[-87.78406,41.95117],[-87.78641,41.95114],[-87.78645,41.95285],[-87.78411,41.95288]]],[[[-87.7843,41.90374],[-87.78433,41.90202],[-87.78667,41.9019],[-87.78674,41.90369],[-87.7843,41.90374]]],[[[-87.78262,41.72313],[-87.78242,41.72084],[-87.7849,41.72075],[-87.7849,41.72043],[-87.79186,41.72031],[-87.79196,41.72292],[-87.78262,41.72313]]],[[[-87.7848,41.88824],[-87.78475,41.88734],[-87.78786,41.8873],[-87.78788,41.88834],[-87.7848,41.88824]]],[[[-87.78499,41.83822],[-87.78495,41.83696],[-87.78802,41.83785],[-87.78803,41.83815],[-87.78499,41.83822]]],[[[-87.78602,41.74032],[-87.78604,41.74094],[-87.78589,41.74095],[-87.78588,41.74054],[-87.78541,41.74055],[-87.7854,41.73995],[-87.78491,41.73996],[-87.78483,41.73842],[-87.78626,41.73838],[-87.78623,41.73743],[-87.78643,41.73743],[-87.78655,41.74032],[-87.78602,41.74032]]],[[[-87.78895,41.87116],[-87.7886,41.8712],[-87.78846,41.87151],[-87.78674,41.87137],[-87.78669,41.87007],[-87.78716,41.87006],[-87.78716,41.87025],[-87.78841,41.87024],[-87.78842,41.86995],[-87.78894,41.86995],[-87.78895,41.87116]]],[[[-87.78862,41.69683],[-87.78787,41.69738],[-87.78594,41.69743],[-87.78562,41.6963],[-87.78737,41.69614],[-87.78759,41.69598],[-87.78866,41.69595],[-87.78862,41.69683]]],[[[-87.79677,41.79949],[-87.79676,41.79949],[-87.79675,41.79882],[-87.79854,41.7988],[-87.79855,41.799],[-87.79677,41.79949]]],[[[-87.7936,41.7997],[-87.78705,41.80102],[-87.78704,41.8008],[-87.79062,41.80003],[-87.79062,41.79958],[-87.79676,41.79949],[-87.7936,41.7997]]],[[[-87.78824,41.83957],[-87.7882,41.83815],[-87.7929,41.83951],[-87.78824,41.83957]]],[[[-87.79391,41.80505],[-87.79183,41.80581],[-87.79058,41.80657],[-87.7885,41.80576],[-87.79243,41.80456],[-87.79372,41.80404],[-87.7938,41.80419],[-87.79397,41.80414],[-87.79419,41.80471],[-87.79391,41.80505]]],[[[-87.79471,41.98861],[-87.79457,41.98879],[-87.79083,41.98663],[-87.79181,41.98569],[-87.7923,41.98539],[-87.79342,41.98507],[-87.79469,41.98805],[-87.79471,41.98861]]],[[[-87.78823,41.68097],[-87.78813,41.67976],[-87.78825,41.67952],[-87.79024,41.67936],[-87.79085,41.67938],[-87.79114,41.67951],[-87.79125,41.68091],[-87.78823,41.68097]]],[[[-87.79216,41.74811],[-87.79147,41.747],[-87.79126,41.74698],[-87.79098,41.74105],[-87.79206,41.74103],[-87.79235,41.74811],[-87.79216,41.74811]]],[[[-87.79858,42.01581],[-87.79858,42.0162],[-87.79847,42.01621],[-87.79858,42.01628],[-87.79846,42.01664],[-87.79859,42.01702],[-87.79832,42.01702],[-87.79741,42.01772],[-87.79725,42.01816],[-87.79694,42.01836],[-87.79737,42.01884],[-87.79735,42.01899],[-87.7963,42.01903],[-87.7958,42.01884],[-87.79595,42.01829],[-87.7953,42.01764],[-87.79529,42.01737],[-87.79615,42.01737],[-87.79635,42.01722],[-87.79643,42.01509],[-87.79747,42.01462],[-87.79732,42.01443],[-87.79509,42.0133],[-87.79521,42.01239],[-87.79545,42.01237],[-87.79517,42.01303],[-87.79528,42.01325],[-87.7971,42.01418],[-87.79746,42.01449],[-87.79785,42.01529],[-87.79769,42.01682],[-87.79715,42.01727],[-87.79635,42.01741],[-87.79634,42.01757],[-87.79741,42.01735],[-87.79768,42.0171],[-87.79806,42.01611],[-87.79804,42.01527],[-87.79759,42.01439],[-87.79545,42.01311],[-87.79537,42.01285],[-87.79562,42.0124],[-87.79624,42.01259],[-87.796,42.01283],[-87.79762,42.01355],[-87.79763,42.01398],[-87.79871,42.01393],[-87.79887,42.0158],[-87.79858,42.01581]]],[[[-87.79679,41.95734],[-87.79568,41.95773],[-87.79566,41.95719],[-87.79486,41.9572],[-87.79483,41.95631],[-87.79538,41.95628],[-87.79626,41.95595],[-87.79642,41.95614],[-87.79713,41.95614],[-87.7973,41.95656],[-87.79679,41.95734]]],[[[-87.7926,41.7518],[-87.7925,41.74838],[-87.79334,41.74837],[-87.79336,41.74876],[-87.7936,41.74877],[-87.7937,41.75179],[-87.7926,41.7518]]],[[[-87.79981,41.92164],[-87.7998,41.9215],[-87.79941,41.92136],[-87.79891,41.92136],[-87.79888,41.92111],[-87.79529,41.92112],[-87.79523,41.91964],[-87.80053,41.92158],[-87.79981,41.92164]]],[[[-87.79523,41.91937],[-87.79523,41.91899],[-87.79603,41.91927],[-87.79869,41.91925],[-87.79871,41.92062],[-87.79523,41.91937]]],[[[-87.79532,41.69361],[-87.79423,41.69368],[-87.79426,41.69449],[-87.79321,41.69452],[-87.79313,41.69387],[-87.79536,41.69204],[-87.79532,41.69361]]],[[[-87.80374,41.95429],[-87.80284,41.95458],[-87.80275,41.95444],[-87.80254,41.95444],[-87.80242,41.95448],[-87.80254,41.95468],[-87.80207,41.95484],[-87.80181,41.95477],[-87.80088,41.95329],[-87.80068,41.9532],[-87.79878,41.95384],[-87.79863,41.95364],[-87.79761,41.954],[-87.7975,41.95383],[-87.79663,41.95414],[-87.79646,41.95283],[-87.80483,41.95286],[-87.80487,41.95425],[-87.80374,41.95429]]],[[[-87.79552,41.78474],[-87.79551,41.78394],[-87.7999,41.78381],[-87.79992,41.78466],[-87.79552,41.78474]]],[[[-87.80021,41.94352],[-87.80027,41.94531],[-87.79911,41.94533],[-87.79897,41.94182],[-87.80017,41.94182],[-87.8001,41.93999],[-87.80122,41.93997],[-87.80136,41.94348],[-87.80021,41.94352]]],[[[-87.79806,41.83858],[-87.79798,41.83594],[-87.80039,41.8359],[-87.80047,41.83854],[-87.79806,41.83858]]],[[[-87.7989,41.90338],[-87.79884,41.90171],[-87.80015,41.90169],[-87.8002,41.90335],[-87.7989,41.90338]]],[[[-87.80727,41.68178],[-87.80715,41.68172],[-87.80685,41.68202],[-87.80694,41.68208],[-87.80474,41.68418],[-87.80453,41.68418],[-87.80447,41.68237],[-87.80277,41.6824],[-87.80261,41.67944],[-87.80233,41.67935],[-87.80255,41.67963],[-87.80136,41.67953],[-87.80101,41.67961],[-87.80084,41.68003],[-87.80114,41.68109],[-87.8008,41.68119],[-87.80036,41.67988],[-87.8,41.6797],[-87.79956,41.67918],[-87.79877,41.67894],[-87.79857,41.67863],[-87.79751,41.67851],[-87.79774,41.67894],[-87.7975,41.67902],[-87.79752,41.67926],[-87.79734,41.67929],[-87.79715,41.67806],[-87.8023,41.67905],[-87.80297,41.67945],[-87.80342,41.6794],[-87.80632,41.68],[-87.80884,41.68033],[-87.80727,41.68178]]],[[[-87.80038,41.90705],[-87.80034,41.90533],[-87.80405,41.90528],[-87.80409,41.907],[-87.80038,41.90705]]],[[[-87.8025,41.68684],[-87.80248,41.68792],[-87.80285,41.6887],[-87.80273,41.68939],[-87.80232,41.68944],[-87.80224,41.68725],[-87.80209,41.68724],[-87.80137,41.6878],[-87.80125,41.68772],[-87.79853,41.68977],[-87.79829,41.68977],[-87.8038,41.68546],[-87.80371,41.68537],[-87.8044,41.6847],[-87.80487,41.68447],[-87.80516,41.68458],[-87.8025,41.68684]]],[[[-87.80349,41.73961],[-87.8028,41.73981],[-87.80281,41.74028],[-87.8004,41.74027],[-87.80037,41.73996],[-87.79954,41.73997],[-87.79954,41.73981],[-87.8002,41.73967],[-87.8002,41.73946],[-87.80059,41.73945],[-87.80061,41.73966],[-87.80116,41.73964],[-87.80297,41.73909],[-87.80298,41.73894],[-87.80409,41.73892],[-87.8041,41.7396],[-87.80349,41.73961]]],[[[-87.80955,41.67966],[-87.79954,41.67774],[-87.79953,41.67687],[-87.80144,41.67681],[-87.80255,41.67694],[-87.80482,41.67681],[-87.80585,41.67728],[-87.80713,41.6773],[-87.80789,41.67751],[-87.80799,41.67744],[-87.80828,41.67767],[-87.8085,41.67767],[-87.80853,41.67806],[-87.81055,41.67868],[-87.80955,41.67966]]],[[[-87.82079,41.79622],[-87.82011,41.79656],[-87.81939,41.79629],[-87.81714,41.79776],[-87.81673,41.79812],[-87.81674,41.79825],[-87.81741,41.79791],[-87.81775,41.79759],[-87.81807,41.79751],[-87.81919,41.79666],[-87.81949,41.79654],[-87.81969,41.7966],[-87.81962,41.79694],[-87.81715,41.7985],[-87.81525,41.79992],[-87.81351,41.80083],[-87.81055,41.8028],[-87.80949,41.80368],[-87.80899,41.80444],[-87.80914,41.8048],[-87.80538,41.80604],[-87.80325,41.80656],[-87.80205,41.8067],[-87.802,41.80477],[-87.8022,41.80303],[-87.80818,41.80349],[-87.80908,41.80314],[-87.81167,41.80151],[-87.81279,41.80025],[-87.81741,41.79705],[-87.81761,41.79687],[-87.81764,41.79636],[-87.82029,41.79573],[-87.82122,41.79572],[-87.82079,41.79622]]],[[[-87.81098,41.80975],[-87.81124,41.81367],[-87.80983,41.81421],[-87.80951,41.81343],[-87.80901,41.81345],[-87.80918,41.81437],[-87.80333,41.81686],[-87.80271,41.81731],[-87.80254,41.81729],[-87.80207,41.80721],[-87.80425,41.80694],[-87.81139,41.80466],[-87.81158,41.80972],[-87.81098,41.80975]]],[[[-87.80654,42.01158],[-87.80504,42.01165],[-87.805,42.00943],[-87.80657,42.00944],[-87.80654,42.01158]]],[[[-87.80725,41.82199],[-87.80711,41.82195],[-87.80689,41.82161],[-87.8068,41.819],[-87.80533,41.81897],[-87.80529,41.81802],[-87.80262,41.81806],[-87.80271,41.81764],[-87.80304,41.81726],[-87.80362,41.81691],[-87.80918,41.81459],[-87.80929,41.81597],[-87.80908,41.81628],[-87.80851,41.81668],[-87.80787,41.81775],[-87.8078,41.81833],[-87.80788,41.81873],[-87.80834,41.81947],[-87.80914,41.82026],[-87.80972,41.82056],[-87.81013,41.82094],[-87.80725,41.82199]]],[[[-87.80491,41.82689],[-87.80478,41.82772],[-87.80492,41.82846],[-87.80426,41.8283],[-87.80296,41.82845],[-87.80292,41.82739],[-87.80389,41.82712],[-87.80422,41.82671],[-87.80409,41.82629],[-87.80519,41.82646],[-87.80491,41.82689]]],[[[-87.80359,41.87038],[-87.80342,41.86544],[-87.8041,41.86543],[-87.8043,41.87037],[-87.80359,41.87038]]],[[[-87.80221,41.74977],[-87.80216,41.74852],[-87.80313,41.74834],[-87.80446,41.74833],[-87.80452,41.74973],[-87.80221,41.74977]]],[[[-87.80952,41.77426],[-87.80952,41.77476],[-87.80817,41.77478],[-87.80814,41.7743],[-87.80555,41.77436],[-87.80557,41.77515],[-87.80448,41.77518],[-87.80428,41.77539],[-87.80337,41.77536],[-87.80331,41.77404],[-87.80469,41.77247],[-87.80546,41.77245],[-87.80551,41.77342],[-87.80949,41.77334],[-87.81043,41.77425],[-87.80952,41.77426]]],[[[-87.80524,41.89072],[-87.80525,41.8887],[-87.80704,41.88865],[-87.80713,41.89068],[-87.80524,41.89072]]],[[[-87.81089,42.01024],[-87.80723,42.01032],[-87.80722,42.01075],[-87.80676,42.01077],[-87.80676,42.00905],[-87.80724,42.00903],[-87.80725,42.00946],[-87.81088,42.00936],[-87.81089,42.01024]]],[[[-87.80716,41.90459],[-87.80716,41.90511],[-87.80579,41.90514],[-87.80567,41.90169],[-87.80943,41.90161],[-87.80968,41.90452],[-87.80716,41.90459]]],[[[-87.80735,41.7434],[-87.80709,41.74353],[-87.80691,41.74343],[-87.80656,41.74375],[-87.80678,41.74384],[-87.80677,41.74425],[-87.80458,41.7443],[-87.80447,41.74423],[-87.80441,41.74236],[-87.80617,41.74233],[-87.80687,41.7425],[-87.80794,41.74248],[-87.80797,41.74337],[-87.80735,41.7434]]],[[[-87.81545,41.87292],[-87.81352,41.87345],[-87.81352,41.87354],[-87.81176,41.87377],[-87.8083,41.87338],[-87.80824,41.87237],[-87.8156,41.87216],[-87.81545,41.87292]]],[[[-87.80876,41.77065],[-87.80712,41.76999],[-87.8101,41.76994],[-87.81036,41.77159],[-87.80876,41.77065]]],[[[-87.80891,41.72581],[-87.80898,41.72721],[-87.80884,41.72723],[-87.80888,41.72824],[-87.80872,41.72824],[-87.80859,41.72496],[-87.80831,41.72373],[-87.8077,41.72262],[-87.80695,41.7218],[-87.80749,41.72152],[-87.80971,41.7258],[-87.80891,41.72581]]],[[[-87.81055,41.675],[-87.80665,41.67503],[-87.80647,41.67149],[-87.81051,41.67132],[-87.81055,41.675]]],[[[-87.80933,41.68383],[-87.80915,41.68382],[-87.80934,41.68314],[-87.80794,41.68308],[-87.80772,41.68336],[-87.80685,41.68332],[-87.80684,41.68386],[-87.80747,41.6838],[-87.80736,41.68421],[-87.80703,41.68428],[-87.80699,41.68462],[-87.80881,41.68458],[-87.80869,41.68473],[-87.80687,41.68485],[-87.80669,41.68461],[-87.80663,41.68348],[-87.80672,41.68323],[-87.80745,41.68255],[-87.80769,41.68246],[-87.80948,41.68278],[-87.80933,41.68383]]],[[[-87.81242,41.82038],[-87.81115,41.82069],[-87.81,41.81994],[-87.80869,41.81891],[-87.80846,41.81858],[-87.80838,41.81812],[-87.80865,41.81755],[-87.80962,41.81639],[-87.80986,41.8144],[-87.81108,41.81388],[-87.81184,41.81367],[-87.81208,41.81372],[-87.81223,41.81708],[-87.81471,41.81706],[-87.81476,41.82015],[-87.81242,41.82038]]],[[[-87.83176,41.81923],[-87.83037,41.82045],[-87.82742,41.82269],[-87.82666,41.82366],[-87.8258,41.82603],[-87.82216,41.82664],[-87.822,41.82626],[-87.82157,41.82635],[-87.82123,41.82672],[-87.82131,41.82691],[-87.82029,41.82702],[-87.82136,41.82637],[-87.82132,41.82626],[-87.8204,41.82629],[-87.81908,41.82658],[-87.81899,41.82607],[-87.81778,41.82599],[-87.81755,41.8265],[-87.81699,41.82665],[-87.81706,41.82629],[-87.81684,41.82602],[-87.81567,41.82567],[-87.81442,41.82553],[-87.81444,41.82497],[-87.81354,41.82435],[-87.81303,41.82426],[-87.81304,41.82395],[-87.81219,41.82335],[-87.81185,41.8232],[-87.81083,41.82331],[-87.81084,41.82291],[-87.80972,41.82287],[-87.80909,41.82297],[-87.80913,41.82223],[-87.80881,41.82171],[-87.80949,41.82148],[-87.8099,41.82214],[-87.80994,41.82278],[-87.81017,41.82278],[-87.81014,41.8221],[-87.80971,41.8214],[-87.81046,41.82114],[-87.81245,41.82272],[-87.81382,41.82431],[-87.81505,41.82507],[-87.81609,41.82557],[-87.81723,41.82588],[-87.82016,41.82602],[-87.82047,41.82588],[-87.82052,41.82562],[-87.81972,41.82476],[-87.81946,41.82407],[-87.8198,41.8232],[-87.82011,41.82278],[-87.82065,41.82238],[-87.82261,41.82122],[-87.82263,41.82081],[-87.82302,41.82025],[-87.82343,41.8201],[-87.82402,41.82014],[-87.82544,41.8196],[-87.82607,41.81853],[-87.82607,41.81775],[-87.82666,41.81701],[-87.827,41.81682],[-87.82791,41.81667],[-87.82841,41.81672],[-87.8302,41.81735],[-87.83082,41.81768],[-87.83176,41.81846],[-87.8319,41.81886],[-87.83176,41.81923]],[[-87.82575,41.81998],[-87.82465,41.82078],[-87.82276,41.82126],[-87.82167,41.82198],[-87.82083,41.8228],[-87.82064,41.82355],[-87.82096,41.82404],[-87.82189,41.82455],[-87.8222,41.82525],[-87.82371,41.82429],[-87.8248,41.82259],[-87.82528,41.82337],[-87.82468,41.8237],[-87.824,41.8243],[-87.82313,41.82529],[-87.82279,41.82605],[-87.82421,41.82562],[-87.82487,41.82563],[-87.82538,41.82549],[-87.8258,41.82452],[-87.8265,41.82346],[-87.82598,41.82325],[-87.82668,41.82303],[-87.82823,41.82164],[-87.8297,41.82072],[-87.83084,41.81948],[-87.83088,41.81914],[-87.83066,41.81879],[-87.83025,41.8186],[-87.82871,41.81862],[-87.82831,41.81873],[-87.82694,41.81972],[-87.82575,41.81998]]],[[[-87.80929,41.68838],[-87.80831,41.6884],[-87.80824,41.68953],[-87.80718,41.68957],[-87.80717,41.68919],[-87.8074,41.68922],[-87.80799,41.68879],[-87.80774,41.68849],[-87.80812,41.68776],[-87.80789,41.68731],[-87.80799,41.68688],[-87.80843,41.68682],[-87.80868,41.68761],[-87.80884,41.68756],[-87.8088,41.68725],[-87.80928,41.68724],[-87.80929,41.68838]]],[[[-87.8146,41.69519],[-87.81461,41.69594],[-87.81343,41.69596],[-87.81344,41.69673],[-87.8074,41.69695],[-87.80735,41.69598],[-87.81031,41.69471],[-87.81409,41.6938],[-87.81588,41.69363],[-87.81682,41.69382],[-87.81685,41.69509],[-87.8146,41.69519]]],[[[-87.81323,41.84473],[-87.81323,41.84509],[-87.80991,41.84412],[-87.8099,41.84374],[-87.80964,41.84322],[-87.81438,41.84309],[-87.81444,41.84472],[-87.81323,41.84473]]],[[[-87.81115,41.79443],[-87.8111,41.79486],[-87.81141,41.79504],[-87.8119,41.79476],[-87.81221,41.79496],[-87.81245,41.79481],[-87.81265,41.79492],[-87.81141,41.79574],[-87.81123,41.79605],[-87.80927,41.79599],[-87.80936,41.79529],[-87.81114,41.79428],[-87.81252,41.79333],[-87.81269,41.79337],[-87.81115,41.79443]]],[[[-87.81207,41.70952],[-87.81164,41.70986],[-87.81164,41.71006],[-87.81133,41.71006],[-87.80953,41.71145],[-87.80961,41.71387],[-87.80868,41.71389],[-87.80858,41.71104],[-87.81149,41.70882],[-87.81135,41.70621],[-87.8112,41.70621],[-87.81119,41.70425],[-87.81158,41.70424],[-87.81173,41.70886],[-87.81266,41.70892],[-87.81268,41.70951],[-87.81207,41.70952]]],[[[-87.8153,41.7909],[-87.81494,41.79066],[-87.81489,41.78787],[-87.81072,41.78796],[-87.81053,41.78784],[-87.81109,41.78619],[-87.81149,41.78627],[-87.81166,41.7862],[-87.81193,41.78556],[-87.82,41.78542],[-87.82058,41.78514],[-87.8153,41.7909]]],[[[-87.8188,41.76958],[-87.81782,41.76929],[-87.81759,41.76965],[-87.81794,41.76979],[-87.81776,41.77013],[-87.81838,41.77036],[-87.81783,41.7711],[-87.81745,41.77097],[-87.81766,41.77062],[-87.81757,41.77054],[-87.8153,41.77062],[-87.81525,41.76969],[-87.81043,41.76979],[-87.81034,41.76728],[-87.81046,41.76665],[-87.81095,41.76617],[-87.81138,41.76611],[-87.8114,41.76663],[-87.81124,41.76673],[-87.81131,41.76859],[-87.81147,41.76872],[-87.81152,41.76921],[-87.81914,41.76906],[-87.8188,41.76958]]],[[[-87.81531,41.77494],[-87.81354,41.77463],[-87.81338,41.7745],[-87.81228,41.77438],[-87.81134,41.77312],[-87.81086,41.77213],[-87.81044,41.76995],[-87.81505,41.76986],[-87.81519,41.77037],[-87.81457,41.77038],[-87.81458,41.77103],[-87.81085,41.77113],[-87.81087,41.77149],[-87.81123,41.7725],[-87.81221,41.774],[-87.81207,41.77405],[-87.81538,41.77399],[-87.81572,41.77356],[-87.81616,41.77374],[-87.81531,41.77494]]],[[[-87.82141,41.82139],[-87.81979,41.82248],[-87.81944,41.82295],[-87.81965,41.82295],[-87.81933,41.8237],[-87.81935,41.82439],[-87.82001,41.82556],[-87.81994,41.82568],[-87.81924,41.82582],[-87.8181,41.82576],[-87.81809,41.82559],[-87.81748,41.82554],[-87.81483,41.82437],[-87.81376,41.82341],[-87.81275,41.82212],[-87.81191,41.82158],[-87.81129,41.82082],[-87.81256,41.82058],[-87.81255,41.82102],[-87.8128,41.82103],[-87.81293,41.82198],[-87.81329,41.82242],[-87.81419,41.82229],[-87.81416,41.82148],[-87.81526,41.82147],[-87.81544,41.82302],[-87.81654,41.823],[-87.81656,41.82368],[-87.81679,41.82368],[-87.81681,41.82326],[-87.81852,41.82323],[-87.81851,41.82282],[-87.81672,41.82284],[-87.8167,41.82234],[-87.81731,41.82233],[-87.8173,41.82191],[-87.81777,41.8219],[-87.81779,41.82208],[-87.81848,41.82206],[-87.81846,41.82169],[-87.81915,41.82168],[-87.81915,41.8214],[-87.8196,41.8214],[-87.81964,41.82152],[-87.81963,41.82132],[-87.81914,41.82133],[-87.81913,41.82105],[-87.81962,41.82104],[-87.81962,41.82092],[-87.82151,41.82089],[-87.82233,41.81978],[-87.82264,41.81983],[-87.82141,41.82139]]],[[[-87.8158,42.00005],[-87.81419,41.99916],[-87.81542,41.99797],[-87.81789,41.99796],[-87.8158,42.00005]]],[[[-87.81097,41.68302],[-87.8102,41.68267],[-87.81102,41.68119],[-87.81218,41.68118],[-87.8123,41.68327],[-87.81097,41.68302]]],[[[-87.81591,41.9811],[-87.8159,41.9815],[-87.8144,41.98177],[-87.8145,41.97729],[-87.8162,41.97725],[-87.81619,41.97981],[-87.81675,41.97979],[-87.81678,41.98108],[-87.81591,41.9811]]],[[[-87.81251,41.70323],[-87.81173,41.704],[-87.81153,41.704],[-87.81142,41.70066],[-87.8125,41.70065],[-87.81251,41.70323]]],[[[-87.81266,41.72862],[-87.81188,41.72778],[-87.8157,41.7277],[-87.81574,41.72862],[-87.81266,41.72862]]],[[[-87.83878,41.68556],[-87.83851,41.6858],[-87.83822,41.68587],[-87.8374,41.6857],[-87.83655,41.68576],[-87.82645,41.68509],[-87.82012,41.68406],[-87.82003,41.68289],[-87.81752,41.68217],[-87.81781,41.68245],[-87.81652,41.68226],[-87.81663,41.68436],[-87.8132,41.68369],[-87.8132,41.68228],[-87.81457,41.68241],[-87.81472,41.68218],[-87.81476,41.68194],[-87.81404,41.68189],[-87.81363,41.6815],[-87.81342,41.68149],[-87.81352,41.68133],[-87.81708,41.68193],[-87.83099,41.68391],[-87.83925,41.68464],[-87.83878,41.68556]]],[[[-87.81938,41.96688],[-87.81701,41.96696],[-87.81703,41.96345],[-87.81941,41.96345],[-87.81938,41.96688]]],[[[-87.81424,41.74363],[-87.81419,41.74241],[-87.81624,41.74237],[-87.81628,41.74359],[-87.81424,41.74363]]],[[[-87.81576,41.84585],[-87.81575,41.84562],[-87.82292,41.84549],[-87.82303,41.84797],[-87.81576,41.84585]]],[[[-87.81785,41.64954],[-87.81603,41.64955],[-87.81558,41.64937],[-87.81543,41.64948],[-87.81553,41.65032],[-87.81616,41.6503],[-87.81581,41.65059],[-87.81586,41.65098],[-87.81544,41.65103],[-87.81555,41.65141],[-87.81569,41.65156],[-87.81616,41.65158],[-87.81615,41.65178],[-87.81559,41.65179],[-87.81546,41.6519],[-87.81557,41.65237],[-87.81531,41.65237],[-87.81523,41.6506],[-87.81502,41.65028],[-87.81521,41.64983],[-87.81505,41.64944],[-87.81518,41.64847],[-87.81505,41.64822],[-87.81512,41.64726],[-87.81473,41.64588],[-87.81623,41.64585],[-87.81624,41.64594],[-87.81543,41.64595],[-87.81525,41.64605],[-87.81524,41.64798],[-87.8156,41.6481],[-87.81785,41.64807],[-87.81785,41.64954]]],[[[-87.82179,41.78663],[-87.8219,41.78701],[-87.81921,41.78996],[-87.81721,41.79194],[-87.81705,41.79188],[-87.81733,41.79154],[-87.81695,41.79112],[-87.8172,41.79067],[-87.82166,41.7857],[-87.82207,41.78623],[-87.82179,41.78663]],[[-87.81889,41.78921],[-87.81833,41.78957],[-87.81742,41.79079],[-87.8177,41.79078],[-87.81878,41.78998],[-87.81889,41.78921]]],[[[-87.81625,41.64374],[-87.81613,41.64412],[-87.81598,41.64413],[-87.81601,41.6454],[-87.81647,41.64571],[-87.81521,41.64571],[-87.81518,41.64302],[-87.81742,41.64298],[-87.81744,41.64362],[-87.81625,41.64374]]],[[[-87.83029,41.69065],[-87.83027,41.69081],[-87.82987,41.6909],[-87.82992,41.69109],[-87.82774,41.69153],[-87.82752,41.69187],[-87.82785,41.69294],[-87.82863,41.69302],[-87.82976,41.69284],[-87.82993,41.69289],[-87.83017,41.69333],[-87.82822,41.69378],[-87.82785,41.69394],[-87.82739,41.69444],[-87.82665,41.69447],[-87.82668,41.69521],[-87.82771,41.69519],[-87.82858,41.69478],[-87.82826,41.69389],[-87.82945,41.6936],[-87.82969,41.69477],[-87.8286,41.69531],[-87.82574,41.69536],[-87.82552,41.69306],[-87.82385,41.69328],[-87.82163,41.69388],[-87.81852,41.69436],[-87.81815,41.6944],[-87.81708,41.69418],[-87.81707,41.69388],[-87.81882,41.69414],[-87.82372,41.69314],[-87.82627,41.69198],[-87.82953,41.68976],[-87.83002,41.68931],[-87.83101,41.68931],[-87.83115,41.6905],[-87.83029,41.69065]]],[[[-87.82285,41.72481],[-87.81838,41.72488],[-87.8183,41.72412],[-87.81937,41.72412],[-87.81933,41.72308],[-87.82274,41.72302],[-87.82288,41.72308],[-87.82295,41.7246],[-87.82285,41.72481]]],[[[-87.83652,41.68617],[-87.83623,41.68604],[-87.83571,41.68621],[-87.834,41.68633],[-87.8338,41.68654],[-87.83322,41.68662],[-87.83317,41.68684],[-87.83256,41.68706],[-87.83129,41.68812],[-87.8313,41.68698],[-87.83122,41.68668],[-87.83102,41.68666],[-87.83105,41.68612],[-87.83074,41.68563],[-87.82549,41.68524],[-87.81823,41.68449],[-87.81824,41.68439],[-87.82004,41.68456],[-87.8201,41.68422],[-87.82054,41.68425],[-87.82644,41.68516],[-87.83079,41.68544],[-87.83198,41.68563],[-87.83269,41.68558],[-87.83679,41.68587],[-87.83686,41.68613],[-87.83652,41.68617]]],[[[-87.82328,41.88806],[-87.82091,41.8881],[-87.82087,41.88704],[-87.82328,41.88701],[-87.82328,41.88806]]],[[[-87.83312,41.86441],[-87.82756,41.86451],[-87.82653,41.8631],[-87.82411,41.86125],[-87.82194,41.85933],[-87.82134,41.85874],[-87.82113,41.85829],[-87.82084,41.85735],[-87.82082,41.8561],[-87.82099,41.85538],[-87.82181,41.85406],[-87.82272,41.85304],[-87.82408,41.85196],[-87.82675,41.85067],[-87.82761,41.85011],[-87.82886,41.85014],[-87.83007,41.85072],[-87.83248,41.85106],[-87.83271,41.85125],[-87.83324,41.86431],[-87.83312,41.86441]]],[[[-87.82289,41.76427],[-87.82163,41.76548],[-87.82029,41.76715],[-87.82009,41.76493],[-87.82027,41.76484],[-87.82068,41.76491],[-87.82071,41.76533],[-87.82095,41.76549],[-87.82147,41.76537],[-87.82157,41.76523],[-87.82119,41.76482],[-87.82037,41.76459],[-87.8202,41.76438],[-87.82289,41.76411],[-87.82289,41.76427]]],[[[-87.82425,41.76295],[-87.8238,41.76335],[-87.82267,41.76323],[-87.82236,41.76295],[-87.82223,41.76309],[-87.82226,41.76346],[-87.82084,41.76371],[-87.82068,41.76362],[-87.82103,41.76315],[-87.82062,41.76265],[-87.82059,41.76206],[-87.82026,41.76205],[-87.8201,41.76152],[-87.82009,41.76028],[-87.82028,41.76022],[-87.82038,41.76048],[-87.82068,41.76059],[-87.82088,41.76092],[-87.82122,41.76112],[-87.82193,41.76076],[-87.82201,41.76082],[-87.82192,41.76186],[-87.82239,41.76271],[-87.8227,41.76272],[-87.82278,41.76233],[-87.82258,41.76194],[-87.82312,41.76154],[-87.82365,41.76156],[-87.82407,41.76219],[-87.82437,41.76226],[-87.82425,41.76295]]],[[[-87.82417,41.73537],[-87.82419,41.73657],[-87.82326,41.73659],[-87.81988,41.734],[-87.82337,41.73398],[-87.82339,41.73425],[-87.8241,41.73423],[-87.8241,41.73402],[-87.8253,41.73399],[-87.82537,41.73536],[-87.82417,41.73537]]],[[[-87.82005,41.7108],[-87.82004,41.70987],[-87.82083,41.70986],[-87.82078,41.70873],[-87.81998,41.70874],[-87.81997,41.70852],[-87.82231,41.70848],[-87.82239,41.71076],[-87.82005,41.7108]]],[[[-87.93065,41.69567],[-87.88905,41.68952],[-87.88168,41.68834],[-87.88274,41.68845],[-87.87492,41.68743],[-87.85867,41.68565],[-87.85075,41.68506],[-87.85052,41.68482],[-87.8504,41.68499],[-87.84971,41.68501],[-87.84485,41.6844],[-87.83135,41.68307],[-87.82075,41.68161],[-87.82123,41.68157],[-87.82118,41.67988],[-87.82176,41.68035],[-87.82153,41.68044],[-87.82151,41.68063],[-87.82217,41.68081],[-87.82233,41.68066],[-87.82322,41.68104],[-87.82445,41.68131],[-87.82455,41.68174],[-87.8244,41.68183],[-87.82454,41.68205],[-87.82534,41.68214],[-87.82544,41.68197],[-87.82543,41.68174],[-87.82487,41.68164],[-87.82463,41.68151],[-87.82464,41.68133],[-87.82502,41.68146],[-87.8255,41.68145],[-87.82569,41.68158],[-87.82634,41.68152],[-87.82643,41.68211],[-87.82681,41.68235],[-87.83133,41.68293],[-87.83122,41.68207],[-87.83099,41.68203],[-87.83082,41.67471],[-87.85495,41.67417],[-87.85478,41.66675],[-87.84998,41.66688],[-87.84991,41.66334],[-87.84764,41.66339],[-87.84773,41.66693],[-87.84491,41.66698],[-87.84478,41.66148],[-87.84373,41.6615],[-87.84364,41.65972],[-87.83987,41.65981],[-87.83976,41.65717],[-87.83885,41.65691],[-87.84095,41.65269],[-87.84122,41.65261],[-87.85204,41.65241],[-87.85217,41.65593],[-87.85084,41.65595],[-87.85081,41.65462],[-87.84888,41.65466],[-87.84896,41.65975],[-87.85433,41.65965],[-87.85445,41.66367],[-87.87606,41.66325],[-87.8836,41.66512],[-87.88364,41.66636],[-87.89312,41.66618],[-87.89325,41.66632],[-87.89342,41.66979],[-87.89632,41.671],[-87.89741,41.67199],[-87.89815,41.67197],[-87.89813,41.66608],[-87.91254,41.66585],[-87.91281,41.67055],[-87.91155,41.67058],[-87.91165,41.673],[-87.908,41.67306],[-87.90805,41.67678],[-87.91305,41.67748],[-87.91318,41.68028],[-87.91801,41.68024],[-87.91816,41.68749],[-87.92653,41.68726],[-87.92767,41.68738],[-87.93075,41.688],[-87.93161,41.68926],[-87.93442,41.69108],[-87.93518,41.69193],[-87.93601,41.69425],[-87.9359,41.69428],[-87.93623,41.69596],[-87.93065,41.69567]]],[[[-87.83269,41.83985],[-87.83245,41.84038],[-87.82864,41.84259],[-87.8275,41.84261],[-87.82763,41.84235],[-87.82829,41.84208],[-87.82841,41.84174],[-87.82839,41.84127],[-87.82768,41.84128],[-87.82766,41.84033],[-87.82746,41.84032],[-87.82743,41.8398],[-87.82591,41.83983],[-87.82597,41.84129],[-87.82289,41.84126],[-87.8228,41.83846],[-87.82601,41.83839],[-87.82596,41.83698],[-87.82759,41.83693],[-87.82745,41.83641],[-87.82652,41.83643],[-87.82646,41.83549],[-87.82693,41.83553],[-87.82764,41.83637],[-87.8279,41.83701],[-87.82844,41.83768],[-87.82924,41.83793],[-87.83195,41.83831],[-87.83236,41.83864],[-87.83275,41.83923],[-87.83269,41.83985]]],[[[-87.82892,41.94328],[-87.82529,41.94498],[-87.8242,41.94498],[-87.82416,41.94315],[-87.82892,41.94308],[-87.82892,41.94328]]],[[[-87.82597,41.8507],[-87.82327,41.8521],[-87.8232,41.85021],[-87.82686,41.85009],[-87.82597,41.8507]]],[[[-87.82712,41.84983],[-87.82331,41.84986],[-87.82329,41.8482],[-87.82745,41.84942],[-87.82712,41.84983]]],[[[-87.83524,41.92296],[-87.83357,41.92297],[-87.83332,41.92278],[-87.83273,41.92149],[-87.83165,41.91703],[-87.83125,41.9164],[-87.83065,41.91599],[-87.83013,41.91583],[-87.82658,41.91577],[-87.82616,41.91565],[-87.82572,41.9153],[-87.82558,41.91495],[-87.82544,41.91188],[-87.82427,41.90958],[-87.82427,41.90871],[-87.83467,41.90854],[-87.83482,41.90866],[-87.83539,41.92283],[-87.83524,41.92296]]],[[[-87.82996,41.90578],[-87.82894,41.90607],[-87.829,41.90837],[-87.82423,41.9084],[-87.82439,41.90778],[-87.82508,41.90704],[-87.82523,41.9067],[-87.82518,41.90366],[-87.82605,41.90161],[-87.82602,41.8998],[-87.8326,41.90468],[-87.82996,41.90578]]],[[[-87.82405,41.78458],[-87.82375,41.78443],[-87.82328,41.78488],[-87.82282,41.7846],[-87.82455,41.78263],[-87.82558,41.78293],[-87.82405,41.78458]]],[[[-87.82597,41.77268],[-87.82465,41.77229],[-87.8247,41.77202],[-87.82426,41.77129],[-87.82455,41.77124],[-87.82502,41.77166],[-87.82544,41.77166],[-87.82576,41.77155],[-87.82604,41.77123],[-87.82583,41.77073],[-87.82549,41.77045],[-87.82527,41.77046],[-87.82511,41.7707],[-87.82433,41.77081],[-87.82379,41.77107],[-87.82266,41.7706],[-87.82282,41.77032],[-87.82674,41.77031],[-87.82687,41.77273],[-87.82597,41.77268]]],[[[-87.82235,41.66742],[-87.82203,41.66743],[-87.82993,41.65942],[-87.83005,41.65964],[-87.82235,41.66742]]],[[[-87.83082,41.92006],[-87.83084,41.91975],[-87.83132,41.9194],[-87.83165,41.91957],[-87.83178,41.91952],[-87.83181,41.91928],[-87.83168,41.91913],[-87.83178,41.91878],[-87.83155,41.91755],[-87.83107,41.91681],[-87.83053,41.9168],[-87.83042,41.9173],[-87.83025,41.91745],[-87.82969,41.91754],[-87.82937,41.91736],[-87.82981,41.91716],[-87.82974,41.91687],[-87.82989,41.91668],[-87.83037,41.91654],[-87.83035,41.9164],[-87.82992,41.91634],[-87.82949,41.91602],[-87.82807,41.91605],[-87.82744,41.91594],[-87.82596,41.91601],[-87.82579,41.91587],[-87.8295,41.91583],[-87.83034,41.91596],[-87.83078,41.91615],[-87.83151,41.91695],[-87.83225,41.91996],[-87.83082,41.92006]]],[[[-87.83025,41.89388],[-87.82581,41.89375],[-87.82572,41.89178],[-87.82646,41.8917],[-87.82748,41.89069],[-87.82827,41.8904],[-87.83093,41.88869],[-87.8309,41.88805],[-87.83168,41.88806],[-87.83238,41.88832],[-87.83183,41.88873],[-87.82955,41.88994],[-87.82951,41.89033],[-87.82985,41.89096],[-87.8299,41.8915],[-87.82964,41.89247],[-87.83002,41.89291],[-87.83034,41.89292],[-87.83093,41.89262],[-87.83164,41.89271],[-87.83279,41.89327],[-87.83336,41.89369],[-87.83025,41.89388]]],[[[-87.83465,41.90124],[-87.83474,41.90457],[-87.83285,41.9046],[-87.82601,41.89954],[-87.82582,41.8939],[-87.83096,41.89399],[-87.83351,41.89383],[-87.83399,41.89428],[-87.83458,41.89571],[-87.8346,41.89651],[-87.83443,41.89719],[-87.83516,41.89719],[-87.83465,41.90124]]],[[[-87.8261,41.88284],[-87.82596,41.87931],[-87.83048,41.87918],[-87.83054,41.88064],[-87.83112,41.88105],[-87.83119,41.88269],[-87.8261,41.88284]]],[[[-87.83342,41.88674],[-87.8329,41.88763],[-87.82622,41.88681],[-87.8261,41.88299],[-87.8301,41.88289],[-87.83223,41.8842],[-87.8329,41.88484],[-87.83352,41.88602],[-87.83342,41.88674]]],[[[-87.8287,41.82676],[-87.82902,41.83524],[-87.82733,41.83531],[-87.82632,41.83421],[-87.82586,41.83335],[-87.82574,41.83224],[-87.82621,41.83069],[-87.82617,41.82805],[-87.82595,41.8277],[-87.82591,41.82697],[-87.82634,41.82613],[-87.82962,41.82534],[-87.83003,41.82655],[-87.8287,41.82676]]],[[[-87.82578,41.78272],[-87.82562,41.78267],[-87.8252,41.78207],[-87.82526,41.78186],[-87.82755,41.77955],[-87.8293,41.77746],[-87.83062,41.77623],[-87.83091,41.77579],[-87.83118,41.77572],[-87.83128,41.77604],[-87.83172,41.7762],[-87.82578,41.78272]]],[[[-87.82797,41.81575],[-87.82706,41.81594],[-87.82689,41.81559],[-87.82612,41.81572],[-87.82579,41.81497],[-87.82574,41.81334],[-87.82703,41.8133],[-87.82743,41.81354],[-87.82742,41.81389],[-87.82809,41.81412],[-87.82851,41.81445],[-87.82888,41.81576],[-87.82797,41.81575]]],[[[-87.82826,41.77828],[-87.82759,41.77884],[-87.82547,41.78128],[-87.82538,41.78124],[-87.82551,41.78045],[-87.82993,41.7756],[-87.83039,41.77533],[-87.8306,41.77538],[-87.83067,41.77561],[-87.82826,41.77828]]],[[[-87.82773,41.73463],[-87.82766,41.73418],[-87.82536,41.73416],[-87.82528,41.73309],[-87.829,41.73304],[-87.82903,41.73461],[-87.82773,41.73463]]],[[[-87.83178,41.8207],[-87.83185,41.82315],[-87.82989,41.82352],[-87.82904,41.82381],[-87.82952,41.82512],[-87.8265,41.82584],[-87.82676,41.8248],[-87.82744,41.82319],[-87.83175,41.81995],[-87.83224,41.81934],[-87.83232,41.81851],[-87.83377,41.81834],[-87.83414,41.81841],[-87.83556,41.81959],[-87.83613,41.81954],[-87.83698,41.81927],[-87.83744,41.81928],[-87.83747,41.82057],[-87.83178,41.8207]]],[[[-87.83384,41.81815],[-87.83306,41.81828],[-87.83221,41.81826],[-87.83021,41.81701],[-87.82906,41.81656],[-87.8281,41.81635],[-87.82702,41.8165],[-87.82679,41.81622],[-87.8274,41.81601],[-87.82827,41.8159],[-87.83362,41.81619],[-87.8337,41.81688],[-87.83398,41.81688],[-87.83398,41.81626],[-87.83418,41.81626],[-87.83428,41.81825],[-87.83384,41.81815]]],[[[-87.85015,41.84642],[-87.85015,41.84573],[-87.84967,41.84574],[-87.84963,41.84492],[-87.84486,41.84489],[-87.84224,41.84238],[-87.82938,41.84258],[-87.83237,41.84075],[-87.83328,41.83984],[-87.83312,41.83976],[-87.83295,41.83888],[-87.83217,41.83812],[-87.83128,41.83785],[-87.82931,41.83767],[-87.82889,41.8375],[-87.82829,41.83691],[-87.82804,41.83617],[-87.82741,41.83547],[-87.8369,41.83528],[-87.83702,41.83541],[-87.83722,41.83885],[-87.83917,41.83883],[-87.83943,41.83836],[-87.83973,41.83823],[-87.83969,41.83694],[-87.83719,41.83697],[-87.83716,41.8353],[-87.84317,41.83517],[-87.84333,41.83876],[-87.84701,41.83866],[-87.84707,41.84047],[-87.84887,41.84216],[-87.84901,41.84224],[-87.85201,41.84217],[-87.85221,41.84636],[-87.85015,41.84642]]],[[[-87.84174,41.76198],[-87.82767,41.7622],[-87.82704,41.76209],[-87.82734,41.76191],[-87.82786,41.76213],[-87.83786,41.76192],[-87.83777,41.76046],[-87.8382,41.76043],[-87.83846,41.76069],[-87.83816,41.76064],[-87.83816,41.76084],[-87.83787,41.76082],[-87.83793,41.76174],[-87.83834,41.76178],[-87.83846,41.76164],[-87.8391,41.76162],[-87.83918,41.76137],[-87.83937,41.76136],[-87.83954,41.76151],[-87.8403,41.7614],[-87.83971,41.76041],[-87.83994,41.76041],[-87.83977,41.76015],[-87.84003,41.76015],[-87.84012,41.76065],[-87.84042,41.76096],[-87.84085,41.76079],[-87.84083,41.76117],[-87.84134,41.76093],[-87.84085,41.76186],[-87.84173,41.76177],[-87.84187,41.76189],[-87.84174,41.76198]]],[[[-87.832,41.77231],[-87.83162,41.77231],[-87.83138,41.77283],[-87.83108,41.77284],[-87.83104,41.77239],[-87.83069,41.77241],[-87.83043,41.77286],[-87.83005,41.77307],[-87.83013,41.77237],[-87.82957,41.77252],[-87.82851,41.77242],[-87.82882,41.77284],[-87.8284,41.77292],[-87.82846,41.77263],[-87.82817,41.77257],[-87.82801,41.77268],[-87.82779,41.77252],[-87.82762,41.77263],[-87.82737,41.77214],[-87.82734,41.77144],[-87.82761,41.77076],[-87.82829,41.77032],[-87.82893,41.77021],[-87.83079,41.77015],[-87.83172,41.77034],[-87.83236,41.77095],[-87.83244,41.77158],[-87.832,41.77231]]],[[[-87.82622,41.65676],[-87.82619,41.65653],[-87.82592,41.6563],[-87.8264,41.65623],[-87.82632,41.65471],[-87.82754,41.65466],[-87.82755,41.65544],[-87.82694,41.65524],[-87.82673,41.65559],[-87.82686,41.65584],[-87.82761,41.65603],[-87.82781,41.65648],[-87.82816,41.65637],[-87.82859,41.65646],[-87.82893,41.65629],[-87.82997,41.65629],[-87.82999,41.65667],[-87.82622,41.65676]]],[[[-87.83285,41.80286],[-87.82809,41.80301],[-87.82792,41.80283],[-87.82789,41.80223],[-87.82824,41.80222],[-87.82822,41.80162],[-87.83006,41.80096],[-87.83011,41.8022],[-87.83298,41.80217],[-87.83285,41.80286]]],[[[-87.8428,41.835],[-87.82936,41.83525],[-87.82922,41.83474],[-87.829,41.82917],[-87.83199,41.82912],[-87.83202,41.82992],[-87.83447,41.82988],[-87.83457,41.83051],[-87.84088,41.83039],[-87.84185,41.83005],[-87.84178,41.82785],[-87.84279,41.82784],[-87.84314,41.82908],[-87.84298,41.82991],[-87.84265,41.83057],[-87.84208,41.83083],[-87.84134,41.83077],[-87.83976,41.83156],[-87.83955,41.83152],[-87.83984,41.8316],[-87.83999,41.83189],[-87.8412,41.83227],[-87.84196,41.83267],[-87.8421,41.83346],[-87.84302,41.83384],[-87.84324,41.83407],[-87.8428,41.835]]],[[[-87.83228,41.89183],[-87.83245,41.89189],[-87.83247,41.89248],[-87.83141,41.89238],[-87.83036,41.8916],[-87.82987,41.89011],[-87.83021,41.88977],[-87.8328,41.88851],[-87.83349,41.88877],[-87.83362,41.89177],[-87.83228,41.89183]]],[[[-87.82987,41.68014],[-87.82922,41.6801],[-87.82912,41.68],[-87.82885,41.68004],[-87.8286,41.68026],[-87.82866,41.68096],[-87.82899,41.681],[-87.82896,41.68135],[-87.82966,41.6814],[-87.82962,41.68171],[-87.82795,41.68145],[-87.82845,41.68116],[-87.82852,41.68066],[-87.8284,41.68061],[-87.82837,41.68011],[-87.82727,41.68005],[-87.82725,41.67832],[-87.8278,41.6782],[-87.82833,41.67825],[-87.82809,41.67773],[-87.82836,41.67747],[-87.82906,41.67777],[-87.82944,41.67759],[-87.82944,41.67726],[-87.82918,41.67724],[-87.82913,41.67709],[-87.82926,41.67671],[-87.82876,41.67645],[-87.82845,41.67646],[-87.82847,41.67623],[-87.82931,41.67637],[-87.82917,41.67562],[-87.82843,41.67559],[-87.82839,41.67534],[-87.82876,41.67545],[-87.82929,41.67528],[-87.82919,41.67468],[-87.82947,41.67468],[-87.82954,41.67639],[-87.83014,41.67639],[-87.82964,41.67705],[-87.82969,41.67843],[-87.82989,41.67828],[-87.83072,41.67824],[-87.83081,41.68006],[-87.82987,41.68014]]],[[[-87.82992,41.71822],[-87.82985,41.71733],[-87.82852,41.71736],[-87.82853,41.71786],[-87.82793,41.71787],[-87.82785,41.71538],[-87.82821,41.71537],[-87.82819,41.71494],[-87.83229,41.71486],[-87.8324,41.71821],[-87.82992,41.71822]]],[[[-87.83389,41.88652],[-87.83383,41.88579],[-87.83314,41.88464],[-87.83251,41.88406],[-87.83075,41.88287],[-87.83405,41.88281],[-87.83422,41.88651],[-87.83389,41.88652]]],[[[-87.83656,41.9592],[-87.8364,41.95928],[-87.83272,41.95932],[-87.8319,41.9559],[-87.83655,41.95572],[-87.83656,41.9592]]],[[[-87.83253,41.76414],[-87.83216,41.76443],[-87.83171,41.76446],[-87.83132,41.76475],[-87.83023,41.76477],[-87.83,41.76432],[-87.8306,41.76333],[-87.83045,41.76277],[-87.8308,41.76245],[-87.83106,41.76249],[-87.83183,41.76301],[-87.833,41.76295],[-87.8331,41.76393],[-87.83253,41.76414]]],[[[-87.83767,42.01462],[-87.83639,42.01465],[-87.83636,42.01427],[-87.83586,42.01427],[-87.83582,42.01401],[-87.83516,42.01402],[-87.83469,42.01439],[-87.83334,42.01353],[-87.83381,42.01314],[-87.83381,42.01171],[-87.8377,42.0139],[-87.83767,42.01462]]],[[[-87.83261,41.77534],[-87.83229,41.77563],[-87.83217,41.77559],[-87.83216,41.77582],[-87.83138,41.77568],[-87.83113,41.77544],[-87.83092,41.77549],[-87.8305,41.77506],[-87.83398,41.77112],[-87.83569,41.77201],[-87.83261,41.77534]]],[[[-87.83637,41.99783],[-87.83617,41.99837],[-87.83413,41.99764],[-87.83465,41.99662],[-87.83639,41.99659],[-87.83637,41.99783]]],[[[-87.83788,41.88692],[-87.8379,41.88814],[-87.8345,41.88777],[-87.83439,41.88637],[-87.83819,41.8863],[-87.83821,41.8869],[-87.83788,41.88692]]],[[[-87.83943,41.92122],[-87.83886,41.92014],[-87.83891,41.92],[-87.83929,41.91984],[-87.8387,41.91982],[-87.83822,41.91904],[-87.83863,41.91899],[-87.83886,41.91906],[-87.83894,41.91923],[-87.83927,41.91918],[-87.8396,41.91934],[-87.83961,41.91663],[-87.83927,41.91639],[-87.83744,41.91641],[-87.8362,41.91597],[-87.83606,41.91399],[-87.83535,41.91396],[-87.8354,41.91308],[-87.83643,41.91312],[-87.83652,41.91566],[-87.83714,41.9159],[-87.83902,41.91612],[-87.84008,41.91609],[-87.84005,41.91796],[-87.84032,41.92207],[-87.83943,41.92122]]],[[[-87.84564,41.92957],[-87.84415,41.92989],[-87.84332,41.9298],[-87.84345,41.92939],[-87.84293,41.92867],[-87.84289,41.92817],[-87.84132,41.9282],[-87.84132,41.9253],[-87.84064,41.92529],[-87.84055,41.9247],[-87.83938,41.92468],[-87.83925,41.92293],[-87.83561,41.92291],[-87.83547,41.91667],[-87.83791,41.91891],[-87.83973,41.92191],[-87.84219,41.92409],[-87.84343,41.92546],[-87.84492,41.92757],[-87.84585,41.92939],[-87.84564,41.92957]]],[[[-87.83218,41.64305],[-87.83213,41.64119],[-87.83239,41.64119],[-87.83319,41.64164],[-87.83356,41.64133],[-87.83378,41.64148],[-87.83402,41.64187],[-87.83405,41.64299],[-87.83218,41.64305]]],[[[-87.84346,41.93827],[-87.84264,41.93866],[-87.83682,41.94014],[-87.8363,41.93977],[-87.83623,41.93764],[-87.84426,41.93752],[-87.84428,41.93768],[-87.84346,41.93827]]],[[[-87.8548,41.94917],[-87.8537,41.95159],[-87.85363,41.95222],[-87.85387,41.95298],[-87.83699,41.95194],[-87.83637,41.94177],[-87.83639,41.94072],[-87.83653,41.94047],[-87.84288,41.93875],[-87.84507,41.93749],[-87.84952,41.93745],[-87.85121,41.93868],[-87.85181,41.93962],[-87.85205,41.94126],[-87.85277,41.94292],[-87.85298,41.94376],[-87.85497,41.94792],[-87.8548,41.94917]]],[[[-87.85869,41.95714],[-87.85563,41.96228],[-87.85534,41.96311],[-87.85561,41.96345],[-87.8557,41.96429],[-87.85533,41.96499],[-87.85498,41.96513],[-87.85509,41.96531],[-87.85455,41.96606],[-87.84679,41.9663],[-87.84669,41.96619],[-87.84666,41.96209],[-87.84614,41.96093],[-87.84522,41.96006],[-87.84423,41.95955],[-87.84268,41.95919],[-87.83686,41.95921],[-87.83697,41.95221],[-87.85381,41.95311],[-87.85401,41.95315],[-87.8544,41.9536],[-87.85519,41.95411],[-87.85783,41.9552],[-87.8587,41.95643],[-87.85869,41.95714]]],[[[-87.85572,41.70426],[-87.85544,41.70509],[-87.85497,41.70582],[-87.85309,41.70763],[-87.85226,41.70872],[-87.8516,41.71028],[-87.85145,41.71194],[-87.85218,41.73222],[-87.85168,41.73238],[-87.84771,41.73257],[-87.84772,41.73265],[-87.85222,41.73263],[-87.85243,41.73596],[-87.85388,41.73764],[-87.85416,41.7381],[-87.85435,41.73893],[-87.85397,41.74011],[-87.85326,41.74085],[-87.84995,41.74228],[-87.84913,41.74369],[-87.84863,41.74401],[-87.84862,41.74377],[-87.84818,41.74355],[-87.84812,41.74227],[-87.84918,41.74225],[-87.84917,41.74177],[-87.8481,41.74178],[-87.8481,41.74165],[-87.84916,41.74162],[-87.84912,41.74074],[-87.84806,41.74076],[-87.84804,41.74025],[-87.84913,41.74024],[-87.84912,41.73977],[-87.84802,41.73983],[-87.84766,41.73363],[-87.84746,41.73257],[-87.84644,41.70798],[-87.84167,41.70809],[-87.84132,41.69981],[-87.83659,41.69993],[-87.83656,41.6982],[-87.83815,41.69815],[-87.83812,41.69726],[-87.83657,41.69729],[-87.83624,41.69661],[-87.83632,41.69648],[-87.84123,41.69632],[-87.84124,41.69624],[-87.84604,41.69614],[-87.8459,41.69277],[-87.84563,41.69169],[-87.84572,41.68904],[-87.85533,41.68877],[-87.85559,41.69585],[-87.84885,41.69599],[-87.84885,41.69608],[-87.84845,41.69609],[-87.84844,41.696],[-87.8482,41.696],[-87.84819,41.6955],[-87.84747,41.69551],[-87.84748,41.69602],[-87.84604,41.69615],[-87.84631,41.70339],[-87.84655,41.70338],[-87.84644,41.70337],[-87.84625,41.69867],[-87.84651,41.6979],[-87.84709,41.69717],[-87.8477,41.69672],[-87.84862,41.69633],[-87.84944,41.69616],[-87.85529,41.69612],[-87.85556,41.69629],[-87.85586,41.70316],[-87.85572,41.70426]],[[-87.84644,41.70701],[-87.84647,41.70775],[-87.84709,41.70773],[-87.84706,41.70701],[-87.84644,41.70701]]],[[[-87.83819,41.64239],[-87.83845,41.64277],[-87.83784,41.64293],[-87.83663,41.64293],[-87.83652,41.64255],[-87.8361,41.64218],[-87.8365,41.64182],[-87.83654,41.64128],[-87.83695,41.64127],[-87.83735,41.64107],[-87.83831,41.64155],[-87.83899,41.64211],[-87.83819,41.64239]]],[[[-87.8388,41.82305],[-87.83865,41.82064],[-87.83995,41.82059],[-87.84066,41.82141],[-87.84115,41.82253],[-87.8388,41.82305]]],[[[-87.83769,41.72726],[-87.8376,41.72549],[-87.83994,41.72545],[-87.84,41.72722],[-87.83769,41.72726]]],[[[-87.8397,41.82773],[-87.83953,41.82329],[-87.84137,41.82285],[-87.84172,41.82293],[-87.84195,41.82313],[-87.84187,41.82357],[-87.84134,41.82396],[-87.84124,41.82425],[-87.84133,41.82571],[-87.84237,41.82668],[-87.84272,41.82773],[-87.8397,41.82773]]],[[[-87.84068,41.75094],[-87.84018,41.75095],[-87.8402,41.75135],[-87.83993,41.75136],[-87.83964,41.75166],[-87.83879,41.75164],[-87.83873,41.75014],[-87.83951,41.75016],[-87.84007,41.74973],[-87.84025,41.74973],[-87.84032,41.74986],[-87.84068,41.74986],[-87.84068,41.75094]]],[[[-87.84474,41.93289],[-87.84322,41.93266],[-87.84133,41.93216],[-87.8439,41.93001],[-87.84588,41.92971],[-87.84879,41.93305],[-87.84474,41.93289]]],[[[-87.84436,41.835],[-87.84311,41.83499],[-87.84345,41.83432],[-87.8433,41.83387],[-87.84221,41.83332],[-87.84226,41.83281],[-87.84197,41.83247],[-87.84111,41.83204],[-87.84017,41.83176],[-87.84004,41.8316],[-87.84035,41.83136],[-87.84137,41.83098],[-87.84227,41.83095],[-87.84277,41.8307],[-87.84323,41.82994],[-87.84338,41.82939],[-87.84333,41.8285],[-87.84311,41.82782],[-87.84338,41.82781],[-87.84356,41.82955],[-87.84369,41.82956],[-87.84377,41.83327],[-87.84434,41.83332],[-87.84436,41.835]]],[[[-87.84036,41.76679],[-87.84,41.7666],[-87.84005,41.76578],[-87.84181,41.76399],[-87.84261,41.76444],[-87.84036,41.76679]]],[[[-87.8523,41.68627],[-87.85122,41.68616],[-87.85077,41.6865],[-87.84966,41.6864],[-87.84945,41.68659],[-87.84844,41.68663],[-87.84829,41.68682],[-87.84732,41.68678],[-87.84695,41.68663],[-87.84688,41.68683],[-87.84599,41.68713],[-87.84616,41.68614],[-87.84353,41.68599],[-87.84158,41.68613],[-87.84094,41.68599],[-87.83959,41.68614],[-87.83911,41.68638],[-87.83902,41.68566],[-87.83944,41.6847],[-87.85275,41.68592],[-87.8523,41.68627]]],[[[-87.84557,41.99113],[-87.84329,41.99116],[-87.84324,41.98982],[-87.84557,41.98979],[-87.84557,41.99113]]],[[[-87.84946,41.76649],[-87.8485,41.76741],[-87.8464,41.77011],[-87.84407,41.7728],[-87.84318,41.7738],[-87.84237,41.77438],[-87.84486,41.77174],[-87.84928,41.76598],[-87.8499,41.7654],[-87.85055,41.76505],[-87.84946,41.76649]]],[[[-87.84799,42.01061],[-87.84567,42.01072],[-87.84567,42.00716],[-87.84803,42.0071],[-87.84799,42.01061]]],[[[-87.84215,41.72027],[-87.8422,41.71915],[-87.84206,41.7187],[-87.84218,41.71822],[-87.8448,41.71815],[-87.84473,41.7187],[-87.84488,41.71872],[-87.84498,41.72021],[-87.84215,41.72027]]],[[[-87.85506,41.99588],[-87.84632,41.99607],[-87.84636,41.98869],[-87.84667,41.9887],[-87.84766,41.98979],[-87.85413,41.99452],[-87.85482,41.99515],[-87.85522,41.99575],[-87.85506,41.99588]],[[-87.84951,41.99389],[-87.84931,41.99403],[-87.84922,41.99441],[-87.84842,41.99561],[-87.84883,41.99563],[-87.84917,41.99518],[-87.8495,41.99504],[-87.85019,41.9951],[-87.8507,41.99565],[-87.85158,41.99542],[-87.85201,41.99482],[-87.852,41.99452],[-87.85098,41.99399],[-87.85043,41.9941],[-87.84951,41.99389]]],[[[-87.84573,41.81278],[-87.8457,41.81223],[-87.8451,41.81225],[-87.84508,41.812],[-87.8439,41.81208],[-87.84391,41.81109],[-87.8449,41.81106],[-87.84507,41.81093],[-87.84635,41.81099],[-87.84635,41.81069],[-87.84697,41.81069],[-87.84696,41.81035],[-87.84634,41.81036],[-87.84629,41.80922],[-87.84974,41.80915],[-87.8499,41.81263],[-87.84573,41.81278]]],[[[-87.86111,41.97736],[-87.86104,41.97809],[-87.86025,41.97812],[-87.857,41.98067],[-87.85751,41.98324],[-87.85575,41.98335],[-87.85569,41.98314],[-87.84655,41.98333],[-87.84674,41.96654],[-87.85449,41.96625],[-87.85495,41.96789],[-87.85491,41.96851],[-87.85464,41.9693],[-87.85421,41.96992],[-87.85391,41.97105],[-87.85399,41.97155],[-87.8544,41.97211],[-87.85535,41.97266],[-87.85542,41.97283],[-87.8555,41.97268],[-87.85632,41.97254],[-87.85836,41.97155],[-87.85928,41.97155],[-87.8603,41.97201],[-87.86119,41.97263],[-87.86173,41.97336],[-87.86207,41.97336],[-87.86147,41.97243],[-87.86064,41.97182],[-87.85965,41.97132],[-87.85892,41.97122],[-87.85811,41.97134],[-87.85574,41.97243],[-87.8554,41.97243],[-87.85509,41.97232],[-87.85454,41.97184],[-87.85421,41.9713],[-87.85423,41.97068],[-87.85522,41.96873],[-87.8552,41.96775],[-87.85485,41.9666],[-87.85495,41.96633],[-87.85534,41.96623],[-87.8614,41.9661],[-87.86166,41.96925],[-87.8605,41.9693],[-87.86057,41.97113],[-87.86176,41.97113],[-87.8627,41.97587],[-87.86255,41.97732],[-87.86111,41.97736]]],[[[-87.86129,41.99569],[-87.86049,41.99576],[-87.85561,41.99586],[-87.85476,41.99478],[-87.84752,41.98946],[-87.84687,41.98858],[-87.84676,41.988],[-87.85001,41.98846],[-87.85369,41.9887],[-87.85492,41.98888],[-87.85703,41.9896],[-87.85895,41.99073],[-87.85892,41.99086],[-87.85964,41.99172],[-87.85992,41.99174],[-87.86077,41.99362],[-87.86143,41.99559],[-87.86129,41.99569]]],[[[-87.84931,41.98813],[-87.84704,41.98783],[-87.84686,41.98763],[-87.84688,41.98721],[-87.84705,41.98705],[-87.84712,41.98511],[-87.84806,41.98502],[-87.84859,41.98529],[-87.84867,41.98514],[-87.84902,41.98508],[-87.84874,41.98461],[-87.84909,41.98445],[-87.8493,41.98449],[-87.84931,41.98813]]],[[[-87.85278,41.8777],[-87.85274,41.87738],[-87.85251,41.87736],[-87.85245,41.87767],[-87.85138,41.87758],[-87.85142,41.87726],[-87.84684,41.87687],[-87.84686,41.87666],[-87.84622,41.87654],[-87.84624,41.87628],[-87.84825,41.87674],[-87.85342,41.87719],[-87.85351,41.87771],[-87.85278,41.8777]]],[[[-87.85011,41.93715],[-87.8486,41.93723],[-87.84854,41.93714],[-87.8488,41.93704],[-87.84729,41.93499],[-87.84705,41.93437],[-87.84722,41.93333],[-87.84906,41.93344],[-87.84984,41.93536],[-87.84933,41.93537],[-87.84911,41.93483],[-87.84778,41.93539],[-87.84904,41.93697],[-87.85009,41.93674],[-87.85011,41.93715]]],[[[-87.85274,41.75181],[-87.8462,41.75897],[-87.84526,41.75993],[-87.84498,41.75983],[-87.84762,41.75678],[-87.84963,41.75474],[-87.85238,41.75151],[-87.85374,41.75056],[-87.8564,41.74902],[-87.85664,41.74922],[-87.85274,41.75181]]],[[[-87.85537,41.75142],[-87.85242,41.75388],[-87.85088,41.75565],[-87.84619,41.76047],[-87.84539,41.76005],[-87.84739,41.75787],[-87.84767,41.75788],[-87.84762,41.75806],[-87.84802,41.75807],[-87.84871,41.75767],[-87.84899,41.75721],[-87.8488,41.75704],[-87.84862,41.75721],[-87.84832,41.75711],[-87.84842,41.75686],[-87.85325,41.75175],[-87.85595,41.74993],[-87.85577,41.75044],[-87.85712,41.74965],[-87.85735,41.74995],[-87.85537,41.75142]]],[[[-87.86039,41.75336],[-87.8584,41.75169],[-87.85789,41.75156],[-87.85751,41.75165],[-87.856,41.7526],[-87.85471,41.75361],[-87.85261,41.75558],[-87.84995,41.75839],[-87.84923,41.75896],[-87.84935,41.75904],[-87.84655,41.7621],[-87.84638,41.76207],[-87.85361,41.75411],[-87.85646,41.75172],[-87.85821,41.7505],[-87.85825,41.75067],[-87.85797,41.75086],[-87.86056,41.75314],[-87.86039,41.75336]]],[[[-87.8476,41.64458],[-87.84724,41.64507],[-87.84498,41.64506],[-87.84557,41.64428],[-87.84711,41.64293],[-87.84785,41.64381],[-87.8476,41.64458]]],[[[-87.8479,41.85684],[-87.84784,41.85547],[-87.85095,41.85638],[-87.85097,41.85677],[-87.8479,41.85684]]],[[[-87.8484,41.68868],[-87.84571,41.68875],[-87.84592,41.68755],[-87.84655,41.68737],[-87.84679,41.68717],[-87.8483,41.68766],[-87.84833,41.68805],[-87.84858,41.68828],[-87.8484,41.68868]]],[[[-87.85598,41.98647],[-87.8532,41.98652],[-87.85314,41.98704],[-87.85244,41.98707],[-87.85247,41.98769],[-87.85227,41.98779],[-87.85163,41.98781],[-87.85183,41.98701],[-87.85129,41.98656],[-87.85045,41.98655],[-87.85046,41.98472],[-87.85228,41.98516],[-87.85373,41.98533],[-87.85514,41.98533],[-87.85587,41.98562],[-87.85604,41.98543],[-87.8548,41.9852],[-87.85493,41.98503],[-87.85639,41.98526],[-87.85598,41.98647]]],[[[-87.85626,41.95331],[-87.85448,41.95301],[-87.85421,41.95281],[-87.85402,41.95234],[-87.85408,41.95141],[-87.85511,41.9494],[-87.85536,41.94826],[-87.8553,41.94791],[-87.85231,41.94092],[-87.85207,41.93939],[-87.85161,41.93877],[-87.85016,41.93761],[-87.85007,41.93741],[-87.85035,41.93748],[-87.85204,41.93912],[-87.85439,41.94384],[-87.85544,41.94649],[-87.8557,41.9475],[-87.85637,41.95318],[-87.85626,41.95331]]],[[[-87.85452,41.90611],[-87.85289,41.90614],[-87.85282,41.9044],[-87.85451,41.90436],[-87.85452,41.90611]]],[[[-87.86215,41.84633],[-87.86212,41.84556],[-87.85603,41.8457],[-87.85615,41.84925],[-87.85521,41.84927],[-87.85511,41.84921],[-87.85513,41.84742],[-87.85368,41.84745],[-87.8536,41.84653],[-87.85244,41.8463],[-87.85222,41.84226],[-87.85247,41.84215],[-87.86363,41.84186],[-87.86368,41.8439],[-87.86519,41.84387],[-87.8653,41.84626],[-87.86215,41.84633]]],[[[-87.8547,41.67395],[-87.85462,41.67403],[-87.85031,41.67415],[-87.85004,41.66873],[-87.85472,41.66869],[-87.8547,41.67395]]],[[[-87.86763,42.00919],[-87.8656,42.00978],[-87.86561,42.01],[-87.8633,42.01016],[-87.85919,42.01021],[-87.85826,42.00808],[-87.85944,42.00668],[-87.85944,42.00551],[-87.85898,42.0055],[-87.85897,42.00439],[-87.85542,42.00444],[-87.85542,42.00299],[-87.85496,42.00098],[-87.85492,42.00016],[-87.85574,41.99725],[-87.8557,41.9961],[-87.85901,41.99593],[-87.86162,41.99595],[-87.86441,42.00229],[-87.86798,42.00783],[-87.86763,42.00919]]],[[[-87.86128,41.96584],[-87.85517,41.96604],[-87.85509,41.9657],[-87.85577,41.96479],[-87.85589,41.96434],[-87.85575,41.96263],[-87.85668,41.96131],[-87.85676,41.96088],[-87.85888,41.95748],[-87.859,41.95699],[-87.85872,41.95598],[-87.85819,41.95528],[-87.85744,41.95477],[-87.85534,41.9538],[-87.85463,41.95319],[-87.85554,41.95331],[-87.85649,41.95361],[-87.85711,41.95442],[-87.85995,41.9565],[-87.86049,41.95718],[-87.86074,41.95791],[-87.86139,41.96573],[-87.86128,41.96584]]],[[[-87.87531,41.71723],[-87.87286,41.71732],[-87.8522,41.71772],[-87.85205,41.71751],[-87.85189,41.71274],[-87.85196,41.7112],[-87.85219,41.71019],[-87.85326,41.70822],[-87.85534,41.70607],[-87.85587,41.70525],[-87.85615,41.7044],[-87.85607,41.69612],[-87.87088,41.69571],[-87.8741,41.69576],[-87.87499,41.69593],[-87.87571,41.71711],[-87.87531,41.71723]]],[[[-87.88367,41.72518],[-87.88322,41.72483],[-87.88266,41.72513],[-87.8819,41.72531],[-87.88108,41.72617],[-87.88116,41.72767],[-87.88102,41.72789],[-87.88122,41.72824],[-87.87926,41.73034],[-87.87683,41.73202],[-87.87658,41.73204],[-87.87638,41.7319],[-87.85706,41.73236],[-87.85266,41.73236],[-87.85198,41.71799],[-87.85407,41.71784],[-87.87587,41.71731],[-87.87615,41.72462],[-87.87627,41.7246],[-87.87607,41.72093],[-87.87921,41.72086],[-87.88013,41.72166],[-87.88103,41.72221],[-87.88136,41.7231],[-87.88373,41.72511],[-87.88367,41.72518]]],[[[-87.85994,41.7336],[-87.86002,41.73657],[-87.85875,41.73659],[-87.8588,41.73834],[-87.85771,41.73855],[-87.85777,41.74023],[-87.85595,41.74028],[-87.85603,41.74256],[-87.85376,41.74303],[-87.85312,41.74291],[-87.85294,41.74277],[-87.85288,41.74237],[-87.8546,41.73988],[-87.85476,41.73866],[-87.85436,41.73763],[-87.85308,41.73601],[-87.85289,41.73549],[-87.85259,41.73258],[-87.86278,41.73233],[-87.86281,41.73355],[-87.85994,41.7336]]],[[[-87.85791,42.0116],[-87.85762,42.01137],[-87.85737,42.01157],[-87.85633,42.0116],[-87.85631,42.01063],[-87.85882,42.01055],[-87.85936,42.01157],[-87.85791,42.0116]]],[[[-87.85868,42.01028],[-87.85631,42.01035],[-87.85629,42.0081],[-87.85804,42.00808],[-87.85884,42.01014],[-87.85868,42.01028]]],[[[-87.85772,41.7737],[-87.85767,41.77288],[-87.85334,41.77294],[-87.85333,41.77206],[-87.85798,41.77196],[-87.85815,41.77369],[-87.85772,41.7737]]],[[[-87.86179,42.01742],[-87.86025,42.01746],[-87.86023,42.01686],[-87.85821,42.01691],[-87.85819,42.01656],[-87.85741,42.01612],[-87.85741,42.01531],[-87.85914,42.01527],[-87.85916,42.01555],[-87.86089,42.0155],[-87.86093,42.01646],[-87.86136,42.01646],[-87.86181,42.01686],[-87.86179,42.01742]]],[[[-87.88796,41.64434],[-87.87506,41.64449],[-87.87509,41.64596],[-87.87327,41.646],[-87.87352,41.6517],[-87.87341,41.65182],[-87.85896,41.65211],[-87.85878,41.64628],[-87.85407,41.64333],[-87.85409,41.64012],[-87.88301,41.64009],[-87.88307,41.64141],[-87.88784,41.64132],[-87.88787,41.64256],[-87.88717,41.64257],[-87.88719,41.64345],[-87.88795,41.64345],[-87.88796,41.64434]]],[[[-87.86797,42.0131],[-87.86773,42.01444],[-87.86652,42.017],[-87.86662,42.01703],[-87.86563,42.01879],[-87.86525,42.02011],[-87.86504,42.02011],[-87.86505,42.01814],[-87.86474,42.01725],[-87.86056,42.01292],[-87.85968,42.01156],[-87.85928,42.0106],[-87.85936,42.01047],[-87.86612,42.01022],[-87.86615,42.01119],[-87.86658,42.01157],[-87.86703,42.01171],[-87.86799,42.01171],[-87.86797,42.0131]]],[[[-87.87908,41.73484],[-87.87816,41.73517],[-87.87659,41.73625],[-87.86033,41.74777],[-87.85996,41.74738],[-87.86021,41.74706],[-87.85982,41.74697],[-87.85684,41.74887],[-87.85625,41.74835],[-87.87583,41.73583],[-87.87694,41.73499],[-87.87877,41.7333],[-87.87937,41.73376],[-87.87921,41.73392],[-87.87978,41.73435],[-87.87908,41.73484]]],[[[-87.86227,41.75415],[-87.85854,41.75721],[-87.86034,41.75794],[-87.85906,41.76025],[-87.85649,41.75907],[-87.85813,41.75706],[-87.86182,41.75355],[-87.86228,41.75398],[-87.86227,41.75415]]],[[[-87.87301,41.69546],[-87.85804,41.69582],[-87.85598,41.69571],[-87.85569,41.68627],[-87.87478,41.68817],[-87.87499,41.69558],[-87.87301,41.69546]]],[[[-87.86319,41.77603],[-87.86311,41.7742],[-87.85833,41.77426],[-87.8582,41.76895],[-87.86753,41.76869],[-87.86764,41.76883],[-87.86787,41.77588],[-87.86319,41.77603]]],[[[-87.86035,41.80515],[-87.85956,41.80458],[-87.85942,41.80167],[-87.86238,41.80165],[-87.86252,41.80516],[-87.86035,41.80515]]],[[[-87.86359,41.99071],[-87.86359,41.9904],[-87.86212,41.98987],[-87.86391,41.98942],[-87.86463,41.9891],[-87.86553,41.98975],[-87.86624,41.99067],[-87.86359,41.99071]]],[[[-87.87216,41.74109],[-87.8719,41.74102],[-87.86155,41.74842],[-87.86131,41.74833],[-87.87214,41.74061],[-87.87234,41.74058],[-87.87256,41.7409],[-87.87216,41.74109]]],[[[-87.86277,41.75369],[-87.86268,41.7537],[-87.86217,41.75327],[-87.86451,41.75101],[-87.86515,41.75132],[-87.86277,41.75369]]],[[[-87.86621,42.02011],[-87.86635,42.0192],[-87.8668,42.01822],[-87.86671,42.01815],[-87.86703,42.01751],[-87.86728,42.01738],[-87.86846,42.01492],[-87.86876,42.01393],[-87.86891,42.01264],[-87.86976,42.01274],[-87.8709,42.01233],[-87.87449,42.01794],[-87.87503,42.0201],[-87.86621,42.02011]]],[[[-87.86611,41.81988],[-87.86611,41.82],[-87.86564,41.82002],[-87.86549,41.82014],[-87.86552,41.82144],[-87.86571,41.82169],[-87.86479,41.82173],[-87.86471,41.81992],[-87.86482,41.81991],[-87.86462,41.81782],[-87.86514,41.81755],[-87.86667,41.81711],[-87.86756,41.81756],[-87.86762,41.81983],[-87.86611,41.81988]]],[[[-87.86549,41.78416],[-87.86544,41.78504],[-87.86436,41.78506],[-87.86427,41.78331],[-87.86671,41.78332],[-87.86674,41.78405],[-87.86549,41.78416]]],[[[-87.88011,41.84783],[-87.87938,41.84806],[-87.87794,41.84809],[-87.87674,41.84716],[-87.87586,41.84589],[-87.87539,41.84561],[-87.87467,41.84548],[-87.87295,41.84589],[-87.87254,41.84604],[-87.87197,41.84647],[-87.87138,41.84659],[-87.87083,41.84606],[-87.87014,41.84615],[-87.86986,41.84576],[-87.86929,41.84556],[-87.86681,41.84532],[-87.86562,41.84547],[-87.86552,41.844],[-87.86688,41.84397],[-87.86692,41.84445],[-87.87178,41.84434],[-87.87172,41.84299],[-87.87814,41.8428],[-87.87885,41.84469],[-87.88045,41.84752],[-87.88011,41.84783]]],[[[-87.87681,41.84865],[-87.87676,41.84779],[-87.87582,41.84782],[-87.87587,41.84868],[-87.86574,41.84898],[-87.86563,41.84573],[-87.86569,41.84563],[-87.86638,41.84555],[-87.86926,41.84574],[-87.86948,41.84581],[-87.87014,41.84645],[-87.87077,41.84629],[-87.87113,41.84663],[-87.87175,41.84676],[-87.87232,41.8466],[-87.87276,41.84618],[-87.87453,41.84572],[-87.87506,41.84574],[-87.87546,41.84588],[-87.87582,41.84625],[-87.876,41.84679],[-87.87785,41.84827],[-87.87843,41.84835],[-87.87976,41.84827],[-87.88064,41.84783],[-87.88092,41.84845],[-87.87681,41.84865]]],[[[-87.87649,41.74052],[-87.87444,41.74261],[-87.87266,41.74408],[-87.87208,41.74472],[-87.87221,41.74479],[-87.86632,41.75047],[-87.86552,41.75009],[-87.86821,41.74758],[-87.8702,41.74551],[-87.87314,41.74285],[-87.87359,41.74247],[-87.874,41.74254],[-87.87429,41.74233],[-87.87464,41.74157],[-87.87781,41.73863],[-87.8779,41.73938],[-87.87649,41.74052]]],[[[-87.86921,41.8833],[-87.86912,41.88199],[-87.87327,41.88195],[-87.87335,41.8832],[-87.86921,41.8833]]],[[[-87.87716,41.7684],[-87.87755,41.77425],[-87.87667,41.77463],[-87.87662,41.77392],[-87.87645,41.77368],[-87.87185,41.7758],[-87.86815,41.77587],[-87.86776,41.76628],[-87.86781,41.76424],[-87.86802,41.76386],[-87.86947,41.763],[-87.87018,41.76194],[-87.87075,41.76168],[-87.87359,41.76123],[-87.88107,41.76098],[-87.88124,41.76833],[-87.87716,41.7684]]],[[[-87.87187,41.88992],[-87.87187,41.89049],[-87.87145,41.89027],[-87.87083,41.89047],[-87.871,41.89074],[-87.8716,41.89085],[-87.87161,41.89113],[-87.87085,41.89122],[-87.87017,41.89105],[-87.87004,41.89049],[-87.86962,41.89049],[-87.86946,41.89026],[-87.87024,41.89024],[-87.871,41.88954],[-87.87077,41.88787],[-87.87048,41.88726],[-87.87071,41.88723],[-87.87111,41.88756],[-87.8712,41.88916],[-87.87132,41.88932],[-87.87316,41.88927],[-87.87317,41.8898],[-87.87187,41.88992]]],[[[-87.87963,41.89704],[-87.87923,41.89709],[-87.87834,41.89696],[-87.87817,41.89519],[-87.87762,41.89517],[-87.87536,41.89554],[-87.87489,41.89548],[-87.87491,41.89532],[-87.87408,41.8953],[-87.8739,41.89498],[-87.87221,41.89477],[-87.87133,41.89488],[-87.87028,41.89536],[-87.8703,41.89508],[-87.8717,41.89457],[-87.87385,41.89481],[-87.87385,41.89465],[-87.87286,41.89421],[-87.87302,41.89401],[-87.87283,41.89377],[-87.87299,41.89365],[-87.87263,41.89313],[-87.8716,41.89316],[-87.87112,41.89256],[-87.87073,41.89242],[-87.87048,41.89212],[-87.87052,41.89175],[-87.87005,41.89169],[-87.86996,41.89158],[-87.87147,41.89149],[-87.87129,41.89163],[-87.87084,41.89165],[-87.8708,41.89208],[-87.87188,41.89252],[-87.87217,41.89249],[-87.87312,41.89307],[-87.8734,41.89369],[-87.87405,41.89444],[-87.87417,41.895],[-87.87435,41.89507],[-87.87591,41.8951],[-87.87799,41.89481],[-87.87862,41.89484],[-87.87871,41.89667],[-87.87969,41.89685],[-87.87963,41.89704]]],[[[-87.87076,41.82414],[-87.87107,41.82457],[-87.87105,41.82514],[-87.86921,41.82518],[-87.86913,41.8235],[-87.87097,41.82341],[-87.87136,41.82392],[-87.87076,41.82414]]],[[[-87.86899,41.73983],[-87.86823,41.73896],[-87.8694,41.73837],[-87.86874,41.73765],[-87.86926,41.7374],[-87.8705,41.73884],[-87.86899,41.73983]]],[[[-87.87715,41.99872],[-87.87486,41.99906],[-87.87479,41.99677],[-87.87562,41.99753],[-87.87716,41.99857],[-87.87715,41.99872]]],[[[-87.87555,41.95315],[-87.87554,41.95294],[-87.87517,41.95295],[-87.87522,41.95154],[-87.87477,41.95111],[-87.8749,41.95093],[-87.87479,41.95073],[-87.87486,41.95022],[-87.87581,41.95021],[-87.87586,41.95315],[-87.87555,41.95315]]],[[[-87.87486,41.92447],[-87.87475,41.92223],[-87.87763,41.9222],[-87.8777,41.92441],[-87.87486,41.92447]]],[[[-87.88513,41.8339],[-87.8851,41.83337],[-87.88426,41.83339],[-87.88426,41.83393],[-87.87443,41.83417],[-87.87427,41.83407],[-87.87402,41.83322],[-87.87359,41.83098],[-87.87462,41.83096],[-87.87461,41.83063],[-87.87613,41.83061],[-87.87621,41.83194],[-87.88108,41.83186],[-87.88102,41.83045],[-87.88042,41.83041],[-87.88038,41.82953],[-87.88093,41.82952],[-87.88089,41.82838],[-87.88146,41.82789],[-87.88137,41.82683],[-87.88366,41.82678],[-87.88366,41.8255],[-87.88561,41.82452],[-87.88558,41.82368],[-87.88653,41.82349],[-87.887,41.82296],[-87.88809,41.82292],[-87.88808,41.82314],[-87.8883,41.82327],[-87.88902,41.82311],[-87.88903,41.82284],[-87.88925,41.82275],[-87.88986,41.82295],[-87.8903,41.82238],[-87.89026,41.82101],[-87.8895,41.81977],[-87.89426,41.82017],[-87.89893,41.82076],[-87.89906,41.82165],[-87.9,41.82437],[-87.90047,41.83346],[-87.88513,41.8339]],[[-87.88625,41.82465],[-87.88617,41.82516],[-87.88642,41.82529],[-87.8866,41.82495],[-87.88643,41.82489],[-87.88647,41.82473],[-87.88625,41.82465]]],[[[-87.87658,41.94643],[-87.87658,41.94675],[-87.87635,41.94675],[-87.87632,41.94605],[-87.87573,41.94606],[-87.87572,41.94583],[-87.87631,41.94581],[-87.87629,41.94518],[-87.87568,41.94518],[-87.87567,41.94492],[-87.87626,41.94491],[-87.87623,41.94425],[-87.87564,41.94425],[-87.87562,41.94389],[-87.87794,41.94384],[-87.87797,41.94453],[-87.87745,41.94454],[-87.87746,41.94485],[-87.87799,41.94485],[-87.878,41.94512],[-87.87743,41.94514],[-87.87746,41.94578],[-87.87802,41.94578],[-87.87805,41.9464],[-87.87658,41.94643]]],[[[-87.88384,41.83951],[-87.88304,41.84162],[-87.88271,41.84158],[-87.88146,41.84245],[-87.88148,41.84317],[-87.8821,41.84316],[-87.88226,41.84811],[-87.88176,41.84812],[-87.88179,41.84849],[-87.88131,41.84845],[-87.87903,41.84449],[-87.87812,41.84226],[-87.87588,41.83778],[-87.87445,41.83435],[-87.88585,41.83403],[-87.88616,41.83934],[-87.88384,41.83951]]],[[[-87.87487,41.783],[-87.87472,41.77944],[-87.8761,41.77941],[-87.87625,41.78297],[-87.87487,41.783]]],[[[-87.88168,41.95922],[-87.88126,41.95906],[-87.88091,41.9591],[-87.88087,41.95988],[-87.87889,41.96153],[-87.87808,41.96245],[-87.87757,41.96259],[-87.87781,41.96121],[-87.87838,41.9601],[-87.87953,41.95851],[-87.87979,41.95837],[-87.88206,41.95901],[-87.88168,41.95922]]],[[[-87.87537,41.76047],[-87.87527,41.75756],[-87.87986,41.75745],[-87.88159,41.75798],[-87.88191,41.75824],[-87.88204,41.76029],[-87.87537,41.76047]]],[[[-87.88031,41.85029],[-87.88056,41.85054],[-87.87938,41.85147],[-87.87867,41.85231],[-87.87715,41.85234],[-87.87711,41.85179],[-87.87764,41.85176],[-87.87759,41.85023],[-87.8783,41.84975],[-87.87947,41.84996],[-87.88064,41.84993],[-87.88065,41.85006],[-87.88031,41.85029]]],[[[-87.93613,41.69796],[-87.9362,41.6974],[-87.93337,41.69718],[-87.93336,41.6976],[-87.93116,41.69766],[-87.92102,41.69632],[-87.91743,41.6961],[-87.9152,41.6962],[-87.90007,41.69777],[-87.89847,41.69784],[-87.88494,41.69727],[-87.88018,41.6968],[-87.87531,41.69558],[-87.87495,41.68815],[-87.93043,41.69626],[-87.93636,41.69663],[-87.93657,41.69787],[-87.93613,41.69796]]],[[[-87.93378,41.69978],[-87.93379,41.69825],[-87.93101,41.6983],[-87.93101,41.69882],[-87.93042,41.69884],[-87.93039,41.69948],[-87.93311,41.69948],[-87.9331,41.7001],[-87.92571,41.70355],[-87.92081,41.70679],[-87.91348,41.71204],[-87.91204,41.71275],[-87.90747,41.71432],[-87.89893,41.71643],[-87.89795,41.71636],[-87.89747,41.71617],[-87.89659,41.71518],[-87.89609,41.71491],[-87.89545,41.7148],[-87.89477,41.7149],[-87.89331,41.7159],[-87.89031,41.71654],[-87.88954,41.71703],[-87.88878,41.71728],[-87.88795,41.71729],[-87.88631,41.71704],[-87.87606,41.71716],[-87.8757,41.71005],[-87.87533,41.69626],[-87.87547,41.6961],[-87.87921,41.69689],[-87.8831,41.69734],[-87.89706,41.69801],[-87.89913,41.698],[-87.91464,41.69643],[-87.91802,41.69629],[-87.92191,41.69663],[-87.93115,41.69776],[-87.93367,41.6977],[-87.93592,41.69803],[-87.93599,41.69821],[-87.93378,41.69978]]],[[[-87.87941,41.86566],[-87.87955,41.86877],[-87.87846,41.8688],[-87.87828,41.86446],[-87.8792,41.86472],[-87.87922,41.86455],[-87.8799,41.86476],[-87.87995,41.86563],[-87.87941,41.86566]]],[[[-87.88225,41.95863],[-87.88189,41.95849],[-87.88178,41.95864],[-87.88024,41.95828],[-87.88006,41.95785],[-87.88032,41.9575],[-87.88062,41.95759],[-87.88164,41.95712],[-87.8836,41.95763],[-87.88225,41.95863]]],[[[-87.9142,41.71408],[-87.91418,41.71382],[-87.90893,41.71633],[-87.89522,41.72087],[-87.89365,41.72141],[-87.89247,41.72196],[-87.89119,41.72286],[-87.88603,41.72745],[-87.87954,41.73364],[-87.87892,41.73316],[-87.88367,41.72868],[-87.88358,41.72862],[-87.8837,41.72865],[-87.89033,41.72252],[-87.89227,41.72122],[-87.89519,41.72006],[-87.90961,41.71534],[-87.91418,41.71306],[-87.9142,41.7132],[-87.91804,41.71121],[-87.91796,41.71111],[-87.93239,41.70362],[-87.93255,41.70372],[-87.93662,41.70166],[-87.9382,41.70163],[-87.9142,41.71408]]],[[[-87.90115,41.72105],[-87.90044,41.72131],[-87.90006,41.72128],[-87.89819,41.72241],[-87.89839,41.72245],[-87.89996,41.72155],[-87.90031,41.72158],[-87.90026,41.72191],[-87.89051,41.72691],[-87.88039,41.73392],[-87.88001,41.73385],[-87.88062,41.73329],[-87.88027,41.73306],[-87.88303,41.73066],[-87.88451,41.72997],[-87.88475,41.72952],[-87.88508,41.72925],[-87.88491,41.72908],[-87.88522,41.7285],[-87.88619,41.72747],[-87.88693,41.72717],[-87.88627,41.72772],[-87.88645,41.72793],[-87.88684,41.72803],[-87.88676,41.72782],[-87.88712,41.72771],[-87.88693,41.72748],[-87.88854,41.72543],[-87.89192,41.72243],[-87.89322,41.72175],[-87.89909,41.71985],[-87.8997,41.7195],[-87.90044,41.71938],[-87.90141,41.72076],[-87.90115,41.72105]],[[-87.89806,41.72077],[-87.89723,41.72118],[-87.8967,41.72114],[-87.8957,41.72144],[-87.89516,41.72178],[-87.89488,41.7223],[-87.89416,41.7227],[-87.89368,41.72284],[-87.89348,41.72306],[-87.8929,41.72295],[-87.89271,41.72316],[-87.89332,41.72349],[-87.89307,41.72374],[-87.89239,41.72379],[-87.89236,41.72409],[-87.89196,41.72409],[-87.89182,41.72442],[-87.88911,41.72534],[-87.88912,41.72564],[-87.88857,41.72633],[-87.88782,41.72674],[-87.88763,41.72711],[-87.88768,41.72747],[-87.88794,41.72755],[-87.88833,41.72744],[-87.88839,41.72683],[-87.88926,41.72635],[-87.88995,41.72531],[-87.89054,41.72508],[-87.89163,41.72501],[-87.89233,41.72471],[-87.89233,41.72507],[-87.89118,41.72571],[-87.89064,41.72647],[-87.89598,41.72343],[-87.89594,41.72327],[-87.89691,41.72238],[-87.89801,41.7218],[-87.8979,41.72117],[-87.89806,41.72077]]],[[[-87.88624,41.75236],[-87.88608,41.75245],[-87.88561,41.75233],[-87.88506,41.75248],[-87.88494,41.75223],[-87.88533,41.75204],[-87.88517,41.75197],[-87.88473,41.7521],[-87.88427,41.75254],[-87.88437,41.75265],[-87.88455,41.75259],[-87.88466,41.75292],[-87.88494,41.75306],[-87.88496,41.75329],[-87.8806,41.75338],[-87.8805,41.75329],[-87.88083,41.75275],[-87.88141,41.75285],[-87.88188,41.75254],[-87.88206,41.752],[-87.88259,41.75195],[-87.8835,41.75255],[-87.88371,41.75242],[-87.8836,41.7523],[-87.88416,41.75202],[-87.88456,41.75213],[-87.885,41.75189],[-87.88624,41.75178],[-87.88624,41.75236]]],[[[-87.93976,41.70395],[-87.93915,41.70436],[-87.93868,41.70448],[-87.93848,41.70477],[-87.93804,41.70478],[-87.9376,41.70509],[-87.93656,41.7055],[-87.9353,41.70646],[-87.93517,41.7069],[-87.93489,41.70703],[-87.93608,41.7065],[-87.93802,41.70529],[-87.93932,41.70474],[-87.94,41.70431],[-87.94,41.70484],[-87.93278,41.70831],[-87.93277,41.70844],[-87.93389,41.70811],[-87.93355,41.70833],[-87.93112,41.70928],[-87.92964,41.71009],[-87.92928,41.71017],[-87.92877,41.70969],[-87.931,41.70901],[-87.93469,41.70711],[-87.93558,41.70553],[-87.93637,41.70503],[-87.93656,41.70467],[-87.93528,41.70486],[-87.9352,41.70508],[-87.934,41.70569],[-87.9331,41.706],[-87.93229,41.70646],[-87.93203,41.70648],[-87.92858,41.70839],[-87.92622,41.7094],[-87.92515,41.7101],[-87.91245,41.71658],[-87.9123,41.71682],[-87.91257,41.71691],[-87.91251,41.71714],[-87.91016,41.71844],[-87.90893,41.71892],[-87.9063,41.72026],[-87.90533,41.72049],[-87.90523,41.72077],[-87.90417,41.72148],[-87.89355,41.72668],[-87.89046,41.72843],[-87.88908,41.72931],[-87.88879,41.73007],[-87.88858,41.73025],[-87.88711,41.73103],[-87.88549,41.73209],[-87.88304,41.73403],[-87.88143,41.73513],[-87.88048,41.73448],[-87.8904,41.7276],[-87.89448,41.7254],[-87.91346,41.7157],[-87.93996,41.70229],[-87.94,41.70394],[-87.93976,41.70395]]],[[[-87.88693,42.01646],[-87.88679,42.01696],[-87.88643,42.01696],[-87.88638,42.01876],[-87.88454,42.01875],[-87.88447,42.01604],[-87.88755,42.01597],[-87.88763,42.01638],[-87.88693,42.01646]]],[[[-87.88587,41.75448],[-87.88589,41.75495],[-87.88556,41.75494],[-87.88553,41.75524],[-87.88498,41.75529],[-87.885,41.7549],[-87.88522,41.75487],[-87.88516,41.7541],[-87.88449,41.7541],[-87.88439,41.75376],[-87.88398,41.75377],[-87.88381,41.75398],[-87.88382,41.75458],[-87.88359,41.75459],[-87.88328,41.75456],[-87.88328,41.75445],[-87.88361,41.75436],[-87.88357,41.75412],[-87.88326,41.75413],[-87.88305,41.75386],[-87.88286,41.75391],[-87.88303,41.7545],[-87.88281,41.75493],[-87.88249,41.7551],[-87.8827,41.75532],[-87.88318,41.75529],[-87.88282,41.7555],[-87.88267,41.75648],[-87.88191,41.7564],[-87.88189,41.75617],[-87.88201,41.75633],[-87.88248,41.75626],[-87.88232,41.75578],[-87.88193,41.75574],[-87.88174,41.75553],[-87.88166,41.75372],[-87.88525,41.75366],[-87.88529,41.75404],[-87.88656,41.75405],[-87.88659,41.7546],[-87.88587,41.75448]]],[[[-87.93143,41.71204],[-87.93103,41.71272],[-87.93079,41.71284],[-87.93047,41.7136],[-87.92925,41.71414],[-87.92927,41.71442],[-87.92982,41.71503],[-87.92226,41.71846],[-87.91923,41.71938],[-87.91794,41.71966],[-87.91439,41.72012],[-87.91046,41.72042],[-87.90785,41.72095],[-87.90544,41.72174],[-87.90374,41.72269],[-87.89524,41.72809],[-87.89537,41.73156],[-87.8896,41.73167],[-87.88384,41.73562],[-87.8827,41.7362],[-87.88202,41.73564],[-87.88551,41.73271],[-87.88682,41.7318],[-87.88785,41.73121],[-87.88837,41.73132],[-87.88877,41.73118],[-87.88942,41.72991],[-87.89006,41.72938],[-87.89329,41.72742],[-87.89825,41.72495],[-87.90278,41.72291],[-87.90425,41.72216],[-87.90446,41.72186],[-87.90501,41.72181],[-87.90526,41.72147],[-87.90748,41.72052],[-87.91228,41.71805],[-87.91293,41.71761],[-87.91507,41.71686],[-87.91583,41.71677],[-87.91677,41.71642],[-87.91768,41.7165],[-87.91814,41.71688],[-87.91893,41.71663],[-87.91995,41.71677],[-87.92143,41.71648],[-87.9226,41.71568],[-87.92493,41.71338],[-87.92582,41.71295],[-87.92625,41.71294],[-87.92647,41.71315],[-87.92698,41.71311],[-87.92763,41.71275],[-87.92822,41.712],[-87.92985,41.71074],[-87.93089,41.71019],[-87.93199,41.70989],[-87.93219,41.71201],[-87.93143,41.71204]],[[-87.91117,41.71908],[-87.91105,41.71931],[-87.91149,41.71941],[-87.9123,41.71927],[-87.91295,41.7188],[-87.91286,41.71868],[-87.91209,41.71899],[-87.91117,41.71908]],[[-87.91429,41.71761],[-87.914,41.71763],[-87.91385,41.71779],[-87.91393,41.71792],[-87.91429,41.71794],[-87.91429,41.71761]]],[[[-87.89673,41.71711],[-87.89207,41.71869],[-87.88572,41.7232],[-87.88416,41.72216],[-87.88418,41.72139],[-87.88395,41.72105],[-87.88474,41.72039],[-87.88441,41.71997],[-87.8839,41.72013],[-87.88309,41.71995],[-87.88189,41.718],[-87.88186,41.71728],[-87.88571,41.71726],[-87.88835,41.71758],[-87.88897,41.71752],[-87.89123,41.71644],[-87.89362,41.71597],[-87.89444,41.71526],[-87.89508,41.71503],[-87.89615,41.71523],[-87.8967,41.71571],[-87.89701,41.71622],[-87.89673,41.71711]]],[[[-87.88794,41.79518],[-87.88529,41.79525],[-87.88504,41.79517],[-87.88584,41.79505],[-87.88579,41.79464],[-87.88548,41.79489],[-87.88544,41.79509],[-87.88521,41.79511],[-87.88537,41.79498],[-87.88522,41.79477],[-87.88389,41.79485],[-87.88376,41.79504],[-87.88419,41.79514],[-87.88369,41.79511],[-87.88363,41.79467],[-87.88527,41.79458],[-87.88531,41.7944],[-87.88487,41.79435],[-87.88501,41.79415],[-87.88497,41.79387],[-87.88395,41.79387],[-87.88406,41.79422],[-87.88474,41.79436],[-87.88382,41.79437],[-87.88373,41.79375],[-87.88621,41.79375],[-87.88629,41.79333],[-87.88632,41.79394],[-87.88596,41.79387],[-87.886,41.79454],[-87.88617,41.79465],[-87.88618,41.79486],[-87.88597,41.79485],[-87.88598,41.79508],[-87.88629,41.79503],[-87.88635,41.79459],[-87.88637,41.79511],[-87.88666,41.79509],[-87.88649,41.79458],[-87.88677,41.7947],[-87.88684,41.79508],[-87.88712,41.79517],[-87.88729,41.79489],[-87.88754,41.79504],[-87.88762,41.79478],[-87.88823,41.79466],[-87.88824,41.79486],[-87.88794,41.79518]]],[[[-87.88508,41.81201],[-87.88497,41.81039],[-87.88896,41.8103],[-87.889,41.81112],[-87.88508,41.81201]]],[[[-87.88632,41.80195],[-87.88624,41.80013],[-87.88851,41.80006],[-87.88859,41.80192],[-87.88632,41.80195]]],[[[-87.9358,41.69935],[-87.93208,41.70359],[-87.90969,41.71511],[-87.90681,41.71613],[-87.89351,41.72039],[-87.8906,41.72173],[-87.88596,41.7261],[-87.88587,41.72461],[-87.88623,41.72404],[-87.88569,41.72366],[-87.89013,41.72036],[-87.89258,41.7188],[-87.89803,41.71697],[-87.90736,41.71465],[-87.9095,41.71402],[-87.91142,41.71329],[-87.9136,41.71223],[-87.9158,41.71078],[-87.91887,41.70847],[-87.92535,41.70403],[-87.93322,41.70027],[-87.93616,41.69831],[-87.93638,41.69891],[-87.9358,41.69935]]],[[[-87.89231,41.74257],[-87.89105,41.7426],[-87.8912,41.74625],[-87.88654,41.7463],[-87.88633,41.74269],[-87.88792,41.74261],[-87.88797,41.74233],[-87.88758,41.74231],[-87.88728,41.74181],[-87.88685,41.74159],[-87.88669,41.74159],[-87.88674,41.74176],[-87.88632,41.74174],[-87.8862,41.73953],[-87.88651,41.73926],[-87.88667,41.73921],[-87.88657,41.73929],[-87.88681,41.7395],[-87.88671,41.74005],[-87.88681,41.74027],[-87.88668,41.74042],[-87.88703,41.74028],[-87.8872,41.74048],[-87.88739,41.74047],[-87.88776,41.74013],[-87.88786,41.73986],[-87.88742,41.73974],[-87.88758,41.73935],[-87.88775,41.73928],[-87.88768,41.73911],[-87.89061,41.73913],[-87.89063,41.73994],[-87.89047,41.73997],[-87.89069,41.73999],[-87.89072,41.7401],[-87.89049,41.74012],[-87.8905,41.74024],[-87.89094,41.74018],[-87.89095,41.7403],[-87.8906,41.74054],[-87.88844,41.74064],[-87.88846,41.74075],[-87.89065,41.74077],[-87.89096,41.7406],[-87.891,41.74128],[-87.8921,41.74126],[-87.89207,41.74216],[-87.89246,41.74245],[-87.89231,41.74257]]],[[[-87.88811,41.7633],[-87.8871,41.76327],[-87.88705,41.76132],[-87.88854,41.76125],[-87.88857,41.76305],[-87.88811,41.7633]]],[[[-87.88876,41.81556],[-87.88872,41.81497],[-87.88802,41.815],[-87.88801,41.81294],[-87.88909,41.81291],[-87.88921,41.81548],[-87.88876,41.81556]]],[[[-87.89255,41.6442],[-87.88813,41.64428],[-87.88801,41.6441],[-87.88795,41.64131],[-87.8926,41.64123],[-87.89255,41.6442]]],[[[-87.89486,41.84104],[-87.8927,41.84108],[-87.89266,41.84056],[-87.89137,41.84059],[-87.8913,41.83921],[-87.89175,41.83918],[-87.89167,41.83805],[-87.89493,41.83913],[-87.89486,41.84104]]],[[[-87.90049,41.88235],[-87.89804,41.88436],[-87.89794,41.88143],[-87.8985,41.8815],[-87.89853,41.88121],[-87.89204,41.88066],[-87.89192,41.88044],[-87.89303,41.88011],[-87.89305,41.88047],[-87.9032,41.88133],[-87.90323,41.88264],[-87.90049,41.88235]]],[[[-87.89714,42.01647],[-87.89708,42.01543],[-87.89571,42.01547],[-87.89578,42.01651],[-87.89445,42.01651],[-87.89431,42.00955],[-87.89454,42.00945],[-87.89915,42.00932],[-87.89943,42.01636],[-87.89714,42.01647]]],[[[-87.89335,41.81219],[-87.89332,41.81183],[-87.89158,41.81189],[-87.89156,41.81153],[-87.89446,41.81084],[-87.89454,41.81216],[-87.89335,41.81219]]],[[[-87.89493,41.8555],[-87.89489,41.85456],[-87.89248,41.85462],[-87.89246,41.85417],[-87.89621,41.85407],[-87.89627,41.85547],[-87.89493,41.8555]]],[[[-87.89321,41.77206],[-87.89326,41.77339],[-87.89271,41.77328],[-87.89194,41.77276],[-87.89146,41.77263],[-87.89135,41.77236],[-87.89149,41.77226],[-87.89152,41.77177],[-87.89221,41.77175],[-87.8922,41.77128],[-87.89276,41.77135],[-87.89299,41.77156],[-87.8934,41.77167],[-87.89342,41.77204],[-87.89321,41.77206]]],[[[-87.89279,41.75651],[-87.89256,41.75109],[-87.89625,41.75107],[-87.89639,41.75642],[-87.89279,41.75651]]],[[[-87.89407,41.75061],[-87.89365,41.75058],[-87.89337,41.75079],[-87.89311,41.75075],[-87.89313,41.74934],[-87.89371,41.74823],[-87.89408,41.74818],[-87.89444,41.74832],[-87.89446,41.74866],[-87.89426,41.74897],[-87.89457,41.74924],[-87.89407,41.75061]]],[[[-87.89941,41.64359],[-87.89942,41.64414],[-87.89277,41.64423],[-87.89273,41.64124],[-87.90242,41.64108],[-87.90252,41.64354],[-87.89941,41.64359]]],[[[-87.91857,41.66559],[-87.91861,41.66597],[-87.91316,41.66608],[-87.91325,41.66817],[-87.91402,41.66793],[-87.9148,41.66804],[-87.91532,41.66868],[-87.91543,41.66915],[-87.91502,41.66961],[-87.91426,41.66978],[-87.9133,41.66938],[-87.91277,41.66849],[-87.91281,41.66587],[-87.91799,41.6656],[-87.90303,41.66589],[-87.90258,41.65493],[-87.89297,41.65504],[-87.89269,41.64438],[-87.9314,41.64357],[-87.93165,41.65483],[-87.92964,41.65486],[-87.92967,41.65558],[-87.93168,41.65554],[-87.9317,41.65634],[-87.92966,41.65638],[-87.92966,41.65675],[-87.92854,41.65679],[-87.92861,41.65822],[-87.93176,41.65818],[-87.93184,41.66094],[-87.92935,41.66096],[-87.9295,41.66321],[-87.93191,41.66317],[-87.93196,41.66528],[-87.91857,41.66559]]],[[[-87.89611,41.79539],[-87.89613,41.79362],[-87.89776,41.79359],[-87.89785,41.79535],[-87.89611,41.79539]]],[[[-87.90091,41.74592],[-87.90007,41.74598],[-87.90005,41.74587],[-87.90062,41.74583],[-87.90047,41.74557],[-87.90016,41.7455],[-87.90012,41.74527],[-87.89974,41.74528],[-87.89975,41.7458],[-87.89942,41.74575],[-87.89932,41.74463],[-87.89903,41.74451],[-87.89979,41.74448],[-87.90011,41.7449],[-87.90033,41.74449],[-87.89996,41.74445],[-87.8997,41.74421],[-87.89869,41.74427],[-87.89847,41.74292],[-87.89864,41.74284],[-87.89861,41.7427],[-87.89843,41.74269],[-87.89836,41.74288],[-87.8981,41.74294],[-87.898,41.7426],[-87.89724,41.7426],[-87.89709,41.7431],[-87.89711,41.74253],[-87.90085,41.74245],[-87.90087,41.74468],[-87.90107,41.74471],[-87.90091,41.74592]]],[[[-87.91603,41.82646],[-87.91522,41.82605],[-87.91434,41.82589],[-87.91172,41.82602],[-87.91131,41.82628],[-87.91127,41.82673],[-87.91088,41.82685],[-87.90987,41.82656],[-87.90953,41.82658],[-87.90899,41.82709],[-87.90849,41.82808],[-87.90795,41.82817],[-87.90617,41.82668],[-87.90498,41.82637],[-87.90447,41.82609],[-87.90424,41.82566],[-87.90445,41.82532],[-87.90439,41.82438],[-87.90409,41.82412],[-87.90343,41.82417],[-87.90358,41.82475],[-87.90323,41.82524],[-87.90261,41.82546],[-87.90037,41.82573],[-87.90004,41.82386],[-87.89946,41.82214],[-87.89933,41.82079],[-87.901,41.82079],[-87.90893,41.81951],[-87.91093,41.81935],[-87.912,41.81942],[-87.91468,41.82112],[-87.91547,41.82225],[-87.91725,41.8254],[-87.9175,41.82627],[-87.91758,41.82753],[-87.91769,41.82754],[-87.91771,41.82798],[-87.91748,41.82807],[-87.91772,41.82846],[-87.91603,41.82646]]],[[[-87.90043,41.78264],[-87.89986,41.78263],[-87.89984,41.783],[-87.89926,41.78289],[-87.89882,41.78181],[-87.89887,41.781],[-87.90011,41.78111],[-87.90009,41.78154],[-87.90052,41.78251],[-87.90043,41.78264]]],[[[-87.90076,41.83347],[-87.90037,41.82595],[-87.90217,41.82575],[-87.90354,41.8253],[-87.90384,41.82476],[-87.90373,41.82437],[-87.90398,41.82431],[-87.9042,41.82448],[-87.90422,41.82504],[-87.90403,41.82577],[-87.90446,41.82644],[-87.90608,41.82694],[-87.90808,41.82844],[-87.90874,41.8282],[-87.90907,41.82728],[-87.9095,41.82681],[-87.90984,41.82679],[-87.91074,41.82703],[-87.91147,41.82693],[-87.91162,41.82679],[-87.91156,41.82629],[-87.91238,41.8261],[-87.91431,41.82605],[-87.91546,41.82627],[-87.91602,41.82667],[-87.91734,41.82847],[-87.91773,41.82866],[-87.91797,41.83309],[-87.90076,41.83347]]],[[[-87.90594,41.83895],[-87.906,41.84059],[-87.90578,41.84067],[-87.90255,41.84074],[-87.90252,41.84039],[-87.90206,41.84041],[-87.90208,41.84075],[-87.90117,41.84077],[-87.90082,41.83414],[-87.90141,41.83412],[-87.90138,41.83373],[-87.90551,41.83362],[-87.90564,41.83622],[-87.90808,41.83617],[-87.90808,41.83627],[-87.907,41.83629],[-87.90703,41.8371],[-87.90569,41.83713],[-87.90575,41.83804],[-87.9081,41.838],[-87.90815,41.83892],[-87.90594,41.83895]]],[[[-87.9034,41.73247],[-87.90375,41.73293],[-87.90351,41.73308],[-87.90308,41.73305],[-87.90314,41.73337],[-87.90352,41.73369],[-87.90324,41.73377],[-87.90277,41.73359],[-87.9024,41.73375],[-87.90223,41.73396],[-87.90229,41.73434],[-87.9019,41.73442],[-87.90133,41.73475],[-87.9009,41.73566],[-87.90147,41.73607],[-87.90106,41.73643],[-87.90133,41.73684],[-87.90063,41.73695],[-87.90049,41.73688],[-87.90043,41.73506],[-87.89972,41.73491],[-87.89965,41.73466],[-87.89982,41.73454],[-87.90023,41.73466],[-87.90053,41.73419],[-87.90155,41.73374],[-87.9018,41.73376],[-87.90198,41.73359],[-87.90197,41.73339],[-87.90239,41.73312],[-87.90284,41.73141],[-87.904,41.73135],[-87.9034,41.73247]]],[[[-87.90294,41.72865],[-87.90273,41.72883],[-87.90288,41.72934],[-87.90258,41.72987],[-87.90273,41.73008],[-87.90273,41.73136],[-87.90229,41.73162],[-87.90221,41.73193],[-87.90181,41.73202],[-87.90141,41.73167],[-87.90166,41.73112],[-87.90046,41.73107],[-87.90043,41.73091],[-87.90127,41.73034],[-87.90166,41.73038],[-87.90156,41.73004],[-87.90166,41.72972],[-87.90223,41.72859],[-87.90269,41.7284],[-87.90294,41.72846],[-87.90294,41.72865]]],[[[-87.90739,41.91207],[-87.90357,41.91215],[-87.90343,41.91026],[-87.90456,41.91024],[-87.90457,41.91082],[-87.90785,41.91076],[-87.9079,41.91221],[-87.90739,41.91207]]],[[[-87.90633,41.7554],[-87.90639,41.75629],[-87.90597,41.7563],[-87.90594,41.75597],[-87.90207,41.75589],[-87.90195,41.75583],[-87.9019,41.75456],[-87.90135,41.75455],[-87.90132,41.75406],[-87.90366,41.75407],[-87.90407,41.75462],[-87.90445,41.75487],[-87.90485,41.75488],[-87.90546,41.75524],[-87.90593,41.75524],[-87.90592,41.75495],[-87.90666,41.75501],[-87.90633,41.7554]]],[[[-87.90787,41.91492],[-87.90761,41.91503],[-87.90764,41.91533],[-87.90776,41.91533],[-87.90781,41.91686],[-87.90734,41.91688],[-87.90738,41.91777],[-87.90553,41.9179],[-87.90545,41.91707],[-87.90564,41.91706],[-87.90566,41.91662],[-87.90607,41.91615],[-87.90575,41.91561],[-87.90594,41.9151],[-87.90567,41.91472],[-87.90515,41.91446],[-87.90508,41.9141],[-87.90363,41.91412],[-87.90356,41.91227],[-87.90729,41.91219],[-87.90743,41.91443],[-87.9079,41.91444],[-87.90787,41.91492]]],[[[-87.90558,41.8818],[-87.90555,41.88198],[-87.90514,41.88195],[-87.90511,41.88203],[-87.90339,41.88191],[-87.90339,41.88131],[-87.91291,41.88212],[-87.91294,41.8824],[-87.90558,41.8818]]],[[[-87.90695,41.72782],[-87.90687,41.72845],[-87.90705,41.72969],[-87.90719,41.73017],[-87.90767,41.73043],[-87.90761,41.73059],[-87.90723,41.73073],[-87.90684,41.73054],[-87.906,41.73046],[-87.90539,41.73076],[-87.90555,41.73106],[-87.90589,41.73123],[-87.90732,41.73144],[-87.90805,41.73134],[-87.90832,41.73154],[-87.90718,41.73182],[-87.90634,41.73177],[-87.90589,41.73213],[-87.90586,41.73244],[-87.90636,41.73302],[-87.9057,41.73305],[-87.90553,41.7333],[-87.90573,41.73367],[-87.90539,41.73385],[-87.90553,41.73659],[-87.90568,41.73671],[-87.90671,41.73662],[-87.9069,41.73669],[-87.90563,41.7369],[-87.90548,41.73726],[-87.90513,41.737],[-87.90484,41.73722],[-87.90473,41.73767],[-87.90451,41.73768],[-87.90403,41.73735],[-87.90422,41.73706],[-87.90464,41.73704],[-87.90442,41.7366],[-87.90456,41.73496],[-87.90415,41.73387],[-87.90467,41.73314],[-87.90536,41.73249],[-87.90519,41.73208],[-87.90523,41.7316],[-87.90491,41.73079],[-87.90335,41.7307],[-87.90302,41.73047],[-87.9033,41.72969],[-87.90397,41.72886],[-87.90378,41.72855],[-87.90334,41.7285],[-87.90327,41.72834],[-87.90345,41.72804],[-87.90388,41.72782],[-87.90411,41.72754],[-87.90496,41.72718],[-87.90516,41.72718],[-87.90512,41.72766],[-87.90526,41.72778],[-87.90567,41.72774],[-87.90583,41.72678],[-87.90649,41.72636],[-87.9067,41.72642],[-87.9066,41.72759],[-87.9072,41.72753],[-87.9092,41.72768],[-87.90695,41.72782]]],[[[-87.90811,41.8799],[-87.90536,41.87993],[-87.90526,41.8776],[-87.90681,41.87759],[-87.9068,41.87847],[-87.90812,41.87849],[-87.90811,41.8799]]],[[[-87.9045,41.80805],[-87.90433,41.80442],[-87.91059,41.80424],[-87.91145,41.80657],[-87.9045,41.80805]]],[[[-87.90753,41.84696],[-87.90761,41.84729],[-87.9075,41.84733],[-87.90711,41.84698],[-87.9071,41.84718],[-87.90686,41.84713],[-87.90677,41.84726],[-87.90665,41.84439],[-87.90784,41.84436],[-87.90796,41.8469],[-87.90753,41.84696]]],[[[-87.91081,41.83677],[-87.91028,41.83693],[-87.91027,41.8372],[-87.90992,41.83725],[-87.9099,41.83768],[-87.90953,41.83802],[-87.90935,41.83848],[-87.909,41.83859],[-87.90893,41.83781],[-87.90936,41.83775],[-87.90936,41.83715],[-87.90959,41.8372],[-87.91007,41.83672],[-87.90976,41.83652],[-87.90957,41.83657],[-87.9097,41.83688],[-87.90943,41.83693],[-87.90927,41.83713],[-87.90837,41.83713],[-87.9082,41.83702],[-87.90819,41.83666],[-87.90854,41.83656],[-87.90869,41.83685],[-87.90884,41.83683],[-87.90917,41.83658],[-87.90918,41.83635],[-87.90848,41.83621],[-87.90811,41.83533],[-87.90806,41.83482],[-87.90883,41.83469],[-87.90885,41.83511],[-87.9092,41.83516],[-87.9091,41.83418],[-87.90876,41.83419],[-87.90875,41.83379],[-87.90844,41.83371],[-87.90806,41.83381],[-87.90803,41.83358],[-87.91042,41.83354],[-87.91055,41.8356],[-87.91096,41.8357],[-87.91106,41.83644],[-87.91081,41.83677]]],[[[-87.90837,41.80405],[-87.90859,41.80395],[-87.90857,41.80349],[-87.90823,41.8032],[-87.90814,41.80244],[-87.90886,41.80246],[-87.90939,41.80222],[-87.9093,41.80244],[-87.90952,41.80326],[-87.90968,41.8034],[-87.91018,41.80335],[-87.91052,41.80403],[-87.90837,41.80405]]],[[[-87.91104,41.81736],[-87.90988,41.81773],[-87.90875,41.81773],[-87.90869,41.81663],[-87.91103,41.81658],[-87.91104,41.81736]]],[[[-87.9106,41.76562],[-87.90975,41.76618],[-87.90971,41.76695],[-87.90943,41.76772],[-87.90839,41.76774],[-87.90869,41.76732],[-87.90889,41.76656],[-87.90815,41.76498],[-87.90856,41.76477],[-87.91076,41.76473],[-87.9106,41.76562]]],[[[-87.90897,41.79347],[-87.90901,41.79452],[-87.90865,41.79454],[-87.90855,41.78973],[-87.90905,41.78972],[-87.90904,41.79144],[-87.90927,41.79241],[-87.90897,41.79347]]],[[[-87.91143,41.79999],[-87.9113,41.80044],[-87.90999,41.80047],[-87.90936,41.79876],[-87.91171,41.79869],[-87.91178,41.79982],[-87.91143,41.79999]]],[[[-87.9151,41.74225],[-87.91332,41.74237],[-87.9122,41.74219],[-87.91046,41.74223],[-87.91025,41.74034],[-87.91284,41.74028],[-87.91267,41.73943],[-87.91228,41.73912],[-87.91203,41.73911],[-87.912,41.73863],[-87.91502,41.73858],[-87.9151,41.74225]],[[-87.91364,41.74167],[-87.91365,41.7414],[-87.913,41.74141],[-87.91299,41.74167],[-87.91364,41.74167]]],[[[-87.91218,41.8064],[-87.91137,41.80426],[-87.91503,41.80408],[-87.91505,41.80441],[-87.9154,41.8044],[-87.91545,41.80564],[-87.91218,41.8064]]],[[[-87.93996,41.88513],[-87.93685,41.88483],[-87.93676,41.88465],[-87.92819,41.88392],[-87.92098,41.88393],[-87.92099,41.88306],[-87.91807,41.88283],[-87.91802,41.8831],[-87.91732,41.88305],[-87.9173,41.88341],[-87.91645,41.8834],[-87.91643,41.88377],[-87.91607,41.88376],[-87.91607,41.8834],[-87.91497,41.8834],[-87.91497,41.88302],[-87.91479,41.88283],[-87.91312,41.88269],[-87.91309,41.88219],[-87.94,41.88442],[-87.93996,41.88513]]],[[[-87.91706,41.80612],[-87.91707,41.80652],[-87.9141,41.80659],[-87.91415,41.80812],[-87.91291,41.80814],[-87.91237,41.80672],[-87.91738,41.80561],[-87.9174,41.80606],[-87.91706,41.80612]]],[[[-87.91209,41.78526],[-87.91207,41.78043],[-87.91659,41.78031],[-87.91683,41.7852],[-87.91209,41.78526]]],[[[-87.91415,41.7279],[-87.91413,41.72759],[-87.91317,41.72733],[-87.91213,41.72759],[-87.91211,41.72714],[-87.91313,41.7271],[-87.91365,41.72721],[-87.91369,41.72713],[-87.91343,41.72696],[-87.91341,41.72673],[-87.91307,41.72666],[-87.91225,41.72669],[-87.9121,41.72701],[-87.91189,41.72701],[-87.91183,41.72679],[-87.91148,41.72663],[-87.91148,41.72569],[-87.91198,41.72568],[-87.91211,41.72593],[-87.91381,41.72594],[-87.91351,41.72662],[-87.91453,41.72661],[-87.9146,41.72805],[-87.91415,41.7279]]],[[[-87.9147,41.74559],[-87.91502,41.74524],[-87.9148,41.74505],[-87.91446,41.74517],[-87.91433,41.74561],[-87.91372,41.74561],[-87.91377,41.74523],[-87.91415,41.74521],[-87.91413,41.74423],[-87.91348,41.74404],[-87.91356,41.74371],[-87.91396,41.74354],[-87.91393,41.74305],[-87.91514,41.74299],[-87.9153,41.74554],[-87.9147,41.74559]]],[[[-87.91903,41.82836],[-87.91881,41.82849],[-87.91858,41.82627],[-87.91825,41.82518],[-87.91572,41.82055],[-87.91592,41.81978],[-87.91684,41.81866],[-87.91753,41.81815],[-87.9182,41.81804],[-87.91842,41.8228],[-87.91776,41.82307],[-87.91778,41.82354],[-87.91761,41.82383],[-87.91846,41.82545],[-87.91905,41.82718],[-87.91914,41.82807],[-87.91903,41.82836]]],[[[-87.91938,41.724],[-87.91903,41.7241],[-87.91906,41.72435],[-87.91891,41.72441],[-87.91841,41.72431],[-87.91845,41.7241],[-87.91822,41.72398],[-87.9179,41.72406],[-87.91788,41.72487],[-87.91805,41.72485],[-87.91807,41.72499],[-87.91774,41.72542],[-87.91776,41.72565],[-87.9172,41.7258],[-87.91695,41.72536],[-87.91657,41.72536],[-87.91606,41.72583],[-87.916,41.72573],[-87.91628,41.72557],[-87.91616,41.7253],[-87.91555,41.72526],[-87.91532,41.72527],[-87.91499,41.72554],[-87.91494,41.72568],[-87.91517,41.72583],[-87.91477,41.72575],[-87.91477,41.72535],[-87.91499,41.7252],[-87.91497,41.72509],[-87.91477,41.72514],[-87.91472,41.72398],[-87.9151,41.72399],[-87.91517,41.72452],[-87.91694,41.72452],[-87.91699,41.72397],[-87.91938,41.72391],[-87.91938,41.724]]],[[[-87.91736,41.72835],[-87.91684,41.72847],[-87.91686,41.72882],[-87.91626,41.72882],[-87.91619,41.72906],[-87.91652,41.72926],[-87.91496,41.72928],[-87.91492,41.72852],[-87.9152,41.72857],[-87.91559,41.72912],[-87.91584,41.7291],[-87.91587,41.72875],[-87.91551,41.72857],[-87.91543,41.72797],[-87.91492,41.72816],[-87.91492,41.7279],[-87.9154,41.72778],[-87.91542,41.72791],[-87.91595,41.72784],[-87.91591,41.72756],[-87.91532,41.72756],[-87.9153,41.72747],[-87.91695,41.72739],[-87.91696,41.72727],[-87.91714,41.72735],[-87.91721,41.72751],[-87.91678,41.72759],[-87.91678,41.72787],[-87.91651,41.72792],[-87.91628,41.72825],[-87.91629,41.72861],[-87.91642,41.7287],[-87.91672,41.72836],[-87.9169,41.72768],[-87.91712,41.72816],[-87.91737,41.72823],[-87.91736,41.72835]]],[[[-87.92225,41.73296],[-87.92178,41.73299],[-87.92175,41.73328],[-87.92161,41.73325],[-87.92165,41.73301],[-87.92115,41.73301],[-87.92097,41.73288],[-87.92035,41.73289],[-87.92,41.73302],[-87.91989,41.73451],[-87.92007,41.73464],[-87.92047,41.73459],[-87.92123,41.73472],[-87.92112,41.73498],[-87.92037,41.73485],[-87.91933,41.735],[-87.91933,41.73421],[-87.91967,41.73361],[-87.91956,41.73355],[-87.91964,41.73316],[-87.91862,41.73294],[-87.91672,41.73305],[-87.91516,41.73303],[-87.91515,41.73295],[-87.91616,41.73291],[-87.91623,41.73207],[-87.91607,41.732],[-87.9161,41.73186],[-87.91652,41.73177],[-87.91655,41.73158],[-87.91624,41.73118],[-87.91721,41.73118],[-87.91703,41.73144],[-87.91678,41.73136],[-87.91659,41.73198],[-87.91687,41.73202],[-87.91703,41.73226],[-87.91682,41.73247],[-87.91681,41.73286],[-87.91697,41.73288],[-87.91721,41.73283],[-87.91729,41.73232],[-87.91755,41.73237],[-87.91761,41.73261],[-87.91836,41.7324],[-87.91837,41.73215],[-87.91798,41.73159],[-87.9179,41.73116],[-87.91859,41.73119],[-87.91873,41.73165],[-87.91903,41.73166],[-87.91917,41.73187],[-87.91965,41.73182],[-87.91956,41.73154],[-87.91914,41.73147],[-87.91933,41.73122],[-87.91986,41.73114],[-87.91996,41.73131],[-87.91984,41.7318],[-87.91997,41.732],[-87.92049,41.73216],[-87.92051,41.73202],[-87.92097,41.73177],[-87.92107,41.73183],[-87.92087,41.73195],[-87.92085,41.7322],[-87.92118,41.73203],[-87.92126,41.73181],[-87.92082,41.73171],[-87.92031,41.73203],[-87.9201,41.73184],[-87.92044,41.73151],[-87.92046,41.73116],[-87.92066,41.73114],[-87.92074,41.73146],[-87.9212,41.73158],[-87.92125,41.73113],[-87.92145,41.73111],[-87.92153,41.73197],[-87.92175,41.73202],[-87.92208,41.73191],[-87.92206,41.73136],[-87.92198,41.73121],[-87.92165,41.7311],[-87.92218,41.73112],[-87.92223,41.73265],[-87.92203,41.73263],[-87.9219,41.73237],[-87.92157,41.73235],[-87.92143,41.73257],[-87.92145,41.73279],[-87.92225,41.73282],[-87.92225,41.73296]]],[[[-87.91647,41.72092],[-87.91586,41.72102],[-87.91526,41.72071],[-87.91498,41.72071],[-87.91509,41.72021],[-87.91862,41.7197],[-87.91863,41.72011],[-87.91647,41.72092]]],[[[-87.92161,41.74153],[-87.92163,41.74189],[-87.91993,41.74158],[-87.91903,41.74179],[-87.91872,41.74161],[-87.91868,41.7414],[-87.9184,41.74136],[-87.91823,41.74149],[-87.91839,41.74168],[-87.9179,41.74187],[-87.9179,41.74207],[-87.91712,41.74228],[-87.91655,41.74231],[-87.9163,41.74218],[-87.91559,41.74235],[-87.9157,41.74261],[-87.91555,41.74279],[-87.91741,41.74275],[-87.91741,41.74341],[-87.91675,41.74342],[-87.91659,41.74297],[-87.91538,41.74297],[-87.91529,41.74063],[-87.91773,41.74056],[-87.91822,41.74044],[-87.91821,41.74024],[-87.91905,41.74023],[-87.91847,41.74058],[-87.91968,41.741],[-87.91996,41.74091],[-87.91927,41.74072],[-87.91928,41.74059],[-87.92011,41.7405],[-87.92034,41.74037],[-87.92123,41.74048],[-87.92123,41.74062],[-87.92091,41.74064],[-87.92063,41.74091],[-87.92014,41.74096],[-87.92029,41.74139],[-87.92063,41.74136],[-87.92078,41.74111],[-87.92154,41.7411],[-87.92155,41.74048],[-87.92217,41.74048],[-87.92221,41.74152],[-87.92161,41.74153]],[[-87.91633,41.74191],[-87.91631,41.74143],[-87.91583,41.74143],[-87.91584,41.74191],[-87.91633,41.74191]],[[-87.91839,41.74117],[-87.91838,41.74101],[-87.91787,41.741],[-87.91767,41.74111],[-87.91766,41.74126],[-87.91785,41.74135],[-87.91839,41.74117]],[[-87.91896,41.74106],[-87.91871,41.74116],[-87.91886,41.74149],[-87.91906,41.74158],[-87.91938,41.74149],[-87.91948,41.74117],[-87.91896,41.74106]]],[[[-87.91802,41.74462],[-87.91795,41.74476],[-87.91768,41.74476],[-87.91768,41.7449],[-87.91709,41.74492],[-87.91708,41.74505],[-87.9161,41.74505],[-87.91612,41.74562],[-87.9156,41.74558],[-87.91557,41.74498],[-87.91656,41.7448],[-87.91627,41.74442],[-87.91642,41.74421],[-87.91551,41.74419],[-87.91551,41.74354],[-87.91735,41.74351],[-87.91737,41.7438],[-87.91775,41.7441],[-87.91798,41.7441],[-87.91797,41.74349],[-87.91822,41.74349],[-87.91823,41.74388],[-87.91888,41.74388],[-87.91891,41.7446],[-87.91802,41.74462]]],[[[-87.91828,41.76981],[-87.91767,41.76982],[-87.91719,41.77004],[-87.9172,41.77048],[-87.91758,41.77093],[-87.91652,41.77128],[-87.91632,41.76805],[-87.9169,41.76856],[-87.91733,41.76869],[-87.91754,41.76912],[-87.91821,41.76909],[-87.91886,41.76878],[-87.91936,41.76877],[-87.91942,41.76894],[-87.91828,41.76981]]],[[[-87.91988,41.72249],[-87.91885,41.72283],[-87.91882,41.72217],[-87.91942,41.72214],[-87.91946,41.72109],[-87.91915,41.72101],[-87.91925,41.72078],[-87.91894,41.72072],[-87.91877,41.72121],[-87.91869,41.72097],[-87.91833,41.72092],[-87.91793,41.72111],[-87.91793,41.72145],[-87.91733,41.72171],[-87.91726,41.72192],[-87.91683,41.72196],[-87.91681,41.72148],[-87.91671,41.7215],[-87.91666,41.72177],[-87.91625,41.7219],[-87.9162,41.72272],[-87.91614,41.72176],[-87.91739,41.72111],[-87.91946,41.72026],[-87.91956,41.72031],[-87.91945,41.72061],[-87.92002,41.72127],[-87.92025,41.72202],[-87.91988,41.72249]]],[[[-87.91771,41.80525],[-87.91771,41.80402],[-87.91992,41.80396],[-87.91996,41.80476],[-87.91771,41.80525]]],[[[-87.91607,41.67296],[-87.91596,41.66995],[-87.91838,41.66992],[-87.91845,41.66643],[-87.91968,41.66641],[-87.91967,41.66567],[-87.92723,41.66551],[-87.92748,41.67274],[-87.91607,41.67296]]],[[[-87.92386,41.82752],[-87.9236,41.82764],[-87.92364,41.82933],[-87.91924,41.82943],[-87.91923,41.82956],[-87.91877,41.82957],[-87.9187,41.82878],[-87.91929,41.82852],[-87.91948,41.82783],[-87.91927,41.82669],[-87.91879,41.82574],[-87.92268,41.82574],[-87.92325,41.82558],[-87.92384,41.82562],[-87.92437,41.82653],[-87.92398,41.82666],[-87.92385,41.82694],[-87.92465,41.82753],[-87.92386,41.82752]]],[[[-87.92006,41.75836],[-87.91851,41.75761],[-87.91877,41.75655],[-87.91905,41.75606],[-87.92059,41.75516],[-87.92077,41.75846],[-87.92006,41.75836]]],[[[-87.92247,41.85856],[-87.92156,41.85854],[-87.92145,41.8582],[-87.9209,41.85844],[-87.92003,41.85835],[-87.92006,41.85658],[-87.92089,41.85699],[-87.92194,41.85717],[-87.92189,41.85774],[-87.92257,41.85841],[-87.92247,41.85856]]],[[[-87.92129,41.74763],[-87.92127,41.74784],[-87.92038,41.7479],[-87.92039,41.74848],[-87.91971,41.74856],[-87.91968,41.74914],[-87.9188,41.74916],[-87.91876,41.7477],[-87.91943,41.7477],[-87.91942,41.74712],[-87.92052,41.74715],[-87.92145,41.74761],[-87.92129,41.74763]]],[[[-87.92267,41.86422],[-87.92048,41.8643],[-87.92044,41.864],[-87.92068,41.86354],[-87.92147,41.86326],[-87.92299,41.86296],[-87.92271,41.86318],[-87.92299,41.86352],[-87.9233,41.86348],[-87.92267,41.86422]]],[[[-87.92468,41.90564],[-87.92333,41.90501],[-87.92189,41.90379],[-87.92111,41.90263],[-87.9217,41.90265],[-87.92194,41.90155],[-87.92223,41.90126],[-87.92269,41.90113],[-87.9237,41.90132],[-87.92342,41.90161],[-87.92313,41.90235],[-87.92312,41.90332],[-87.92355,41.90399],[-87.92411,41.90412],[-87.92469,41.90408],[-87.92468,41.90564]]],[[[-87.92215,41.74288],[-87.92128,41.743],[-87.92112,41.74347],[-87.92159,41.74372],[-87.9216,41.74389],[-87.92129,41.74424],[-87.92107,41.74399],[-87.92082,41.744],[-87.92074,41.74422],[-87.92097,41.74482],[-87.92123,41.74486],[-87.92122,41.74553],[-87.91908,41.74554],[-87.91903,41.74345],[-87.92044,41.74344],[-87.92041,41.74298],[-87.91955,41.74287],[-87.91893,41.74292],[-87.91887,41.74269],[-87.91954,41.74267],[-87.91965,41.74257],[-87.91964,41.74218],[-87.91886,41.74222],[-87.91902,41.74198],[-87.9196,41.74172],[-87.92012,41.74172],[-87.92139,41.742],[-87.92145,41.74256],[-87.9222,41.74263],[-87.92215,41.74288]],[[-87.91934,41.74462],[-87.91936,41.74473],[-87.92063,41.74479],[-87.92075,41.74465],[-87.92063,41.74456],[-87.91953,41.74453],[-87.91934,41.74462]],[[-87.92012,41.74233],[-87.92064,41.74245],[-87.92073,41.7422],[-87.92022,41.74208],[-87.92012,41.74233]]],[[[-87.92524,41.89851],[-87.92229,41.89855],[-87.9223,41.89981],[-87.92117,41.89983],[-87.92119,41.89886],[-87.92195,41.8985],[-87.92348,41.89811],[-87.92525,41.8981],[-87.92524,41.89851]]],[[[-87.93098,41.94372],[-87.93082,41.94381],[-87.93086,41.94515],[-87.93066,41.94516],[-87.93068,41.94567],[-87.92863,41.94572],[-87.92864,41.94617],[-87.92515,41.94621],[-87.92512,41.94562],[-87.92308,41.94566],[-87.92315,41.94226],[-87.92506,41.94227],[-87.92506,41.94298],[-87.92621,41.94294],[-87.92624,41.94237],[-87.92783,41.94236],[-87.92782,41.94147],[-87.93143,41.94139],[-87.93148,41.94234],[-87.9319,41.94234],[-87.93193,41.9437],[-87.93098,41.94372]]],[[[-87.92441,41.75225],[-87.92405,41.75253],[-87.92402,41.75278],[-87.92231,41.75281],[-87.92223,41.75247],[-87.92339,41.75243],[-87.92338,41.75178],[-87.92322,41.75148],[-87.92288,41.75147],[-87.92289,41.75115],[-87.924,41.75114],[-87.92401,41.75082],[-87.92442,41.7508],[-87.92444,41.75051],[-87.92388,41.75038],[-87.92386,41.75019],[-87.92214,41.7502],[-87.92214,41.74952],[-87.92316,41.74933],[-87.92317,41.7495],[-87.92348,41.7495],[-87.92349,41.74919],[-87.92294,41.74918],[-87.92213,41.74941],[-87.9221,41.749],[-87.92275,41.74899],[-87.92292,41.74849],[-87.92205,41.74788],[-87.92202,41.7471],[-87.92315,41.74708],[-87.92316,41.74666],[-87.92466,41.74662],[-87.92466,41.74635],[-87.92505,41.74633],[-87.92502,41.74565],[-87.92514,41.74565],[-87.92529,41.75146],[-87.92441,41.75148],[-87.9244,41.75186],[-87.92516,41.75186],[-87.92531,41.75225],[-87.92441,41.75225]],[[-87.92332,41.74784],[-87.92332,41.74823],[-87.92374,41.74823],[-87.92373,41.74785],[-87.92332,41.74784]],[[-87.9236,41.74744],[-87.92408,41.74743],[-87.92407,41.74721],[-87.9236,41.74712],[-87.9236,41.74744]]],[[[-87.93999,41.82945],[-87.93959,41.82947],[-87.93943,41.82975],[-87.93999,41.83028],[-87.93999,41.83254],[-87.93274,41.83268],[-87.93264,41.83116],[-87.93076,41.83101],[-87.92954,41.82895],[-87.92954,41.82875],[-87.93048,41.82772],[-87.9306,41.82719],[-87.93119,41.8268],[-87.93062,41.82517],[-87.93053,41.82221],[-87.93022,41.82184],[-87.92759,41.82158],[-87.92739,41.82132],[-87.92682,41.8212],[-87.92648,41.822],[-87.92574,41.822],[-87.9251,41.82185],[-87.92485,41.8216],[-87.92382,41.82136],[-87.92353,41.82113],[-87.92339,41.81995],[-87.92527,41.81976],[-87.92523,41.81941],[-87.92559,41.81939],[-87.92557,41.81894],[-87.92716,41.81888],[-87.92724,41.8195],[-87.92858,41.81951],[-87.92863,41.82066],[-87.93083,41.82119],[-87.93149,41.82147],[-87.93283,41.82272],[-87.93482,41.8227],[-87.93492,41.82546],[-87.93544,41.82546],[-87.93549,41.82626],[-87.9366,41.82624],[-87.93657,41.8255],[-87.93671,41.82538],[-87.93803,41.82599],[-87.93804,41.82731],[-87.93951,41.82716],[-87.93946,41.82662],[-87.93857,41.82615],[-87.93881,41.82602],[-87.93894,41.82622],[-87.93917,41.82622],[-87.93925,41.8261],[-87.93855,41.82546],[-87.93859,41.82488],[-87.93883,41.82487],[-87.9387,41.82443],[-87.9389,41.82445],[-87.93893,41.82424],[-87.93798,41.8243],[-87.93793,41.82354],[-87.93871,41.82357],[-87.93886,41.82345],[-87.939,41.82258],[-87.9386,41.82257],[-87.93847,41.82245],[-87.93789,41.82256],[-87.93787,41.82214],[-87.93798,41.82213],[-87.93811,41.8224],[-87.93856,41.82237],[-87.93858,41.82206],[-87.93786,41.82191],[-87.93939,41.82188],[-87.9388,41.82197],[-87.93875,41.8223],[-87.93915,41.82245],[-87.93915,41.82278],[-87.93935,41.82303],[-87.9396,41.82295],[-87.93963,41.82264],[-87.93994,41.82241],[-87.93994,41.82185],[-87.93974,41.82164],[-87.93945,41.82177],[-87.93895,41.82177],[-87.93889,41.8216],[-87.93872,41.82156],[-87.93836,41.82156],[-87.9383,41.82179],[-87.93791,41.82179],[-87.93781,41.82145],[-87.9395,41.82154],[-87.93977,41.82136],[-87.93973,41.82094],[-87.93999,41.82095],[-87.93999,41.82945]]],[[[-87.92813,41.87487],[-87.92819,41.87568],[-87.92649,41.87575],[-87.92644,41.87483],[-87.92512,41.87482],[-87.92496,41.87207],[-87.92772,41.87138],[-87.92804,41.87462],[-87.92866,41.87461],[-87.92868,41.87483],[-87.92813,41.87487]]],[[[-87.92651,41.72426],[-87.92613,41.7244],[-87.92606,41.72476],[-87.92585,41.72489],[-87.92547,41.72496],[-87.9251,41.72477],[-87.92482,41.72494],[-87.92454,41.72494],[-87.92453,41.72564],[-87.92348,41.72544],[-87.92381,41.72449],[-87.92439,41.72412],[-87.9244,41.72369],[-87.92738,41.72362],[-87.92739,41.72429],[-87.92651,41.72426]]],[[[-87.9267,41.73366],[-87.92668,41.73391],[-87.92461,41.73385],[-87.92459,41.73327],[-87.92582,41.73326],[-87.92614,41.73246],[-87.92666,41.73243],[-87.92689,41.73272],[-87.92741,41.73251],[-87.92745,41.73363],[-87.9267,41.73366]]],[[[-87.92548,41.68717],[-87.92546,41.68651],[-87.92447,41.68606],[-87.92459,41.68587],[-87.92434,41.68519],[-87.92671,41.68517],[-87.92677,41.68716],[-87.92548,41.68717]]],[[[-87.93015,41.75922],[-87.93017,41.76],[-87.92563,41.76006],[-87.92557,41.75839],[-87.92599,41.7583],[-87.92612,41.7581],[-87.92788,41.75807],[-87.92863,41.75746],[-87.92867,41.7573],[-87.92866,41.75695],[-87.92834,41.75661],[-87.92618,41.75665],[-87.92612,41.75538],[-87.92636,41.75528],[-87.92634,41.75458],[-87.93023,41.75453],[-87.93034,41.75921],[-87.93015,41.75922]]],[[[-87.93107,41.78055],[-87.93058,41.78058],[-87.93062,41.78101],[-87.93035,41.7811],[-87.9302,41.78094],[-87.93002,41.78095],[-87.93005,41.78133],[-87.92965,41.78121],[-87.92948,41.78103],[-87.92895,41.781],[-87.92886,41.78178],[-87.9287,41.78178],[-87.92868,41.77963],[-87.92645,41.77972],[-87.92646,41.77909],[-87.92689,41.7792],[-87.92655,41.7793],[-87.92668,41.7796],[-87.92992,41.77954],[-87.93005,41.77932],[-87.93052,41.77945],[-87.931,41.77959],[-87.93102,41.77977],[-87.93079,41.7796],[-87.92881,41.77974],[-87.92885,41.78004],[-87.92935,41.78019],[-87.92967,41.78008],[-87.92974,41.78029],[-87.93003,41.78025],[-87.93001,41.78044],[-87.93107,41.78043],[-87.93107,41.78055]]],[[[-87.92959,41.85987],[-87.92835,41.86094],[-87.92807,41.86097],[-87.92878,41.8588],[-87.92943,41.85819],[-87.92971,41.85879],[-87.92979,41.85952],[-87.92959,41.85987]]],[[[-87.933,41.91763],[-87.93299,41.91795],[-87.93232,41.91797],[-87.93232,41.91826],[-87.93088,41.91828],[-87.93007,41.91772],[-87.92932,41.91773],[-87.92932,41.9172],[-87.93005,41.91719],[-87.93005,41.91674],[-87.93184,41.91667],[-87.93185,41.91684],[-87.93303,41.91683],[-87.93305,41.91699],[-87.93356,41.91698],[-87.93358,41.91763],[-87.933,41.91763]]],[[[-87.9387,41.86094],[-87.9337,41.86103],[-87.93321,41.86085],[-87.93246,41.86001],[-87.93123,41.85956],[-87.93096,41.85913],[-87.93075,41.85778],[-87.93089,41.85743],[-87.93146,41.85691],[-87.93317,41.85608],[-87.93391,41.85545],[-87.9339,41.85815],[-87.93881,41.85799],[-87.9387,41.86094]]],[[[-87.93313,41.95077],[-87.93313,41.94875],[-87.93471,41.94873],[-87.93474,41.95075],[-87.93313,41.95077]]],[[[-87.93403,41.77367],[-87.93319,41.77442],[-87.93106,41.77443],[-87.93103,41.77364],[-87.93311,41.77362],[-87.93359,41.7732],[-87.93476,41.77305],[-87.93475,41.772],[-87.93555,41.77197],[-87.93563,41.77328],[-87.93403,41.77367]]],[[[-87.93373,41.85023],[-87.93327,41.8512],[-87.93397,41.85196],[-87.93331,41.85239],[-87.93265,41.85253],[-87.93264,41.85218],[-87.93226,41.85219],[-87.93219,41.85101],[-87.93258,41.85105],[-87.93258,41.85144],[-87.93281,41.85165],[-87.93273,41.8518],[-87.93322,41.85222],[-87.93368,41.85195],[-87.93297,41.85132],[-87.93295,41.85113],[-87.93371,41.84987],[-87.93264,41.84985],[-87.93265,41.85006],[-87.93244,41.85007],[-87.93245,41.84899],[-87.93315,41.84849],[-87.93433,41.84951],[-87.93373,41.85023]]],[[[-87.93823,41.88091],[-87.938,41.88137],[-87.93264,41.87982],[-87.93738,41.87968],[-87.93739,41.87928],[-87.93814,41.87925],[-87.93882,41.88089],[-87.93823,41.88091]]],[[[-87.9353,41.79494],[-87.93449,41.7956],[-87.93449,41.79588],[-87.93362,41.7959],[-87.93362,41.79622],[-87.93219,41.79624],[-87.93213,41.7946],[-87.93346,41.79457],[-87.93362,41.79446],[-87.93359,41.79412],[-87.93427,41.79411],[-87.93422,41.79278],[-87.93637,41.79273],[-87.93647,41.79492],[-87.9353,41.79494]]],[[[-87.93507,41.92802],[-87.93506,41.92841],[-87.93468,41.92842],[-87.93471,41.92713],[-87.93531,41.92712],[-87.93529,41.92619],[-87.93658,41.92618],[-87.93662,41.92555],[-87.9372,41.92554],[-87.9373,41.92795],[-87.93507,41.92802]]],[[[-87.93754,41.85476],[-87.93638,41.85436],[-87.93602,41.85451],[-87.93602,41.85467],[-87.93538,41.85467],[-87.93501,41.85439],[-87.93425,41.85442],[-87.93455,41.85366],[-87.9352,41.85307],[-87.93563,41.85336],[-87.93694,41.85377],[-87.93717,41.85406],[-87.93786,41.85434],[-87.93754,41.85476]]],[[[-87.935,41.65005],[-87.93402,41.6501],[-87.93403,41.65074],[-87.93179,41.65077],[-87.93152,41.64725],[-87.93497,41.64716],[-87.935,41.65005]]],[[[-87.93423,41.80888],[-87.9342,41.8077],[-87.93705,41.80763],[-87.93709,41.80882],[-87.93423,41.80888]]],[[[-87.93614,41.67062],[-87.93577,41.67074],[-87.93509,41.67047],[-87.93551,41.67011],[-87.93577,41.66974],[-87.93572,41.6696],[-87.93462,41.67009],[-87.93382,41.67029],[-87.93348,41.67071],[-87.93235,41.6707],[-87.93235,41.66928],[-87.93253,41.6691],[-87.93344,41.66908],[-87.93351,41.66987],[-87.93484,41.66976],[-87.93512,41.6696],[-87.93539,41.66915],[-87.93596,41.66914],[-87.93616,41.6692],[-87.93632,41.67041],[-87.93614,41.67062]]],[[[-87.93999,41.8399],[-87.93596,41.83983],[-87.93619,41.83967],[-87.93618,41.83898],[-87.93513,41.83631],[-87.93577,41.83588],[-87.93636,41.83589],[-87.93642,41.83616],[-87.93594,41.83619],[-87.93589,41.83632],[-87.93588,41.83714],[-87.93639,41.83743],[-87.93618,41.83752],[-87.9362,41.83852],[-87.93708,41.83855],[-87.93748,41.8384],[-87.93798,41.83858],[-87.93811,41.83852],[-87.93775,41.83828],[-87.9379,41.83799],[-87.93922,41.83772],[-87.93999,41.83768],[-87.93999,41.8399]]],[[[-87.93885,41.85427],[-87.9375,41.85405],[-87.9371,41.85364],[-87.93591,41.85308],[-87.93622,41.85287],[-87.93822,41.85272],[-87.93843,41.85315],[-87.93883,41.85345],[-87.93885,41.85427]]],[[[-87.93618,41.67325],[-87.93635,41.67346],[-87.93622,41.67353],[-87.93534,41.67355],[-87.93509,41.67372],[-87.93398,41.67374],[-87.93354,41.67358],[-87.93404,41.67306],[-87.93409,41.67287],[-87.93376,41.67243],[-87.93398,41.67219],[-87.93481,41.67224],[-87.935,41.67205],[-87.9349,41.67163],[-87.93459,41.67123],[-87.93428,41.67106],[-87.9346,41.67073],[-87.93506,41.67073],[-87.93603,41.67171],[-87.93638,41.67303],[-87.93618,41.67325]]],[[[-87.93999,41.83517],[-87.93967,41.83575],[-87.93903,41.83548],[-87.939,41.83529],[-87.9386,41.83526],[-87.93854,41.83509],[-87.93837,41.83509],[-87.93838,41.83536],[-87.93821,41.83535],[-87.93825,41.83456],[-87.93808,41.83438],[-87.93834,41.83402],[-87.93861,41.83399],[-87.93856,41.8338],[-87.9388,41.8336],[-87.9387,41.83292],[-87.93848,41.83289],[-87.9398,41.8329],[-87.93999,41.83304],[-87.93999,41.83517]]],[[[-87.94,41.71238],[-87.93979,41.71239],[-87.93946,41.71198],[-87.93979,41.71173],[-87.93964,41.71112],[-87.93921,41.71133],[-87.93912,41.71169],[-87.93964,41.71237],[-87.93856,41.7124],[-87.93855,41.71199],[-87.93818,41.71191],[-87.93794,41.71241],[-87.93686,41.71246],[-87.94,41.71008],[-87.94,41.71238]]],[[[-87.94,41.66537],[-87.9392,41.66547],[-87.93872,41.66587],[-87.93792,41.66817],[-87.93818,41.66824],[-87.93868,41.66747],[-87.93917,41.66767],[-87.93926,41.66806],[-87.93902,41.66813],[-87.93871,41.66865],[-87.93791,41.66898],[-87.93765,41.66805],[-87.93774,41.6674],[-87.93762,41.66727],[-87.93725,41.66725],[-87.93718,41.66701],[-87.93803,41.66707],[-87.93828,41.66634],[-87.9381,41.66623],[-87.93686,41.6661],[-87.93669,41.6659],[-87.9367,41.66541],[-87.93709,41.66533],[-87.93729,41.6654],[-87.93723,41.66574],[-87.93704,41.66585],[-87.93718,41.66593],[-87.93778,41.66585],[-87.93795,41.66532],[-87.94,41.66527],[-87.94,41.66537]]],[[[-87.94,41.67374],[-87.93838,41.67387],[-87.9377,41.6737],[-87.93732,41.67386],[-87.9371,41.67375],[-87.93696,41.67245],[-87.93746,41.6723],[-87.93843,41.6724],[-87.93864,41.67223],[-87.93876,41.67177],[-87.93873,41.67155],[-87.93826,41.67128],[-87.93805,41.67088],[-87.93733,41.671],[-87.9368,41.67081],[-87.9368,41.66945],[-87.93697,41.6694],[-87.93729,41.66973],[-87.93735,41.66988],[-87.9372,41.67007],[-87.93744,41.67062],[-87.93797,41.67066],[-87.93858,41.67054],[-87.9386,41.67115],[-87.93875,41.67138],[-87.93903,41.67142],[-87.93925,41.67179],[-87.93917,41.67239],[-87.94,41.67239],[-87.94,41.67374]]]]}}]}