{"type":"FeatureCollection","features":[{"type":"Feature","properties":{"name":"Lincoln (Abraham) Park","kind":"park","areaKm2":4.3261,"osmId":11610689},"geometry":{"type":"MultiPolygon","coordinates":[[[[-87.64422,41.95082],[-87.64449,41.95162],[-87.64448,41.95271],[-87.64407,41.9546],[-87.64392,41.95456],[-87.6439,41.95443],[-87.64438,41.95307],[-87.64436,41.95255],[-87.64443,41.95253],[-87.64349,41.94994],[-87.64316,41.94946],[-87.64297,41.94892],[-87.64261,41.94865],[-87.64275,41.94845],[-87.64422,41.95082]]],[[[-87.64624,41.95869],[-87.64558,41.95642],[-87.64552,41.95592],[-87.64619,41.95761],[-87.64662,41.9594],[-87.64677,41.96162],[-87.64649,41.96056],[-87.64624,41.95869]]],[[[-87.64757,41.96504],[-87.64716,41.96436],[-87.64697,41.96339],[-87.64699,41.96288],[-87.64711,41.96255],[-87.64778,41.9634],[-87.6482,41.96412],[-87.64852,41.96542],[-87.64805,41.96547],[-87.64757,41.96504]]],[[[-87.63971,41.96519],[-87.63911,41.96481],[-87.63911,41.9647],[-87.6389,41.96462],[-87.63874,41.96442],[-87.63855,41.96387],[-87.63878,41.96344],[-87.63904,41.96312],[-87.63961,41.96288],[-87.63981,41.96294],[-87.64001,41.96286],[-87.64238,41.96252],[-87.64547,41.96217],[-87.64604,41.96275],[-87.64644,41.96352],[-87.6466,41.96464],[-87.64635,41.96565],[-87.64614,41.96573],[-87.64374,41.96605],[-87.6433,41.96623],[-87.64286,41.96658],[-87.63971,41.96519]]],[[[-87.64855,41.96888],[-87.64816,41.96836],[-87.6478,41.96715],[-87.64782,41.96644],[-87.64802,41.96573],[-87.64818,41.96562],[-87.64852,41.96558],[-87.64954,41.96908],[-87.64894,41.96918],[-87.64855,41.96888]]],[[[-87.64259,41.96748],[-87.64259,41.9671],[-87.64282,41.96687],[-87.64341,41.9672],[-87.64434,41.96801],[-87.64369,41.96838],[-87.64259,41.96748]]],[[[-87.64623,41.96589],[-87.64646,41.96594],[-87.64715,41.96682],[-87.64742,41.96784],[-87.64742,41.96862],[-87.64715,41.96942],[-87.64578,41.96955],[-87.6453,41.96874],[-87.64459,41.96795],[-87.64508,41.96768],[-87.64497,41.96758],[-87.64496,41.96767],[-87.64454,41.9679],[-87.64394,41.96737],[-87.64305,41.96673],[-87.64334,41.96643],[-87.64367,41.96626],[-87.64623,41.96589]]],[[[-87.64501,41.96969],[-87.64466,41.96957],[-87.64374,41.96851],[-87.64376,41.96843],[-87.6444,41.96806],[-87.64559,41.96944],[-87.64565,41.96962],[-87.64501,41.96969]]],[[[-87.65088,41.97322],[-87.65176,41.97551],[-87.65201,41.97638],[-87.65129,41.97629],[-87.6509,41.97601],[-87.64979,41.97431],[-87.64931,41.97328],[-87.64924,41.97277],[-87.64885,41.97179],[-87.64865,41.97086],[-87.64869,41.96999],[-87.64884,41.9695],[-87.64897,41.96935],[-87.64958,41.96927],[-87.65088,41.97322]]],[[[-87.64803,41.97062],[-87.6486,41.97285],[-87.64909,41.97433],[-87.64955,41.97666],[-87.64941,41.97679],[-87.64877,41.97671],[-87.64756,41.97619],[-87.6473,41.97597],[-87.64716,41.97568],[-87.64708,41.97333],[-87.64693,41.97229],[-87.64642,41.97069],[-87.6459,41.96975],[-87.64714,41.96954],[-87.64768,41.97003],[-87.64803,41.97062]]],[[[-87.65361,41.9835],[-87.65336,41.98251],[-87.65249,41.98042],[-87.65077,41.97661],[-87.65154,41.97652],[-87.65155,41.97704],[-87.65196,41.97853],[-87.65433,41.97849],[-87.65441,41.97864],[-87.6533,41.97872],[-87.65374,41.9796],[-87.65405,41.98133],[-87.65413,41.98379],[-87.65375,41.98367],[-87.65361,41.9835]]],[[[-87.65339,41.98519],[-87.65322,41.98493],[-87.65321,41.98395],[-87.65411,41.98393],[-87.6541,41.98549],[-87.65364,41.98537],[-87.65339,41.98519]]],[[[-87.63175,41.91325],[-87.6308,41.91313],[-87.62892,41.9123],[-87.62839,41.91216],[-87.62762,41.91214],[-87.627,41.91222],[-87.62638,41.91117],[-87.6269,41.91116],[-87.62665,41.91137],[-87.6267,41.91148],[-87.62685,41.91154],[-87.62698,41.9115],[-87.62717,41.91129],[-87.63156,41.91126],[-87.63262,41.91297],[-87.63257,41.91306],[-87.63175,41.91325]]],[[[-87.63564,41.92009],[-87.63537,41.91969],[-87.63479,41.91909],[-87.63454,41.9185],[-87.63417,41.91694],[-87.63389,41.9165],[-87.63306,41.91568],[-87.63273,41.91501],[-87.63198,41.91424],[-87.63184,41.9139],[-87.6319,41.91351],[-87.63274,41.9133],[-87.63282,41.91334],[-87.63618,41.91881],[-87.63629,41.91911],[-87.63636,41.92011],[-87.63564,41.92009]]],[[[-87.63112,41.92474],[-87.63079,41.92394],[-87.62997,41.92139],[-87.62977,41.9204],[-87.62909,41.91809],[-87.62758,41.91483],[-87.62729,41.91294],[-87.62747,41.91262],[-87.62784,41.91246],[-87.62869,41.91252],[-87.63037,41.91327],[-87.63159,41.91357],[-87.63191,41.91434],[-87.63261,41.915],[-87.6328,41.91552],[-87.63304,41.91585],[-87.63399,41.91689],[-87.63415,41.91727],[-87.63453,41.91889],[-87.63478,41.91931],[-87.63529,41.9198],[-87.63552,41.92026],[-87.63574,41.92483],[-87.63593,41.92558],[-87.63372,41.92566],[-87.63351,41.92534],[-87.63335,41.92539],[-87.63346,41.92569],[-87.6319,41.92589],[-87.63112,41.92474]]],[[[-87.6358,41.92189],[-87.63569,41.92031],[-87.63582,41.92024],[-87.63632,41.9202],[-87.63638,41.92193],[-87.63587,41.92196],[-87.6358,41.92189]]],[[[-87.63589,41.92479],[-87.6358,41.92214],[-87.63589,41.92205],[-87.63637,41.92204],[-87.63649,41.92556],[-87.6361,41.92558],[-87.63589,41.92479]]],[[[-87.63512,41.92817],[-87.63396,41.9262],[-87.63382,41.9258],[-87.63597,41.92576],[-87.63613,41.92596],[-87.63668,41.92608],[-87.6376,41.92656],[-87.63816,41.92701],[-87.63855,41.9275],[-87.63878,41.92812],[-87.63868,41.92969],[-87.63892,41.93151],[-87.63888,41.93192],[-87.63871,41.93215],[-87.6386,41.93216],[-87.63759,41.93152],[-87.63701,41.93083],[-87.63512,41.92817]]],[[[-87.63909,41.93162],[-87.63884,41.92999],[-87.63897,41.92867],[-87.63886,41.9278],[-87.63862,41.92735],[-87.63808,41.92676],[-87.63681,41.926],[-87.63625,41.92586],[-87.63628,41.92573],[-87.63782,41.92567],[-87.63905,41.92571],[-87.63925,41.93263],[-87.63888,41.9323],[-87.63909,41.93162]]],[[[-87.63696,41.93141],[-87.63713,41.93126],[-87.63763,41.93172],[-87.63878,41.93247],[-87.63917,41.93287],[-87.63725,41.93287],[-87.6365,41.93283],[-87.63639,41.9327],[-87.63696,41.93141]]],[[[-87.63842,41.93972],[-87.63704,41.93892],[-87.63412,41.93679],[-87.63332,41.93593],[-87.63262,41.93476],[-87.63236,41.93406],[-87.6322,41.93313],[-87.6323,41.92947],[-87.63196,41.92764],[-87.63194,41.92612],[-87.63202,41.92605],[-87.63347,41.92585],[-87.63362,41.92591],[-87.63518,41.92852],[-87.637,41.93111],[-87.63598,41.93312],[-87.63503,41.93328],[-87.63287,41.93324],[-87.63287,41.9333],[-87.63257,41.93321],[-87.63248,41.93337],[-87.63259,41.93343],[-87.63287,41.93335],[-87.63287,41.93341],[-87.63496,41.93345],[-87.63603,41.93328],[-87.63648,41.93407],[-87.63661,41.93451],[-87.63671,41.93616],[-87.63684,41.93686],[-87.63745,41.93824],[-87.63842,41.93972]]],[[[-87.64626,41.97341],[-87.64615,41.97285],[-87.64574,41.97194],[-87.64522,41.97108],[-87.64457,41.97021],[-87.64374,41.96931],[-87.63484,41.96668],[-87.63385,41.96652],[-87.6328,41.96649],[-87.63222,41.96659],[-87.63182,41.96677],[-87.6315,41.96754],[-87.63097,41.96843],[-87.63116,41.96873],[-87.63139,41.9688],[-87.63161,41.96878],[-87.63191,41.96852],[-87.6319,41.96835],[-87.63176,41.96819],[-87.63183,41.96815],[-87.63199,41.96837],[-87.63195,41.96861],[-87.63175,41.9688],[-87.63138,41.96886],[-87.63107,41.96875],[-87.6309,41.96854],[-87.63093,41.96827],[-87.63126,41.9678],[-87.63171,41.96687],[-87.63193,41.9657],[-87.63192,41.96506],[-87.63167,41.96401],[-87.63133,41.96378],[-87.63102,41.96332],[-87.63103,41.96294],[-87.63121,41.96267],[-87.63174,41.96232],[-87.63342,41.96176],[-87.6343,41.96136],[-87.63573,41.9601],[-87.63674,41.95952],[-87.6374,41.95938],[-87.63818,41.95936],[-87.63885,41.95942],[-87.64009,41.95969],[-87.64029,41.95921],[-87.64158,41.95933],[-87.64168,41.95837],[-87.64106,41.95522],[-87.64073,41.9541],[-87.63989,41.95214],[-87.63848,41.94912],[-87.63749,41.94736],[-87.63613,41.94563],[-87.635,41.94443],[-87.63303,41.94259],[-87.63303,41.94238],[-87.63314,41.94225],[-87.63343,41.94216],[-87.63375,41.94226],[-87.63435,41.94187],[-87.63435,41.94175],[-87.63408,41.94169],[-87.63389,41.94148],[-87.63385,41.94041],[-87.63356,41.93939],[-87.6331,41.93829],[-87.63297,41.93824],[-87.6328,41.93799],[-87.63285,41.93793],[-87.63226,41.93717],[-87.63192,41.93608],[-87.63181,41.93586],[-87.63167,41.93584],[-87.63149,41.93527],[-87.6305,41.93409],[-87.63018,41.93355],[-87.63018,41.93324],[-87.63029,41.93309],[-87.63072,41.93287],[-87.63069,41.93253],[-87.63112,41.93254],[-87.63124,41.9324],[-87.63091,41.93223],[-87.63067,41.93187],[-87.63096,41.93059],[-87.63093,41.92945],[-87.63051,41.92829],[-87.63024,41.92786],[-87.62945,41.92697],[-87.62896,41.92595],[-87.62885,41.92525],[-87.62892,41.92492],[-87.62914,41.92469],[-87.62995,41.92416],[-87.63003,41.92399],[-87.62953,41.9225],[-87.62839,41.92312],[-87.62834,41.92308],[-87.62953,41.92242],[-87.62929,41.92183],[-87.62861,41.92099],[-87.62775,41.92141],[-87.62771,41.92136],[-87.62877,41.92086],[-87.62851,41.92041],[-87.6278,41.91959],[-87.62737,41.9198],[-87.62733,41.91975],[-87.62827,41.9193],[-87.62713,41.91814],[-87.62685,41.9183],[-87.62681,41.91826],[-87.6276,41.9178],[-87.62723,41.91741],[-87.62631,41.9167],[-87.6261,41.91684],[-87.62605,41.9168],[-87.62657,41.91646],[-87.62593,41.9159],[-87.62402,41.91456],[-87.62303,41.91403],[-87.62216,41.91378],[-87.62155,41.91374],[-87.62064,41.91389],[-87.62025,41.91386],[-87.62029,41.91466],[-87.62019,41.91459],[-87.62017,41.91395],[-87.62047,41.91341],[-87.62083,41.91316],[-87.62119,41.91302],[-87.62254,41.91281],[-87.62326,41.91249],[-87.62468,41.91139],[-87.62474,41.91073],[-87.62511,41.91025],[-87.62507,41.90877],[-87.62482,41.90754],[-87.62359,41.90409],[-87.62229,41.90306],[-87.6218,41.90242],[-87.62167,41.90197],[-87.6199,41.90155],[-87.61923,41.90109],[-87.61497,41.89475],[-87.61386,41.89333],[-87.6125,41.89374],[-87.61161,41.89389],[-87.61212,41.89312],[-87.6139,41.8931],[-87.61575,41.89557],[-87.61951,41.90112],[-87.62014,41.9014],[-87.62185,41.90157],[-87.62245,41.90171],[-87.62315,41.90205],[-87.62357,41.9024],[-87.62368,41.90302],[-87.62427,41.90433],[-87.62555,41.90934],[-87.62562,41.91117],[-87.62543,41.91253],[-87.62556,41.91307],[-87.62586,41.91335],[-87.62573,41.91355],[-87.62528,41.91384],[-87.62544,41.91401],[-87.62569,41.91401],[-87.62583,41.9139],[-87.62583,41.91369],[-87.62596,41.91355],[-87.62603,41.91393],[-87.62708,41.91502],[-87.62837,41.91738],[-87.62882,41.91852],[-87.63056,41.92475],[-87.6306,41.92615],[-87.63042,41.9262],[-87.63019,41.92601],[-87.63004,41.92606],[-87.63,41.92619],[-87.63018,41.9263],[-87.63054,41.9263],[-87.63068,41.92636],[-87.63156,41.92782],[-87.63173,41.92842],[-87.63187,41.93029],[-87.63179,41.9332],[-87.6322,41.93473],[-87.63255,41.9355],[-87.6335,41.93666],[-87.63446,41.9375],[-87.63661,41.93906],[-87.63797,41.94053],[-87.63703,41.93957],[-87.63661,41.9394],[-87.63642,41.93922],[-87.63636,41.93939],[-87.63706,41.93967],[-87.63789,41.94061],[-87.63809,41.94066],[-87.63913,41.94194],[-87.64261,41.94822],[-87.64266,41.94839],[-87.64253,41.94857],[-87.63965,41.94688],[-87.63732,41.94603],[-87.63628,41.9446],[-87.63553,41.9432],[-87.63529,41.94321],[-87.6352,41.94338],[-87.63546,41.94346],[-87.63614,41.94462],[-87.6362,41.9446],[-87.63715,41.94599],[-87.63749,41.94622],[-87.63746,41.94627],[-87.63889,41.94672],[-87.63892,41.94667],[-87.63951,41.9469],[-87.64286,41.94893],[-87.64296,41.94934],[-87.6425,41.94961],[-87.64197,41.9498],[-87.64107,41.94998],[-87.64034,41.94969],[-87.63961,41.94974],[-87.63963,41.9498],[-87.64033,41.94975],[-87.64083,41.94999],[-87.64112,41.95003],[-87.64225,41.94977],[-87.64303,41.94943],[-87.64332,41.94996],[-87.64327,41.95],[-87.64417,41.95247],[-87.64423,41.95245],[-87.64427,41.95257],[-87.6443,41.95299],[-87.64379,41.95453],[-87.64419,41.95487],[-87.64531,41.95721],[-87.64563,41.95809],[-87.64594,41.95944],[-87.64595,41.96042],[-87.64546,41.96201],[-87.63956,41.96275],[-87.63892,41.96303],[-87.63838,41.96359],[-87.63594,41.96313],[-87.63547,41.96297],[-87.63503,41.96252],[-87.635,41.96196],[-87.63545,41.9613],[-87.63614,41.96073],[-87.63706,41.96028],[-87.63809,41.96004],[-87.63912,41.96002],[-87.63939,41.9601],[-87.63969,41.96035],[-87.63993,41.96022],[-87.6399,41.96009],[-87.63978,41.96002],[-87.63903,41.95989],[-87.63854,41.95989],[-87.63777,41.95997],[-87.63669,41.9603],[-87.63665,41.96025],[-87.63584,41.96069],[-87.63521,41.96136],[-87.6349,41.96183],[-87.63482,41.96233],[-87.63475,41.96234],[-87.63481,41.96255],[-87.63488,41.96255],[-87.63524,41.96297],[-87.63569,41.96319],[-87.63843,41.96372],[-87.63838,41.96404],[-87.63847,41.96435],[-87.63868,41.96468],[-87.63907,41.96502],[-87.63962,41.96534],[-87.64159,41.96616],[-87.64268,41.96673],[-87.6424,41.96723],[-87.64247,41.96756],[-87.64349,41.96844],[-87.64452,41.96962],[-87.64489,41.96979],[-87.64562,41.96974],[-87.64575,41.96981],[-87.6464,41.97106],[-87.64671,41.9723],[-87.64688,41.97362],[-87.64694,41.97559],[-87.64703,41.97585],[-87.64726,41.97619],[-87.64868,41.97684],[-87.64932,41.9769],[-87.65023,41.97679],[-87.652,41.9806],[-87.6523,41.98176],[-87.65201,41.9836],[-87.65204,41.98394],[-87.65257,41.98394],[-87.65265,41.98491],[-87.65293,41.98529],[-87.65351,41.98562],[-87.65413,41.98569],[-87.65432,41.98729],[-87.65429,41.98898],[-87.65421,41.98898],[-87.65424,41.98891],[-87.65382,41.98839],[-87.65342,41.98801],[-87.65058,41.98599],[-87.64977,41.98569],[-87.64937,41.9864],[-87.6503,41.98452],[-87.65067,41.98336],[-87.65076,41.98245],[-87.65062,41.9804],[-87.65023,41.97972],[-87.64865,41.97828],[-87.64839,41.97783],[-87.6474,41.97777],[-87.64697,41.97765],[-87.64666,41.97745],[-87.64639,41.977],[-87.64626,41.97341]]],[[[-87.62054,41.91481],[-87.62101,41.91478],[-87.62053,41.91485],[-87.62029,41.91466],[-87.62054,41.91481]]]]}},{"type":"Feature","properties":{"name":"William W. Powers State Recreation Area","kind":"park","areaKm2":2.6223,"osmId":229731721},"geometry":{"type":"Polygon","coordinates":[[[-87.52475,41.67572],[-87.52476,41.67353],[-87.52487,41.6733],[-87.52492,41.67271],[-87.52501,41.66807],[-87.52495,41.66781],[-87.52479,41.66778],[-87.52476,41.66765],[-87.52496,41.66748],[-87.52508,41.66207],[-87.52508,41.6618],[-87.5249,41.6617],[-87.52481,41.65672],[-87.52513,41.65665],[-87.52523,41.65562],[-87.52516,41.65546],[-87.52524,41.65538],[-87.52517,41.65452],[-87.52475,41.65373],[-87.52476,41.65021],[-87.5252,41.65045],[-87.52581,41.65063],[-87.52582,41.65192],[-87.52617,41.65192],[-87.52757,41.65399],[-87.5276,41.65442],[-87.52875,41.65615],[-87.52955,41.65708],[-87.52982,41.65709],[-87.52997,41.65722],[-87.53094,41.65644],[-87.53113,41.65647],[-87.53124,41.65659],[-87.53186,41.65686],[-87.53188,41.65671],[-87.53126,41.6564],[-87.53116,41.65645],[-87.53114,41.65633],[-87.53208,41.65562],[-87.53193,41.65547],[-87.5321,41.65498],[-87.53236,41.65491],[-87.53276,41.6546],[-87.53275,41.65421],[-87.53372,41.65421],[-87.53372,41.6537],[-87.53555,41.65372],[-87.53558,41.65537],[-87.53596,41.65542],[-87.53573,41.65546],[-87.53578,41.65553],[-87.53633,41.65556],[-87.53629,41.65577],[-87.53583,41.65581],[-87.53575,41.6559],[-87.53637,41.65592],[-87.53646,41.65597],[-87.53646,41.65613],[-87.53534,41.65612],[-87.53541,41.65647],[-87.53681,41.65651],[-87.5369,41.65656],[-87.53678,41.65665],[-87.53594,41.65665],[-87.53583,41.65669],[-87.53584,41.65682],[-87.53682,41.65683],[-87.53686,41.65796],[-87.53736,41.65803],[-87.53736,41.65816],[-87.53757,41.65816],[-87.53757,41.65831],[-87.53803,41.65832],[-87.53803,41.65888],[-87.53862,41.65888],[-87.53863,41.6592],[-87.53978,41.65919],[-87.53977,41.66304],[-87.53863,41.66866],[-87.53883,41.66956],[-87.53915,41.67019],[-87.53853,41.67151],[-87.53811,41.67219],[-87.53564,41.67574],[-87.52475,41.67572]]]}},{"type":"Feature","properties":{"name":"Jackson Park","kind":"park","areaKm2":2.0888,"osmId":2914324},"geometry":{"type":"MultiPolygon","coordinates":[[[[-87.58608,41.77513],[-87.58498,41.77513],[-87.58514,41.77453],[-87.58565,41.77384],[-87.58584,41.77342],[-87.58606,41.77345],[-87.58608,41.77513]]],[[[-87.58567,41.7769],[-87.58532,41.77773],[-87.58536,41.77693],[-87.585,41.7753],[-87.58609,41.77523],[-87.58609,41.7762],[-87.58567,41.7769]]],[[[-87.57982,41.77926],[-87.57975,41.77888],[-87.57929,41.77789],[-87.57902,41.77698],[-87.5791,41.77651],[-87.57947,41.77609],[-87.57992,41.77588],[-87.58049,41.77577],[-87.58285,41.77572],[-87.58419,41.7754],[-87.58483,41.77534],[-87.58519,41.77675],[-87.58522,41.77745],[-87.58478,41.77896],[-87.58489,41.77898],[-87.58462,41.77959],[-87.58432,41.77995],[-87.58363,41.7803],[-87.58285,41.78041],[-87.58171,41.7802],[-87.58052,41.77983],[-87.57974,41.77975],[-87.57967,41.77968],[-87.57982,41.77926]]],[[[-87.58633,41.78049],[-87.58565,41.78059],[-87.58506,41.78053],[-87.58463,41.78038],[-87.58437,41.78018],[-87.58483,41.77962],[-87.58564,41.77728],[-87.58613,41.77636],[-87.58633,41.78049]]],[[[-87.58661,41.79146],[-87.58564,41.79158],[-87.58552,41.79146],[-87.58547,41.78975],[-87.58511,41.78886],[-87.5851,41.78857],[-87.5852,41.7883],[-87.5855,41.788],[-87.58626,41.78773],[-87.58647,41.78772],[-87.58654,41.78779],[-87.58661,41.79146]]],[[[-87.58651,41.79334],[-87.58398,41.79334],[-87.58399,41.79275],[-87.58507,41.79246],[-87.58539,41.79219],[-87.58554,41.79178],[-87.58566,41.7917],[-87.58664,41.79163],[-87.58651,41.79334]]],[[[-87.58215,41.7934],[-87.58218,41.79275],[-87.58381,41.79278],[-87.58382,41.79337],[-87.58215,41.7934]]],[[[-87.57538,41.77352],[-87.57632,41.77353],[-87.57638,41.77358],[-87.57619,41.77408],[-87.57545,41.77474],[-87.57502,41.77525],[-87.57343,41.77525],[-87.57117,41.77552],[-87.57044,41.77544],[-87.56972,41.77522],[-87.56906,41.77487],[-87.56827,41.77429],[-87.5671,41.77366],[-87.57538,41.77352]]],[[[-87.5756,41.77489],[-87.57642,41.77409],[-87.57663,41.77353],[-87.58567,41.77344],[-87.58553,41.77379],[-87.585,41.77451],[-87.5848,41.77519],[-87.58303,41.77557],[-87.58088,41.77561],[-87.57911,41.77585],[-87.57814,41.77588],[-87.57674,41.77569],[-87.57549,41.77533],[-87.57541,41.77519],[-87.5756,41.77489]]],[[[-87.57919,41.77802],[-87.57968,41.77908],[-87.57952,41.77974],[-87.57655,41.78055],[-87.57587,41.78063],[-87.57488,41.78058],[-87.57496,41.77989],[-87.57575,41.77867],[-87.57595,41.77801],[-87.57588,41.77729],[-87.57534,41.77604],[-87.57533,41.77556],[-87.57555,41.77552],[-87.57675,41.77582],[-87.57821,41.77607],[-87.5787,41.77646],[-87.57919,41.77802]]],[[[-87.57307,41.78212],[-87.57042,41.78113],[-87.56843,41.78163],[-87.56768,41.78462],[-87.56756,41.7846],[-87.56832,41.78157],[-87.5711,41.7809],[-87.57309,41.78026],[-87.57293,41.77991],[-87.5724,41.77983],[-87.57255,41.77949],[-87.57223,41.77922],[-87.57179,41.77858],[-87.57005,41.77718],[-87.56912,41.77672],[-87.56861,41.77637],[-87.56835,41.77609],[-87.56691,41.77424],[-87.56629,41.77366],[-87.56628,41.7735],[-87.56656,41.77327],[-87.56664,41.77349],[-87.56692,41.77377],[-87.56794,41.77426],[-87.56925,41.77516],[-87.57011,41.7755],[-87.57138,41.77573],[-87.57142,41.77591],[-87.57123,41.77619],[-87.57096,41.77635],[-87.57071,41.77636],[-87.56996,41.77607],[-87.56961,41.77575],[-87.56937,41.77535],[-87.5692,41.77543],[-87.5694,41.77588],[-87.56962,41.77612],[-87.57123,41.77689],[-87.5723,41.77784],[-87.57271,41.77848],[-87.57271,41.77859],[-87.57243,41.77892],[-87.57245,41.77904],[-87.57259,41.77916],[-87.57303,41.77909],[-87.57318,41.77881],[-87.57289,41.7786],[-87.57253,41.77795],[-87.57137,41.7767],[-87.57132,41.77631],[-87.57161,41.77579],[-87.57175,41.77567],[-87.57329,41.7754],[-87.57455,41.77543],[-87.57492,41.77551],[-87.57567,41.77756],[-87.57569,41.77812],[-87.57549,41.77869],[-87.57474,41.77973],[-87.5745,41.7806],[-87.57328,41.78065],[-87.57263,41.78083],[-87.57237,41.78077],[-87.57221,41.78083],[-87.57215,41.78099],[-87.57225,41.7811],[-87.57242,41.78114],[-87.57265,41.78097],[-87.57339,41.7808],[-87.57453,41.78081],[-87.57486,41.78147],[-87.5759,41.78289],[-87.57683,41.7846],[-87.57733,41.78588],[-87.57755,41.78672],[-87.57792,41.78909],[-87.57821,41.78955],[-87.5792,41.79048],[-87.57994,41.79157],[-87.58009,41.79248],[-87.57995,41.79343],[-87.57929,41.79344],[-87.57922,41.79338],[-87.5793,41.79266],[-87.57902,41.79249],[-87.57916,41.79241],[-87.57916,41.79225],[-87.57813,41.79029],[-87.57807,41.78977],[-87.57637,41.78857],[-87.57479,41.78865],[-87.57478,41.7886],[-87.57671,41.7885],[-87.57671,41.78843],[-87.57727,41.78837],[-87.57717,41.78811],[-87.57727,41.7881],[-87.57737,41.78709],[-87.57725,41.78645],[-87.57683,41.78521],[-87.57611,41.78364],[-87.57307,41.78212]]],[[[-87.58647,41.78749],[-87.58549,41.78781],[-87.58506,41.78819],[-87.58492,41.78846],[-87.58491,41.7889],[-87.58519,41.78945],[-87.5853,41.78992],[-87.5853,41.7916],[-87.58515,41.79166],[-87.58419,41.79166],[-87.5842,41.79182],[-87.58525,41.79181],[-87.58524,41.79207],[-87.58485,41.79238],[-87.58412,41.79257],[-87.58188,41.79258],[-87.58055,41.79225],[-87.58041,41.79212],[-87.58018,41.79138],[-87.57955,41.7904],[-87.57918,41.78997],[-87.57854,41.78949],[-87.57819,41.789],[-87.57779,41.78652],[-87.5773,41.78493],[-87.57619,41.78287],[-87.5751,41.78125],[-87.57509,41.78097],[-87.57549,41.78084],[-87.57673,41.78069],[-87.57899,41.77998],[-87.57946,41.7799],[-87.58045,41.77996],[-87.58178,41.78037],[-87.58271,41.78053],[-87.5836,41.78053],[-87.58423,41.78036],[-87.58509,41.78068],[-87.58633,41.78073],[-87.58647,41.78749]]],[[[-87.58027,41.79343],[-87.58046,41.79272],[-87.58061,41.79259],[-87.58197,41.79277],[-87.58198,41.7934],[-87.58027,41.79343]]]]}},{"type":"Feature","properties":{"name":"Washington (George) Park","kind":"park","areaKm2":1.3449,"osmId":21045112},"geometry":{"type":"MultiPolygon","coordinates":[[[[-87.61551,41.7858],[-87.6143,41.78656],[-87.61321,41.78651],[-87.61152,41.7868],[-87.61085,41.78659],[-87.611,41.78584],[-87.61551,41.7858]]],[[[-87.60824,41.79159],[-87.60778,41.79065],[-87.60773,41.78972],[-87.60802,41.78826],[-87.60783,41.78755],[-87.60737,41.78689],[-87.60745,41.7865],[-87.60795,41.7863],[-87.60879,41.78623],[-87.6097,41.78638],[-87.61144,41.78691],[-87.61193,41.78688],[-87.61339,41.78661],[-87.61381,41.78663],[-87.61446,41.78681],[-87.61483,41.78714],[-87.61507,41.78754],[-87.61483,41.78889],[-87.61497,41.79003],[-87.61491,41.79014],[-87.61424,41.79052],[-87.61409,41.79069],[-87.61401,41.791],[-87.61406,41.79155],[-87.61358,41.79223],[-87.61307,41.79352],[-87.61297,41.79356],[-87.61103,41.7931],[-87.60977,41.79269],[-87.60908,41.79233],[-87.60824,41.79159]]],[[[-87.6159,41.79441],[-87.61528,41.79443],[-87.61472,41.79431],[-87.6133,41.79365],[-87.61325,41.79356],[-87.61362,41.79288],[-87.61358,41.79274],[-87.61375,41.79221],[-87.61399,41.79184],[-87.61483,41.791],[-87.61512,41.79019],[-87.61499,41.78882],[-87.61522,41.78753],[-87.61505,41.78718],[-87.61448,41.78662],[-87.61563,41.78589],[-87.6159,41.79441]]],[[[-87.60729,41.80152],[-87.60754,41.80115],[-87.60768,41.80029],[-87.60802,41.79916],[-87.60796,41.79849],[-87.60746,41.797],[-87.60731,41.79609],[-87.60747,41.79501],[-87.60793,41.79431],[-87.60838,41.79396],[-87.60906,41.79362],[-87.60991,41.79336],[-87.61065,41.79329],[-87.61119,41.79332],[-87.61251,41.7936],[-87.61292,41.79385],[-87.61438,41.79437],[-87.61458,41.7947],[-87.61457,41.79545],[-87.61443,41.79632],[-87.61393,41.79782],[-87.61383,41.79945],[-87.61412,41.79987],[-87.61496,41.80052],[-87.61592,41.80203],[-87.60657,41.80219],[-87.60652,41.80179],[-87.60691,41.80174],[-87.60729,41.80152]]],[[[-87.61608,41.80162],[-87.61605,41.8019],[-87.6151,41.80042],[-87.61426,41.79976],[-87.61399,41.79934],[-87.61413,41.79783],[-87.61464,41.79623],[-87.61476,41.79506],[-87.61489,41.7949],[-87.61591,41.79489],[-87.61608,41.80162]]],[[[-87.61083,41.78585],[-87.61085,41.78586],[-87.61077,41.78629],[-87.61062,41.78651],[-87.60897,41.78612],[-87.60818,41.78614],[-87.6072,41.78635],[-87.60618,41.78636],[-87.60613,41.78594],[-87.61083,41.78585]]],[[[-87.607,41.7865],[-87.60711,41.78669],[-87.60706,41.78699],[-87.60692,41.78706],[-87.60617,41.78707],[-87.60618,41.78647],[-87.607,41.7865]]],[[[-87.60733,41.78722],[-87.60761,41.78745],[-87.60777,41.78781],[-87.60786,41.7885],[-87.60756,41.78989],[-87.6076,41.79049],[-87.60782,41.79114],[-87.60773,41.79122],[-87.60691,41.79113],[-87.60626,41.79124],[-87.6062,41.78719],[-87.60733,41.78722]]],[[[-87.60808,41.79235],[-87.60821,41.79187],[-87.60834,41.79189],[-87.60941,41.79268],[-87.61068,41.79313],[-87.60928,41.7934],[-87.60809,41.79394],[-87.60808,41.79235]]],[[[-87.60706,41.79126],[-87.60779,41.79136],[-87.60799,41.79154],[-87.6079,41.79389],[-87.60775,41.79427],[-87.60726,41.79491],[-87.60633,41.79487],[-87.60629,41.79137],[-87.60706,41.79126]]],[[[-87.60634,41.79508],[-87.60722,41.79503],[-87.60728,41.7951],[-87.60716,41.7958],[-87.60722,41.79665],[-87.60782,41.79854],[-87.60788,41.79898],[-87.6073,41.80115],[-87.60705,41.80147],[-87.60658,41.80162],[-87.6065,41.80159],[-87.60647,41.80107],[-87.60634,41.79508]]]]}},{"type":"Feature","properties":{"name":"Burnham Park","kind":"park","areaKm2":1.3283,"osmId":15772174},"geometry":{"type":"MultiPolygon","coordinates":[[[[-87.61585,41.85807],[-87.61509,41.85811],[-87.61458,41.85828],[-87.61398,41.85753],[-87.61381,41.8565],[-87.61335,41.85551],[-87.61355,41.85521],[-87.61405,41.855],[-87.6141,41.85485],[-87.61403,41.85465],[-87.61389,41.85468],[-87.61393,41.85497],[-87.61342,41.85524],[-87.61328,41.85558],[-87.61372,41.85647],[-87.61386,41.85754],[-87.61427,41.85792],[-87.6145,41.85833],[-87.61413,41.85865],[-87.61388,41.85913],[-87.61376,41.85961],[-87.61374,41.86029],[-87.61328,41.86033],[-87.61285,41.86025],[-87.61268,41.8604],[-87.61286,41.86054],[-87.61329,41.86046],[-87.61382,41.86049],[-87.61404,41.86099],[-87.61467,41.86196],[-87.61479,41.8628],[-87.61463,41.86335],[-87.61402,41.86444],[-87.61378,41.86599],[-87.61363,41.86607],[-87.6127,41.86608],[-87.61268,41.86529],[-87.61277,41.8653],[-87.61285,41.86516],[-87.61327,41.86419],[-87.61348,41.86307],[-87.61318,41.86216],[-87.61279,41.86151],[-87.61268,41.86137],[-87.61259,41.86138],[-87.61258,41.86083],[-87.61223,41.86064],[-87.61222,41.86047],[-87.6124,41.86046],[-87.61223,41.86044],[-87.61239,41.86039],[-87.61223,41.86039],[-87.6124,41.86036],[-87.61221,41.86035],[-87.61221,41.86018],[-87.61244,41.86009],[-87.61247,41.85999],[-87.61223,41.85928],[-87.61219,41.85869],[-87.61229,41.85852],[-87.61257,41.8585],[-87.61283,41.85826],[-87.61308,41.85757],[-87.61307,41.85699],[-87.61285,41.8563],[-87.61262,41.85596],[-87.61144,41.85514],[-87.61118,41.85485],[-87.61104,41.85447],[-87.61098,41.85377],[-87.61074,41.85308],[-87.60928,41.85101],[-87.60922,41.8505],[-87.60955,41.84885],[-87.60951,41.84805],[-87.60934,41.84763],[-87.60858,41.84662],[-87.60843,41.84605],[-87.60856,41.84562],[-87.60909,41.84489],[-87.60917,41.84424],[-87.60895,41.84397],[-87.60874,41.84329],[-87.60806,41.84232],[-87.60793,41.84117],[-87.60756,41.84057],[-87.60702,41.84068],[-87.60671,41.84057],[-87.60675,41.84051],[-87.60702,41.84061],[-87.60728,41.84055],[-87.6072,41.84013],[-87.607,41.8399],[-87.60619,41.83943],[-87.60497,41.83891],[-87.60494,41.83883],[-87.60618,41.83855],[-87.60609,41.83729],[-87.60586,41.83646],[-87.60543,41.83579],[-87.60459,41.835],[-87.60458,41.83481],[-87.60478,41.83461],[-87.60489,41.83458],[-87.60504,41.83469],[-87.60521,41.83455],[-87.60506,41.83444],[-87.60494,41.83395],[-87.60468,41.83349],[-87.60438,41.83321],[-87.6039,41.83304],[-87.60345,41.83301],[-87.60316,41.83287],[-87.60274,41.8323],[-87.60277,41.83147],[-87.60247,41.83075],[-87.60161,41.82992],[-87.60014,41.82809],[-87.59811,41.82668],[-87.59771,41.82626],[-87.59751,41.82567],[-87.5977,41.82452],[-87.59757,41.82379],[-87.59739,41.82344],[-87.59683,41.82365],[-87.59673,41.82361],[-87.59734,41.82338],[-87.59691,41.82247],[-87.59591,41.822],[-87.59503,41.82141],[-87.59446,41.82114],[-87.5943,41.82148],[-87.59417,41.82149],[-87.5949,41.82014],[-87.59488,41.82],[-87.59452,41.81956],[-87.59368,41.81901],[-87.5935,41.81881],[-87.593,41.81859],[-87.59262,41.8183],[-87.59222,41.81767],[-87.59212,41.81662],[-87.59192,41.81637],[-87.5912,41.81579],[-87.59082,41.81509],[-87.59028,41.81458],[-87.59014,41.81393],[-87.58998,41.81362],[-87.58948,41.81316],[-87.58946,41.81306],[-87.58935,41.81316],[-87.58914,41.81303],[-87.58916,41.81288],[-87.58865,41.81226],[-87.58828,41.81206],[-87.58774,41.81201],[-87.58734,41.81174],[-87.58696,41.81121],[-87.58704,41.81061],[-87.58692,41.81008],[-87.58616,41.809],[-87.58599,41.80851],[-87.58517,41.80723],[-87.58452,41.80662],[-87.58297,41.80564],[-87.58152,41.80456],[-87.58137,41.80437],[-87.58108,41.80423],[-87.58067,41.80421],[-87.58027,41.80402],[-87.58005,41.80379],[-87.58007,41.80352],[-87.58046,41.80296],[-87.58032,41.80281],[-87.58048,41.80222],[-87.58053,41.80096],[-87.58031,41.79971],[-87.57982,41.7985],[-87.57986,41.79839],[-87.57955,41.79792],[-87.5781,41.79697],[-87.5775,41.79687],[-87.57663,41.79705],[-87.57613,41.79703],[-87.5758,41.79696],[-87.57529,41.79661],[-87.57518,41.79622],[-87.57542,41.79545],[-87.57579,41.79535],[-87.57622,41.79508],[-87.57726,41.79506],[-87.57822,41.79477],[-87.579,41.79418],[-87.57929,41.79344],[-87.57995,41.79343],[-87.57974,41.79389],[-87.57917,41.79468],[-87.57899,41.79546],[-87.57903,41.79604],[-87.57942,41.79688],[-87.58062,41.79815],[-87.58116,41.79913],[-87.58132,41.79994],[-87.58136,41.80265],[-87.58173,41.80376],[-87.58196,41.80414],[-87.58283,41.80499],[-87.58475,41.80627],[-87.5854,41.80679],[-87.5871,41.80899],[-87.58999,41.81242],[-87.59069,41.81305],[-87.5928,41.81462],[-87.59359,41.81539],[-87.59834,41.82164],[-87.59912,41.82331],[-87.59979,41.82539],[-87.60022,41.82611],[-87.60069,41.8266],[-87.60312,41.82845],[-87.60438,41.82956],[-87.60507,41.83035],[-87.60694,41.83287],[-87.60736,41.83373],[-87.60759,41.83463],[-87.60763,41.83598],[-87.60753,41.83778],[-87.6077,41.83851],[-87.60732,41.8385],[-87.60713,41.83831],[-87.60713,41.8368],[-87.60703,41.83643],[-87.60685,41.83647],[-87.60705,41.83728],[-87.60703,41.83785],[-87.60687,41.83797],[-87.60684,41.83813],[-87.60702,41.83821],[-87.60705,41.83842],[-87.6072,41.83858],[-87.60774,41.83869],[-87.60814,41.83996],[-87.60909,41.84132],[-87.60999,41.84335],[-87.61027,41.84418],[-87.6109,41.84683],[-87.61112,41.84817],[-87.61193,41.85029],[-87.61028,41.85071],[-87.61037,41.85121],[-87.61051,41.85155],[-87.61065,41.85152],[-87.61047,41.85079],[-87.61204,41.85044],[-87.61233,41.85077],[-87.61247,41.85112],[-87.61261,41.85108],[-87.61318,41.85249],[-87.61424,41.85409],[-87.61384,41.85418],[-87.61427,41.85413],[-87.61511,41.85541],[-87.61566,41.85684],[-87.61596,41.85801],[-87.61585,41.85807]]],[[[-87.61192,41.84977],[-87.61154,41.84879],[-87.61041,41.84404],[-87.60919,41.8412],[-87.60876,41.84063],[-87.60894,41.84057],[-87.61032,41.84362],[-87.61104,41.84639],[-87.61141,41.84633],[-87.61245,41.84951],[-87.61208,41.84954],[-87.6122,41.85005],[-87.61261,41.85108],[-87.61192,41.84977]]]]}},{"type":"Feature","properties":{"name":"Marquette Park","kind":"park","areaKm2":1.2429,"osmId":34318481},"geometry":{"type":"Polygon","coordinates":[[[-87.70508,41.76442],[-87.7051,41.76544],[-87.70765,41.76566],[-87.70788,41.76565],[-87.70786,41.76508],[-87.70871,41.76507],[-87.7087,41.76436],[-87.71242,41.76431],[-87.7127,41.77147],[-87.69332,41.77175],[-87.69312,41.76464],[-87.70508,41.76442]]]}},{"type":"Feature","properties":{"name":"Big Marsh Park","kind":"park","areaKm2":1.2179,"osmId":3275069},"geometry":{"type":"Polygon","coordinates":[[[-87.5763,41.68435],[-87.57636,41.68462],[-87.57642,41.69471],[-87.57622,41.69497],[-87.57558,41.69547],[-87.57465,41.6957],[-87.57227,41.69583],[-87.56659,41.69587],[-87.56591,41.6958],[-87.56543,41.69564],[-87.56477,41.69513],[-87.56454,41.69454],[-87.5644,41.68473],[-87.57462,41.68464],[-87.5763,41.68435]]]}},{"type":"Feature","properties":{"name":"Grant Park","kind":"park","areaKm2":1.1484,"osmId":19511979},"geometry":{"type":"MultiPolygon","coordinates":[[[[-87.62287,41.8699],[-87.62271,41.86952],[-87.62229,41.86898],[-87.62219,41.8685],[-87.6218,41.86763],[-87.62395,41.86756],[-87.62402,41.86761],[-87.62405,41.87308],[-87.623,41.87311],[-87.62287,41.8699]]],[[[-87.62356,41.87487],[-87.6232,41.8755],[-87.62307,41.87552],[-87.623,41.87325],[-87.62408,41.87326],[-87.6241,41.87447],[-87.62356,41.87487]]],[[[-87.62313,41.87824],[-87.62307,41.87598],[-87.62323,41.876],[-87.62352,41.87652],[-87.62411,41.87704],[-87.62411,41.8782],[-87.62313,41.87824]]],[[[-87.62238,41.87825],[-87.62088,41.87826],[-87.62087,41.87605],[-87.62233,41.87599],[-87.62238,41.87825]]],[[[-87.6242,41.88071],[-87.62413,41.88076],[-87.62098,41.88078],[-87.62088,41.87842],[-87.62238,41.87838],[-87.62249,41.87993],[-87.62241,41.87994],[-87.62241,41.88029],[-87.62253,41.88034],[-87.62258,41.88028],[-87.62261,41.88074],[-87.62315,41.88074],[-87.62313,41.87837],[-87.62411,41.87838],[-87.62423,41.8794],[-87.6242,41.88071]]],[[[-87.62417,41.88432],[-87.62083,41.88425],[-87.621,41.88098],[-87.62413,41.88093],[-87.62417,41.88432]]],[[[-87.62218,41.87109],[-87.62227,41.87312],[-87.62074,41.87311],[-87.62065,41.86766],[-87.62088,41.86764],[-87.62081,41.86781],[-87.62218,41.87109]]],[[[-87.61743,41.87311],[-87.61733,41.87004],[-87.61751,41.86929],[-87.61779,41.8689],[-87.61897,41.8677],[-87.62019,41.86766],[-87.62028,41.86775],[-87.6204,41.86907],[-87.62048,41.87308],[-87.61753,41.87316],[-87.61743,41.87311]]],[[[-87.62232,41.87553],[-87.62084,41.87552],[-87.62077,41.8733],[-87.62227,41.87326],[-87.62232,41.87553]]],[[[-87.62051,41.87823],[-87.61761,41.87828],[-87.61745,41.87338],[-87.6204,41.87336],[-87.62051,41.87823]]],[[[-87.61537,41.86831],[-87.61476,41.86833],[-87.61422,41.86849],[-87.61352,41.86851],[-87.61308,41.86843],[-87.61271,41.86825],[-87.61246,41.86797],[-87.61236,41.86765],[-87.61244,41.86728],[-87.61272,41.86698],[-87.61271,41.86648],[-87.61389,41.86644],[-87.61419,41.86631],[-87.61427,41.86612],[-87.61415,41.86525],[-87.61428,41.86514],[-87.61543,41.86512],[-87.61546,41.86528],[-87.61826,41.86523],[-87.61835,41.86509],[-87.61887,41.86511],[-87.61896,41.86522],[-87.61915,41.86613],[-87.61904,41.86682],[-87.61871,41.86735],[-87.61731,41.86889],[-87.61703,41.86937],[-87.61692,41.86978],[-87.61715,41.87986],[-87.6171,41.88101],[-87.61717,41.88104],[-87.6171,41.88174],[-87.61686,41.88223],[-87.61647,41.8826],[-87.61604,41.88284],[-87.61504,41.88313],[-87.61446,41.88338],[-87.61391,41.88378],[-87.61348,41.88434],[-87.61309,41.88443],[-87.61314,41.88456],[-87.61336,41.88464],[-87.6133,41.88518],[-87.61358,41.88717],[-87.61381,41.88753],[-87.61388,41.88787],[-87.61382,41.88795],[-87.61372,41.88793],[-87.6138,41.88799],[-87.61377,41.88809],[-87.61356,41.88794],[-87.61275,41.88794],[-87.61276,41.88387],[-87.61283,41.88351],[-87.61323,41.88305],[-87.61388,41.8827],[-87.61451,41.88254],[-87.61557,41.88249],[-87.61602,41.88237],[-87.61638,41.88208],[-87.61652,41.88178],[-87.61651,41.88067],[-87.61619,41.88065],[-87.61619,41.88056],[-87.6165,41.88056],[-87.61648,41.87979],[-87.61639,41.87979],[-87.61621,41.87575],[-87.61622,41.87198],[-87.6163,41.87198],[-87.61624,41.8689],[-87.61567,41.86862],[-87.61537,41.86831]]],[[[-87.6176,41.87848],[-87.62051,41.87845],[-87.62061,41.87871],[-87.62062,41.88077],[-87.61766,41.88081],[-87.6176,41.87848]]],[[[-87.61722,41.88446],[-87.61722,41.8843],[-87.61456,41.88432],[-87.61522,41.88375],[-87.61643,41.88319],[-87.61705,41.88275],[-87.6175,41.8821],[-87.61766,41.88103],[-87.62062,41.88099],[-87.62066,41.88137],[-87.62038,41.88245],[-87.62042,41.88425],[-87.61748,41.88435],[-87.61722,41.88446]]]]}},{"type":"Feature","properties":{"name":"Humboldt (Alexander Von) Park","kind":"park","areaKm2":0.7957,"osmId":5207506},"geometry":{"type":"MultiPolygon","coordinates":[[[[-87.70382,41.89837],[-87.70382,41.89916],[-87.70309,41.89917],[-87.70306,41.8984],[-87.70382,41.89837]]],[[[-87.70658,41.89927],[-87.70688,41.90937],[-87.70573,41.90938],[-87.70573,41.90949],[-87.70558,41.90949],[-87.7056,41.91001],[-87.69718,41.91012],[-87.69699,41.903],[-87.7019,41.90296],[-87.70181,41.89934],[-87.70658,41.89927]]]]}},{"type":"Feature","properties":{"name":"Calumet Park","kind":"park","areaKm2":0.6814,"osmId":135887317},"geometry":{"type":"Polygon","coordinates":[[[-87.52501,41.72155],[-87.5247,41.72126],[-87.52481,41.72119],[-87.52509,41.72142],[-87.52542,41.72093],[-87.52508,41.72085],[-87.52512,41.72074],[-87.52545,41.7208],[-87.52551,41.72067],[-87.5256,41.71959],[-87.52546,41.71873],[-87.52497,41.71812],[-87.52451,41.71806],[-87.52447,41.71741],[-87.52581,41.71732],[-87.52591,41.71753],[-87.5262,41.71744],[-87.52637,41.71772],[-87.52652,41.71777],[-87.52736,41.71753],[-87.52729,41.7174],[-87.52756,41.71729],[-87.52729,41.71684],[-87.52831,41.71613],[-87.52858,41.71583],[-87.5286,41.71559],[-87.5286,41.71506],[-87.52823,41.71444],[-87.52783,41.71351],[-87.5274,41.71302],[-87.52646,41.71237],[-87.5265,41.71227],[-87.52837,41.71083],[-87.5273,41.71016],[-87.52666,41.70989],[-87.52622,41.70985],[-87.526,41.71017],[-87.52607,41.71037],[-87.52596,41.71045],[-87.52575,41.71043],[-87.52532,41.71007],[-87.52496,41.70996],[-87.52457,41.70961],[-87.52424,41.70951],[-87.52414,41.7093],[-87.52453,41.70927],[-87.52487,41.70942],[-87.52511,41.70975],[-87.52524,41.70972],[-87.52559,41.70994],[-87.52622,41.70954],[-87.52577,41.70916],[-87.52529,41.70947],[-87.52521,41.7094],[-87.52568,41.70909],[-87.52537,41.70883],[-87.52486,41.70915],[-87.52478,41.70909],[-87.52496,41.70897],[-87.52448,41.7084],[-87.52447,41.70802],[-87.52478,41.70799],[-87.52533,41.70825],[-87.53023,41.71179],[-87.53124,41.71274],[-87.53154,41.71323],[-87.53184,41.71399],[-87.53196,41.71399],[-87.53201,41.71877],[-87.53218,41.7191],[-87.53528,41.72291],[-87.53473,41.72282],[-87.53464,41.72292],[-87.53469,41.72303],[-87.5342,41.72303],[-87.5342,41.72316],[-87.52447,41.7232],[-87.52446,41.72191],[-87.52501,41.72155]]]}},{"type":"Feature","properties":{"name":"Douglass (Anna and Frederick) Park","kind":"park","areaKm2":0.6346,"osmId":20712250},"geometry":{"type":"MultiPolygon","coordinates":[[[[-87.69907,41.85556],[-87.69913,41.85585],[-87.69897,41.85599],[-87.69787,41.85599],[-87.69711,41.85618],[-87.69672,41.8564],[-87.69645,41.85667],[-87.69616,41.85731],[-87.69576,41.85734],[-87.69566,41.85563],[-87.69907,41.85556]]],[[[-87.70116,41.8581],[-87.70111,41.85748],[-87.70119,41.85737],[-87.701,41.85685],[-87.70039,41.85633],[-87.69944,41.85602],[-87.69934,41.85587],[-87.69934,41.85556],[-87.70279,41.85551],[-87.70287,41.85861],[-87.70167,41.85902],[-87.70116,41.8581]]],[[[-87.69628,41.86015],[-87.6965,41.86083],[-87.69674,41.86075],[-87.69657,41.86061],[-87.69644,41.86023],[-87.69652,41.85928],[-87.69629,41.85793],[-87.6964,41.85702],[-87.6966,41.8567],[-87.69691,41.85642],[-87.6976,41.85616],[-87.69852,41.85607],[-87.7,41.85635],[-87.70055,41.85662],[-87.7009,41.85707],[-87.70096,41.85812],[-87.70148,41.85913],[-87.69588,41.86111],[-87.69584,41.86015],[-87.69628,41.86015]]],[[[-87.69608,41.85745],[-87.69616,41.8575],[-87.69616,41.85818],[-87.69638,41.85945],[-87.69625,41.86009],[-87.6958,41.86006],[-87.69576,41.85745],[-87.69608,41.85745]]],[[[-87.70236,41.86257],[-87.70214,41.86241],[-87.70216,41.86184],[-87.70242,41.86052],[-87.70233,41.86017],[-87.70187,41.85937],[-87.70284,41.85902],[-87.70299,41.86248],[-87.70236,41.86257]]],[[[-87.70169,41.85943],[-87.70215,41.86023],[-87.70222,41.86054],[-87.70183,41.86241],[-87.70189,41.86331],[-87.70215,41.86471],[-87.70206,41.86508],[-87.70184,41.86536],[-87.70151,41.86557],[-87.70097,41.86575],[-87.70004,41.86588],[-87.69943,41.86587],[-87.70031,41.86493],[-87.70037,41.86466],[-87.70024,41.86427],[-87.69975,41.86378],[-87.69922,41.86301],[-87.69908,41.86313],[-87.69845,41.86322],[-87.69843,41.86329],[-87.69868,41.86332],[-87.69913,41.86323],[-87.69924,41.86328],[-87.70018,41.86438],[-87.70022,41.86487],[-87.69981,41.86525],[-87.69968,41.8655],[-87.69923,41.86585],[-87.69882,41.86583],[-87.69781,41.86554],[-87.69722,41.86517],[-87.69683,41.86469],[-87.6967,41.86433],[-87.69684,41.8633],[-87.69713,41.8632],[-87.698,41.86323],[-87.69802,41.86315],[-87.69749,41.86306],[-87.69704,41.86308],[-87.69692,41.86301],[-87.69694,41.86239],[-87.69681,41.86174],[-87.69702,41.86108],[-87.69673,41.8612],[-87.69668,41.86176],[-87.69679,41.86265],[-87.69655,41.86431],[-87.69673,41.86483],[-87.69722,41.86538],[-87.69677,41.86563],[-87.69599,41.86562],[-87.69584,41.86148],[-87.70169,41.85943]]],[[[-87.70185,41.86552],[-87.70224,41.86507],[-87.70231,41.86462],[-87.70214,41.86354],[-87.70221,41.86312],[-87.70242,41.86301],[-87.70298,41.86306],[-87.70309,41.86635],[-87.70094,41.86638],[-87.70087,41.86632],[-87.70093,41.86593],[-87.70185,41.86552]]],[[[-87.6969,41.86571],[-87.6974,41.86547],[-87.69803,41.86576],[-87.6988,41.86595],[-87.69976,41.86601],[-87.7006,41.86594],[-87.70069,41.86635],[-87.69602,41.86641],[-87.69597,41.86579],[-87.6969,41.86571]]]]}},{"type":"Feature","properties":{"name":"Garfield Park","kind":"park","areaKm2":0.6164,"osmId":20397274},"geometry":{"type":"MultiPolygon","coordinates":[[[[-87.71681,41.87608],[-87.71744,41.87563],[-87.71729,41.87532],[-87.71973,41.87465],[-87.71981,41.87526],[-87.72035,41.87633],[-87.72048,41.87706],[-87.7188,41.87711],[-87.7188,41.87724],[-87.72049,41.87726],[-87.72054,41.87947],[-87.71939,41.87948],[-87.71904,41.87912],[-87.71866,41.87903],[-87.71822,41.87918],[-87.71795,41.8795],[-87.71705,41.87952],[-87.71674,41.87944],[-87.71663,41.8793],[-87.7165,41.8786],[-87.71656,41.8773],[-87.71846,41.87725],[-87.71846,41.87712],[-87.71588,41.87713],[-87.71586,41.8768],[-87.71653,41.87678],[-87.71658,41.87648],[-87.71681,41.87608]]],[[[-87.71722,41.8808],[-87.71695,41.88],[-87.71699,41.87974],[-87.71711,41.87963],[-87.71794,41.87961],[-87.71821,41.87993],[-87.7187,41.88005],[-87.71906,41.87996],[-87.71939,41.8796],[-87.72054,41.87957],[-87.72061,41.8807],[-87.71722,41.8808]]],[[[-87.71971,41.8816],[-87.7169,41.88161],[-87.71601,41.8815],[-87.716,41.88096],[-87.7206,41.88088],[-87.72073,41.88179],[-87.72063,41.88183],[-87.71971,41.8816]]],[[[-87.71694,41.8849],[-87.71687,41.88452],[-87.71667,41.88422],[-87.71732,41.884],[-87.71779,41.88399],[-87.71891,41.88443],[-87.71973,41.88456],[-87.72005,41.88448],[-87.72073,41.88415],[-87.72081,41.88421],[-87.72084,41.88509],[-87.72079,41.88514],[-87.71694,41.8849]]],[[[-87.71693,41.88506],[-87.72084,41.88531],[-87.72091,41.88793],[-87.71665,41.88798],[-87.71657,41.88685],[-87.71693,41.88506]]],[[[-87.71641,41.87732],[-87.71637,41.87885],[-87.71648,41.87929],[-87.717,41.88051],[-87.71701,41.8808],[-87.716,41.88078],[-87.71591,41.87729],[-87.71641,41.87732]]],[[[-87.71574,41.88144],[-87.71474,41.88121],[-87.71399,41.88118],[-87.71356,41.88126],[-87.7124,41.88169],[-87.71116,41.88176],[-87.7111,41.88102],[-87.71577,41.88094],[-87.71574,41.88144]]],[[[-87.71217,41.88205],[-87.71158,41.88259],[-87.71116,41.88267],[-87.71114,41.88189],[-87.71211,41.8819],[-87.71217,41.88205]]],[[[-87.72039,41.88317],[-87.7203,41.88314],[-87.72002,41.88266],[-87.71997,41.88244],[-87.72019,41.88195],[-87.72005,41.88188],[-87.71983,41.88249],[-87.72005,41.88302],[-87.72032,41.88324],[-87.72044,41.88385],[-87.72034,41.88415],[-87.72006,41.88436],[-87.71969,41.88445],[-87.71928,41.88441],[-87.71884,41.88428],[-87.71817,41.88395],[-87.7177,41.88384],[-87.71733,41.88387],[-87.71653,41.88412],[-87.71626,41.88393],[-87.71615,41.884],[-87.71633,41.88418],[-87.716,41.88429],[-87.71465,41.88436],[-87.7136,41.88416],[-87.71271,41.88373],[-87.7121,41.88308],[-87.71202,41.8826],[-87.71227,41.88215],[-87.71282,41.88173],[-87.71359,41.88141],[-87.71439,41.88132],[-87.71572,41.88162],[-87.71522,41.88229],[-87.71512,41.8828],[-87.71536,41.88332],[-87.71585,41.88377],[-87.71597,41.88369],[-87.71557,41.88333],[-87.71532,41.8829],[-87.71531,41.8827],[-87.71543,41.8823],[-87.71595,41.88165],[-87.71678,41.88175],[-87.71964,41.88174],[-87.7207,41.88198],[-87.72077,41.88295],[-87.72039,41.88317]]],[[[-87.71182,41.88295],[-87.71259,41.88379],[-87.71346,41.88423],[-87.71411,41.8844],[-87.71504,41.88448],[-87.71583,41.88443],[-87.71647,41.88428],[-87.71667,41.88449],[-87.71674,41.88485],[-87.71124,41.88456],[-87.71116,41.88285],[-87.71154,41.88282],[-87.71182,41.88295]]],[[[-87.71649,41.88621],[-87.71613,41.88624],[-87.7161,41.88502],[-87.7167,41.88505],[-87.71649,41.88621]]]]}},{"type":"Feature","properties":{"name":"Columbus Park","kind":"park","areaKm2":0.555,"osmId":5950954},"geometry":{"type":"Polygon","coordinates":[[[-87.76486,41.87769],[-87.76467,41.87293],[-87.76474,41.87199],[-87.76536,41.87167],[-87.76629,41.87135],[-87.76703,41.87122],[-87.76817,41.87114],[-87.77421,41.87144],[-87.77444,41.87753],[-87.76486,41.87769]]]}},{"type":"Feature","properties":{"name":"Rainbow Beach Park","kind":"park","areaKm2":0.4443,"osmId":161614499},"geometry":{"type":"Polygon","coordinates":[[[-87.55094,41.75572],[-87.55124,41.75554],[-87.55159,41.75586],[-87.55128,41.75604],[-87.55477,41.75929],[-87.55636,41.7609],[-87.5557,41.76124],[-87.55568,41.76145],[-87.55374,41.76239],[-87.55366,41.76233],[-87.55456,41.76188],[-87.55461,41.76174],[-87.55419,41.76112],[-87.55386,41.76089],[-87.55225,41.76014],[-87.54921,41.75897],[-87.54808,41.75881],[-87.54699,41.75891],[-87.54651,41.75903],[-87.54604,41.75926],[-87.54544,41.75969],[-87.54502,41.76036],[-87.54465,41.76061],[-87.5465,41.76061],[-87.54646,41.76068],[-87.54434,41.76068],[-87.54325,41.75974],[-87.54371,41.7594],[-87.54478,41.75892],[-87.54763,41.75719],[-87.54782,41.75672],[-87.54793,41.75665],[-87.54623,41.75502],[-87.54584,41.75483],[-87.54505,41.75407],[-87.54442,41.75392],[-87.54412,41.75397],[-87.54353,41.75233],[-87.54305,41.75197],[-87.54253,41.75194],[-87.54252,41.75185],[-87.54399,41.75184],[-87.54401,41.75179],[-87.54459,41.75195],[-87.54474,41.75188],[-87.54452,41.75151],[-87.54452,41.75126],[-87.54465,41.75118],[-87.54723,41.75185],[-87.54792,41.75213],[-87.54836,41.75242],[-87.54775,41.75279],[-87.55094,41.75572]]]}},{"type":"Feature","properties":{"name":"Northerly Island","kind":"park","areaKm2":0.428,"osmId":2914325},"geometry":{"type":"Polygon","coordinates":[[[-87.60776,41.86686],[-87.60725,41.86717],[-87.60668,41.86723],[-87.60631,41.86716],[-87.60598,41.86699],[-87.60566,41.86653],[-87.60573,41.86601],[-87.60607,41.86568],[-87.60606,41.8648],[-87.60631,41.8648],[-87.60634,41.865],[-87.60657,41.86514],[-87.60678,41.86512],[-87.60702,41.86499],[-87.60721,41.86466],[-87.6073,41.86421],[-87.60726,41.86375],[-87.6069,41.86251],[-87.60663,41.86216],[-87.60653,41.86219],[-87.60641,41.86207],[-87.60601,41.86203],[-87.60595,41.86007],[-87.60688,41.85995],[-87.60707,41.85986],[-87.60661,41.85341],[-87.60653,41.85336],[-87.60871,41.85316],[-87.60912,41.8532],[-87.6096,41.85339],[-87.60992,41.85378],[-87.60993,41.85407],[-87.60935,41.8568],[-87.60943,41.85701],[-87.60982,41.85742],[-87.60997,41.85772],[-87.61001,41.8581],[-87.60992,41.8587],[-87.61005,41.85891],[-87.61048,41.85926],[-87.61039,41.85991],[-87.61048,41.86013],[-87.61069,41.86021],[-87.6107,41.86065],[-87.61037,41.86085],[-87.61042,41.86139],[-87.61002,41.86193],[-87.60989,41.86236],[-87.60971,41.86332],[-87.6098,41.86418],[-87.61024,41.86506],[-87.61048,41.86531],[-87.61059,41.86588],[-87.6127,41.86585],[-87.6127,41.86608],[-87.60742,41.86615],[-87.60736,41.8665],[-87.60744,41.86656],[-87.61271,41.86648],[-87.61271,41.86675],[-87.60776,41.86686]]]}},{"type":"Feature","properties":{"name":"Warren Park","kind":"park","areaKm2":0.3595,"osmId":28010738},"geometry":{"type":"Polygon","coordinates":[[[-87.68985,42.00497],[-87.68027,42.00514],[-87.68026,42.0047],[-87.68041,42.00467],[-87.6804,42.00429],[-87.68166,42.00427],[-87.68166,42.00418],[-87.68213,42.00417],[-87.68205,42.00158],[-87.68159,42.00158],[-87.68158,42.0013],[-87.68212,42.00129],[-87.68212,42.00103],[-87.68327,42.00101],[-87.68324,42.00013],[-87.68983,42.00003],[-87.68993,42.00492],[-87.68985,42.00497]]]}},{"type":"Feature","properties":{"name":"Rench Park","kind":"park","areaKm2":0.3147,"osmId":1306047019},"geometry":{"type":"Polygon","coordinates":[[[-87.78244,41.81434],[-87.7826,41.82133],[-87.78251,41.82142],[-87.77773,41.82143],[-87.7777,41.81443],[-87.78244,41.81434]]]}},{"type":"Feature","properties":{"name":"Lake Park","kind":"park","areaKm2":0.305,"osmId":35147484},"geometry":{"type":"Polygon","coordinates":[[[-87.89445,42.01651],[-87.89431,42.00955],[-87.89454,42.00945],[-87.89915,42.00932],[-87.89943,42.01636],[-87.89714,42.01647],[-87.89708,42.01543],[-87.8957,42.01547],[-87.89578,42.01651],[-87.89445,42.01651]]]}},{"type":"Feature","properties":{"name":"Park No. 566 (USX)","kind":"park","areaKm2":0.2962,"osmId":20255799},"geometry":{"type":"Polygon","coordinates":[[[-87.54401,41.75179],[-87.54399,41.75184],[-87.54252,41.75185],[-87.54253,41.75194],[-87.54162,41.75196],[-87.54059,41.75192],[-87.54034,41.75186],[-87.5349,41.74972],[-87.53097,41.74808],[-87.53086,41.74789],[-87.52992,41.74134],[-87.53016,41.74122],[-87.53069,41.74113],[-87.53121,41.74113],[-87.53108,41.74124],[-87.53188,41.74722],[-87.54047,41.74887],[-87.54058,41.74922],[-87.5409,41.74971],[-87.54155,41.75024],[-87.54233,41.75057],[-87.54424,41.75109],[-87.54434,41.75157],[-87.54456,41.75194],[-87.54401,41.75179]]]}},{"type":"Feature","properties":{"name":"Redmond Recreational Complex","kind":"park","areaKm2":0.2905,"osmId":236593557},"geometry":{"type":"Polygon","coordinates":[[[-87.92308,41.94566],[-87.92308,41.94471],[-87.92316,41.94471],[-87.92315,41.94226],[-87.92506,41.94227],[-87.92506,41.94298],[-87.92622,41.94294],[-87.92624,41.94237],[-87.92783,41.94236],[-87.92782,41.94147],[-87.93143,41.94139],[-87.93148,41.94235],[-87.9319,41.94234],[-87.93193,41.9437],[-87.93098,41.94372],[-87.93082,41.94381],[-87.93086,41.94515],[-87.93066,41.94515],[-87.93068,41.94567],[-87.92862,41.94572],[-87.92864,41.94617],[-87.92515,41.94621],[-87.92513,41.94562],[-87.92308,41.94566]]]}},{"type":"Feature","properties":{"name":"McKinley Park","kind":"park","areaKm2":0.2876,"osmId":34854044},"geometry":{"type":"Polygon","coordinates":[[[-87.68361,41.8266],[-87.67518,41.82668],[-87.67518,41.82323],[-87.68407,41.82311],[-87.68421,41.82624],[-87.68361,41.8266]]]}},{"type":"Feature","properties":{"name":"","kind":"park","areaKm2":0.2862,"osmId":2101792},"geometry":{"type":"Polygon","coordinates":[[[-87.82137,41.82637],[-87.82132,41.82626],[-87.8204,41.82629],[-87.81908,41.82658],[-87.81905,41.82641],[-87.81913,41.82639],[-87.81899,41.82607],[-87.81777,41.82599],[-87.81755,41.8265],[-87.81699,41.82665],[-87.81706,41.82629],[-87.81699,41.8261],[-87.81684,41.82602],[-87.81567,41.82567],[-87.81442,41.82553],[-87.81444,41.82497],[-87.8142,41.82474],[-87.81354,41.82435],[-87.81303,41.82426],[-87.81304,41.82395],[-87.81271,41.82365],[-87.81219,41.82335],[-87.81185,41.8232],[-87.8112,41.82322],[-87.81083,41.82331],[-87.81092,41.82311],[-87.81085,41.82291],[-87.80972,41.82287],[-87.80909,41.82297],[-87.80915,41.82281],[-87.81245,41.82272],[-87.81291,41.82337],[-87.81382,41.82431],[-87.81505,41.82507],[-87.81609,41.82557],[-87.81723,41.82588],[-87.81807,41.82599],[-87.82016,41.82602],[-87.82047,41.82588],[-87.82052,41.82562],[-87.81972,41.82476],[-87.81946,41.82407],[-87.81952,41.82375],[-87.8198,41.8232],[-87.82011,41.82278],[-87.82065,41.82238],[-87.82261,41.82122],[-87.82267,41.82112],[-87.82255,41.82103],[-87.82263,41.82081],[-87.82302,41.82025],[-87.82343,41.8201],[-87.82367,41.82018],[-87.82402,41.82014],[-87.82489,41.81986],[-87.82544,41.8196],[-87.82568,41.81934],[-87.82607,41.81853],[-87.82607,41.81775],[-87.82666,41.81701],[-87.827,41.81682],[-87.82741,41.81672],[-87.82791,41.81667],[-87.82841,41.81672],[-87.8302,41.81735],[-87.83082,41.81768],[-87.83176,41.81846],[-87.8319,41.81886],[-87.83176,41.81923],[-87.83037,41.82045],[-87.82742,41.82269],[-87.82666,41.82366],[-87.8258,41.82603],[-87.82345,41.82648],[-87.8234,41.82636],[-87.82216,41.82664],[-87.82201,41.82626],[-87.82157,41.82635],[-87.82123,41.82672],[-87.82131,41.82691],[-87.82035,41.82708],[-87.82029,41.82702],[-87.82137,41.82637]],[[-87.8222,41.82525],[-87.82255,41.82496],[-87.82342,41.82452],[-87.82371,41.82429],[-87.82406,41.82387],[-87.8248,41.82259],[-87.82528,41.82337],[-87.82468,41.8237],[-87.824,41.8243],[-87.82313,41.82529],[-87.82277,41.82606],[-87.82421,41.82562],[-87.82487,41.82563],[-87.82538,41.82549],[-87.82557,41.82524],[-87.8258,41.82452],[-87.8265,41.82345],[-87.82598,41.82325],[-87.82668,41.82303],[-87.82823,41.82164],[-87.82907,41.8212],[-87.8297,41.82072],[-87.83084,41.81948],[-87.83088,41.81914],[-87.83066,41.81879],[-87.83025,41.8186],[-87.82964,41.81854],[-87.82871,41.81862],[-87.82831,41.81873],[-87.82694,41.81972],[-87.82575,41.81998],[-87.82465,41.82078],[-87.82276,41.82126],[-87.82167,41.82198],[-87.82083,41.8228],[-87.82066,41.82322],[-87.82064,41.82355],[-87.82096,41.82404],[-87.82189,41.82455],[-87.82211,41.82519],[-87.8222,41.82525]]]}},{"type":"Feature","properties":{"name":"South Shore Cultural Center","kind":"park","areaKm2":0.2815,"osmId":1447211880},"geometry":{"type":"Polygon","coordinates":[[[-87.56038,41.76629],[-87.56039,41.76611],[-87.5605,41.76621],[-87.56084,41.76622],[-87.56084,41.76635],[-87.56606,41.7664],[-87.56631,41.76651],[-87.56656,41.77327],[-87.56628,41.7735],[-87.56601,41.77324],[-87.56502,41.7726],[-87.5639,41.77211],[-87.56358,41.77212],[-87.56344,41.77177],[-87.56336,41.77093],[-87.56318,41.77042],[-87.56241,41.76937],[-87.5614,41.76888],[-87.56019,41.76855],[-87.55958,41.76929],[-87.55942,41.76938],[-87.55944,41.76746],[-87.55935,41.76666],[-87.56038,41.76629]]]}},{"type":"Feature","properties":{"name":"Park 600 \"Deadstick Pond Natural Area\"","kind":"park","areaKm2":0.281,"osmId":1105228068},"geometry":{"type":"Polygon","coordinates":[[[-87.56972,41.67361],[-87.56974,41.67328],[-87.56955,41.67279],[-87.56974,41.67268],[-87.57038,41.67268],[-87.57038,41.67174],[-87.57226,41.6717],[-87.57238,41.67161],[-87.57329,41.66891],[-87.57334,41.66781],[-87.57277,41.66679],[-87.57496,41.66384],[-87.56975,41.66383],[-87.56873,41.66436],[-87.56799,41.66523],[-87.56786,41.66562],[-87.56497,41.66786],[-87.56439,41.66786],[-87.56442,41.6667],[-87.56545,41.66679],[-87.56587,41.66666],[-87.56638,41.66615],[-87.56696,41.66584],[-87.56786,41.66468],[-87.56831,41.66425],[-87.56924,41.66374],[-87.57054,41.66348],[-87.57245,41.66345],[-87.57527,41.66358],[-87.57526,41.67359],[-87.5698,41.67365],[-87.56972,41.67361]]]}},{"type":"Feature","properties":{"name":"","kind":"park","areaKm2":0.2454,"osmId":34318771},"geometry":{"type":"Polygon","coordinates":[[[-87.70639,41.76655],[-87.70675,41.76642],[-87.70764,41.76646],[-87.70803,41.76636],[-87.70834,41.76644],[-87.70881,41.76624],[-87.70905,41.76626],[-87.7091,41.76649],[-87.70899,41.76669],[-87.70914,41.76707],[-87.7091,41.76726],[-87.70865,41.76783],[-87.70862,41.76858],[-87.7087,41.76898],[-87.70836,41.76925],[-87.70812,41.76932],[-87.70726,41.76932],[-87.70701,41.76959],[-87.70653,41.7697],[-87.70633,41.76988],[-87.70615,41.76993],[-87.70585,41.76989],[-87.70563,41.76969],[-87.70498,41.76977],[-87.70466,41.76994],[-87.70374,41.76989],[-87.70333,41.77005],[-87.70308,41.77025],[-87.70226,41.77028],[-87.70201,41.7698],[-87.70131,41.7694],[-87.70153,41.76929],[-87.70158,41.76912],[-87.70147,41.76851],[-87.70114,41.76807],[-87.70128,41.76776],[-87.70122,41.76719],[-87.70146,41.76653],[-87.70149,41.76619],[-87.70165,41.7661],[-87.70244,41.76603],[-87.70314,41.76583],[-87.70343,41.76582],[-87.70366,41.76595],[-87.70398,41.76593],[-87.70443,41.76607],[-87.70546,41.76624],[-87.70611,41.76655],[-87.70639,41.76655]]]}},{"type":"Feature","properties":{"name":"Midway Plaisance","kind":"park","areaKm2":0.2437,"osmId":19743853},"geometry":{"type":"MultiPolygon","coordinates":[[[[-87.60589,41.78637],[-87.60127,41.7864],[-87.6013,41.78597],[-87.60589,41.78594],[-87.60589,41.78637]]],[[[-87.59645,41.78648],[-87.59641,41.78608],[-87.59693,41.78602],[-87.60112,41.786],[-87.60108,41.78644],[-87.59645,41.78648]]],[[[-87.5916,41.78654],[-87.59155,41.78616],[-87.59623,41.78607],[-87.59627,41.78645],[-87.5916,41.78654]]],[[[-87.60592,41.78647],[-87.60596,41.78705],[-87.6013,41.78713],[-87.60132,41.7865],[-87.60592,41.78647]]],[[[-87.6011,41.78715],[-87.59643,41.78717],[-87.59646,41.78655],[-87.6011,41.7865],[-87.6011,41.78715]]],[[[-87.59161,41.78661],[-87.59627,41.78658],[-87.59625,41.7872],[-87.59157,41.78722],[-87.59161,41.78661]]],[[[-87.60594,41.78719],[-87.60597,41.78764],[-87.60131,41.78769],[-87.60133,41.78721],[-87.60594,41.78719]]],[[[-87.59647,41.78727],[-87.60115,41.78725],[-87.60113,41.78771],[-87.59645,41.78774],[-87.59647,41.78727]]],[[[-87.59164,41.78781],[-87.59158,41.78735],[-87.59623,41.78727],[-87.5963,41.78773],[-87.59164,41.78781]]],[[[-87.58668,41.78557],[-87.58885,41.78555],[-87.58875,41.78595],[-87.58885,41.78595],[-87.58882,41.78607],[-87.5867,41.78608],[-87.58668,41.78557]]],[[[-87.58941,41.78634],[-87.58955,41.78634],[-87.59072,41.78661],[-87.5914,41.78662],[-87.59141,41.78724],[-87.59049,41.7873],[-87.58955,41.78761],[-87.5891,41.78766],[-87.58941,41.78634]]],[[[-87.58875,41.78634],[-87.58865,41.7864],[-87.58838,41.78761],[-87.58845,41.78766],[-87.58673,41.78759],[-87.58667,41.78646],[-87.58875,41.78634]]]]}},{"type":"Feature","properties":{"name":"North Park Village Nature Center Park","kind":"park","areaKm2":0.2393,"osmId":20458674},"geometry":{"type":"MultiPolygon","coordinates":[[[[-87.71978,41.98531],[-87.71958,41.98531],[-87.71959,41.98554],[-87.71927,41.98554],[-87.71929,41.98633],[-87.7195,41.98633],[-87.7195,41.98663],[-87.7189,41.98663],[-87.71878,41.98304],[-87.72062,41.98301],[-87.72065,41.98384],[-87.72209,41.98382],[-87.72212,41.98476],[-87.71975,41.98478],[-87.71978,41.98531]]],[[[-87.72376,41.98692],[-87.72383,41.98701],[-87.72454,41.98699],[-87.72471,41.98725],[-87.72559,41.98692],[-87.72632,41.98712],[-87.72721,41.98683],[-87.72847,41.98678],[-87.72852,41.98959],[-87.72785,41.98959],[-87.72786,41.99004],[-87.72201,41.99015],[-87.72191,41.98692],[-87.72376,41.98692]]]]}},{"type":"Feature","properties":{"name":"York Woods Forest Preserve","kind":"park","areaKm2":0.235,"osmId":186454951},"geometry":{"type":"Polygon","coordinates":[[[-87.93389,41.85815],[-87.93881,41.85799],[-87.9387,41.86094],[-87.9337,41.86103],[-87.93321,41.86085],[-87.93246,41.86001],[-87.93123,41.85956],[-87.93096,41.85913],[-87.93075,41.85778],[-87.93089,41.85743],[-87.93146,41.85691],[-87.93317,41.85608],[-87.93391,41.85545],[-87.93389,41.85815]]]}},{"type":"Feature","properties":{"name":"Horner Park","kind":"park","areaKm2":0.234,"osmId":27876231},"geometry":{"type":"Polygon","coordinates":[[[-87.69489,41.95968],[-87.69462,41.95823],[-87.69456,41.95737],[-87.69456,41.95514],[-87.69466,41.95414],[-87.69812,41.95409],[-87.69838,41.96118],[-87.69518,41.96122],[-87.69493,41.96119],[-87.69489,41.95968]]]}},{"type":"Feature","properties":{"name":"Sherman (John) Park","kind":"park","areaKm2":0.2334,"osmId":32741850},"geometry":{"type":"Polygon","coordinates":[[[-87.65979,41.79953],[-87.65511,41.79958],[-87.65499,41.79424],[-87.65966,41.79417],[-87.65979,41.79953]]]}},{"type":"Feature","properties":{"name":"Ogden Park","kind":"park","areaKm2":0.2326,"osmId":116947603},"geometry":{"type":"Polygon","coordinates":[[[-87.65441,41.77243],[-87.65904,41.77233],[-87.65921,41.77768],[-87.65457,41.77774],[-87.65441,41.77243]]]}},{"type":"Feature","properties":{"name":"Summit Park","kind":"park","areaKm2":0.23,"osmId":176388654},"geometry":{"type":"Polygon","coordinates":[[[-87.82058,41.78514],[-87.8153,41.7909],[-87.81494,41.79066],[-87.81489,41.78787],[-87.81072,41.78796],[-87.81053,41.78784],[-87.81109,41.78619],[-87.81149,41.78627],[-87.81166,41.7862],[-87.81193,41.78556],[-87.82,41.78542],[-87.82058,41.78514]]]}},{"type":"Feature","properties":{"name":"Riis Park","kind":"park","areaKm2":0.2245,"osmId":28708758},"geometry":{"type":"Polygon","coordinates":[[[-87.77824,41.9239],[-87.7853,41.92382],[-87.78545,41.92726],[-87.77837,41.92736],[-87.77824,41.9239]]]}},{"type":"Feature","properties":{"name":"Centennial Park","kind":"park","areaKm2":0.2244,"osmId":136538536},"geometry":{"type":"Polygon","coordinates":[[[-87.79188,41.72297],[-87.78262,41.72313],[-87.78248,41.72228],[-87.78242,41.72084],[-87.78491,41.72075],[-87.7849,41.72043],[-87.79186,41.72031],[-87.79196,41.72292],[-87.79188,41.72297]]]}},{"type":"Feature","properties":{"name":"Mount Greenwood Park","kind":"park","areaKm2":0.2125,"osmId":131817392},"geometry":{"type":"Polygon","coordinates":[[[-87.71059,41.68868],[-87.71533,41.68859],[-87.71518,41.68414],[-87.71693,41.68412],[-87.71694,41.68428],[-87.7174,41.68427],[-87.71739,41.68411],[-87.7199,41.6841],[-87.71999,41.68539],[-87.7159,41.68543],[-87.7157,41.68548],[-87.71564,41.68581],[-87.71579,41.68664],[-87.71583,41.68778],[-87.71783,41.6878],[-87.71791,41.68789],[-87.71799,41.68875],[-87.7179,41.6892],[-87.71794,41.6896],[-87.71755,41.68958],[-87.717,41.68974],[-87.71542,41.68977],[-87.71536,41.68982],[-87.71539,41.69126],[-87.71189,41.69131],[-87.71185,41.68978],[-87.71065,41.6898],[-87.71059,41.68868]]]}},{"type":"Feature","properties":{"name":"Katherine Legge Memorial Park","kind":"park","areaKm2":0.2089,"osmId":224256584},"geometry":{"type":"Polygon","coordinates":[[[-87.91294,41.7853],[-87.91209,41.78526],[-87.91207,41.78043],[-87.91659,41.78031],[-87.91683,41.7852],[-87.91294,41.7853]]]}},{"type":"Feature","properties":{"name":"James J. Sexton Park","kind":"park","areaKm2":0.1949,"osmId":33261840},"geometry":{"type":"Polygon","coordinates":[[[-87.69188,41.72358],[-87.69202,41.72808],[-87.68735,41.72814],[-87.6872,41.72361],[-87.69188,41.72358]]]}},{"type":"Feature","properties":{"name":"Burnham Park","kind":"park","areaKm2":0.1868,"osmId":15772174},"geometry":{"type":"Polygon","coordinates":[[[-87.60145,41.82499],[-87.60103,41.82507],[-87.60085,41.825],[-87.59981,41.82343],[-87.59858,41.82118],[-87.59531,41.81681],[-87.59357,41.81476],[-87.59167,41.81325],[-87.59105,41.81261],[-87.58992,41.8107],[-87.59001,41.81057],[-87.59078,41.81028],[-87.59067,41.81012],[-87.58987,41.81043],[-87.58967,41.81041],[-87.58913,41.80987],[-87.58812,41.8091],[-87.58651,41.80744],[-87.58801,41.80648],[-87.58818,41.80645],[-87.58816,41.80622],[-87.58848,41.80618],[-87.59111,41.81021],[-87.59433,41.81491],[-87.60041,41.82306],[-87.60032,41.82312],[-87.60041,41.82324],[-87.60051,41.82319],[-87.6012,41.82408],[-87.60107,41.82415],[-87.60116,41.82425],[-87.60129,41.8242],[-87.60177,41.82482],[-87.60145,41.82499]]]}},{"type":"Feature","properties":{"name":"Spring Rock Park","kind":"park","areaKm2":0.1867,"osmId":186685991},"geometry":{"type":"Polygon","coordinates":[[[-87.91145,41.80657],[-87.9045,41.80805],[-87.90433,41.80442],[-87.90443,41.80436],[-87.91059,41.80424],[-87.91145,41.80657]]]}},{"type":"Feature","properties":{"name":"Harvester Park","kind":"park","areaKm2":0.1842,"osmId":234924908},"geometry":{"type":"Polygon","coordinates":[[[-87.93034,41.75921],[-87.93015,41.75921],[-87.93017,41.76],[-87.92563,41.76006],[-87.92557,41.75839],[-87.92599,41.7583],[-87.92612,41.7581],[-87.92788,41.75807],[-87.92863,41.75746],[-87.92867,41.7573],[-87.92866,41.75695],[-87.92834,41.75661],[-87.92618,41.75665],[-87.92612,41.75538],[-87.92636,41.75528],[-87.92634,41.75458],[-87.93023,41.75453],[-87.93034,41.75921]]]}},{"type":"Feature","properties":{"name":"Walker Park","kind":"park","areaKm2":0.1812,"osmId":359391513},"geometry":{"type":"Polygon","coordinates":[[[-87.89279,41.75651],[-87.89256,41.75109],[-87.89625,41.75107],[-87.89639,41.75642],[-87.89279,41.75651]]]}},{"type":"Feature","properties":{"name":"Bennett Park","kind":"park","areaKm2":0.1671,"osmId":1277911848},"geometry":{"type":"Polygon","coordinates":[[[-87.81459,41.69519],[-87.81461,41.69594],[-87.81343,41.69596],[-87.81344,41.69673],[-87.8074,41.69695],[-87.80735,41.69598],[-87.81031,41.69471],[-87.81409,41.6938],[-87.81588,41.69363],[-87.81682,41.69382],[-87.81685,41.69509],[-87.81459,41.69519]]]}},{"type":"Feature","properties":{"name":"Dean Nature Sanctuary","kind":"park","areaKm2":0.1597,"osmId":571800256},"geometry":{"type":"Polygon","coordinates":[[[-87.91923,41.82943],[-87.91923,41.82956],[-87.91877,41.82957],[-87.9187,41.82878],[-87.91874,41.82871],[-87.91912,41.82865],[-87.91929,41.82852],[-87.91948,41.82783],[-87.91927,41.82669],[-87.91879,41.82574],[-87.92268,41.82574],[-87.92325,41.82558],[-87.92384,41.82562],[-87.92437,41.82653],[-87.92425,41.82663],[-87.92398,41.82666],[-87.92386,41.82676],[-87.92385,41.82694],[-87.92392,41.82709],[-87.92465,41.82753],[-87.92386,41.82752],[-87.9236,41.82764],[-87.92353,41.8278],[-87.92364,41.82933],[-87.91923,41.82943]]]}},{"type":"Feature","properties":{"name":"Palmer Park","kind":"park","areaKm2":0.1559,"osmId":116851714},"geometry":{"type":"Polygon","coordinates":[[[-87.61346,41.69264],[-87.61335,41.68918],[-87.6181,41.68908],[-87.61823,41.69256],[-87.61346,41.69264]]]}},{"type":"Feature","properties":{"name":"Swallow Cliff Woods","kind":"park","areaKm2":0.1557,"osmId":636996611},"geometry":{"type":"Polygon","coordinates":[[[-87.8592,41.68059],[-87.85993,41.68008],[-87.8617,41.67975],[-87.8624,41.67936],[-87.8628,41.67903],[-87.86389,41.67947],[-87.8638,41.68107],[-87.86413,41.68191],[-87.86398,41.68262],[-87.86344,41.68327],[-87.86309,41.68356],[-87.86258,41.68376],[-87.86136,41.68368],[-87.86051,41.6835],[-87.86024,41.68298],[-87.85936,41.68204],[-87.8592,41.68059]]]}},{"type":"Feature","properties":{"name":"Portage Park","kind":"park","areaKm2":0.155,"osmId":208236541},"geometry":{"type":"Polygon","coordinates":[[[-87.76226,41.95682],[-87.76215,41.95336],[-87.76689,41.95329],[-87.76705,41.95671],[-87.76699,41.95679],[-87.76226,41.95682]]]}},{"type":"Feature","properties":{"name":"Burnham Park","kind":"park","areaKm2":0.1536,"osmId":15772174},"geometry":{"type":"Polygon","coordinates":[[[-87.61844,41.86492],[-87.61655,41.86498],[-87.61651,41.86477],[-87.61545,41.86478],[-87.61541,41.86494],[-87.61416,41.86492],[-87.6143,41.8643],[-87.61491,41.86322],[-87.61502,41.8626],[-87.61487,41.86188],[-87.61424,41.86093],[-87.61409,41.86048],[-87.61755,41.86045],[-87.61834,41.86246],[-87.61885,41.86484],[-87.61844,41.86492]]]}},{"type":"Feature","properties":{"name":"Big Marsh Bike Park","kind":"park","areaKm2":0.1512,"osmId":451819424},"geometry":{"type":"Polygon","coordinates":[[[-87.57551,41.68549],[-87.57493,41.68575],[-87.57379,41.68602],[-87.57359,41.68617],[-87.57358,41.68703],[-87.5737,41.6877],[-87.57364,41.68799],[-87.57352,41.68809],[-87.5732,41.68814],[-87.57257,41.68804],[-87.57163,41.68811],[-87.57114,41.68805],[-87.57064,41.68808],[-87.57013,41.68826],[-87.56974,41.68826],[-87.56932,41.68804],[-87.56916,41.6876],[-87.56941,41.68681],[-87.5693,41.68655],[-87.56934,41.68594],[-87.56919,41.68499],[-87.56943,41.68485],[-87.57175,41.68489],[-87.57373,41.68482],[-87.57449,41.68478],[-87.57579,41.68452],[-87.57567,41.68527],[-87.57551,41.68549]]]}},{"type":"Feature","properties":{"name":"Lake Katherine Nature Center & Botanic Gardens","kind":"park","areaKm2":0.1493,"osmId":469473698},"geometry":{"type":"Polygon","coordinates":[[[-87.79954,41.67774],[-87.79953,41.67687],[-87.80144,41.67681],[-87.80255,41.67694],[-87.80372,41.67681],[-87.80482,41.67681],[-87.80514,41.67689],[-87.80585,41.67728],[-87.80645,41.67736],[-87.80713,41.6773],[-87.80755,41.67735],[-87.80789,41.67751],[-87.80799,41.67744],[-87.80828,41.67767],[-87.8085,41.67767],[-87.80852,41.67806],[-87.80987,41.67842],[-87.81055,41.67868],[-87.80955,41.67966],[-87.79954,41.67774]]]}},{"type":"Feature","properties":{"name":"Gompers Park","kind":"park","areaKm2":0.1472,"osmId":5208055},"geometry":{"type":"MultiPolygon","coordinates":[[[[-87.73196,41.97372],[-87.73306,41.97373],[-87.7331,41.97542],[-87.72837,41.97544],[-87.72827,41.97328],[-87.73181,41.97325],[-87.73182,41.97361],[-87.73196,41.97372]]],[[[-87.73815,41.97716],[-87.73735,41.9769],[-87.73619,41.97677],[-87.73417,41.97624],[-87.73311,41.97581],[-87.73185,41.97584],[-87.73118,41.97557],[-87.7381,41.9755],[-87.73815,41.97716]]],[[[-87.73717,41.977],[-87.73784,41.97725],[-87.73573,41.97728],[-87.73572,41.97681],[-87.73717,41.977]]]]}},{"type":"Feature","properties":{"name":"Commissioners Park","kind":"park","areaKm2":0.1438,"osmId":131817217},"geometry":{"type":"Polygon","coordinates":[[[-87.70008,41.66733],[-87.69994,41.66427],[-87.70181,41.66424],[-87.70262,41.66314],[-87.70458,41.66442],[-87.70464,41.66439],[-87.7047,41.66726],[-87.70008,41.66733]]]}},{"type":"Feature","properties":{"name":"Altman Park","kind":"park","areaKm2":0.1429,"osmId":188546674},"geometry":{"type":"Polygon","coordinates":[[[-87.80727,41.68178],[-87.80716,41.68171],[-87.80684,41.68202],[-87.80694,41.68208],[-87.80474,41.68418],[-87.80453,41.68418],[-87.80447,41.68237],[-87.80277,41.6824],[-87.80261,41.67944],[-87.80231,41.67933],[-87.8023,41.67905],[-87.80246,41.67922],[-87.80284,41.67932],[-87.80281,41.6794],[-87.80298,41.67945],[-87.80302,41.67937],[-87.80326,41.67943],[-87.80342,41.6794],[-87.80632,41.68],[-87.80884,41.68033],[-87.80727,41.68178]]]}},{"type":"Feature","properties":{"name":"Ehlert Park","kind":"park","areaKm2":0.1421,"osmId":174384791},"geometry":{"type":"Polygon","coordinates":[[[-87.8499,41.81263],[-87.84984,41.8127],[-87.84573,41.81278],[-87.84571,41.81223],[-87.8451,41.81225],[-87.84509,41.812],[-87.8439,41.81208],[-87.84391,41.81109],[-87.8449,41.81106],[-87.84507,41.81093],[-87.84636,41.81099],[-87.84635,41.81069],[-87.84697,41.81069],[-87.84697,41.81035],[-87.84634,41.81036],[-87.84629,41.80922],[-87.84974,41.80915],[-87.8499,41.81263]]]}},{"type":"Feature","properties":{"name":"Loyola Park","kind":"park","areaKm2":0.1405,"osmId":212865601},"geometry":{"type":"Polygon","coordinates":[[[-87.66234,42.0105],[-87.66272,42.01172],[-87.66322,42.01275],[-87.66123,42.01277],[-87.66122,42.01268],[-87.66096,42.01222],[-87.66106,42.01219],[-87.66089,42.01189],[-87.6599,42.01086],[-87.65875,42.00997],[-87.6584,42.0093],[-87.65781,42.00861],[-87.65661,42.00753],[-87.65545,42.00662],[-87.65584,42.00631],[-87.6585,42.0063],[-87.6585,42.00621],[-87.65895,42.0062],[-87.65896,42.00684],[-87.65916,42.00683],[-87.65917,42.00745],[-87.65988,42.00743],[-87.6599,42.00796],[-87.65962,42.00797],[-87.65966,42.00865],[-87.6603,42.00863],[-87.66039,42.00985],[-87.66069,42.00984],[-87.6609,42.01052],[-87.66234,42.0105]]]}},{"type":"Feature","properties":{"name":"Centerpoint Preserve & Recreational Facility","kind":"park","areaKm2":0.1335,"osmId":247079106},"geometry":{"type":"Polygon","coordinates":[[[-87.90553,41.9179],[-87.90545,41.91707],[-87.90564,41.91706],[-87.90558,41.91688],[-87.90566,41.91662],[-87.90607,41.91615],[-87.90582,41.91589],[-87.90575,41.91561],[-87.90594,41.9151],[-87.90567,41.91472],[-87.90515,41.91446],[-87.90508,41.9141],[-87.90363,41.91412],[-87.90356,41.91227],[-87.90729,41.91219],[-87.90743,41.91444],[-87.9079,41.91444],[-87.90787,41.91492],[-87.90761,41.91502],[-87.90764,41.91534],[-87.90776,41.91533],[-87.90781,41.91686],[-87.90734,41.91687],[-87.90738,41.91777],[-87.90553,41.9179]]]}},{"type":"Feature","properties":{"name":"Community Park","kind":"park","areaKm2":0.133,"osmId":570365329},"geometry":{"type":"Polygon","coordinates":[[[-87.81055,41.675],[-87.80665,41.67503],[-87.80647,41.67149],[-87.81051,41.67132],[-87.81055,41.675]]]}},{"type":"Feature","properties":{"name":"Park No. 538","kind":"park","areaKm2":0.1315,"osmId":218388012},"geometry":{"type":"Polygon","coordinates":[[[-87.71038,42.00418],[-87.71024,42.00418],[-87.71024,42.00432],[-87.71037,42.00432],[-87.71025,42.01177],[-87.7092,42.01179],[-87.70948,42.00477],[-87.70946,41.99747],[-87.71047,41.99746],[-87.71056,41.99853],[-87.71038,42.00418]]]}},{"type":"Feature","properties":{"name":"Gage Park","kind":"park","areaKm2":0.1207,"osmId":32741344},"geometry":{"type":"Polygon","coordinates":[[[-87.68361,41.7952],[-87.6836,41.79507],[-87.68239,41.79509],[-87.68231,41.79234],[-87.68413,41.79233],[-87.68413,41.79209],[-87.68753,41.79204],[-87.68758,41.79375],[-87.68576,41.79378],[-87.68581,41.79517],[-87.68361,41.7952]]]}},{"type":"Feature","properties":{"name":"Peterson (Pehr Samuel) Park","kind":"park","areaKm2":0.1202,"osmId":20458675},"geometry":{"type":"MultiPolygon","coordinates":[[[[-87.72598,41.98653],[-87.72639,41.98642],[-87.72652,41.98597],[-87.72844,41.986],[-87.72847,41.98678],[-87.72721,41.98683],[-87.72632,41.98712],[-87.72562,41.98695],[-87.72598,41.98653]]],[[[-87.72032,41.98666],[-87.7203,41.98615],[-87.72068,41.98614],[-87.7207,41.98671],[-87.72191,41.98691],[-87.72201,41.99015],[-87.71892,41.99017],[-87.71881,41.98663],[-87.72032,41.98666]]]]}},{"type":"Feature","properties":{"name":"Hamilton Park","kind":"park","areaKm2":0.1184,"osmId":116953047},"geometry":{"type":"Polygon","coordinates":[[[-87.63487,41.76349],[-87.6362,41.75994],[-87.63915,41.75989],[-87.63918,41.76341],[-87.63487,41.76349]]]}},{"type":"Feature","properties":{"name":"River Park","kind":"park","areaKm2":0.1171,"osmId":3485584},"geometry":{"type":"MultiPolygon","coordinates":[[[[-87.70423,41.97319],[-87.70385,41.97219],[-87.70607,41.97216],[-87.70615,41.97424],[-87.70487,41.97389],[-87.70423,41.97319]]],[[[-87.70131,41.97222],[-87.70345,41.97219],[-87.70368,41.97325],[-87.70393,41.97359],[-87.70429,41.97486],[-87.70433,41.97511],[-87.7042,41.97521],[-87.70445,41.97545],[-87.70452,41.97569],[-87.70143,41.97575],[-87.70131,41.97222]]]]}},{"type":"Feature","properties":{"name":"Maggie Daley Park","kind":"park","areaKm2":0.1161,"osmId":224231352},"geometry":{"type":"Polygon","coordinates":[[[-87.6176,41.88433],[-87.61722,41.88446],[-87.61722,41.8843],[-87.61456,41.88432],[-87.61522,41.88375],[-87.61643,41.88319],[-87.61705,41.88275],[-87.6175,41.8821],[-87.61766,41.88103],[-87.62059,41.88098],[-87.62066,41.88137],[-87.62038,41.88245],[-87.62042,41.88425],[-87.6176,41.88433]]]}},{"type":"Feature","properties":{"name":"Wild Meadows Trace","kind":"park","areaKm2":0.1149,"osmId":229122088},"geometry":{"type":"Polygon","coordinates":[[[-87.93996,41.88513],[-87.93685,41.88483],[-87.93677,41.88465],[-87.92819,41.88392],[-87.92098,41.88393],[-87.921,41.8828],[-87.94,41.88442],[-87.93996,41.88513]]]}},{"type":"Feature","properties":{"name":"Gately Park","kind":"park","areaKm2":0.1125,"osmId":116852700},"geometry":{"type":"Polygon","coordinates":[[[-87.60623,41.70751],[-87.60634,41.70757],[-87.60577,41.71036],[-87.60186,41.71042],[-87.60176,41.70758],[-87.60623,41.70751]]]}},{"type":"Feature","properties":{"name":"Palmisano (Henry) Park","kind":"park","areaKm2":0.1107,"osmId":108637610},"geometry":{"type":"Polygon","coordinates":[[[-87.6465,41.84169],[-87.6492,41.84166],[-87.64975,41.8414],[-87.65165,41.84361],[-87.65008,41.84448],[-87.65,41.8444],[-87.64969,41.84433],[-87.64659,41.84449],[-87.6465,41.84169]]]}},{"type":"Feature","properties":{"name":"Avalon Park","kind":"park","areaKm2":0.1101,"osmId":125811837},"geometry":{"type":"Polygon","coordinates":[[[-87.59295,41.74057],[-87.5974,41.74052],[-87.59764,41.74131],[-87.59771,41.74224],[-87.59526,41.74227],[-87.59528,41.74398],[-87.59302,41.74401],[-87.59295,41.74057]]]}},{"type":"Feature","properties":{"name":"Priory Park","kind":"park","areaKm2":0.1097,"osmId":313128907},"geometry":{"type":"Polygon","coordinates":[[[-87.80946,41.90302],[-87.80951,41.90327],[-87.80963,41.90336],[-87.80968,41.90452],[-87.80715,41.90459],[-87.80716,41.90511],[-87.80579,41.90514],[-87.80567,41.90169],[-87.80943,41.90161],[-87.80946,41.90302]]]}},{"type":"Feature","properties":{"name":"Harold Washington Park","kind":"park","areaKm2":0.109,"osmId":19742302},"geometry":{"type":"MultiPolygon","coordinates":[[[[-87.582,41.8035],[-87.58175,41.80274],[-87.58167,41.79994],[-87.58175,41.79979],[-87.58198,41.79971],[-87.58245,41.79975],[-87.58395,41.7997],[-87.58497,41.80221],[-87.58489,41.80245],[-87.58382,41.80248],[-87.58356,41.80264],[-87.5836,41.80431],[-87.58339,41.80452],[-87.58337,41.80479],[-87.58348,41.80499],[-87.58419,41.80553],[-87.58316,41.80487],[-87.5825,41.80425],[-87.582,41.8035]]],[[[-87.58382,41.80428],[-87.58374,41.80267],[-87.5838,41.8026],[-87.5842,41.80259],[-87.58424,41.80434],[-87.58391,41.80435],[-87.58382,41.80428]]]]}},{"type":"Feature","properties":{"name":"","kind":"park","areaKm2":0.108,"osmId":34318773},"geometry":{"type":"Polygon","coordinates":[[[-87.69736,41.76614],[-87.6979,41.76628],[-87.69868,41.7662],[-87.69916,41.76637],[-87.70034,41.76608],[-87.70058,41.76609],[-87.70078,41.76632],[-87.70087,41.76682],[-87.70087,41.76725],[-87.70067,41.76797],[-87.70082,41.76857],[-87.70105,41.76879],[-87.70112,41.76942],[-87.70084,41.76961],[-87.7006,41.76968],[-87.70045,41.76958],[-87.70045,41.76939],[-87.70015,41.76924],[-87.69998,41.76924],[-87.6994,41.7695],[-87.69898,41.76958],[-87.69842,41.76935],[-87.69715,41.76943],[-87.69677,41.76932],[-87.69663,41.76882],[-87.69761,41.76858],[-87.69781,41.76841],[-87.69787,41.76819],[-87.69763,41.76754],[-87.69724,41.76741],[-87.69675,41.76753],[-87.69659,41.76742],[-87.69655,41.7673],[-87.69688,41.76706],[-87.69736,41.76614]]]}},{"type":"Feature","properties":{"name":"Lemont High School Sports Complex","kind":"park","areaKm2":0.1047,"osmId":572227236},"geometry":{"type":"Polygon","coordinates":[[[-87.93317,41.64717],[-87.93497,41.64716],[-87.935,41.65005],[-87.93416,41.65005],[-87.93402,41.6501],[-87.93403,41.65074],[-87.93179,41.65077],[-87.93169,41.65055],[-87.93152,41.64725],[-87.93317,41.64717]]]}},{"type":"Feature","properties":{"name":"Richard Clark Park","kind":"park","areaKm2":0.1047,"osmId":5209321},"geometry":{"type":"MultiPolygon","coordinates":[[[[-87.69404,41.94349],[-87.69325,41.94219],[-87.69316,41.94101],[-87.69293,41.94075],[-87.69316,41.94061],[-87.69187,41.93953],[-87.69221,41.93952],[-87.69245,41.93982],[-87.69289,41.94006],[-87.69366,41.94073],[-87.69491,41.94248],[-87.69509,41.94291],[-87.69519,41.94383],[-87.69574,41.94598],[-87.69599,41.94661],[-87.69577,41.94662],[-87.69572,41.94637],[-87.69556,41.9463],[-87.69549,41.94612],[-87.6942,41.94614],[-87.69404,41.94349]]],[[[-87.69305,41.94455],[-87.69213,41.94458],[-87.69209,41.94379],[-87.69225,41.94357],[-87.69224,41.94339],[-87.69379,41.94337],[-87.69385,41.94346],[-87.69401,41.94434],[-87.69403,41.94667],[-87.6931,41.94667],[-87.69305,41.94455]]]]}},{"type":"Feature","properties":{"name":"Yukich Fields","kind":"park","areaKm2":0.1028,"osmId":844692275},"geometry":{"type":"Polygon","coordinates":[[[-87.70222,41.72813],[-87.70288,41.72809],[-87.70281,41.72941],[-87.70295,41.72954],[-87.70412,41.7296],[-87.70407,41.73169],[-87.70522,41.73168],[-87.70527,41.73174],[-87.70527,41.73257],[-87.70558,41.73339],[-87.70444,41.73394],[-87.70438,41.73388],[-87.7024,41.73392],[-87.70222,41.72813]]]}},{"type":"Feature","properties":{"name":"Foster Park","kind":"park","areaKm2":0.1002,"osmId":135920780},"geometry":{"type":"Polygon","coordinates":[[[-87.6584,41.73956],[-87.66147,41.73951],[-87.66157,41.74303],[-87.65849,41.74308],[-87.6584,41.73956]]]}},{"type":"Feature","properties":{"name":"Burnham Park","kind":"park","areaKm2":0.0998,"osmId":15772174},"geometry":{"type":"Polygon","coordinates":[[[-87.61006,41.83848],[-87.6092,41.83843],[-87.60842,41.83682],[-87.60797,41.83409],[-87.60731,41.83261],[-87.60582,41.83054],[-87.60488,41.82946],[-87.60187,41.82686],[-87.60155,41.82639],[-87.60159,41.82619],[-87.60141,41.82611],[-87.60104,41.82535],[-87.6011,41.82522],[-87.60191,41.82501],[-87.60799,41.83309],[-87.60864,41.83421],[-87.60943,41.83624],[-87.61048,41.83843],[-87.61006,41.83848]]]}},{"type":"Feature","properties":{"name":"Millennium Park","kind":"park","areaKm2":0.0993,"osmId":23888253},"geometry":{"type":"Polygon","coordinates":[[[-87.621,41.88098],[-87.62413,41.88093],[-87.62419,41.88431],[-87.62083,41.88425],[-87.621,41.88098]]]}},{"type":"Feature","properties":{"name":"Carver Park","kind":"park","areaKm2":0.0982,"osmId":5208427},"geometry":{"type":"MultiPolygon","coordinates":[[[[-87.59693,41.65371],[-87.59681,41.65307],[-87.59672,41.65307],[-87.59624,41.65252],[-87.59617,41.65195],[-87.60011,41.65192],[-87.60011,41.65365],[-87.59693,41.65371]]],[[[-87.59825,41.65564],[-87.59824,41.65531],[-87.59835,41.65512],[-87.59916,41.65511],[-87.59949,41.65446],[-87.59949,41.65384],[-87.60003,41.65379],[-87.60106,41.65351],[-87.60133,41.65434],[-87.60136,41.65493],[-87.60117,41.65513],[-87.60031,41.65516],[-87.60035,41.65584],[-87.59961,41.65587],[-87.59925,41.65607],[-87.59825,41.65564]]]]}},{"type":"Feature","properties":{"name":"Butterfield Park","kind":"park","areaKm2":0.0967,"osmId":36606446},"geometry":{"type":"Polygon","coordinates":[[[-87.92804,41.87463],[-87.92866,41.87461],[-87.92868,41.87483],[-87.92813,41.87487],[-87.92819,41.87568],[-87.92649,41.87575],[-87.92644,41.87483],[-87.92512,41.87482],[-87.92496,41.87207],[-87.92772,41.87138],[-87.92804,41.87463]]]}},{"type":"Feature","properties":{"name":"Lincolnwood Centennial Park","kind":"park","areaKm2":0.0962,"osmId":109151481},"geometry":{"type":"Polygon","coordinates":[[[-87.71145,41.99745],[-87.71159,41.99754],[-87.71163,42.00102],[-87.71131,42.01164],[-87.7112,42.01175],[-87.71071,42.01179],[-87.7106,42.01177],[-87.71089,42.00283],[-87.71085,41.99745],[-87.71145,41.99745]]]}},{"type":"Feature","properties":{"name":"Abbott Park","kind":"park","areaKm2":0.095,"osmId":5249134},"geometry":{"type":"MultiPolygon","coordinates":[[[[-87.62058,41.71643],[-87.62068,41.71641],[-87.62138,41.7164],[-87.62139,41.71723],[-87.6206,41.71723],[-87.62058,41.71643]]],[[[-87.62069,41.72164],[-87.62067,41.71904],[-87.62184,41.71902],[-87.62182,41.71726],[-87.62273,41.71723],[-87.62346,41.71933],[-87.62361,41.72155],[-87.62069,41.72164]]]]}},{"type":"Feature","properties":{"name":"Piotrowski Park","kind":"park","areaKm2":0.0945,"osmId":131817875},"geometry":{"type":"Polygon","coordinates":[[[-87.73226,41.83671],[-87.7293,41.83675],[-87.72926,41.83322],[-87.73213,41.8332],[-87.73226,41.83671]]]}},{"type":"Feature","properties":{"name":"Sedgwick Park","kind":"park","areaKm2":0.0941,"osmId":181546741},"geometry":{"type":"Polygon","coordinates":[[[-87.86252,41.80516],[-87.86035,41.80515],[-87.85956,41.80458],[-87.85942,41.80167],[-87.86238,41.80165],[-87.86252,41.80516]]]}},{"type":"Feature","properties":{"name":"Bedford Park","kind":"park","areaKm2":0.0926,"osmId":554357872},"geometry":{"type":"Polygon","coordinates":[[[-87.8188,41.76958],[-87.81782,41.76928],[-87.81759,41.76965],[-87.81794,41.76979],[-87.81776,41.77013],[-87.81838,41.77036],[-87.81783,41.7711],[-87.81745,41.77097],[-87.81766,41.77062],[-87.81757,41.77054],[-87.8153,41.77062],[-87.81526,41.76969],[-87.81043,41.76979],[-87.81034,41.76728],[-87.81046,41.76665],[-87.81065,41.76639],[-87.81095,41.76617],[-87.81138,41.76611],[-87.8114,41.76663],[-87.81124,41.76673],[-87.81131,41.76859],[-87.81147,41.76872],[-87.81151,41.76921],[-87.81914,41.76906],[-87.8188,41.76958]]]}},{"type":"Feature","properties":{"name":"Argo Park","kind":"park","areaKm2":0.0908,"osmId":176391057},"geometry":{"type":"Polygon","coordinates":[[[-87.81043,41.77425],[-87.80951,41.77426],[-87.80952,41.77476],[-87.80817,41.77478],[-87.80815,41.7743],[-87.80554,41.77436],[-87.80557,41.77515],[-87.80448,41.77518],[-87.80428,41.77539],[-87.80358,41.77543],[-87.80357,41.77534],[-87.80337,41.77536],[-87.80331,41.77404],[-87.80469,41.77247],[-87.80546,41.77245],[-87.8055,41.77342],[-87.80949,41.77334],[-87.81043,41.77425]]]}},{"type":"Feature","properties":{"name":"Dunbar Park","kind":"park","areaKm2":0.0893,"osmId":157655064},"geometry":{"type":"Polygon","coordinates":[[[-87.61881,41.84066],[-87.61866,41.84066],[-87.61866,41.84032],[-87.61875,41.84024],[-87.61935,41.84022],[-87.61934,41.8385],[-87.62181,41.83846],[-87.6219,41.84193],[-87.61884,41.84199],[-87.61881,41.84066]]]}},{"type":"Feature","properties":{"name":"La Villita Park","kind":"park","areaKm2":0.0892,"osmId":183213337},"geometry":{"type":"Polygon","coordinates":[[[-87.70138,41.84271],[-87.70132,41.84092],[-87.70015,41.84093],[-87.70009,41.83844],[-87.70208,41.83765],[-87.70208,41.83738],[-87.70228,41.83738],[-87.70239,41.83913],[-87.70302,41.83913],[-87.70306,41.8409],[-87.70247,41.84092],[-87.70251,41.84205],[-87.70192,41.8427],[-87.70138,41.84271]]]}},{"type":"Feature","properties":{"name":"Commons Park","kind":"park","areaKm2":0.089,"osmId":161412114},"geometry":{"type":"Polygon","coordinates":[[[-87.82292,41.84549],[-87.82303,41.84797],[-87.81576,41.84585],[-87.81575,41.84562],[-87.82292,41.84549]]]}},{"type":"Feature","properties":{"name":"Winnemac Park","kind":"park","areaKm2":0.0888,"osmId":27860785},"geometry":{"type":"Polygon","coordinates":[[[-87.6837,41.97334],[-87.6826,41.97337],[-87.68261,41.97371],[-87.68239,41.97371],[-87.68241,41.97484],[-87.68261,41.97484],[-87.68265,41.97592],[-87.68088,41.97595],[-87.68083,41.97445],[-87.68003,41.97446],[-87.68,41.97314],[-87.67942,41.97314],[-87.67938,41.97245],[-87.68407,41.97238],[-87.68411,41.97366],[-87.68371,41.97367],[-87.6837,41.97334]]]}},{"type":"Feature","properties":{"name":"Margate Park","kind":"park","areaKm2":0.0875,"osmId":788927109},"geometry":{"type":"Polygon","coordinates":[[[-87.65088,41.97322],[-87.65176,41.97551],[-87.65201,41.97638],[-87.65129,41.97629],[-87.6509,41.97601],[-87.64979,41.97431],[-87.64931,41.97328],[-87.64924,41.97277],[-87.6487,41.97122],[-87.64866,41.97021],[-87.64877,41.96968],[-87.64897,41.96935],[-87.64956,41.96926],[-87.65088,41.97322]]]}},{"type":"Feature","properties":{"name":"UIC South Fields","kind":"park","areaKm2":0.0874,"osmId":49231293},"geometry":{"type":"Polygon","coordinates":[[[-87.64805,41.86615],[-87.64796,41.86489],[-87.64809,41.86485],[-87.64808,41.86465],[-87.64796,41.86465],[-87.64792,41.86241],[-87.65081,41.86237],[-87.65084,41.86342],[-87.64979,41.86344],[-87.64983,41.86465],[-87.64991,41.86478],[-87.65088,41.86478],[-87.65093,41.86613],[-87.64805,41.86615]]]}},{"type":"Feature","properties":{"name":"Henry Proesel Park","kind":"park","areaKm2":0.0863,"osmId":28484546},"geometry":{"type":"Polygon","coordinates":[[[-87.73761,42.00969],[-87.73725,42.00995],[-87.73449,42.00785],[-87.7345,42.00775],[-87.73501,42.00737],[-87.73503,42.00641],[-87.73821,42.0064],[-87.73815,42.0097],[-87.73761,42.00969]]]}},{"type":"Feature","properties":{"name":"Rogers Park","kind":"park","areaKm2":0.0861,"osmId":209695141},"geometry":{"type":"Polygon","coordinates":[[[-87.69493,42.01283],[-87.69494,42.01314],[-87.69721,42.01311],[-87.6972,42.01475],[-87.69483,42.01482],[-87.69482,42.01534],[-87.69266,42.01536],[-87.69267,42.01289],[-87.69493,42.01283]]]}},{"type":"Feature","properties":{"name":"Kiwanis Park","kind":"park","areaKm2":0.0856,"osmId":18369131},"geometry":{"type":"Polygon","coordinates":[[[-87.84187,41.82357],[-87.84134,41.82396],[-87.84124,41.82425],[-87.84133,41.82571],[-87.84168,41.82605],[-87.84178,41.82776],[-87.83979,41.82779],[-87.8397,41.82773],[-87.83953,41.82329],[-87.84137,41.82285],[-87.84172,41.82293],[-87.84195,41.82313],[-87.842,41.82334],[-87.84187,41.82357]]]}},{"type":"Feature","properties":{"name":"Hayes Park","kind":"park","areaKm2":0.0855,"osmId":126282698},"geometry":{"type":"Polygon","coordinates":[[[-87.69753,41.74252],[-87.6975,41.74179],[-87.69635,41.74181],[-87.69637,41.74254],[-87.69561,41.74254],[-87.69547,41.739],[-87.69566,41.73888],[-87.69634,41.73872],[-87.69693,41.73869],[-87.69745,41.73874],[-87.69815,41.73891],[-87.69822,41.74251],[-87.69753,41.74252]]]}},{"type":"Feature","properties":{"name":"Eisenhower Park","kind":"park","areaKm2":0.0839,"osmId":327497798},"geometry":{"type":"Polygon","coordinates":[[[-87.90049,41.88235],[-87.89804,41.88436],[-87.89794,41.88143],[-87.89851,41.8815],[-87.89855,41.88093],[-87.9032,41.88133],[-87.90323,41.88264],[-87.90049,41.88235]]]}},{"type":"Feature","properties":{"name":"Forest Park","kind":"park","areaKm2":0.0836,"osmId":36606443},"geometry":{"type":"Polygon","coordinates":[[[-87.81545,41.87292],[-87.81351,41.87345],[-87.81352,41.87354],[-87.81176,41.87377],[-87.8083,41.87338],[-87.80824,41.87237],[-87.80945,41.87228],[-87.8156,41.87216],[-87.81545,41.87292]]]}},{"type":"Feature","properties":{"name":"Field (Eugene) Park","kind":"park","areaKm2":0.0827,"osmId":5208052},"geometry":{"type":"MultiPolygon","coordinates":[[[[-87.72092,41.97383],[-87.72089,41.97371],[-87.72137,41.97371],[-87.72146,41.97379],[-87.72153,41.9737],[-87.72268,41.97369],[-87.7227,41.97427],[-87.7245,41.97423],[-87.72453,41.9755],[-87.72035,41.97557],[-87.72034,41.97515],[-87.72024,41.97515],[-87.72021,41.97411],[-87.71969,41.97411],[-87.71969,41.97398],[-87.71943,41.97397],[-87.71943,41.9739],[-87.71846,41.9739],[-87.71845,41.97377],[-87.71892,41.97376],[-87.71892,41.97351],[-87.71905,41.97345],[-87.71959,41.97345],[-87.71959,41.97364],[-87.72021,41.97364],[-87.72025,41.97379],[-87.72075,41.97378],[-87.72092,41.97383]]],[[[-87.72699,41.9755],[-87.72696,41.97452],[-87.7281,41.9745],[-87.72807,41.97478],[-87.72772,41.975],[-87.72723,41.97549],[-87.72699,41.9755]]],[[[-87.7263,41.97605],[-87.72569,41.97606],[-87.72484,41.97588],[-87.72433,41.97567],[-87.72712,41.97561],[-87.7263,41.97605]]]]}},{"type":"Feature","properties":{"name":"Robbins Park","kind":"park","areaKm2":0.081,"osmId":222508367},"geometry":{"type":"Polygon","coordinates":[[[-87.93213,41.7946],[-87.93346,41.79457],[-87.93362,41.79446],[-87.93359,41.79412],[-87.93427,41.79411],[-87.93422,41.79278],[-87.93637,41.79273],[-87.93647,41.79492],[-87.9353,41.79494],[-87.93449,41.7956],[-87.93449,41.79588],[-87.93361,41.7959],[-87.93362,41.79622],[-87.93219,41.79624],[-87.93213,41.7946]]]}},{"type":"Feature","properties":{"name":"","kind":"park","areaKm2":0.0805,"osmId":1144179979},"geometry":{"type":"Polygon","coordinates":[[[-87.77553,41.67271],[-87.77359,41.67224],[-87.76999,41.67107],[-87.76983,41.67099],[-87.77002,41.67027],[-87.77031,41.66994],[-87.77067,41.6697],[-87.77113,41.66989],[-87.77127,41.67013],[-87.77144,41.67021],[-87.77557,41.67146],[-87.77611,41.67175],[-87.77692,41.67241],[-87.77703,41.67258],[-87.7769,41.67282],[-87.77661,41.67274],[-87.77553,41.67271]]]}},{"type":"Feature","properties":{"name":"Ridgeland Park","kind":"park","areaKm2":0.0801,"osmId":544582346},"geometry":{"type":"Polygon","coordinates":[[[-87.7779,41.75575],[-87.77779,41.75228],[-87.77991,41.75224],[-87.78035,41.75217],[-87.78033,41.75571],[-87.7779,41.75575]]]}},{"type":"Feature","properties":{"name":"Centennial Park","kind":"park","areaKm2":0.0772,"osmId":223478283},"geometry":{"type":"Polygon","coordinates":[[[-87.84799,42.01061],[-87.84567,42.01072],[-87.84567,42.00716],[-87.84803,42.0071],[-87.84799,42.01061]]]}},{"type":"Feature","properties":{"name":"Norridge Park","kind":"park","areaKm2":0.0771,"osmId":32503395},"geometry":{"type":"Polygon","coordinates":[[[-87.81934,41.96339],[-87.81941,41.96345],[-87.81938,41.96688],[-87.81701,41.96696],[-87.81703,41.96345],[-87.81934,41.96339]]]}},{"type":"Feature","properties":{"name":"Prairie View Park","kind":"park","areaKm2":0.0766,"osmId":543515999},"geometry":{"type":"Polygon","coordinates":[[[-87.82326,41.73659],[-87.82134,41.7352],[-87.81988,41.734],[-87.82337,41.73398],[-87.82338,41.73425],[-87.82411,41.73423],[-87.8241,41.73402],[-87.8253,41.73399],[-87.82537,41.73536],[-87.82417,41.73537],[-87.82419,41.73657],[-87.82326,41.73659]]]}},{"type":"Feature","properties":{"name":"Mann Park","kind":"park","areaKm2":0.0762,"osmId":103532286},"geometry":{"type":"Polygon","coordinates":[[[-87.54961,41.65555],[-87.55194,41.65556],[-87.55192,41.65911],[-87.54959,41.65911],[-87.54961,41.65555]]]}},{"type":"Feature","properties":{"name":"Brighton Park Community Campus (Park No. 596)","kind":"park","areaKm2":0.0753,"osmId":387025123},"geometry":{"type":"Polygon","coordinates":[[[-87.68449,41.80657],[-87.68448,41.80475],[-87.68456,41.80475],[-87.68456,41.80484],[-87.68941,41.80482],[-87.68941,41.80549],[-87.68918,41.80547],[-87.68909,41.80556],[-87.68918,41.80574],[-87.68921,41.80646],[-87.68449,41.80657]]]}},{"type":"Feature","properties":{"name":"Oriole Park","kind":"park","areaKm2":0.0751,"osmId":32502705},"geometry":{"type":"Polygon","coordinates":[[[-87.8145,41.97729],[-87.8162,41.97725],[-87.81619,41.97982],[-87.81675,41.97979],[-87.81678,41.98108],[-87.8159,41.9811],[-87.8159,41.9815],[-87.8144,41.98177],[-87.8145,41.97729]]]}},{"type":"Feature","properties":{"name":"Kennedy Park","kind":"park","areaKm2":0.0751,"osmId":117149937},"geometry":{"type":"Polygon","coordinates":[[[-87.68118,41.68813],[-87.68112,41.68639],[-87.68579,41.6863],[-87.68584,41.68806],[-87.68118,41.68813]]]}},{"type":"Feature","properties":{"name":"Shabbona Park","kind":"park","areaKm2":0.0745,"osmId":97057458},"geometry":{"type":"Polygon","coordinates":[[[-87.80136,41.94348],[-87.80021,41.94352],[-87.80027,41.94531],[-87.79911,41.94533],[-87.79897,41.94182],[-87.80017,41.94182],[-87.8001,41.93999],[-87.80122,41.93997],[-87.80136,41.94348]]]}},{"type":"Feature","properties":{"name":"Bessemer (Henry) Park","kind":"park","areaKm2":0.0736,"osmId":125812227},"geometry":{"type":"Polygon","coordinates":[[[-87.55555,41.73015],[-87.55563,41.73015],[-87.55995,41.73327],[-87.55958,41.73352],[-87.55564,41.73356],[-87.55555,41.73015]]]}},{"type":"Feature","properties":{"name":"Rice Park","kind":"park","areaKm2":0.073,"osmId":544582349},"geometry":{"type":"Polygon","coordinates":[[[-87.76462,41.75563],[-87.76106,41.7557],[-87.76101,41.75461],[-87.7622,41.75459],[-87.7622,41.75365],[-87.76303,41.75364],[-87.76302,41.7525],[-87.76455,41.75246],[-87.76462,41.75563]]]}},{"type":"Feature","properties":{"name":"Rowan Park","kind":"park","areaKm2":0.072,"osmId":140587974},"geometry":{"type":"Polygon","coordinates":[[[-87.53744,41.68676],[-87.53691,41.68673],[-87.5369,41.68693],[-87.53652,41.68694],[-87.53652,41.68465],[-87.53999,41.68465],[-87.53998,41.68692],[-87.53744,41.68693],[-87.53744,41.68676]]]}},{"type":"Feature","properties":{"name":"LaFollette Park","kind":"park","areaKm2":0.0714,"osmId":32706211},"geometry":{"type":"Polygon","coordinates":[[[-87.75106,41.90585],[-87.75103,41.9042],[-87.75571,41.90414],[-87.75575,41.90579],[-87.75106,41.90585]]]}},{"type":"Feature","properties":{"name":"Steelworkers Park","kind":"park","areaKm2":0.0712,"osmId":243739736},"geometry":{"type":"Polygon","coordinates":[[[-87.53109,41.73956],[-87.5311,41.7406],[-87.52986,41.74061],[-87.52982,41.74036],[-87.5299,41.74028],[-87.52988,41.74011],[-87.5298,41.74009],[-87.52905,41.73426],[-87.52971,41.73397],[-87.53111,41.73798],[-87.53083,41.73797],[-87.5307,41.73808],[-87.5308,41.73824],[-87.53101,41.73823],[-87.53088,41.73872],[-87.53094,41.73918],[-87.53074,41.7394],[-87.53075,41.73956],[-87.53109,41.73956]]]}},{"type":"Feature","properties":{"name":"Harrison Park","kind":"park","areaKm2":0.0711,"osmId":168104071},"geometry":{"type":"Polygon","coordinates":[[[-87.67116,41.85599],[-87.67581,41.85593],[-87.67585,41.85758],[-87.6712,41.85765],[-87.67116,41.85599]]]}},{"type":"Feature","properties":{"name":"Mayfair Park","kind":"park","areaKm2":0.0709,"osmId":174436137},"geometry":{"type":"Polygon","coordinates":[[[-87.89485,41.83934],[-87.89486,41.84104],[-87.8927,41.84108],[-87.89267,41.84056],[-87.89137,41.84059],[-87.8913,41.83921],[-87.89175,41.83919],[-87.89167,41.83805],[-87.89181,41.83805],[-87.89233,41.83831],[-87.89436,41.83901],[-87.89493,41.83913],[-87.89485,41.83934]]]}},{"type":"Feature","properties":{"name":"Durkin Park","kind":"park","areaKm2":0.0705,"osmId":138740009},"geometry":{"type":"Polygon","coordinates":[[[-87.72537,41.7402],[-87.72531,41.73855],[-87.72993,41.73847],[-87.72998,41.74012],[-87.72537,41.7402]]]}},{"type":"Feature","properties":{"name":"Jesse Owens Park","kind":"park","areaKm2":0.0703,"osmId":125812031},"geometry":{"type":"Polygon","coordinates":[[[-87.57332,41.73353],[-87.57551,41.7335],[-87.5756,41.73697],[-87.5734,41.737],[-87.57332,41.73353]]]}},{"type":"Feature","properties":{"name":"Legion Park","kind":"park","areaKm2":0.0697,"osmId":18160483},"geometry":{"type":"Polygon","coordinates":[[[-87.70747,41.99029],[-87.70708,41.99009],[-87.70724,41.99002],[-87.70719,41.98993],[-87.70776,41.9899],[-87.70583,41.98353],[-87.70581,41.98316],[-87.70675,41.98318],[-87.70753,41.98568],[-87.70769,41.98634],[-87.70756,41.98648],[-87.70774,41.98652],[-87.70783,41.98672],[-87.70893,41.99029],[-87.70747,41.99029]]]}},{"type":"Feature","properties":{"name":"Grand Crossing Park","kind":"park","areaKm2":0.0693,"osmId":125813081},"geometry":{"type":"Polygon","coordinates":[[[-87.59938,41.75669],[-87.59929,41.75326],[-87.60147,41.75324],[-87.60156,41.75669],[-87.59938,41.75669]]]}},{"type":"Feature","properties":{"name":"Lindblom Park","kind":"park","areaKm2":0.0685,"osmId":32681709},"geometry":{"type":"Polygon","coordinates":[[[-87.6741,41.78218],[-87.6758,41.78213],[-87.67594,41.78651],[-87.67424,41.78654],[-87.6741,41.78218]]]}},{"type":"Feature","properties":{"name":"Ping Tom Memorial Park","kind":"park","areaKm2":0.0684,"osmId":5240880},"geometry":{"type":"MultiPolygon","coordinates":[[[[-87.63428,41.85887],[-87.63403,41.85897],[-87.634,41.85981],[-87.63413,41.86009],[-87.63314,41.86011],[-87.63265,41.86029],[-87.63229,41.86017],[-87.63293,41.85969],[-87.63316,41.85941],[-87.63369,41.8583],[-87.63363,41.85829],[-87.63418,41.85692],[-87.63454,41.8564],[-87.6366,41.85468],[-87.63678,41.85468],[-87.63684,41.85475],[-87.63669,41.85504],[-87.63679,41.85536],[-87.63515,41.85689],[-87.63487,41.85735],[-87.63485,41.85782],[-87.63428,41.85887]]],[[[-87.63359,41.85782],[-87.63285,41.85942],[-87.63249,41.85981],[-87.63204,41.85998],[-87.63203,41.85923],[-87.63193,41.85922],[-87.63202,41.85785],[-87.63359,41.85782]]]]}},{"type":"Feature","properties":{"name":"Legion Park","kind":"park","areaKm2":0.0679,"osmId":18160483},"geometry":{"type":"Polygon","coordinates":[[[-87.70568,41.98303],[-87.70353,41.97585],[-87.70457,41.97587],[-87.70498,41.97753],[-87.70657,41.98233],[-87.7067,41.983],[-87.70568,41.98303]]]}},{"type":"Feature","properties":{"name":"Tuley Park","kind":"park","areaKm2":0.0674,"osmId":136203215},"geometry":{"type":"Polygon","coordinates":[[[-87.60961,41.72937],[-87.61419,41.72931],[-87.61422,41.7309],[-87.60965,41.73096],[-87.60961,41.72937]]]}},{"type":"Feature","properties":{"name":"Kasey Meadow Park","kind":"park","areaKm2":0.0668,"osmId":500281176},"geometry":{"type":"Polygon","coordinates":[[[-87.81937,41.72412],[-87.81933,41.72308],[-87.82274,41.72302],[-87.82288,41.72308],[-87.82295,41.7246],[-87.82285,41.72481],[-87.81838,41.72488],[-87.8183,41.72412],[-87.81937,41.72412]]]}},{"type":"Feature","properties":{"name":"Legion Park","kind":"park","areaKm2":0.0668,"osmId":18160483},"geometry":{"type":"Polygon","coordinates":[[[-87.70931,41.99028],[-87.70716,41.98318],[-87.70814,41.98314],[-87.71029,41.99026],[-87.70931,41.99028]]]}},{"type":"Feature","properties":{"name":"Trumbull Park","kind":"park","areaKm2":0.0664,"osmId":125809746},"geometry":{"type":"Polygon","coordinates":[[[-87.56343,41.70797],[-87.56337,41.70468],[-87.56554,41.70466],[-87.56559,41.70793],[-87.56343,41.70797]]]}},{"type":"Feature","properties":{"name":"Norwood Park","kind":"park","areaKm2":0.066,"osmId":27860628},"geometry":{"type":"Polygon","coordinates":[[[-87.79469,41.98805],[-87.79471,41.98861],[-87.79468,41.98875],[-87.79457,41.98879],[-87.79083,41.98663],[-87.79181,41.98569],[-87.7923,41.98539],[-87.79277,41.9852],[-87.79342,41.98507],[-87.79469,41.98805]]]}},{"type":"Feature","properties":{"name":"Amundsen Park","kind":"park","areaKm2":0.066,"osmId":126416350},"geometry":{"type":"Polygon","coordinates":[[[-87.78115,41.91466],[-87.77713,41.91472],[-87.77708,41.91293],[-87.78106,41.91288],[-87.78115,41.91466]]]}},{"type":"Feature","properties":{"name":"Butler Field","kind":"park","areaKm2":0.0657,"osmId":139013800},"geometry":{"type":"Polygon","coordinates":[[[-87.61764,41.87847],[-87.62051,41.87845],[-87.62061,41.87871],[-87.62062,41.88077],[-87.61765,41.8808],[-87.61756,41.87857],[-87.61764,41.87847]]]}},{"type":"Feature","properties":{"name":"Clara D. Schafer Park","kind":"park","areaKm2":0.0651,"osmId":242286962},"geometry":{"type":"Polygon","coordinates":[[[-87.54283,41.73206],[-87.54286,41.73296],[-87.54222,41.73297],[-87.54226,41.73379],[-87.54038,41.7338],[-87.54035,41.73105],[-87.54057,41.73061],[-87.54114,41.7301],[-87.54144,41.7301],[-87.54146,41.73075],[-87.54217,41.73074],[-87.54218,41.73137],[-87.54283,41.73136],[-87.54283,41.73196],[-87.5415,41.73199],[-87.5415,41.73208],[-87.54283,41.73206]]]}},{"type":"Feature","properties":{"name":"West Pullman Park","kind":"park","areaKm2":0.0649,"osmId":116855005},"geometry":{"type":"Polygon","coordinates":[[[-87.63376,41.67058],[-87.62971,41.67058],[-87.62964,41.66895],[-87.62972,41.6689],[-87.6337,41.66884],[-87.63376,41.67058]]]}},{"type":"Feature","properties":{"name":"Dawes Park","kind":"park","areaKm2":0.0646,"osmId":234347635},"geometry":{"type":"Polygon","coordinates":[[[-87.67534,41.74657],[-87.6778,41.74653],[-87.67783,41.74742],[-87.67318,41.74748],[-87.67313,41.74527],[-87.67531,41.74524],[-87.67534,41.74657]]]}},{"type":"Feature","properties":{"name":"Oz Park","kind":"park","areaKm2":0.0644,"osmId":28292473},"geometry":{"type":"Polygon","coordinates":[[[-87.6439,41.92167],[-87.64385,41.9201],[-87.64503,41.92008],[-87.64507,41.91998],[-87.64619,41.91998],[-87.64617,41.9194],[-87.64726,41.91939],[-87.64727,41.92011],[-87.64743,41.92011],[-87.64748,41.92178],[-87.6441,41.92182],[-87.6439,41.92167]]]}},{"type":"Feature","properties":{"name":"Gordon Park","kind":"park","areaKm2":0.0643,"osmId":179749701},"geometry":{"type":"Polygon","coordinates":[[[-87.86762,41.81983],[-87.86482,41.81992],[-87.86474,41.81813],[-87.86462,41.81782],[-87.86481,41.81778],[-87.86514,41.81755],[-87.86667,41.81711],[-87.86756,41.81756],[-87.86762,41.81983]]]}},{"type":"Feature","properties":{"name":"Hale Park","kind":"park","areaKm2":0.0642,"osmId":32803992},"geometry":{"type":"Polygon","coordinates":[[[-87.77995,41.77818],[-87.78006,41.78128],[-87.77781,41.78132],[-87.7777,41.77822],[-87.77995,41.77818]]]}},{"type":"Feature","properties":{"name":"West Lawn Park","kind":"park","areaKm2":0.0642,"osmId":136511365},"geometry":{"type":"Polygon","coordinates":[[[-87.72819,41.7749],[-87.72814,41.77313],[-87.72755,41.77314],[-87.72754,41.77139],[-87.72977,41.77136],[-87.72987,41.77489],[-87.72819,41.7749]]]}},{"type":"Feature","properties":{"name":"Welles Park","kind":"park","areaKm2":0.0639,"osmId":27862021},"geometry":{"type":"Polygon","coordinates":[[[-87.68396,41.96145],[-87.68854,41.96138],[-87.68859,41.96309],[-87.68504,41.96314],[-87.68396,41.96145]]]}},{"type":"Feature","properties":{"name":"Veeck Park","kind":"park","areaKm2":0.0638,"osmId":222509634},"geometry":{"type":"Polygon","coordinates":[[[-87.91503,41.80408],[-87.91505,41.80441],[-87.9154,41.8044],[-87.91545,41.80564],[-87.91218,41.8064],[-87.91137,41.80426],[-87.91503,41.80408]]]}},{"type":"Feature","properties":{"name":"Newcastle Park","kind":"park","areaKm2":0.0634,"osmId":554363493},"geometry":{"type":"Polygon","coordinates":[[[-87.79235,41.74811],[-87.79216,41.74811],[-87.79185,41.74744],[-87.79147,41.747],[-87.79126,41.74698],[-87.79098,41.74105],[-87.79206,41.74103],[-87.79235,41.74811]]]}},{"type":"Feature","properties":{"name":"Prairie Ball Diamonds","kind":"park","areaKm2":0.0632,"osmId":186614143},"geometry":{"type":"Polygon","coordinates":[[[-87.73323,41.67571],[-87.73403,41.67649],[-87.73444,41.67673],[-87.73499,41.67759],[-87.73522,41.67772],[-87.73582,41.67871],[-87.73587,41.67919],[-87.73612,41.67986],[-87.73584,41.68006],[-87.73507,41.68007],[-87.73507,41.67999],[-87.73572,41.67997],[-87.7336,41.6766],[-87.73156,41.67662],[-87.73151,41.67567],[-87.73101,41.67542],[-87.73049,41.67542],[-87.73045,41.67378],[-87.73323,41.67571]]]}},{"type":"Feature","properties":{"name":"Veterans Park","kind":"park","areaKm2":0.0625,"osmId":163922769},"geometry":{"type":"Polygon","coordinates":[[[-87.81322,41.84473],[-87.81323,41.84509],[-87.80991,41.84412],[-87.8099,41.84374],[-87.80964,41.84322],[-87.81438,41.84309],[-87.81444,41.84472],[-87.81322,41.84473]]]}},{"type":"Feature","properties":{"name":"Ada Park","kind":"park","areaKm2":0.0622,"osmId":138756553},"geometry":{"type":"Polygon","coordinates":[[[-87.65209,41.68768],[-87.65671,41.68763],[-87.65674,41.68831],[-87.65621,41.68831],[-87.65624,41.68887],[-87.65559,41.68888],[-87.65561,41.68925],[-87.65214,41.68929],[-87.65209,41.68768]]]}},{"type":"Feature","properties":{"name":"East End Park","kind":"park","areaKm2":0.0622,"osmId":228902563},"geometry":{"type":"Polygon","coordinates":[[[-87.9237,41.90132],[-87.92342,41.90161],[-87.92313,41.90235],[-87.92319,41.90329],[-87.92312,41.90331],[-87.92331,41.90377],[-87.92355,41.90399],[-87.92411,41.90412],[-87.92469,41.90408],[-87.92468,41.90564],[-87.92333,41.90501],[-87.92263,41.90449],[-87.92189,41.90379],[-87.92123,41.90296],[-87.92111,41.90263],[-87.9217,41.90265],[-87.92194,41.90155],[-87.92223,41.90126],[-87.92269,41.90113],[-87.92362,41.90124],[-87.9237,41.90132]]]}},{"type":"Feature","properties":{"name":"California Park","kind":"park","areaKm2":0.0619,"osmId":208167791},"geometry":{"type":"Polygon","coordinates":[[[-87.69514,41.95378],[-87.69528,41.95386],[-87.69479,41.95386],[-87.69485,41.95365],[-87.69543,41.95304],[-87.69676,41.95095],[-87.69706,41.95031],[-87.69706,41.94964],[-87.69804,41.94963],[-87.69815,41.95386],[-87.69723,41.95388],[-87.69722,41.95311],[-87.69593,41.95312],[-87.69593,41.95304],[-87.69566,41.95304],[-87.69514,41.95378]]]}},{"type":"Feature","properties":{"name":"Sears Park","kind":"park","areaKm2":0.0607,"osmId":176097790},"geometry":{"type":"Polygon","coordinates":[[[-87.7096,41.66691],[-87.70875,41.66667],[-87.70886,41.66945],[-87.70768,41.66947],[-87.70764,41.66872],[-87.70735,41.66873],[-87.70723,41.66583],[-87.7068,41.66584],[-87.70679,41.66567],[-87.70722,41.66566],[-87.70721,41.66524],[-87.70958,41.66598],[-87.7096,41.66691]]]}},{"type":"Feature","properties":{"name":"West Chatham Park","kind":"park","areaKm2":0.0596,"osmId":131817704},"geometry":{"type":"Polygon","coordinates":[[[-87.62921,41.74566],[-87.62919,41.74459],[-87.6316,41.74455],[-87.63159,41.74361],[-87.63257,41.74359],[-87.63259,41.74432],[-87.63407,41.74431],[-87.6341,41.74558],[-87.62921,41.74566]]]}},{"type":"Feature","properties":{"name":"Grant Park Recreation Center","kind":"park","areaKm2":0.0592,"osmId":247082910},"geometry":{"type":"Polygon","coordinates":[[[-87.90739,41.91207],[-87.90357,41.91215],[-87.90343,41.91026],[-87.90456,41.91024],[-87.90456,41.91082],[-87.90785,41.91076],[-87.9079,41.91221],[-87.90739,41.91207]]]}},{"type":"Feature","properties":{"name":"Proksa Park","kind":"park","areaKm2":0.0588,"osmId":159926372},"geometry":{"type":"Polygon","coordinates":[[[-87.79806,41.83858],[-87.79798,41.83594],[-87.80039,41.8359],[-87.80047,41.83854],[-87.79806,41.83858]]]}},{"type":"Feature","properties":{"name":"Gouin Park","kind":"park","areaKm2":0.0587,"osmId":31126249},"geometry":{"type":"Polygon","coordinates":[[[-87.8777,41.92441],[-87.87486,41.92447],[-87.87475,41.92223],[-87.87763,41.9222],[-87.8777,41.92441]]]}},{"type":"Feature","properties":{"name":"Lindberg Park","kind":"park","areaKm2":0.0586,"osmId":136454635},"geometry":{"type":"Polygon","coordinates":[[[-87.80034,41.90533],[-87.80405,41.90528],[-87.80409,41.907],[-87.80038,41.90705],[-87.80034,41.90533]]]}},{"type":"Feature","properties":{"name":"Centennial Park","kind":"park","areaKm2":0.0583,"osmId":636708640},"geometry":{"type":"Polygon","coordinates":[[[-87.91315,41.66608],[-87.91325,41.66818],[-87.91402,41.66793],[-87.9148,41.66804],[-87.91508,41.66825],[-87.91532,41.66868],[-87.91543,41.66915],[-87.91502,41.66961],[-87.91426,41.66978],[-87.9133,41.66938],[-87.91277,41.66849],[-87.91281,41.66587],[-87.91856,41.66559],[-87.91861,41.66597],[-87.91315,41.66608]]]}},{"type":"Feature","properties":{"name":"Dunham Park","kind":"park","areaKm2":0.0566,"osmId":126408506},"geometry":{"type":"Polygon","coordinates":[[[-87.78667,41.96513],[-87.78665,41.96645],[-87.78208,41.96651],[-87.78208,41.96515],[-87.78667,41.96513]]]}},{"type":"Feature","properties":{"name":"Ronan (George) Park","kind":"park","areaKm2":0.0565,"osmId":18157600},"geometry":{"type":"MultiPolygon","coordinates":[[[[-87.70279,41.97028],[-87.70148,41.96861],[-87.70341,41.96858],[-87.70341,41.96895],[-87.7036,41.96895],[-87.70361,41.96988],[-87.70384,41.97034],[-87.70386,41.9708],[-87.70422,41.9708],[-87.70426,41.97209],[-87.7038,41.97208],[-87.70279,41.97028]]],[[[-87.70242,41.97211],[-87.70177,41.97096],[-87.70147,41.97056],[-87.70126,41.97056],[-87.70123,41.97017],[-87.70195,41.96982],[-87.70285,41.97103],[-87.7034,41.97208],[-87.70242,41.97211]]]]}},{"type":"Feature","properties":{"name":"Narragansett Park","kind":"park","areaKm2":0.0564,"osmId":544582345},"geometry":{"type":"Polygon","coordinates":[[[-87.78035,41.75217],[-87.78201,41.75209],[-87.78211,41.75567],[-87.78033,41.75571],[-87.78035,41.75217]]]}},{"type":"Feature","properties":{"name":"Rainey Park","kind":"park","areaKm2":0.0563,"osmId":138140588},"geometry":{"type":"Polygon","coordinates":[[[-87.72685,41.75121],[-87.72679,41.74954],[-87.73043,41.74948],[-87.73051,41.75116],[-87.72685,41.75121]]]}},{"type":"Feature","properties":{"name":"Mather Park","kind":"park","areaKm2":0.0557,"osmId":27825812},"geometry":{"type":"Polygon","coordinates":[[[-87.69952,41.99034],[-87.69944,41.98864],[-87.70014,41.98863],[-87.70034,41.98874],[-87.70067,41.98875],[-87.70073,41.98859],[-87.70292,41.98857],[-87.70298,41.99033],[-87.69952,41.99034]]]}},{"type":"Feature","properties":{"name":"Senka Park","kind":"park","areaKm2":0.0556,"osmId":126548812},"geometry":{"type":"Polygon","coordinates":[[[-87.71094,41.78987],[-87.71282,41.78984],[-87.71289,41.78973],[-87.71307,41.78974],[-87.71313,41.79232],[-87.7117,41.79235],[-87.71174,41.79331],[-87.711,41.79332],[-87.71094,41.78987]]]}},{"type":"Feature","properties":{"name":"Polk Bros Park","kind":"park","areaKm2":0.0555,"osmId":273203457},"geometry":{"type":"Polygon","coordinates":[[[-87.61137,41.88966],[-87.61149,41.89064],[-87.61357,41.89058],[-87.61361,41.89043],[-87.6138,41.89042],[-87.61379,41.89104],[-87.61149,41.8911],[-87.61148,41.89233],[-87.61064,41.89287],[-87.61029,41.89295],[-87.6102,41.89284],[-87.61019,41.89202],[-87.61008,41.89192],[-87.61005,41.89101],[-87.60957,41.89102],[-87.60952,41.88967],[-87.61137,41.88966]]]}},{"type":"Feature","properties":{"name":"Beverly Park","kind":"park","areaKm2":0.0552,"osmId":131817707},"geometry":{"type":"Polygon","coordinates":[[[-87.68351,41.70649],[-87.68523,41.70648],[-87.68534,41.70991],[-87.68358,41.70993],[-87.68351,41.70649]]]}},{"type":"Feature","properties":{"name":"Union Park","kind":"park","areaKm2":0.0551,"osmId":20437366},"geometry":{"type":"MultiPolygon","coordinates":[[[[-87.66607,41.88323],[-87.66511,41.88298],[-87.6648,41.88298],[-87.66457,41.88308],[-87.66369,41.88393],[-87.66472,41.88292],[-87.66606,41.88253],[-87.66669,41.88249],[-87.66671,41.88323],[-87.66607,41.88323]]],[[[-87.66677,41.88528],[-87.66538,41.8853],[-87.66359,41.88419],[-87.66462,41.88322],[-87.66483,41.8831],[-87.66506,41.88309],[-87.66607,41.88336],[-87.66669,41.88337],[-87.66677,41.88528]]]]}},{"type":"Feature","properties":{"name":"Wentworth Park","kind":"park","areaKm2":0.0549,"osmId":32742354},"geometry":{"type":"Polygon","coordinates":[[[-87.78023,41.78966],[-87.78023,41.78984],[-87.77977,41.78985],[-87.77976,41.78968],[-87.77965,41.78968],[-87.77963,41.78919],[-87.77938,41.78919],[-87.77928,41.78697],[-87.7815,41.78693],[-87.7816,41.78963],[-87.78023,41.78966]]]}},{"type":"Feature","properties":{"name":"Arndt Park","kind":"park","areaKm2":0.0548,"osmId":35174096},"geometry":{"type":"Polygon","coordinates":[[[-87.88454,42.01875],[-87.88447,42.01604],[-87.88755,42.01597],[-87.88763,42.01638],[-87.88693,42.01646],[-87.88676,42.01681],[-87.88679,42.01696],[-87.88643,42.01695],[-87.88638,42.01876],[-87.88454,42.01875]]]}},{"type":"Feature","properties":{"name":"Hinkley Park","kind":"park","areaKm2":0.0547,"osmId":194753520},"geometry":{"type":"Polygon","coordinates":[[[-87.83767,42.01462],[-87.83639,42.01465],[-87.83636,42.01427],[-87.83586,42.01427],[-87.83583,42.01401],[-87.83516,42.01402],[-87.83469,42.01439],[-87.83334,42.01353],[-87.83381,42.01314],[-87.83381,42.01171],[-87.8377,42.0139],[-87.83767,42.01462]]]}},{"type":"Feature","properties":{"name":"Archer Park","kind":"park","areaKm2":0.0542,"osmId":136510934},"geometry":{"type":"Polygon","coordinates":[[[-87.73386,41.80235],[-87.73556,41.80233],[-87.73565,41.80581],[-87.73396,41.80583],[-87.73386,41.80235]]]}},{"type":"Feature","properties":{"name":"Bogan Park","kind":"park","areaKm2":0.0541,"osmId":138142836},"geometry":{"type":"Polygon","coordinates":[[[-87.71947,41.74547],[-87.72158,41.7454],[-87.72166,41.74819],[-87.71956,41.74822],[-87.71947,41.74547]]]}},{"type":"Feature","properties":{"name":"Veterans Park","kind":"park","areaKm2":0.054,"osmId":180891303},"geometry":{"type":"Polygon","coordinates":[[[-87.82797,41.81575],[-87.82706,41.81594],[-87.82689,41.81559],[-87.82674,41.81562],[-87.8267,41.81557],[-87.82612,41.81572],[-87.82579,41.81497],[-87.82574,41.81334],[-87.82703,41.8133],[-87.82743,41.81354],[-87.82742,41.81389],[-87.82809,41.81412],[-87.82851,41.81445],[-87.82888,41.81576],[-87.82797,41.81575]]]}},{"type":"Feature","properties":{"name":"Maine Park","kind":"park","areaKm2":0.054,"osmId":230260099},"geometry":{"type":"Polygon","coordinates":[[[-87.86136,42.01646],[-87.8615,42.01665],[-87.86181,42.01686],[-87.86179,42.01742],[-87.86025,42.01746],[-87.86024,42.01686],[-87.85821,42.01691],[-87.85819,42.01656],[-87.85793,42.01649],[-87.85775,42.01624],[-87.85741,42.01612],[-87.8575,42.01584],[-87.85735,42.01556],[-87.85741,42.01531],[-87.85914,42.01527],[-87.85915,42.01555],[-87.86089,42.0155],[-87.86093,42.01647],[-87.86136,42.01646]]]}},{"type":"Feature","properties":{"name":"Hiawatha Park","kind":"park","areaKm2":0.0539,"osmId":32669377},"geometry":{"type":"Polygon","coordinates":[[[-87.8242,41.94498],[-87.82416,41.94315],[-87.82892,41.94308],[-87.82892,41.94328],[-87.82529,41.94498],[-87.8242,41.94498]]]}},{"type":"Feature","properties":{"name":"Maywood Park","kind":"park","areaKm2":0.0536,"osmId":32334791},"geometry":{"type":"Polygon","coordinates":[[[-87.83439,41.88637],[-87.83819,41.8863],[-87.83821,41.8869],[-87.83788,41.88691],[-87.8379,41.88814],[-87.8345,41.88777],[-87.83439,41.88637]]]}},{"type":"Feature","properties":{"name":"Riverdale Park","kind":"park","areaKm2":0.0536,"osmId":216689125},"geometry":{"type":"Polygon","coordinates":[[[-87.62347,41.64668],[-87.62451,41.64464],[-87.62682,41.64463],[-87.62685,41.64667],[-87.62347,41.64668]]]}},{"type":"Feature","properties":{"name":"LeClaire-Hearst Park","kind":"park","areaKm2":0.0533,"osmId":136510687},"geometry":{"type":"Polygon","coordinates":[[[-87.74952,41.81265],[-87.75053,41.81264],[-87.75065,41.81274],[-87.75074,41.81264],[-87.75126,41.81263],[-87.75126,41.81226],[-87.75172,41.81225],[-87.75174,41.81304],[-87.75297,41.81302],[-87.75296,41.81294],[-87.75311,41.81293],[-87.75313,41.81339],[-87.75054,41.8142],[-87.74859,41.81473],[-87.74855,41.81312],[-87.74953,41.8131],[-87.74952,41.81265]]]}},{"type":"Feature","properties":{"name":"Bloomingdale Trail Park","kind":"park","areaKm2":0.0532,"osmId":13360336},"geometry":{"type":"Polygon","coordinates":[[[-87.719,41.91375],[-87.718,41.91376],[-87.718,41.91368],[-87.71777,41.91368],[-87.71777,41.91377],[-87.71679,41.91378],[-87.71678,41.91366],[-87.71655,41.91366],[-87.71655,41.91378],[-87.7151,41.91381],[-87.71511,41.91368],[-87.71493,41.91368],[-87.71493,41.9138],[-87.71357,41.91379],[-87.71355,41.91397],[-87.71332,41.91397],[-87.7133,41.91382],[-87.7103,41.91386],[-87.7103,41.91378],[-87.71007,41.91376],[-87.71007,41.91386],[-87.70869,41.91387],[-87.70868,41.91376],[-87.70843,41.91376],[-87.70843,41.91383],[-87.70752,41.91384],[-87.70753,41.9139],[-87.70711,41.9139],[-87.70706,41.91383],[-87.70451,41.91384],[-87.70161,41.91392],[-87.69802,41.91391],[-87.69802,41.91397],[-87.69725,41.91398],[-87.69718,41.91398],[-87.69718,41.91389],[-87.69703,41.91388],[-87.6872,41.91396],[-87.68323,41.91403],[-87.68051,41.91429],[-87.67763,41.91437],[-87.67763,41.91424],[-87.67633,41.91415],[-87.67036,41.91426],[-87.67013,41.91427],[-87.67013,41.91433],[-87.66915,41.91434],[-87.6689,41.91431],[-87.66889,41.91421],[-87.67644,41.91409],[-87.67765,41.914],[-87.67765,41.91418],[-87.67816,41.91424],[-87.67988,41.91424],[-87.6825,41.91401],[-87.68253,41.91375],[-87.6829,41.91398],[-87.69697,41.91379],[-87.69825,41.91385],[-87.69825,41.91376],[-87.69861,41.91375],[-87.69861,41.91384],[-87.69909,41.91385],[-87.70705,41.91377],[-87.70705,41.91371],[-87.71777,41.91355],[-87.71899,41.91356],[-87.719,41.91362],[-87.71922,41.91362],[-87.71922,41.91369],[-87.719,41.9137],[-87.719,41.91375]]]}},{"type":"Feature","properties":{"name":"Burnham Park","kind":"park","areaKm2":0.0529,"osmId":15772174},"geometry":{"type":"Polygon","coordinates":[[[-87.58182,41.79967],[-87.58162,41.79981],[-87.58138,41.79897],[-87.58101,41.79825],[-87.57965,41.79676],[-87.57934,41.79616],[-87.57926,41.79569],[-87.57933,41.79514],[-87.58027,41.79343],[-87.58039,41.79345],[-87.58038,41.79358],[-87.58031,41.79358],[-87.58034,41.79521],[-87.57943,41.79518],[-87.57933,41.79528],[-87.57939,41.79534],[-87.58041,41.79535],[-87.58074,41.79548],[-87.58087,41.79678],[-87.5808,41.79679],[-87.58064,41.79764],[-87.58072,41.79772],[-87.58083,41.79769],[-87.58099,41.79714],[-87.58111,41.79713],[-87.5821,41.79811],[-87.58221,41.79838],[-87.58224,41.7996],[-87.58182,41.79967]]]}},{"type":"Feature","properties":{"name":"Bedford Park","kind":"park","areaKm2":0.0529,"osmId":554357877},"geometry":{"type":"Polygon","coordinates":[[[-87.81457,41.77038],[-87.81458,41.77103],[-87.81084,41.77113],[-87.81087,41.77149],[-87.81123,41.7725],[-87.81221,41.774],[-87.81199,41.77405],[-87.81134,41.77312],[-87.81086,41.77213],[-87.81054,41.77097],[-87.81044,41.76995],[-87.81505,41.76986],[-87.81517,41.76999],[-87.81519,41.77037],[-87.81457,41.77038]]]}},{"type":"Feature","properties":{"name":"York Commons","kind":"park","areaKm2":0.0527,"osmId":229121939},"geometry":{"type":"Polygon","coordinates":[[[-87.938,41.88137],[-87.93264,41.87982],[-87.93739,41.87968],[-87.93739,41.87928],[-87.93814,41.87925],[-87.93882,41.88089],[-87.93823,41.88091],[-87.938,41.88137]]]}},{"type":"Feature","properties":{"name":"Skokie Northshore Sculpture Park","kind":"park","areaKm2":0.0525,"osmId":20041440},"geometry":{"type":"MultiPolygon","coordinates":[[[[-87.71125,42.01195],[-87.71135,42.01207],[-87.71118,42.01889],[-87.71109,42.01902],[-87.71067,42.01906],[-87.71043,42.01904],[-87.7106,42.01193],[-87.71125,42.01195]]],[[[-87.71103,42.01922],[-87.71112,42.01931],[-87.71091,42.02019],[-87.71042,42.02019],[-87.71047,42.01933],[-87.71054,42.01931],[-87.71045,42.0192],[-87.71103,42.01922]]]]}},{"type":"Feature","properties":{"name":"Vittum Park","kind":"park","areaKm2":0.0522,"osmId":136510688},"geometry":{"type":"Polygon","coordinates":[[[-87.7468,41.80219],[-87.75023,41.80214],[-87.75028,41.80379],[-87.74683,41.80384],[-87.7468,41.80219]]]}},{"type":"Feature","properties":{"name":"Robichaux Park","kind":"park","areaKm2":0.0515,"osmId":241111284},"geometry":{"type":"Polygon","coordinates":[[[-87.63483,41.72833],[-87.63486,41.72978],[-87.63423,41.72946],[-87.63398,41.72897],[-87.63379,41.72339],[-87.6347,41.72338],[-87.63483,41.72833]]]}},{"type":"Feature","properties":{"name":"Clarendon Park","kind":"park","areaKm2":0.0514,"osmId":231422159},"geometry":{"type":"Polygon","coordinates":[[[-87.64986,41.96234],[-87.64992,41.9647],[-87.6485,41.96471],[-87.64829,41.96397],[-87.64788,41.96329],[-87.64703,41.96222],[-87.64698,41.96198],[-87.64945,41.96191],[-87.64946,41.96231],[-87.64986,41.96234]]]}},{"type":"Feature","properties":{"name":"Commissioners Park","kind":"park","areaKm2":0.0513,"osmId":418067571},"geometry":{"type":"Polygon","coordinates":[[[-87.80735,41.7434],[-87.80709,41.74353],[-87.80692,41.74342],[-87.80655,41.74375],[-87.80678,41.74384],[-87.80677,41.74425],[-87.80458,41.7443],[-87.80447,41.74423],[-87.80441,41.74236],[-87.80617,41.74233],[-87.80618,41.7424],[-87.80672,41.74239],[-87.80687,41.7425],[-87.80794,41.74248],[-87.80797,41.74337],[-87.80735,41.7434]]]}},{"type":"Feature","properties":{"name":"Jackie Robinson Park","kind":"park","areaKm2":0.0512,"osmId":116852986},"geometry":{"type":"Polygon","coordinates":[[[-87.64929,41.69967],[-87.64931,41.7013],[-87.64844,41.70132],[-87.64845,41.70188],[-87.64761,41.7019],[-87.64759,41.70137],[-87.64637,41.70136],[-87.64632,41.69967],[-87.64919,41.69961],[-87.64929,41.69967]]]}},{"type":"Feature","properties":{"name":"Indian Boundary Park","kind":"park","areaKm2":0.0511,"osmId":5234440},"geometry":{"type":"Polygon","coordinates":[[[-87.69162,42.01035],[-87.69158,42.00867],[-87.69491,42.00861],[-87.69489,42.01029],[-87.69162,42.01035]]]}},{"type":"Feature","properties":{"name":"Freedom Park","kind":"park","areaKm2":0.0509,"osmId":217691432},"geometry":{"type":"Polygon","coordinates":[[[-87.77629,41.70364],[-87.77549,41.7032],[-87.77488,41.70387],[-87.77273,41.70269],[-87.77264,41.70276],[-87.77234,41.70259],[-87.77237,41.70247],[-87.77356,41.70126],[-87.77686,41.70305],[-87.77629,41.70364]]]}},{"type":"Feature","properties":{"name":"Milton Lee Olive Park","kind":"park","areaKm2":0.0506,"osmId":211039472},"geometry":{"type":"Polygon","coordinates":[[[-87.61098,41.89318],[-87.61163,41.89272],[-87.61196,41.89272],[-87.61227,41.89287],[-87.61088,41.89504],[-87.61103,41.89504],[-87.6109,41.89525],[-87.61081,41.89515],[-87.61015,41.8962],[-87.60913,41.89622],[-87.60912,41.89603],[-87.60933,41.89603],[-87.6093,41.8949],[-87.60968,41.8949],[-87.60966,41.8945],[-87.60929,41.8945],[-87.60926,41.89338],[-87.61041,41.89334],[-87.61098,41.89318]]]}},{"type":"Feature","properties":{"name":"Eckersall Park","kind":"park","areaKm2":0.0502,"osmId":212506580},"geometry":{"type":"Polygon","coordinates":[[[-87.56381,41.74456],[-87.56604,41.74454],[-87.56609,41.74691],[-87.56379,41.74691],[-87.56381,41.74456]]]}},{"type":"Feature","properties":{"name":"","kind":"park","areaKm2":0.0499,"osmId":1086538675},"geometry":{"type":"Polygon","coordinates":[[[-87.81266,41.70892],[-87.81268,41.70951],[-87.81207,41.70952],[-87.81164,41.70986],[-87.81164,41.71006],[-87.81133,41.71006],[-87.80953,41.71145],[-87.80961,41.71387],[-87.80868,41.71389],[-87.80858,41.71112],[-87.80886,41.71108],[-87.81173,41.70886],[-87.81201,41.70893],[-87.81266,41.70892]]]}},{"type":"Feature","properties":{"name":"Community Park","kind":"park","areaKm2":0.0497,"osmId":199566739},"geometry":{"type":"Polygon","coordinates":[[[-87.88031,41.85029],[-87.88056,41.85054],[-87.87938,41.85147],[-87.87867,41.85231],[-87.87715,41.85234],[-87.87711,41.85179],[-87.87764,41.85177],[-87.87759,41.85023],[-87.8783,41.84975],[-87.87947,41.84996],[-87.88064,41.84993],[-87.88065,41.85006],[-87.88031,41.85029]]]}},{"type":"Feature","properties":{"name":"Burnham Park","kind":"park","areaKm2":0.0495,"osmId":15772174},"geometry":{"type":"Polygon","coordinates":[[[-87.61731,41.86026],[-87.61404,41.86029],[-87.61399,41.85951],[-87.61434,41.85871],[-87.61469,41.85843],[-87.61496,41.85833],[-87.61608,41.85828],[-87.61689,41.85925],[-87.6174,41.86016],[-87.61731,41.86026]]]}},{"type":"Feature","properties":{"name":"Ellis Park","kind":"park","areaKm2":0.0494,"osmId":35332716},"geometry":{"type":"Polygon","coordinates":[[[-87.60992,41.82739],[-87.61023,41.82733],[-87.61148,41.82759],[-87.61093,41.82977],[-87.61098,41.8299],[-87.61112,41.82997],[-87.61249,41.82997],[-87.6125,41.8304],[-87.61135,41.83042],[-87.61137,41.83109],[-87.61065,41.83104],[-87.61005,41.82986],[-87.61057,41.82971],[-87.61014,41.82889],[-87.60962,41.82904],[-87.60894,41.82776],[-87.60967,41.82754],[-87.60992,41.82739]]]}},{"type":"Feature","properties":{"name":"Hillside Commons","kind":"park","areaKm2":0.0494,"osmId":471311820},"geometry":{"type":"Polygon","coordinates":[[[-87.90526,41.8776],[-87.90681,41.87759],[-87.9068,41.87847],[-87.90812,41.87849],[-87.90811,41.8799],[-87.90536,41.87993],[-87.90526,41.8776]]]}},{"type":"Feature","properties":{"name":"Stevenson Park","kind":"park","areaKm2":0.0491,"osmId":541648165},"geometry":{"type":"Polygon","coordinates":[[[-87.86921,41.8833],[-87.86912,41.88199],[-87.87327,41.88195],[-87.87335,41.8832],[-87.86921,41.8833]]]}},{"type":"Feature","properties":{"name":"Fernwood Park","kind":"park","areaKm2":0.0489,"osmId":116852476},"geometry":{"type":"Polygon","coordinates":[[[-87.63793,41.70283],[-87.64022,41.70281],[-87.64028,41.70512],[-87.63798,41.70515],[-87.63793,41.70283]]]}},{"type":"Feature","properties":{"name":"Job Corps Riverbank","kind":"park","areaKm2":0.0487,"osmId":382712241},"geometry":{"type":"Polygon","coordinates":[[[-87.71334,41.83008],[-87.71334,41.82989],[-87.7109,41.8304],[-87.70903,41.83104],[-87.70768,41.83141],[-87.70715,41.83166],[-87.70717,41.833],[-87.70525,41.83268],[-87.70523,41.83219],[-87.70481,41.8322],[-87.70481,41.83205],[-87.7056,41.83174],[-87.70781,41.8311],[-87.71229,41.82965],[-87.71396,41.82921],[-87.71406,41.82945],[-87.71401,41.82981],[-87.71334,41.83008]]]}},{"type":"Feature","properties":{"name":"Columbus Park","kind":"park","areaKm2":0.0485,"osmId":37058032},"geometry":{"type":"Polygon","coordinates":[[[-87.7604,41.83451],[-87.76037,41.83287],[-87.76044,41.83274],[-87.76328,41.83265],[-87.76336,41.83449],[-87.7604,41.83451]]]}},{"type":"Feature","properties":{"name":"Pasteur Park","kind":"park","areaKm2":0.0485,"osmId":43151562},"geometry":{"type":"Polygon","coordinates":[[[-87.73048,41.78768],[-87.731,41.78768],[-87.73096,41.78592],[-87.73177,41.78591],[-87.7318,41.78764],[-87.73268,41.78763],[-87.73273,41.78939],[-87.73052,41.78941],[-87.73048,41.78768]]]}},{"type":"Feature","properties":{"name":"","kind":"park","areaKm2":0.0484,"osmId":944843861},"geometry":{"type":"Polygon","coordinates":[[[-87.82809,41.80301],[-87.82792,41.80283],[-87.82789,41.80223],[-87.82824,41.80223],[-87.82822,41.80162],[-87.83006,41.80096],[-87.8301,41.8022],[-87.83298,41.80217],[-87.83285,41.80286],[-87.82822,41.80295],[-87.82809,41.80301]]]}},{"type":"Feature","properties":{"name":"Nichols Park","kind":"park","areaKm2":0.0478,"osmId":217621413},"geometry":{"type":"Polygon","coordinates":[[[-87.59268,41.79944],[-87.59268,41.79924],[-87.59305,41.79924],[-87.59304,41.79909],[-87.59345,41.79907],[-87.59346,41.79521],[-87.5948,41.7952],[-87.59491,41.79795],[-87.59442,41.79795],[-87.59417,41.79785],[-87.59401,41.79793],[-87.5942,41.79896],[-87.59456,41.79895],[-87.59457,41.79942],[-87.59268,41.79944]]]}},{"type":"Feature","properties":{"name":"Sculpture Park - Section IV","kind":"park","areaKm2":0.0472,"osmId":28896971},"geometry":{"type":"Polygon","coordinates":[[[-87.7106,42.01193],[-87.71117,42.01193],[-87.71135,42.01207],[-87.71118,42.01889],[-87.71109,42.01902],[-87.71072,42.01906],[-87.71043,42.01904],[-87.7106,42.01193]]]}},{"type":"Feature","properties":{"name":"Gladstone Park","kind":"park","areaKm2":0.047,"osmId":173076064},"geometry":{"type":"Polygon","coordinates":[[[-87.87941,41.86565],[-87.87955,41.86877],[-87.87846,41.8688],[-87.87828,41.86446],[-87.87921,41.86472],[-87.87922,41.86455],[-87.8799,41.86476],[-87.87995,41.86563],[-87.87941,41.86565]]]}},{"type":"Feature","properties":{"name":"West Field","kind":"park","areaKm2":0.0463,"osmId":31990822},"geometry":{"type":"Polygon","coordinates":[[[-87.88508,41.81201],[-87.88497,41.81039],[-87.88896,41.8103],[-87.889,41.81112],[-87.88508,41.81201]]]}},{"type":"Feature","properties":{"name":"","kind":"park","areaKm2":0.0462,"osmId":17554937},"geometry":{"type":"MultiPolygon","coordinates":[[[[-87.69439,41.8408],[-87.69431,41.83874],[-87.69442,41.83866],[-87.695,41.83864],[-87.69504,41.84254],[-87.69471,41.84254],[-87.69439,41.8408]]],[[[-87.6951,41.84478],[-87.69526,41.84819],[-87.69431,41.84823],[-87.69425,41.84561],[-87.6948,41.84561],[-87.69479,41.84479],[-87.6951,41.84478]]]]}},{"type":"Feature","properties":{"name":"Countryside Park","kind":"park","areaKm2":0.0455,"osmId":181649472},"geometry":{"type":"Polygon","coordinates":[[[-87.87472,41.77944],[-87.8761,41.77941],[-87.87625,41.78297],[-87.87487,41.783],[-87.87472,41.77944]]]}},{"type":"Feature","properties":{"name":"Laramie Park","kind":"park","areaKm2":0.0453,"osmId":24725288},"geometry":{"type":"Polygon","coordinates":[[[-87.76104,42.01459],[-87.75752,42.01453],[-87.75753,42.01323],[-87.7614,42.01327],[-87.76104,42.01459]]]}},{"type":"Feature","properties":{"name":"Oak Grove Park","kind":"park","areaKm2":0.0453,"osmId":499191610},"geometry":{"type":"Polygon","coordinates":[[[-87.92006,41.75836],[-87.91897,41.75778],[-87.91851,41.75761],[-87.91877,41.75655],[-87.91905,41.75606],[-87.91931,41.75584],[-87.92059,41.75516],[-87.92077,41.75834],[-87.92077,41.75846],[-87.92006,41.75836]]]}},{"type":"Feature","properties":{"name":"Sauganash Trail","kind":"park","areaKm2":0.0453,"osmId":5208374},"geometry":{"type":"MultiPolygon","coordinates":[[[[-87.73705,41.98435],[-87.73758,41.98279],[-87.73802,41.98279],[-87.73748,41.98408],[-87.73721,41.98501],[-87.73686,41.98696],[-87.73658,41.98707],[-87.73668,41.98601],[-87.73705,41.98435]]],[[[-87.73651,41.9872],[-87.7369,41.98704],[-87.73697,41.9871],[-87.73682,41.98745],[-87.73682,41.98831],[-87.73704,41.98995],[-87.73667,41.98996],[-87.73651,41.9872]]],[[[-87.73921,41.99717],[-87.73864,41.99713],[-87.73864,41.9965],[-87.73695,41.9912],[-87.73672,41.99013],[-87.73701,41.99012],[-87.73921,41.99717]]]]}},{"type":"Feature","properties":{"name":"Skinner Park","kind":"park","areaKm2":0.0449,"osmId":31557401},"geometry":{"type":"Polygon","coordinates":[[[-87.66397,41.88014],[-87.65951,41.8802],[-87.65948,41.87911],[-87.66394,41.87905],[-87.66397,41.88014]]]}},{"type":"Feature","properties":{"name":"Fuller Park","kind":"park","areaKm2":0.0448,"osmId":136336857},"geometry":{"type":"Polygon","coordinates":[[[-87.63357,41.81245],[-87.63352,41.81032],[-87.63575,41.81027],[-87.6358,41.81257],[-87.63472,41.81244],[-87.63357,41.81245]]]}},{"type":"Feature","properties":{"name":"Mandrake Park","kind":"park","areaKm2":0.0448,"osmId":18251527},"geometry":{"type":"Polygon","coordinates":[[[-87.60678,41.82384],[-87.60545,41.82426],[-87.60448,41.82411],[-87.60442,41.82403],[-87.60456,41.82362],[-87.6048,41.82338],[-87.60621,41.8229],[-87.60658,41.82284],[-87.60921,41.8228],[-87.60926,41.82386],[-87.60678,41.82384]]]}},{"type":"Feature","properties":{"name":"Kilbourn Park","kind":"park","areaKm2":0.0446,"osmId":28930459},"geometry":{"type":"Polygon","coordinates":[[[-87.738,41.944],[-87.73731,41.94265],[-87.73954,41.94263],[-87.73965,41.94614],[-87.73911,41.94614],[-87.738,41.944]]]}},{"type":"Feature","properties":{"name":"Rosenblum Park","kind":"park","areaKm2":0.0445,"osmId":125812563},"geometry":{"type":"Polygon","coordinates":[[[-87.57728,41.75707],[-87.57973,41.75704],[-87.57973,41.75842],[-87.58099,41.75838],[-87.581,41.75879],[-87.57732,41.75884],[-87.57728,41.75707]]]}},{"type":"Feature","properties":{"name":"Crestview Park","kind":"park","areaKm2":0.0441,"osmId":228894164},"geometry":{"type":"Polygon","coordinates":[[[-87.93358,41.91763],[-87.93299,41.91763],[-87.93299,41.91795],[-87.93231,41.91797],[-87.93232,41.91826],[-87.93088,41.91828],[-87.93007,41.91772],[-87.92932,41.91773],[-87.92932,41.9172],[-87.93005,41.91719],[-87.93005,41.91674],[-87.93184,41.91667],[-87.93184,41.91684],[-87.93303,41.91683],[-87.93304,41.91699],[-87.93356,41.91698],[-87.93358,41.91763]]]}},{"type":"Feature","properties":{"name":"Apollo Park","kind":"park","areaKm2":0.0438,"osmId":186606205},"geometry":{"type":"Polygon","coordinates":[[[-87.72843,41.66467],[-87.72843,41.66496],[-87.72887,41.66495],[-87.72889,41.66555],[-87.7284,41.66556],[-87.72842,41.66603],[-87.728,41.66604],[-87.72802,41.66641],[-87.7273,41.66643],[-87.72732,41.66663],[-87.72762,41.6669],[-87.72894,41.66688],[-87.72899,41.66739],[-87.72806,41.66741],[-87.72766,41.66763],[-87.72657,41.66666],[-87.7265,41.66472],[-87.72843,41.66467]]]}},{"type":"Feature","properties":{"name":"Berkeley Park","kind":"park","areaKm2":0.0438,"osmId":231774465},"geometry":{"type":"Polygon","coordinates":[[[-87.91806,41.88283],[-87.91802,41.8831],[-87.91731,41.88305],[-87.9173,41.88341],[-87.91644,41.8834],[-87.91643,41.88377],[-87.91607,41.88376],[-87.91608,41.8834],[-87.91497,41.8834],[-87.91497,41.88302],[-87.91479,41.88283],[-87.91312,41.88269],[-87.91309,41.88219],[-87.91314,41.88214],[-87.921,41.8828],[-87.92098,41.88306],[-87.91806,41.88283]]]}},{"type":"Feature","properties":{"name":"Homerding Park","kind":"park","areaKm2":0.0432,"osmId":188546675},"geometry":{"type":"Polygon","coordinates":[[[-87.78813,41.67976],[-87.78825,41.67952],[-87.79024,41.67936],[-87.79085,41.67938],[-87.79114,41.67951],[-87.79125,41.68091],[-87.78823,41.68097],[-87.78813,41.67976]]]}},{"type":"Feature","properties":{"name":"Douglass Boulevard","kind":"park","areaKm2":0.043,"osmId":20712251},"geometry":{"type":"MultiPolygon","coordinates":[[[[-87.71769,41.86244],[-87.7177,41.86277],[-87.71543,41.8628],[-87.71542,41.86246],[-87.71769,41.86244]]],[[[-87.71297,41.86249],[-87.7152,41.86246],[-87.71521,41.8628],[-87.71294,41.86281],[-87.71297,41.86249]]],[[[-87.71282,41.86249],[-87.71283,41.86283],[-87.71053,41.86286],[-87.71052,41.86252],[-87.71282,41.86249]]],[[[-87.71036,41.86252],[-87.71036,41.86286],[-87.70808,41.86288],[-87.70807,41.86254],[-87.71036,41.86252]]],[[[-87.70567,41.86291],[-87.70566,41.86257],[-87.70793,41.86255],[-87.70794,41.86288],[-87.70567,41.86291]]],[[[-87.70312,41.86294],[-87.70311,41.86259],[-87.70547,41.86258],[-87.70548,41.86291],[-87.70312,41.86294]]]]}},{"type":"Feature","properties":{"name":"Robbins Heritage Park","kind":"park","areaKm2":0.0427,"osmId":1353023783},"geometry":{"type":"Polygon","coordinates":[[[-87.69911,41.65081],[-87.69914,41.65127],[-87.69732,41.6513],[-87.69738,41.65047],[-87.69628,41.65051],[-87.69638,41.64963],[-87.69659,41.64964],[-87.69655,41.6485],[-87.69714,41.64802],[-87.69794,41.64802],[-87.69803,41.6508],[-87.69911,41.65081]]]}},{"type":"Feature","properties":{"name":"Conrad Fisher Park","kind":"park","areaKm2":0.0424,"osmId":231238453},"geometry":{"type":"Polygon","coordinates":[[[-87.9372,41.92554],[-87.9373,41.92795],[-87.93506,41.92802],[-87.93506,41.92841],[-87.93468,41.92842],[-87.93461,41.928],[-87.93475,41.928],[-87.93471,41.92713],[-87.93531,41.92712],[-87.93529,41.92619],[-87.93659,41.92618],[-87.93662,41.92555],[-87.9372,41.92554]]]}},{"type":"Feature","properties":{"name":"Bernard Stone Park","kind":"park","areaKm2":0.0422,"osmId":5233812},"geometry":{"type":"MultiPolygon","coordinates":[[[[-87.70918,41.99164],[-87.70939,41.99177],[-87.70942,41.99188],[-87.71029,41.99572],[-87.70936,41.99573],[-87.70928,41.99231],[-87.70918,41.99164]]],[[[-87.71074,41.99503],[-87.71128,41.99498],[-87.71165,41.99672],[-87.71153,41.9972],[-87.71143,41.99728],[-87.71126,41.99729],[-87.7111,41.99618],[-87.71086,41.99606],[-87.7107,41.99607],[-87.7103,41.99373],[-87.70974,41.99198],[-87.7109,41.99268],[-87.71078,41.99279],[-87.71046,41.99287],[-87.71074,41.99503]]]]}},{"type":"Feature","properties":{"name":"Centennial Park","kind":"park","areaKm2":0.0417,"osmId":175986746},"geometry":{"type":"Polygon","coordinates":[[[-87.66443,41.661],[-87.66437,41.65928],[-87.66414,41.65929],[-87.66406,41.65763],[-87.6653,41.65722],[-87.66545,41.65727],[-87.66555,41.66099],[-87.66443,41.661]]]}},{"type":"Feature","properties":{"name":"Columbus Manor Park","kind":"park","areaKm2":0.0416,"osmId":217691448},"geometry":{"type":"Polygon","coordinates":[[[-87.77408,41.71103],[-87.77409,41.71133],[-87.77466,41.71133],[-87.77467,41.7119],[-87.7717,41.71192],[-87.77167,41.71139],[-87.77042,41.71133],[-87.77042,41.71118],[-87.76995,41.71141],[-87.76989,41.71127],[-87.76979,41.71125],[-87.77217,41.7099],[-87.7722,41.71061],[-87.77291,41.7106],[-87.77293,41.71083],[-87.77342,41.71082],[-87.77343,41.71104],[-87.77408,41.71103]]]}},{"type":"Feature","properties":{"name":"Ridgeland Commons Park","kind":"park","areaKm2":0.0414,"osmId":20380039},"geometry":{"type":"MultiPolygon","coordinates":[[[[-87.7848,41.88824],[-87.78475,41.88734],[-87.78494,41.8874],[-87.78786,41.8873],[-87.78788,41.88834],[-87.7848,41.88824]]],[[[-87.78948,41.88728],[-87.7895,41.8884],[-87.78805,41.88837],[-87.78803,41.88733],[-87.78948,41.88728]]]]}},{"type":"Feature","properties":{"name":"Memorial Park","kind":"park","areaKm2":0.0412,"osmId":475559497},"geometry":{"type":"Polygon","coordinates":[[[-87.68768,41.66249],[-87.68761,41.65996],[-87.68938,41.65993],[-87.68944,41.66246],[-87.68768,41.66249]]]}},{"type":"Feature","properties":{"name":"Taylor Park","kind":"park","areaKm2":0.0411,"osmId":89736932},"geometry":{"type":"Polygon","coordinates":[[[-87.7843,41.90374],[-87.78424,41.90225],[-87.78433,41.90202],[-87.7847,41.90194],[-87.78667,41.9019],[-87.78674,41.90369],[-87.7843,41.90374]]]}},{"type":"Feature","properties":{"name":"North Park","kind":"park","areaKm2":0.0409,"osmId":83668328},"geometry":{"type":"Polygon","coordinates":[[[-87.87658,41.94675],[-87.87635,41.94675],[-87.87632,41.94605],[-87.87573,41.94606],[-87.87572,41.94583],[-87.87631,41.94581],[-87.87629,41.94517],[-87.87568,41.94518],[-87.87567,41.94492],[-87.87626,41.94491],[-87.87623,41.94424],[-87.87564,41.94425],[-87.87562,41.94389],[-87.87794,41.94384],[-87.87797,41.94453],[-87.87745,41.94454],[-87.87746,41.94486],[-87.87799,41.94485],[-87.878,41.94512],[-87.87743,41.94513],[-87.87746,41.94579],[-87.87802,41.94578],[-87.87805,41.9464],[-87.87657,41.94643],[-87.87658,41.94675]]]}},{"type":"Feature","properties":{"name":"Louis S. Viverito Park","kind":"park","areaKm2":0.0409,"osmId":1061158436},"geometry":{"type":"Polygon","coordinates":[[[-87.678,41.65253],[-87.67796,41.65257],[-87.67821,41.65273],[-87.67817,41.65295],[-87.67847,41.65306],[-87.67867,41.65293],[-87.67863,41.65274],[-87.67929,41.65238],[-87.67982,41.65245],[-87.67978,41.65274],[-87.6781,41.6541],[-87.67688,41.65411],[-87.67686,41.65357],[-87.67555,41.65362],[-87.67552,41.6527],[-87.678,41.65253]]]}},{"type":"Feature","properties":{"name":"Russell Square Park","kind":"park","areaKm2":0.0408,"osmId":32700473},"geometry":{"type":"Polygon","coordinates":[[[-87.55024,41.74462],[-87.548,41.74463],[-87.54794,41.7421],[-87.55022,41.74333],[-87.55024,41.74462]]]}},{"type":"Feature","properties":{"name":"Indian Woods Park","kind":"park","areaKm2":0.0407,"osmId":384932876},"geometry":{"type":"Polygon","coordinates":[[[-87.82078,41.70872],[-87.81998,41.70874],[-87.81997,41.70852],[-87.82231,41.70848],[-87.82239,41.71076],[-87.82005,41.7108],[-87.82004,41.70987],[-87.82083,41.70987],[-87.82078,41.70872]]]}},{"type":"Feature","properties":{"name":"Cicero Community Park","kind":"park","areaKm2":0.0405,"osmId":234581379},"geometry":{"type":"Polygon","coordinates":[[[-87.75365,41.83091],[-87.75362,41.82936],[-87.7537,41.82927],[-87.75592,41.82927],[-87.75595,41.83002],[-87.75653,41.83001],[-87.75655,41.83093],[-87.75373,41.83096],[-87.75365,41.83091]]]}},{"type":"Feature","properties":{"name":"Memorial Park","kind":"park","areaKm2":0.0403,"osmId":217691450},"geometry":{"type":"Polygon","coordinates":[[[-87.76239,41.70698],[-87.76234,41.70532],[-87.76487,41.70527],[-87.76494,41.70696],[-87.76239,41.70698]]]}},{"type":"Feature","properties":{"name":"Lake Carriage Way Park","kind":"park","areaKm2":0.0402,"osmId":560843711},"geometry":{"type":"Polygon","coordinates":[[[-87.9107,41.76545],[-87.9106,41.76562],[-87.90997,41.76596],[-87.90975,41.76618],[-87.90971,41.76695],[-87.90943,41.76772],[-87.90839,41.76774],[-87.90869,41.76732],[-87.90889,41.76656],[-87.9082,41.76524],[-87.90815,41.76498],[-87.90856,41.76477],[-87.91076,41.76473],[-87.9107,41.76545]]]}},{"type":"Feature","properties":{"name":"Michael Madigan, Sr. Park","kind":"park","areaKm2":0.0397,"osmId":160066151},"geometry":{"type":"Polygon","coordinates":[[[-87.73835,41.77109],[-87.73748,41.7711],[-87.73772,41.77014],[-87.73786,41.76982],[-87.73821,41.7694],[-87.73915,41.76891],[-87.74033,41.76872],[-87.7403,41.77034],[-87.73962,41.77035],[-87.73962,41.77069],[-87.73834,41.7707],[-87.73835,41.77109]]]}},{"type":"Feature","properties":{"name":"Olympia Park","kind":"park","areaKm2":0.0394,"osmId":119622849},"geometry":{"type":"Polygon","coordinates":[[[-87.81419,41.99916],[-87.81542,41.99797],[-87.81784,41.99791],[-87.81789,41.99796],[-87.8158,42.00005],[-87.81571,42.00007],[-87.81419,41.99916]]]}},{"type":"Feature","properties":{"name":"Peirce Park","kind":"park","areaKm2":0.0392,"osmId":222509637},"geometry":{"type":"Polygon","coordinates":[[[-87.91237,41.80672],[-87.91738,41.80561],[-87.9174,41.80606],[-87.91706,41.80612],[-87.91707,41.80652],[-87.91409,41.80659],[-87.91415,41.80812],[-87.91291,41.80814],[-87.91237,41.80672]]]}},{"type":"Feature","properties":{"name":"Revere Park","kind":"park","areaKm2":0.0391,"osmId":28043996},"geometry":{"type":"Polygon","coordinates":[[[-87.6933,41.9539],[-87.69086,41.95393],[-87.69082,41.9522],[-87.69328,41.95217],[-87.6933,41.9539]]]}},{"type":"Feature","properties":{"name":"Duffy Park","kind":"park","areaKm2":0.0388,"osmId":34130555},"geometry":{"type":"Polygon","coordinates":[[[-87.71536,41.72612],[-87.71541,41.72784],[-87.713,41.72787],[-87.71295,41.72614],[-87.71536,41.72612]]]}},{"type":"Feature","properties":{"name":"McGuane Park","kind":"park","areaKm2":0.0388,"osmId":157658422},"geometry":{"type":"Polygon","coordinates":[[[-87.64648,41.84156],[-87.64645,41.83992],[-87.64783,41.83991],[-87.64818,41.83973],[-87.64956,41.84134],[-87.64915,41.84154],[-87.64648,41.84156]]]}},{"type":"Feature","properties":{"name":"Denning Park","kind":"park","areaKm2":0.0386,"osmId":179749713},"geometry":{"type":"Polygon","coordinates":[[[-87.88632,41.80195],[-87.88624,41.80013],[-87.88851,41.80006],[-87.88859,41.80192],[-87.88632,41.80195]]]}},{"type":"Feature","properties":{"name":"Kelvyn Park","kind":"park","areaKm2":0.0384,"osmId":37614689},"geometry":{"type":"Polygon","coordinates":[[[-87.73908,41.93056],[-87.73687,41.93058],[-87.73684,41.92869],[-87.73905,41.92867],[-87.73908,41.93056]]]}},{"type":"Feature","properties":{"name":"Kruger Park","kind":"park","areaKm2":0.0381,"osmId":384921527},"geometry":{"type":"Polygon","coordinates":[[[-87.8376,41.72549],[-87.83994,41.72545],[-87.84,41.72722],[-87.83769,41.72726],[-87.8376,41.72549]]]}},{"type":"Feature","properties":{"name":"Ridge Park","kind":"park","areaKm2":0.038,"osmId":131817705},"geometry":{"type":"Polygon","coordinates":[[[-87.66837,41.71895],[-87.66839,41.71927],[-87.66755,41.71929],[-87.66739,41.71399],[-87.66761,41.71399],[-87.66768,41.71665],[-87.66891,41.71664],[-87.66896,41.71894],[-87.66837,41.71895]]]}},{"type":"Feature","properties":{"name":"Chopin Park","kind":"park","areaKm2":0.0378,"osmId":122546688},"geometry":{"type":"Polygon","coordinates":[[[-87.76183,41.94403],[-87.76182,41.94232],[-87.76406,41.9423],[-87.76412,41.94405],[-87.76183,41.94403]]]}},{"type":"Feature","properties":{"name":"Smith Park","kind":"park","areaKm2":0.0378,"osmId":126431895},"geometry":{"type":"Polygon","coordinates":[[[-87.68937,41.89381],[-87.68931,41.8915],[-87.69154,41.89239],[-87.69159,41.89379],[-87.68937,41.89381]]]}},{"type":"Feature","properties":{"name":"Commissioners Park","kind":"park","areaKm2":0.0377,"osmId":217695987},"geometry":{"type":"Polygon","coordinates":[[[-87.76449,41.69778],[-87.76452,41.69849],[-87.76144,41.69681],[-87.76177,41.69646],[-87.76429,41.69645],[-87.76432,41.69697],[-87.76528,41.69696],[-87.76531,41.69778],[-87.76449,41.69778]]]}},{"type":"Feature","properties":{"name":"Jane Addams Park","kind":"park","areaKm2":0.0376,"osmId":219051931},"geometry":{"type":"Polygon","coordinates":[[[-87.66151,41.86158],[-87.6638,41.86156],[-87.66382,41.86234],[-87.66369,41.86249],[-87.66375,41.86261],[-87.6639,41.86265],[-87.66391,41.86332],[-87.66154,41.86335],[-87.66151,41.86158]]]}},{"type":"Feature","properties":{"name":"Mahalia Jackson Park","kind":"park","areaKm2":0.0375,"osmId":145643103},"geometry":{"type":"Polygon","coordinates":[[[-87.63897,41.74339],[-87.63894,41.74269],[-87.63779,41.74271],[-87.63766,41.74234],[-87.63936,41.7404],[-87.64031,41.74146],[-87.63931,41.74196],[-87.64051,41.74333],[-87.63897,41.74339]]]}},{"type":"Feature","properties":{"name":"O'Hallaren Park","kind":"park","areaKm2":0.0374,"osmId":39169102},"geometry":{"type":"Polygon","coordinates":[[[-87.66818,41.74295],[-87.66814,41.74124],[-87.67042,41.74121],[-87.67049,41.74291],[-87.66818,41.74295]]]}},{"type":"Feature","properties":{"name":"Brainerd Park","kind":"park","areaKm2":0.0373,"osmId":131817710},"geometry":{"type":"Polygon","coordinates":[[[-87.65317,41.72687],[-87.65543,41.72684],[-87.6555,41.72857],[-87.6532,41.72859],[-87.65317,41.72687]]]}},{"type":"Feature","properties":{"name":"Merrimac Park","kind":"park","areaKm2":0.0371,"osmId":34892043},"geometry":{"type":"Polygon","coordinates":[[[-87.78641,41.95114],[-87.78645,41.95285],[-87.78411,41.95288],[-87.78406,41.95117],[-87.78641,41.95114]]]}},{"type":"Feature","properties":{"name":"Pottawattomie Park","kind":"park","areaKm2":0.037,"osmId":27924666},"geometry":{"type":"Polygon","coordinates":[[[-87.67759,42.01675],[-87.67697,42.01683],[-87.67696,42.01724],[-87.67667,42.01723],[-87.67621,42.01565],[-87.67896,42.01434],[-87.679,42.01555],[-87.67833,42.01555],[-87.67833,42.0166],[-87.67758,42.01659],[-87.67759,42.01675]]]}},{"type":"Feature","properties":{"name":"Brooks Park","kind":"park","areaKm2":0.0367,"osmId":24725188},"geometry":{"type":"Polygon","coordinates":[[[-87.80722,42.01075],[-87.80676,42.01077],[-87.80676,42.00905],[-87.80724,42.00903],[-87.80724,42.00946],[-87.81088,42.00936],[-87.81089,42.01024],[-87.80722,42.01032],[-87.80722,42.01075]]]}},{"type":"Feature","properties":{"name":"Kosciuszko Park","kind":"park","areaKm2":0.0366,"osmId":145417159},"geometry":{"type":"Polygon","coordinates":[[[-87.7234,41.9318],[-87.72332,41.93008],[-87.72565,41.93004],[-87.72569,41.93176],[-87.7234,41.9318]]]}},{"type":"Feature","properties":{"name":"Oakdale Park","kind":"park","areaKm2":0.0365,"osmId":38782093},"geometry":{"type":"Polygon","coordinates":[[[-87.64746,41.71938],[-87.64988,41.71934],[-87.64925,41.72124],[-87.64751,41.72128],[-87.64746,41.71938]]]}},{"type":"Feature","properties":{"name":"Creekside Park","kind":"park","areaKm2":0.0363,"osmId":237282534},"geometry":{"type":"Polygon","coordinates":[[[-87.93403,41.77367],[-87.93319,41.77442],[-87.93106,41.77443],[-87.93103,41.77364],[-87.93311,41.77362],[-87.93359,41.7732],[-87.93476,41.77305],[-87.93475,41.772],[-87.93555,41.77197],[-87.93563,41.77328],[-87.93403,41.77367]]]}},{"type":"Feature","properties":{"name":"Palisades Park","kind":"park","areaKm2":0.0362,"osmId":285134339},"geometry":{"type":"Polygon","coordinates":[[[-87.9244,41.72369],[-87.92738,41.72362],[-87.92739,41.72429],[-87.92651,41.72426],[-87.92612,41.7244],[-87.92606,41.72476],[-87.92585,41.72489],[-87.92547,41.72496],[-87.9251,41.72477],[-87.92482,41.72494],[-87.92453,41.72494],[-87.92453,41.72564],[-87.92348,41.72544],[-87.92381,41.72449],[-87.92439,41.72412],[-87.9244,41.72369]]]}},{"type":"Feature","properties":{"name":"Armour Square Park","kind":"park","areaKm2":0.0361,"osmId":157657340},"geometry":{"type":"Polygon","coordinates":[[[-87.63287,41.83453],[-87.63285,41.83281],[-87.63512,41.83278],[-87.63516,41.8345],[-87.63287,41.83453]]]}},{"type":"Feature","properties":{"name":"Seward Park","kind":"park","areaKm2":0.0357,"osmId":31009493},"geometry":{"type":"Polygon","coordinates":[[[-87.63752,41.90291],[-87.63749,41.90214],[-87.63897,41.9021],[-87.63894,41.90124],[-87.63939,41.90123],[-87.63941,41.90145],[-87.63953,41.90155],[-87.64009,41.90153],[-87.64011,41.90266],[-87.63907,41.90268],[-87.63907,41.90302],[-87.63924,41.90302],[-87.63927,41.90368],[-87.63767,41.90364],[-87.63752,41.90291]]]}},{"type":"Feature","properties":{"name":"Robert Taylor Park","kind":"park","areaKm2":0.0357,"osmId":230773694},"geometry":{"type":"Polygon","coordinates":[[[-87.62827,41.80662],[-87.62845,41.80699],[-87.62848,41.8091],[-87.62727,41.80911],[-87.62726,41.80873],[-87.62779,41.80871],[-87.62777,41.80788],[-87.62622,41.8079],[-87.62619,41.80664],[-87.62827,41.80662]]]}},{"type":"Feature","properties":{"name":"McCullough Park","kind":"park","areaKm2":0.0357,"osmId":554984540},"geometry":{"type":"Polygon","coordinates":[[[-87.9169,41.76856],[-87.91733,41.76869],[-87.91754,41.76912],[-87.91821,41.76909],[-87.91886,41.76878],[-87.91936,41.76877],[-87.91942,41.76894],[-87.91828,41.76981],[-87.91767,41.76982],[-87.91719,41.77004],[-87.9172,41.77048],[-87.91758,41.77093],[-87.91666,41.7713],[-87.91652,41.77128],[-87.91644,41.77117],[-87.91632,41.76805],[-87.9169,41.76856]]]}},{"type":"Feature","properties":{"name":"Prairie Park","kind":"park","areaKm2":0.0356,"osmId":209988442},"geometry":{"type":"Polygon","coordinates":[[[-87.67899,41.68185],[-87.67762,41.68199],[-87.67735,41.68183],[-87.67721,41.68132],[-87.6772,41.68077],[-87.67732,41.68039],[-87.67752,41.68006],[-87.67786,41.67975],[-87.67827,41.67952],[-87.67888,41.67937],[-87.67899,41.68185]]]}},{"type":"Feature","properties":{"name":"Curie Park","kind":"park","areaKm2":0.0355,"osmId":226045464},"geometry":{"type":"Polygon","coordinates":[[[-87.72067,41.80299],[-87.72072,41.80312],[-87.72018,41.80346],[-87.7202,41.80356],[-87.71953,41.80397],[-87.71863,41.80402],[-87.71864,41.80422],[-87.71804,41.80423],[-87.71798,41.80286],[-87.72012,41.80201],[-87.72033,41.80231],[-87.72026,41.80234],[-87.72092,41.80296],[-87.72067,41.80299]]]}},{"type":"Feature","properties":{"name":"Davis Square Park","kind":"park","areaKm2":0.0353,"osmId":136336472},"geometry":{"type":"Polygon","coordinates":[[[-87.66638,41.81229],[-87.66864,41.81227],[-87.66867,41.81396],[-87.66641,41.81398],[-87.66638,41.81229]]]}},{"type":"Feature","properties":{"name":"Wildwood Park","kind":"park","areaKm2":0.0347,"osmId":24672498},"geometry":{"type":"Polygon","coordinates":[[[-87.7801,42.00599],[-87.78068,42.00671],[-87.78123,42.00765],[-87.78166,42.00813],[-87.78076,42.00856],[-87.78063,42.00841],[-87.78005,42.00866],[-87.77903,42.00744],[-87.77989,42.00703],[-87.77956,42.00673],[-87.77913,42.00693],[-87.77884,42.00659],[-87.7801,42.00599]]]}},{"type":"Feature","properties":{"name":"Independence Park","kind":"park","areaKm2":0.0346,"osmId":28044278},"geometry":{"type":"Polygon","coordinates":[[[-87.72274,41.95195],[-87.72498,41.95191],[-87.72504,41.95358],[-87.72278,41.95362],[-87.72274,41.95195]]]}},{"type":"Feature","properties":{"name":"Franklin Park","kind":"park","areaKm2":0.0346,"osmId":136507374},"geometry":{"type":"Polygon","coordinates":[[[-87.73125,41.86061],[-87.73345,41.86064],[-87.73351,41.86231],[-87.73131,41.86235],[-87.73125,41.86061]]]}},{"type":"Feature","properties":{"name":"Cummings Square","kind":"park","areaKm2":0.0346,"osmId":222179624},"geometry":{"type":"Polygon","coordinates":[[[-87.80524,41.89072],[-87.80525,41.8887],[-87.80704,41.88865],[-87.80713,41.89068],[-87.80524,41.89072]]]}},{"type":"Feature","properties":{"name":"Commissioners Park","kind":"park","areaKm2":0.0345,"osmId":554363489},"geometry":{"type":"Polygon","coordinates":[[[-87.79267,41.75185],[-87.7926,41.7518],[-87.7925,41.74838],[-87.79334,41.74837],[-87.79336,41.74877],[-87.7936,41.74877],[-87.7937,41.75179],[-87.79267,41.75185]]]}},{"type":"Feature","properties":{"name":"Armstrong Park","kind":"park","areaKm2":0.0345,"osmId":186758513},"geometry":{"type":"Polygon","coordinates":[[[-87.61147,41.81484],[-87.6092,41.81488],[-87.60917,41.81322],[-87.61144,41.81319],[-87.61147,41.81484]]]}},{"type":"Feature","properties":{"name":"Minuteman Park","kind":"park","areaKm2":0.0344,"osmId":32804158},"geometry":{"type":"Polygon","coordinates":[[[-87.76583,41.7846],[-87.76527,41.78496],[-87.7646,41.78568],[-87.76424,41.78591],[-87.76362,41.78599],[-87.76216,41.78602],[-87.76212,41.78507],[-87.76331,41.78492],[-87.7657,41.78428],[-87.76685,41.78406],[-87.76685,41.78422],[-87.76583,41.7846]]]}},{"type":"Feature","properties":{"name":"Valley Forge Park","kind":"park","areaKm2":0.0344,"osmId":32804424},"geometry":{"type":"Polygon","coordinates":[[[-87.79551,41.78394],[-87.7964,41.78387],[-87.7999,41.78381],[-87.79992,41.78466],[-87.79552,41.78474],[-87.79551,41.78394]]]}},{"type":"Feature","properties":{"name":"Lerner Park","kind":"park","areaKm2":0.0344,"osmId":154972884},"geometry":{"type":"Polygon","coordinates":[[[-87.7068,42.00833],[-87.70464,42.00832],[-87.70469,42.00658],[-87.70681,42.00658],[-87.7068,42.00833]]]}},{"type":"Feature","properties":{"name":"Dolton-Riverdale Park","kind":"park","areaKm2":0.0344,"osmId":870967507},"geometry":{"type":"Polygon","coordinates":[[[-87.61285,41.64329],[-87.61237,41.64294],[-87.61237,41.64095],[-87.61279,41.64103],[-87.61363,41.64136],[-87.61505,41.64265],[-87.61403,41.64311],[-87.61355,41.64279],[-87.61285,41.64329]]]}},{"type":"Feature","properties":{"name":"Hamlin Park","kind":"park","areaKm2":0.0342,"osmId":28085045},"geometry":{"type":"Polygon","coordinates":[[[-87.6784,41.93769],[-87.67836,41.93603],[-87.68058,41.936],[-87.68064,41.93766],[-87.6784,41.93769]]]}},{"type":"Feature","properties":{"name":"Edgebrook Park","kind":"park","areaKm2":0.034,"osmId":24672500},"geometry":{"type":"Polygon","coordinates":[[[-87.76049,42.00015],[-87.76108,41.99951],[-87.76154,41.99973],[-87.76182,41.99939],[-87.7628,41.99986],[-87.76222,42.00157],[-87.75971,42.00048],[-87.76011,41.99997],[-87.76049,42.00015]]]}},{"type":"Feature","properties":{"name":"Eckhart Park","kind":"park","areaKm2":0.0339,"osmId":5732023},"geometry":{"type":"Polygon","coordinates":[[[-87.6601,41.89794],[-87.66005,41.89629],[-87.66229,41.89625],[-87.66233,41.8979],[-87.6601,41.89794]]]}},{"type":"Feature","properties":{"name":"Cornell Square Park","kind":"park","areaKm2":0.0336,"osmId":32599162},"geometry":{"type":"Polygon","coordinates":[[[-87.66976,41.80136],[-87.67197,41.80135],[-87.67203,41.80298],[-87.66979,41.803],[-87.66976,41.80136]]]}},{"type":"Feature","properties":{"name":"Frank Wilson Park","kind":"park","areaKm2":0.0335,"osmId":116881227},"geometry":{"type":"Polygon","coordinates":[[[-87.76143,41.9651],[-87.75853,41.96514],[-87.75769,41.96419],[-87.75883,41.96416],[-87.75844,41.96368],[-87.75993,41.9638],[-87.75995,41.96418],[-87.76126,41.96417],[-87.76143,41.9651]]]}},{"type":"Feature","properties":{"name":"Fernwood Parkway Park","kind":"park","areaKm2":0.0335,"osmId":5214527},"geometry":{"type":"MultiPolygon","coordinates":[[[[-87.63352,41.70711],[-87.63362,41.71066],[-87.63336,41.71066],[-87.63326,41.70711],[-87.63352,41.70711]]],[[[-87.63345,41.71438],[-87.63336,41.71074],[-87.63362,41.71074],[-87.63372,41.71437],[-87.63345,41.71438]]],[[[-87.63381,41.71787],[-87.63352,41.71787],[-87.63348,41.71517],[-87.63376,41.71518],[-87.63381,41.71787]]],[[[-87.63388,41.72117],[-87.63389,41.72145],[-87.63361,41.72145],[-87.63352,41.71804],[-87.63381,41.71803],[-87.63388,41.72117]]]]}},{"type":"Feature","properties":{"name":"McArthur Park","kind":"park","areaKm2":0.0332,"osmId":160146185},"geometry":{"type":"Polygon","coordinates":[[[-87.77084,41.74082],[-87.77083,41.74057],[-87.77098,41.74051],[-87.77095,41.74006],[-87.7729,41.73876],[-87.77313,41.73894],[-87.77314,41.73936],[-87.7737,41.73935],[-87.77371,41.73983],[-87.77326,41.73984],[-87.7733,41.74077],[-87.77084,41.74082]]]}},{"type":"Feature","properties":{"name":"Harr Park","kind":"park","areaKm2":0.033,"osmId":160143408},"geometry":{"type":"Polygon","coordinates":[[[-87.7496,41.74159],[-87.74949,41.74159],[-87.74947,41.74117],[-87.7489,41.74118],[-87.7489,41.74098],[-87.74848,41.74099],[-87.74848,41.7409],[-87.74885,41.74089],[-87.74884,41.74069],[-87.74897,41.74069],[-87.74891,41.73915],[-87.74841,41.73916],[-87.74839,41.7386],[-87.75005,41.73858],[-87.75007,41.74025],[-87.75064,41.74024],[-87.75066,41.74055],[-87.75009,41.74056],[-87.7501,41.74132],[-87.74959,41.74133],[-87.7496,41.74159]]]}},{"type":"Feature","properties":{"name":"Dunne Park","kind":"park","areaKm2":0.0329,"osmId":35442139},"geometry":{"type":"Polygon","coordinates":[[[-87.86359,41.9904],[-87.86212,41.98987],[-87.86391,41.98942],[-87.86463,41.9891],[-87.86553,41.98975],[-87.86624,41.99067],[-87.86359,41.99071],[-87.86359,41.9904]]]}},{"type":"Feature","properties":{"name":"Chicago Riverwalk","kind":"park","areaKm2":0.0326,"osmId":504093803},"geometry":{"type":"Polygon","coordinates":[[[-87.63734,41.88601],[-87.63715,41.88622],[-87.63553,41.88722],[-87.63536,41.88722],[-87.63532,41.88712],[-87.63497,41.88711],[-87.63445,41.88716],[-87.63429,41.88711],[-87.63419,41.88722],[-87.63425,41.88725],[-87.6337,41.88726],[-87.6337,41.88715],[-87.63281,41.88715],[-87.63282,41.88726],[-87.63219,41.88726],[-87.63221,41.88716],[-87.63123,41.88715],[-87.63126,41.88724],[-87.63073,41.88725],[-87.63073,41.88716],[-87.6298,41.88716],[-87.6298,41.88729],[-87.62925,41.88728],[-87.62921,41.88716],[-87.6283,41.88716],[-87.62827,41.88731],[-87.62748,41.88727],[-87.62714,41.88739],[-87.62625,41.88804],[-87.62513,41.88855],[-87.62464,41.88863],[-87.62379,41.88852],[-87.62272,41.88853],[-87.61793,41.88804],[-87.61517,41.88792],[-87.61473,41.88792],[-87.61436,41.88808],[-87.61435,41.88798],[-87.61447,41.88794],[-87.61431,41.88794],[-87.61431,41.88779],[-87.61452,41.88773],[-87.61977,41.88796],[-87.6204,41.88802],[-87.62033,41.88824],[-87.62091,41.88829],[-87.62094,41.88813],[-87.62253,41.88837],[-87.62422,41.88838],[-87.62428,41.88852],[-87.62464,41.88856],[-87.62476,41.88845],[-87.62527,41.88842],[-87.6256,41.88829],[-87.62647,41.88754],[-87.62655,41.88767],[-87.62685,41.88756],[-87.62686,41.88745],[-87.6268,41.88746],[-87.62668,41.88726],[-87.62706,41.88707],[-87.62775,41.88705],[-87.62774,41.88726],[-87.62821,41.88724],[-87.6282,41.88703],[-87.62933,41.88703],[-87.62931,41.88723],[-87.62971,41.88723],[-87.62975,41.88703],[-87.63083,41.88703],[-87.63083,41.88719],[-87.63117,41.88719],[-87.63117,41.88707],[-87.63129,41.88703],[-87.63225,41.88703],[-87.63228,41.88721],[-87.63273,41.8872],[-87.63275,41.88703],[-87.63379,41.88703],[-87.63383,41.8872],[-87.63413,41.88719],[-87.63417,41.88703],[-87.63525,41.88703],[-87.63544,41.88717],[-87.63567,41.88706],[-87.63564,41.88695],[-87.63687,41.88619],[-87.63713,41.88584],[-87.63734,41.88601]]]}},{"type":"Feature","properties":{"name":"Peaks Park","kind":"park","areaKm2":0.0323,"osmId":233832597},"geometry":{"type":"Polygon","coordinates":[[[-87.78862,41.69683],[-87.78787,41.69738],[-87.78594,41.69743],[-87.78562,41.6963],[-87.78737,41.69614],[-87.78759,41.69598],[-87.78866,41.69595],[-87.78862,41.69683]]]}},{"type":"Feature","properties":{"name":"Ishnala Woods Park","kind":"park","areaKm2":0.0321,"osmId":463984119},"geometry":{"type":"Polygon","coordinates":[[[-87.81613,41.64412],[-87.81598,41.64413],[-87.81601,41.6454],[-87.81647,41.64562],[-87.81647,41.64571],[-87.81521,41.64571],[-87.81518,41.64302],[-87.81742,41.64298],[-87.81744,41.64362],[-87.81625,41.64374],[-87.81613,41.64412]]]}},{"type":"Feature","properties":{"name":"Worthbrook Park","kind":"park","areaKm2":0.032,"osmId":234180957},"geometry":{"type":"Polygon","coordinates":[[[-87.77547,41.72967],[-87.7756,41.72963],[-87.78021,41.72952],[-87.78024,41.73034],[-87.7755,41.73029],[-87.77547,41.72967]]]}},{"type":"Feature","properties":{"name":"South President's Court","kind":"park","areaKm2":0.0319,"osmId":401446864},"geometry":{"type":"Polygon","coordinates":[[[-87.62095,41.87556],[-87.62081,41.87548],[-87.6208,41.87329],[-87.62227,41.87326],[-87.62232,41.87553],[-87.62095,41.87556]]]}},{"type":"Feature","properties":{"name":"Lake Meadows Park","kind":"park","areaKm2":0.0317,"osmId":136339878},"geometry":{"type":"Polygon","coordinates":[[[-87.61184,41.83844],[-87.61122,41.83845],[-87.61042,41.83665],[-87.61334,41.83662],[-87.61337,41.83767],[-87.61181,41.83768],[-87.61184,41.83844]]]}},{"type":"Feature","properties":{"name":"North President's Court","kind":"park","areaKm2":0.0317,"osmId":401446863},"geometry":{"type":"Polygon","coordinates":[[[-87.62087,41.87825],[-87.62082,41.87613],[-87.62095,41.87601],[-87.62233,41.87599],[-87.62238,41.87822],[-87.62087,41.87825]]]}},{"type":"Feature","properties":{"name":"Maple Park","kind":"park","areaKm2":0.0315,"osmId":32486146},"geometry":{"type":"Polygon","coordinates":[[[-87.80359,41.87038],[-87.80342,41.86544],[-87.8041,41.86543],[-87.8043,41.87037],[-87.80359,41.87038]]]}},{"type":"Feature","properties":{"name":"Brook Park","kind":"park","areaKm2":0.0314,"osmId":222509626},"geometry":{"type":"Polygon","coordinates":[[[-87.91171,41.79869],[-87.91178,41.79982],[-87.91143,41.79999],[-87.9113,41.80044],[-87.90999,41.80047],[-87.90936,41.79876],[-87.91171,41.79869]]]}},{"type":"Feature","properties":{"name":"Brentwood Park","kind":"park","areaKm2":0.0314,"osmId":660865781},"geometry":{"type":"Polygon","coordinates":[[[-87.83784,41.64293],[-87.83663,41.64293],[-87.83652,41.64255],[-87.8361,41.64218],[-87.8365,41.64182],[-87.83654,41.64128],[-87.83695,41.64127],[-87.83735,41.64107],[-87.83756,41.6411],[-87.83831,41.64155],[-87.83899,41.64211],[-87.83818,41.64239],[-87.83845,41.64277],[-87.83784,41.64293]]]}},{"type":"Feature","properties":{"name":"Pioneer Park","kind":"park","areaKm2":0.0313,"osmId":24725186},"geometry":{"type":"Polygon","coordinates":[[[-87.80654,42.01158],[-87.80639,42.01164],[-87.80504,42.01165],[-87.805,42.00943],[-87.80657,42.00944],[-87.80654,42.01158]]]}},{"type":"Feature","properties":{"name":"Burns Field Park","kind":"park","areaKm2":0.0313,"osmId":222702392},"geometry":{"type":"Polygon","coordinates":[[[-87.9342,41.8077],[-87.93705,41.80763],[-87.93709,41.80882],[-87.93423,41.80888],[-87.9342,41.8077]]]}},{"type":"Feature","properties":{"name":"","kind":"park","areaKm2":0.0312,"osmId":1434682230},"geometry":{"type":"Polygon","coordinates":[[[-87.91291,41.88212],[-87.91294,41.8824],[-87.90557,41.8818],[-87.90555,41.88198],[-87.90513,41.88195],[-87.90511,41.88203],[-87.90339,41.88191],[-87.90339,41.88131],[-87.91291,41.88212]]]}},{"type":"Feature","properties":{"name":"Jefferson Memorial Park","kind":"park","areaKm2":0.0312,"osmId":27861631},"geometry":{"type":"Polygon","coordinates":[[[-87.76496,41.96955],[-87.76235,41.9688],[-87.76266,41.96814],[-87.76268,41.96775],[-87.76491,41.96787],[-87.76496,41.96955]]]}},{"type":"Feature","properties":{"name":"Phil and Joyce Yeager Trails","kind":"park","areaKm2":0.0311,"osmId":1151395091},"geometry":{"type":"Polygon","coordinates":[[[-87.93373,41.85023],[-87.93327,41.8512],[-87.93345,41.8515],[-87.93397,41.85196],[-87.93331,41.85239],[-87.933,41.85252],[-87.93265,41.85253],[-87.93264,41.85218],[-87.93226,41.85219],[-87.93219,41.85101],[-87.93258,41.85105],[-87.93258,41.85144],[-87.93281,41.85165],[-87.93273,41.8518],[-87.93323,41.85223],[-87.93369,41.85194],[-87.93297,41.85132],[-87.93295,41.85113],[-87.93371,41.84987],[-87.93357,41.84982],[-87.93263,41.84985],[-87.93265,41.85006],[-87.93244,41.85007],[-87.93236,41.84936],[-87.93245,41.84899],[-87.93315,41.84849],[-87.93433,41.84951],[-87.93373,41.85023]]]}},{"type":"Feature","properties":{"name":"Fitzgerald Park","kind":"park","areaKm2":0.0308,"osmId":554363484},"geometry":{"type":"Polygon","coordinates":[[[-87.78483,41.73842],[-87.78626,41.73838],[-87.78623,41.73743],[-87.78643,41.73743],[-87.78655,41.74032],[-87.78602,41.74032],[-87.78604,41.74094],[-87.78589,41.74095],[-87.78588,41.74054],[-87.78541,41.74055],[-87.7854,41.73995],[-87.78491,41.73996],[-87.78483,41.73842]]]}},{"type":"Feature","properties":{"name":"Janura Park","kind":"park","areaKm2":0.0304,"osmId":39270124},"geometry":{"type":"Polygon","coordinates":[[[-87.78824,41.83957],[-87.7882,41.83815],[-87.7929,41.83951],[-87.78824,41.83957]]]}},{"type":"Feature","properties":{"name":"","kind":"park","areaKm2":0.0301,"osmId":1147775337},"geometry":{"type":"Polygon","coordinates":[[[-87.755,41.65758],[-87.75426,41.65803],[-87.75422,41.65828],[-87.75438,41.65881],[-87.75407,41.65913],[-87.75373,41.65991],[-87.7532,41.65993],[-87.75309,41.65725],[-87.75526,41.65714],[-87.755,41.65758]]]}},{"type":"Feature","properties":{"name":"Bill Dunnett Field","kind":"park","areaKm2":0.0301,"osmId":543516007},"geometry":{"type":"Polygon","coordinates":[[[-87.81142,41.70066],[-87.8125,41.70065],[-87.81251,41.70323],[-87.81235,41.70349],[-87.81173,41.704],[-87.81153,41.704],[-87.81142,41.70066]]]}},{"type":"Feature","properties":{"name":"","kind":"park","areaKm2":0.03,"osmId":1144179986},"geometry":{"type":"Polygon","coordinates":[[[-87.76997,41.67018],[-87.76968,41.67109],[-87.76748,41.67026],[-87.76793,41.6696],[-87.76855,41.66921],[-87.7688,41.6692],[-87.76962,41.66945],[-87.77021,41.66953],[-87.7705,41.66965],[-87.76997,41.67018]]]}},{"type":"Feature","properties":{"name":"Rutherford Sayre Park","kind":"park","areaKm2":0.03,"osmId":132532603},"geometry":{"type":"Polygon","coordinates":[[[-87.79981,41.92164],[-87.7998,41.9215],[-87.79941,41.92136],[-87.79891,41.92136],[-87.79889,41.92111],[-87.79529,41.92112],[-87.79523,41.91964],[-87.80053,41.92158],[-87.80053,41.92163],[-87.79981,41.92164]]]}},{"type":"Feature","properties":{"name":"","kind":"park","areaKm2":0.0298,"osmId":1086538632},"geometry":{"type":"Polygon","coordinates":[[[-87.81097,41.68302],[-87.81049,41.68286],[-87.8102,41.68267],[-87.81102,41.68119],[-87.81218,41.68118],[-87.8123,41.68327],[-87.81097,41.68302]]]}},{"type":"Feature","properties":{"name":"Sunrise Park","kind":"park","areaKm2":0.0297,"osmId":236593563},"geometry":{"type":"Polygon","coordinates":[[[-87.93313,41.94875],[-87.93471,41.94873],[-87.93474,41.95075],[-87.93313,41.95077],[-87.93313,41.94875]]]}},{"type":"Feature","properties":{"name":"Wierzba Park","kind":"park","areaKm2":0.0294,"osmId":176469746},"geometry":{"type":"Polygon","coordinates":[[[-87.80221,41.74977],[-87.80216,41.74852],[-87.80313,41.74834],[-87.80446,41.74833],[-87.80452,41.74973],[-87.80221,41.74977]]]}},{"type":"Feature","properties":{"name":"Memorial Park","kind":"park","areaKm2":0.0293,"osmId":174665829},"geometry":{"type":"Polygon","coordinates":[[[-87.87076,41.82414],[-87.87107,41.82457],[-87.87105,41.82514],[-87.86921,41.82518],[-87.86913,41.8235],[-87.86999,41.82352],[-87.86999,41.82345],[-87.87097,41.82341],[-87.87136,41.82392],[-87.87076,41.82414]]]}},{"type":"Feature","properties":{"name":"Lake Shore Park","kind":"park","areaKm2":0.0293,"osmId":203771993},"geometry":{"type":"Polygon","coordinates":[[[-87.61771,41.89763],[-87.61723,41.89694],[-87.62173,41.89684],[-87.62174,41.89757],[-87.61771,41.89763]]]}},{"type":"Feature","properties":{"name":"Cicero Sports Complex","kind":"park","areaKm2":0.0292,"osmId":922351099},"geometry":{"type":"Polygon","coordinates":[[[-87.75435,41.85547],[-87.75662,41.85542],[-87.75667,41.85683],[-87.7544,41.85684],[-87.75435,41.85547]]]}},{"type":"Feature","properties":{"name":"Edward Kelly Park","kind":"park","areaKm2":0.0288,"osmId":167421717},"geometry":{"type":"Polygon","coordinates":[[[-87.69318,41.81935],[-87.69295,41.81944],[-87.69181,41.81825],[-87.69134,41.81852],[-87.69128,41.81791],[-87.69185,41.81789],[-87.69199,41.81782],[-87.69211,41.81788],[-87.69384,41.81789],[-87.69386,41.81836],[-87.69439,41.81835],[-87.69441,41.81924],[-87.69317,41.81926],[-87.69318,41.81935]]]}},{"type":"Feature","properties":{"name":"Arrigo Park","kind":"park","areaKm2":0.0287,"osmId":134017011},"geometry":{"type":"Polygon","coordinates":[[[-87.6616,41.87214],[-87.65811,41.87214],[-87.65809,41.87138],[-87.65816,41.87134],[-87.66009,41.87131],[-87.66023,41.87119],[-87.66157,41.87117],[-87.6616,41.87214]]]}},{"type":"Feature","properties":{"name":"Martin Park","kind":"park","areaKm2":0.0287,"osmId":579766757},"geometry":{"type":"Polygon","coordinates":[[[-87.81346,41.72867],[-87.81346,41.7286],[-87.81266,41.72862],[-87.81188,41.72778],[-87.8157,41.7277],[-87.81574,41.72862],[-87.81346,41.72867]]]}},{"type":"Feature","properties":{"name":"Millette Memorial Park","kind":"park","areaKm2":0.0286,"osmId":544582353},"geometry":{"type":"Polygon","coordinates":[[[-87.80279,41.73981],[-87.80281,41.74028],[-87.8004,41.74027],[-87.80038,41.73996],[-87.79954,41.73997],[-87.79954,41.73981],[-87.80003,41.73978],[-87.80002,41.73967],[-87.8002,41.73967],[-87.8002,41.73946],[-87.80059,41.73945],[-87.8006,41.73966],[-87.80116,41.73964],[-87.80298,41.73909],[-87.80298,41.73894],[-87.80409,41.73892],[-87.8041,41.7396],[-87.80349,41.73961],[-87.80279,41.73981]]]}},{"type":"Feature","properties":{"name":"Pulaski Park","kind":"park","areaKm2":0.0285,"osmId":176739764},"geometry":{"type":"Polygon","coordinates":[[[-87.52104,41.64646],[-87.52,41.64646],[-87.52,41.64347],[-87.52104,41.64348],[-87.52104,41.64646]]]}},{"type":"Feature","properties":{"name":"Kenwood Community Park","kind":"park","areaKm2":0.0285,"osmId":115807836},"geometry":{"type":"Polygon","coordinates":[[[-87.592,41.80597],[-87.59197,41.80433],[-87.59385,41.80431],[-87.5939,41.80595],[-87.592,41.80597]]]}},{"type":"Feature","properties":{"name":"Soehrman Park","kind":"park","areaKm2":0.0281,"osmId":180860363},"geometry":{"type":"Polygon","coordinates":[[[-87.88839,41.76322],[-87.88811,41.7633],[-87.88726,41.76332],[-87.8871,41.76327],[-87.88705,41.76132],[-87.88854,41.76125],[-87.88857,41.76305],[-87.88839,41.76322]]]}},{"type":"Feature","properties":{"name":"Southwest Park","kind":"park","areaKm2":0.0281,"osmId":186843742},"geometry":{"type":"Polygon","coordinates":[[[-87.84329,41.99116],[-87.84324,41.98982],[-87.84557,41.98979],[-87.84557,41.99113],[-87.84329,41.99116]]]}},{"type":"Feature","properties":{"name":"Sunny Pine Park","kind":"park","areaKm2":0.0279,"osmId":660865788},"geometry":{"type":"Polygon","coordinates":[[[-87.83213,41.64119],[-87.83239,41.64119],[-87.83319,41.64164],[-87.83356,41.64133],[-87.83378,41.64148],[-87.83402,41.64187],[-87.83405,41.64299],[-87.83218,41.64305],[-87.83213,41.64119]]]}},{"type":"Feature","properties":{"name":"Palmer Square Park","kind":"park","areaKm2":0.0278,"osmId":5245173},"geometry":{"type":"Polygon","coordinates":[[[-87.70697,41.92074],[-87.70701,41.92138],[-87.70232,41.92144],[-87.7023,41.92079],[-87.70697,41.92074]]]}},{"type":"Feature","properties":{"name":"Hodgkins Park","kind":"park","areaKm2":0.0277,"osmId":179945729},"geometry":{"type":"Polygon","coordinates":[[[-87.85807,41.77203],[-87.85815,41.77369],[-87.85772,41.7737],[-87.85768,41.77288],[-87.85519,41.77291],[-87.85516,41.77201],[-87.85798,41.77196],[-87.85807,41.77203]]]}},{"type":"Feature","properties":{"name":"Central Park","kind":"park","areaKm2":0.0276,"osmId":176469726},"geometry":{"type":"Polygon","coordinates":[[[-87.7372,41.7219],[-87.73725,41.72309],[-87.73612,41.72342],[-87.73603,41.72116],[-87.73719,41.72113],[-87.73719,41.72109],[-87.73789,41.72112],[-87.73791,41.72189],[-87.7372,41.7219]]]}},{"type":"Feature","properties":{"name":"Ideal Park","kind":"park","areaKm2":0.0276,"osmId":552009013},"geometry":{"type":"Polygon","coordinates":[[[-87.86427,41.78331],[-87.86671,41.78332],[-87.86674,41.78405],[-87.86549,41.78416],[-87.86552,41.78482],[-87.86544,41.78487],[-87.86544,41.78504],[-87.86436,41.78506],[-87.86427,41.78331]]]}},{"type":"Feature","properties":{"name":"Levin Park","kind":"park","areaKm2":0.0275,"osmId":32598408},"geometry":{"type":"Polygon","coordinates":[[[-87.76046,41.88778],[-87.76324,41.88775],[-87.76326,41.88882],[-87.76049,41.88886],[-87.76046,41.88778]]]}},{"type":"Feature","properties":{"name":"Golden Gate Park","kind":"park","areaKm2":0.0275,"osmId":215326452},"geometry":{"type":"Polygon","coordinates":[[[-87.61232,41.65904],[-87.61081,41.65903],[-87.61077,41.65745],[-87.61128,41.65745],[-87.61149,41.65737],[-87.61164,41.65718],[-87.61165,41.6568],[-87.61226,41.6568],[-87.61232,41.65904]]]}},{"type":"Feature","properties":{"name":"Springdale Park","kind":"park","areaKm2":0.0275,"osmId":226143959},"geometry":{"type":"Polygon","coordinates":[[[-87.89776,41.79359],[-87.89785,41.79535],[-87.89611,41.79539],[-87.89613,41.79362],[-87.89776,41.79359]]]}},{"type":"Feature","properties":{"name":"Gold Star Families Park","kind":"park","areaKm2":0.0275,"osmId":17528108},"geometry":{"type":"Polygon","coordinates":[[[-87.61464,41.86189],[-87.6148,41.8627],[-87.61467,41.86325],[-87.61414,41.86413],[-87.61393,41.86482],[-87.61382,41.8649],[-87.61364,41.86483],[-87.61388,41.86349],[-87.61388,41.86274],[-87.61369,41.86231],[-87.6137,41.86191],[-87.6135,41.86152],[-87.61358,41.86125],[-87.61343,41.86094],[-87.61361,41.86052],[-87.61385,41.86058],[-87.61464,41.86189]]]}},{"type":"Feature","properties":{"name":"Hollywood Park","kind":"park","areaKm2":0.0274,"osmId":27825543},"geometry":{"type":"Polygon","coordinates":[[[-87.71062,41.98857],[-87.71266,41.98856],[-87.71269,41.99021],[-87.71112,41.99022],[-87.71062,41.98857]]]}},{"type":"Feature","properties":{"name":"Whittaker Park","kind":"park","areaKm2":0.0273,"osmId":499192040},"geometry":{"type":"Polygon","coordinates":[[[-87.91876,41.7477],[-87.91943,41.7477],[-87.91942,41.74712],[-87.92052,41.74715],[-87.92139,41.74751],[-87.92145,41.74761],[-87.92129,41.74763],[-87.92127,41.74784],[-87.92038,41.7479],[-87.92039,41.74848],[-87.91971,41.74856],[-87.91968,41.74914],[-87.9188,41.74916],[-87.91876,41.7477]]]}},{"type":"Feature","properties":{"name":"High Ridge Park","kind":"park","areaKm2":0.0272,"osmId":199568004},"geometry":{"type":"Polygon","coordinates":[[[-87.89627,41.85547],[-87.89493,41.8555],[-87.89489,41.85456],[-87.89248,41.85462],[-87.89246,41.85417],[-87.89621,41.85407],[-87.89627,41.85547]]]}},{"type":"Feature","properties":{"name":"Forest Glen Park","kind":"park","areaKm2":0.0272,"osmId":568375279},"geometry":{"type":"Polygon","coordinates":[[[-87.92075,41.85839],[-87.9206,41.85845],[-87.92003,41.85835],[-87.92011,41.85774],[-87.92006,41.85658],[-87.92089,41.85699],[-87.92181,41.8571],[-87.92194,41.85717],[-87.92189,41.85774],[-87.92257,41.85841],[-87.92247,41.85856],[-87.92156,41.85854],[-87.92146,41.85819],[-87.9209,41.85844],[-87.92075,41.85839]]]}},{"type":"Feature","properties":{"name":"Blackhawk Park","kind":"park","areaKm2":0.0269,"osmId":33059543},"geometry":{"type":"Polygon","coordinates":[[[-87.75128,41.92367],[-87.75123,41.9224],[-87.75355,41.92238],[-87.75358,41.92364],[-87.75128,41.92367]]]}},{"type":"Feature","properties":{"name":"South Park","kind":"park","areaKm2":0.0269,"osmId":194755366},"geometry":{"type":"Polygon","coordinates":[[[-87.83637,41.99783],[-87.83617,41.99837],[-87.83413,41.99764],[-87.83465,41.99662],[-87.83639,41.99659],[-87.83637,41.99783]]]}},{"type":"Feature","properties":{"name":"Sidney Brown Memorial Park","kind":"park","areaKm2":0.0268,"osmId":172700254},"geometry":{"type":"Polygon","coordinates":[[[-87.60793,41.73983],[-87.60781,41.73983],[-87.60778,41.73895],[-87.60743,41.73866],[-87.60739,41.73743],[-87.608,41.73742],[-87.60804,41.73849],[-87.60907,41.73847],[-87.60913,41.74015],[-87.60795,41.74017],[-87.60793,41.73983]]]}},{"type":"Feature","properties":{"name":"Daniel Hale Williams Park","kind":"park","areaKm2":0.0268,"osmId":354691877},"geometry":{"type":"Polygon","coordinates":[[[-87.62777,41.84243],[-87.62799,41.84212],[-87.62852,41.84188],[-87.62961,41.84186],[-87.62969,41.84424],[-87.62917,41.84425],[-87.62927,41.84376],[-87.62951,41.84373],[-87.62944,41.84326],[-87.62906,41.8433],[-87.62895,41.84286],[-87.62841,41.84291],[-87.62812,41.8431],[-87.62701,41.8431],[-87.62698,41.84242],[-87.62777,41.84243]]]}},{"type":"Feature","properties":{"name":"Bulger Park","kind":"park","areaKm2":0.0267,"osmId":32488123},"geometry":{"type":"Polygon","coordinates":[[[-87.85282,41.9044],[-87.85451,41.90436],[-87.85452,41.90611],[-87.85289,41.90614],[-87.85282,41.9044]]]}},{"type":"Feature","properties":{"name":"Lawn Manor Park","kind":"park","areaKm2":0.0267,"osmId":175930051},"geometry":{"type":"Polygon","coordinates":[[[-87.73013,41.69742],[-87.72793,41.69744],[-87.72788,41.69662],[-87.7284,41.69661],[-87.72848,41.69655],[-87.72871,41.69654],[-87.72871,41.69644],[-87.72894,41.69644],[-87.72892,41.69583],[-87.73011,41.69581],[-87.73013,41.69742]]]}},{"type":"Feature","properties":{"name":"","kind":"park","areaKm2":0.0266,"osmId":37616965},"geometry":{"type":"Polygon","coordinates":[[[-87.74522,42.01643],[-87.74601,42.01895],[-87.74507,42.01897],[-87.74401,42.01563],[-87.7441,42.01557],[-87.74522,42.01643]]]}},{"type":"Feature","properties":{"name":"Euclid Park","kind":"park","areaKm2":0.0264,"osmId":138758719},"geometry":{"type":"Polygon","coordinates":[[[-87.63712,41.71785],[-87.63711,41.71524],[-87.63814,41.71522],[-87.6382,41.71783],[-87.63712,41.71785]]]}},{"type":"Feature","properties":{"name":"Robinson Park","kind":"park","areaKm2":0.0264,"osmId":148366380},"geometry":{"type":"Polygon","coordinates":[[[-87.80426,41.8283],[-87.80296,41.82845],[-87.80292,41.82739],[-87.80348,41.8273],[-87.80389,41.82712],[-87.80422,41.82671],[-87.80409,41.82629],[-87.80519,41.82646],[-87.80491,41.82689],[-87.80478,41.82772],[-87.80492,41.82846],[-87.80426,41.8283]]]}},{"type":"Feature","properties":{"name":"","kind":"park","areaKm2":0.0263,"osmId":1178010845},"geometry":{"type":"Polygon","coordinates":[[[-87.6572,41.65342],[-87.6565,41.65339],[-87.65604,41.65349],[-87.65567,41.6537],[-87.65549,41.65389],[-87.65435,41.65407],[-87.65308,41.65503],[-87.65268,41.65485],[-87.65419,41.65367],[-87.65508,41.65325],[-87.6574,41.65259],[-87.65768,41.65317],[-87.6572,41.65342]]]}},{"type":"Feature","properties":{"name":"Touhy Park","kind":"park","areaKm2":0.0263,"osmId":33422970},"geometry":{"type":"Polygon","coordinates":[[[-87.67287,42.0154],[-87.67289,42.01591],[-87.67256,42.0159],[-87.67248,42.01438],[-87.67443,42.01433],[-87.67435,42.01388],[-87.67475,42.01387],[-87.67499,42.01537],[-87.67287,42.0154]]]}},{"type":"Feature","properties":{"name":"Munroe Park","kind":"park","areaKm2":0.0261,"osmId":175838554},"geometry":{"type":"Polygon","coordinates":[[[-87.68587,41.70262],[-87.68578,41.70092],[-87.68746,41.7009],[-87.68752,41.7026],[-87.68587,41.70262]]]}},{"type":"Feature","properties":{"name":"Beniac Greenway Park","kind":"park","areaKm2":0.0259,"osmId":5208380},"geometry":{"type":"MultiPolygon","coordinates":[[[[-87.53044,41.69193],[-87.53045,41.69322],[-87.53004,41.69432],[-87.52942,41.69541],[-87.52929,41.69541],[-87.52922,41.69537],[-87.52965,41.69465],[-87.53007,41.69365],[-87.53021,41.69309],[-87.53025,41.6919],[-87.53044,41.69193]]],[[[-87.52841,41.69754],[-87.52854,41.69685],[-87.52915,41.69549],[-87.52931,41.69548],[-87.52917,41.69604],[-87.52909,41.69604],[-87.52883,41.6967],[-87.52875,41.6967],[-87.52859,41.69753],[-87.52858,41.699],[-87.52838,41.69902],[-87.52841,41.69754]]],[[[-87.52853,41.6991],[-87.5286,41.69916],[-87.52859,41.70262],[-87.52823,41.70262],[-87.52826,41.6991],[-87.52853,41.6991]]]]}},{"type":"Feature","properties":{"name":"","kind":"park","areaKm2":0.0258,"osmId":34852968},"geometry":{"type":"Polygon","coordinates":[[[-87.6944,41.83859],[-87.6943,41.83852],[-87.69426,41.83811],[-87.69404,41.83801],[-87.68972,41.83805],[-87.68977,41.83797],[-87.69128,41.83754],[-87.6949,41.8375],[-87.69499,41.83855],[-87.6944,41.83859]]]}},{"type":"Feature","properties":{"name":"","kind":"park","areaKm2":0.0258,"osmId":1463553758},"geometry":{"type":"Polygon","coordinates":[[[-87.89313,41.74934],[-87.89371,41.74823],[-87.89408,41.74818],[-87.89444,41.74832],[-87.89446,41.74866],[-87.89426,41.74897],[-87.89457,41.74924],[-87.89429,41.75028],[-87.89407,41.75061],[-87.89365,41.75058],[-87.89337,41.75079],[-87.89311,41.75075],[-87.89313,41.74934]]]}},{"type":"Feature","properties":{"name":"Rehm Park","kind":"park","areaKm2":0.0257,"osmId":59267603},"geometry":{"type":"Polygon","coordinates":[[[-87.78669,41.87007],[-87.78716,41.87006],[-87.78715,41.87025],[-87.78842,41.87024],[-87.78842,41.86995],[-87.78894,41.86995],[-87.78895,41.87116],[-87.7886,41.8712],[-87.78847,41.8713],[-87.78846,41.87151],[-87.78674,41.87137],[-87.78669,41.87007]]]}},{"type":"Feature","properties":{"name":"Dr. Martin Luther King, Jr. Park","kind":"park","areaKm2":0.0257,"osmId":135921687},"geometry":{"type":"Polygon","coordinates":[[[-87.65627,41.75505],[-87.65627,41.75594],[-87.65408,41.75599],[-87.65401,41.75593],[-87.65401,41.75423],[-87.65482,41.75422],[-87.65484,41.75506],[-87.65627,41.75505]]]}},{"type":"Feature","properties":{"name":"Stevenson Park","kind":"park","areaKm2":0.0257,"osmId":160146177},"geometry":{"type":"Polygon","coordinates":[[[-87.77269,41.73852],[-87.77068,41.73987],[-87.77066,41.73942],[-87.77076,41.73937],[-87.77073,41.73873],[-87.7708,41.73872],[-87.77076,41.73775],[-87.77266,41.73772],[-87.77269,41.73852]]]}},{"type":"Feature","properties":{"name":"Metcalfe Park","kind":"park","areaKm2":0.0256,"osmId":186753495},"geometry":{"type":"Polygon","coordinates":[[[-87.62652,41.81911],[-87.62647,41.81659],[-87.6281,41.81657],[-87.62709,41.8191],[-87.62652,41.81911]]]}},{"type":"Feature","properties":{"name":"Commissioner's Park","kind":"park","areaKm2":0.0254,"osmId":554363496},"geometry":{"type":"Polygon","coordinates":[[[-87.83905,41.75021],[-87.83952,41.75016],[-87.83951,41.75006],[-87.84007,41.74973],[-87.84025,41.74973],[-87.84031,41.74986],[-87.84068,41.74986],[-87.84068,41.75094],[-87.84018,41.75095],[-87.8402,41.75135],[-87.83993,41.75136],[-87.83964,41.75166],[-87.83879,41.75164],[-87.83873,41.75014],[-87.83902,41.75013],[-87.83905,41.75021]]]}},{"type":"Feature","properties":{"name":"Park No. 580","kind":"park","areaKm2":0.0252,"osmId":442481499},"geometry":{"type":"Polygon","coordinates":[[[-87.79568,41.95773],[-87.79566,41.95719],[-87.79486,41.9572],[-87.79483,41.95631],[-87.79538,41.95628],[-87.79626,41.95595],[-87.79642,41.95614],[-87.79713,41.95614],[-87.7973,41.95656],[-87.79679,41.95734],[-87.79568,41.95773]]]}},{"type":"Feature","properties":{"name":"Stanton Park","kind":"park","areaKm2":0.025,"osmId":173876971},"geometry":{"type":"Polygon","coordinates":[[[-87.64686,41.90587],[-87.64656,41.90635],[-87.64424,41.90639],[-87.64424,41.906],[-87.64399,41.906],[-87.64392,41.90543],[-87.64464,41.90543],[-87.64464,41.90558],[-87.64572,41.90557],[-87.64571,41.90544],[-87.64595,41.90544],[-87.64593,41.90504],[-87.64681,41.90503],[-87.64686,41.90587]]]}},{"type":"Feature","properties":{"name":"Blackhawk Park","kind":"park","areaKm2":0.0249,"osmId":875783092},"geometry":{"type":"Polygon","coordinates":[[[-87.89321,41.77205],[-87.89326,41.77339],[-87.89271,41.77328],[-87.89194,41.77276],[-87.89146,41.77263],[-87.89135,41.77236],[-87.89149,41.77226],[-87.89152,41.77177],[-87.89221,41.77175],[-87.8922,41.77128],[-87.89276,41.77135],[-87.89299,41.77156],[-87.8934,41.77167],[-87.89342,41.77204],[-87.89321,41.77205]]]}},{"type":"Feature","properties":{"name":"Homan Square Park","kind":"park","areaKm2":0.0249,"osmId":349610123},"geometry":{"type":"Polygon","coordinates":[[[-87.71299,41.86991],[-87.71296,41.86941],[-87.71215,41.86941],[-87.71213,41.86895],[-87.71534,41.86891],[-87.71539,41.86986],[-87.71299,41.86991]]]}},{"type":"Feature","properties":{"name":"Dvorak Park","kind":"park","areaKm2":0.0248,"osmId":31925864},"geometry":{"type":"Polygon","coordinates":[[[-87.65319,41.85394],[-87.65394,41.85391],[-87.65396,41.85385],[-87.65388,41.85264],[-87.6546,41.85263],[-87.65467,41.85515],[-87.65323,41.85517],[-87.65319,41.85394]]]}},{"type":"Feature","properties":{"name":"Schroeder Park","kind":"park","areaKm2":0.0248,"osmId":174391723},"geometry":{"type":"Polygon","coordinates":[[[-87.85095,41.85638],[-87.85097,41.85677],[-87.8479,41.85684],[-87.84784,41.85547],[-87.85095,41.85638]]]}},{"type":"Feature","properties":{"name":"River Front Park","kind":"park","areaKm2":0.0248,"osmId":18013016},"geometry":{"type":"Polygon","coordinates":[[[-87.8439,41.9295],[-87.84424,41.92966],[-87.84435,41.92985],[-87.84402,41.92989],[-87.84332,41.9298],[-87.84345,41.92938],[-87.84335,41.92936],[-87.84293,41.92867],[-87.843,41.92859],[-87.8429,41.92853],[-87.84289,41.92817],[-87.84132,41.9282],[-87.8413,41.92722],[-87.84269,41.92723],[-87.84272,41.92778],[-87.84351,41.92829],[-87.84385,41.92874],[-87.84375,41.92879],[-87.84397,41.92916],[-87.8439,41.9295]]]}},{"type":"Feature","properties":{"name":"Alsip Little League Ball Fields","kind":"park","areaKm2":0.0247,"osmId":473647265},"geometry":{"type":"Polygon","coordinates":[[[-87.72461,41.67558],[-87.72738,41.67554],[-87.72742,41.6765],[-87.72465,41.67655],[-87.72461,41.67558]]]}},{"type":"Feature","properties":{"name":"Lakeshore East Park","kind":"park","areaKm2":0.0245,"osmId":235391303},"geometry":{"type":"Polygon","coordinates":[[[-87.61635,41.88557],[-87.61903,41.88554],[-87.61909,41.8856],[-87.6191,41.88644],[-87.619,41.8865],[-87.61639,41.88652],[-87.61632,41.88646],[-87.61635,41.88557]]]}},{"type":"Feature","properties":{"name":"Sherwood Park","kind":"park","areaKm2":0.0244,"osmId":131817708},"geometry":{"type":"Polygon","coordinates":[[[-87.633,41.79032],[-87.63349,41.79031],[-87.63349,41.78935],[-87.63515,41.78934],[-87.6352,41.79077],[-87.63302,41.7908],[-87.633,41.79032]]]}},{"type":"Feature","properties":{"name":"Rutherford Sayre Park","kind":"park","areaKm2":0.0244,"osmId":132532601},"geometry":{"type":"Polygon","coordinates":[[[-87.79871,41.92062],[-87.79523,41.91937],[-87.79523,41.91899],[-87.79603,41.91927],[-87.79869,41.91925],[-87.79871,41.92062]]]}},{"type":"Feature","properties":{"name":"Seminole Park","kind":"park","areaKm2":0.0243,"osmId":60785648},"geometry":{"type":"Polygon","coordinates":[[[-87.87482,41.99712],[-87.87479,41.99677],[-87.87562,41.99753],[-87.87716,41.99857],[-87.87715,41.99872],[-87.87486,41.99906],[-87.87482,41.99712]]]}},{"type":"Feature","properties":{"name":"Gilbert Park","kind":"park","areaKm2":0.0239,"osmId":179749726},"geometry":{"type":"Polygon","coordinates":[[[-87.88913,41.81555],[-87.88876,41.81556],[-87.88873,41.81497],[-87.88802,41.815],[-87.88801,41.81294],[-87.88909,41.81291],[-87.88921,41.81548],[-87.88913,41.81555]]]}},{"type":"Feature","properties":{"name":"","kind":"park","areaKm2":0.0237,"osmId":554357853},"geometry":{"type":"Polygon","coordinates":[[[-87.81616,41.77374],[-87.81531,41.77494],[-87.81354,41.77463],[-87.81338,41.7745],[-87.81228,41.77438],[-87.81199,41.77405],[-87.81539,41.77399],[-87.81572,41.77356],[-87.81616,41.77374]]]}},{"type":"Feature","properties":{"name":"Crescent Park","kind":"park","areaKm2":0.0237,"osmId":136624733},"geometry":{"type":"Polygon","coordinates":[[[-87.67642,41.69674],[-87.67869,41.69669],[-87.67874,41.69782],[-87.67646,41.69787],[-87.67642,41.69674]]]}},{"type":"Feature","properties":{"name":"","kind":"park","areaKm2":0.0234,"osmId":1162299583},"geometry":{"type":"Polygon","coordinates":[[[-87.75261,41.64608],[-87.75263,41.64685],[-87.75027,41.64691],[-87.7502,41.64558],[-87.75109,41.64558],[-87.75112,41.64587],[-87.75194,41.64585],[-87.75194,41.64607],[-87.75261,41.64608]]]}},{"type":"Feature","properties":{"name":"Stevens Park","kind":"park","areaKm2":0.0234,"osmId":493786958},"geometry":{"type":"Polygon","coordinates":[[[-87.92604,41.73394],[-87.92602,41.73383],[-87.92461,41.73385],[-87.92459,41.73327],[-87.92582,41.73326],[-87.92598,41.7331],[-87.92614,41.73246],[-87.92666,41.73243],[-87.92679,41.73271],[-87.92689,41.73272],[-87.92741,41.73251],[-87.92745,41.73363],[-87.92669,41.73366],[-87.92668,41.73391],[-87.92604,41.73394]]]}},{"type":"Feature","properties":{"name":"Nat King Cole Park","kind":"park","areaKm2":0.0233,"osmId":136203936},"geometry":{"type":"Polygon","coordinates":[[[-87.61466,41.73839],[-87.61612,41.73836],[-87.61618,41.74009],[-87.61471,41.74011],[-87.61466,41.73839]]]}},{"type":"Feature","properties":{"name":"Tarkington Park","kind":"park","areaKm2":0.0233,"osmId":228619425},"geometry":{"type":"Polygon","coordinates":[[[-87.70786,41.76508],[-87.70788,41.76565],[-87.70697,41.76564],[-87.7051,41.76544],[-87.70509,41.76487],[-87.70545,41.76486],[-87.70546,41.76496],[-87.70613,41.76495],[-87.70617,41.76485],[-87.70708,41.76484],[-87.70709,41.76507],[-87.70767,41.76506],[-87.70765,41.76438],[-87.7087,41.76436],[-87.70871,41.76507],[-87.70786,41.76508]]]}},{"type":"Feature","properties":{"name":"Golden Meadows Park","kind":"park","areaKm2":0.0231,"osmId":228892720},"geometry":{"type":"Polygon","coordinates":[[[-87.9223,41.89981],[-87.92117,41.89983],[-87.92119,41.89886],[-87.92195,41.8985],[-87.92348,41.89811],[-87.92461,41.89806],[-87.92525,41.8981],[-87.92524,41.89851],[-87.92228,41.89855],[-87.9223,41.89981]]]}},{"type":"Feature","properties":{"name":"Founders Park","kind":"park","areaKm2":0.0231,"osmId":554363481},"geometry":{"type":"Polygon","coordinates":[[[-87.81628,41.74359],[-87.81424,41.74363],[-87.81419,41.74241],[-87.81624,41.74237],[-87.81628,41.74359]]]}},{"type":"Feature","properties":{"name":"Keystone Park","kind":"park","areaKm2":0.023,"osmId":330868701},"geometry":{"type":"Polygon","coordinates":[[[-87.82328,41.88806],[-87.82091,41.8881],[-87.82087,41.88704],[-87.82328,41.88701],[-87.82328,41.88806]]]}},{"type":"Feature","properties":{"name":"","kind":"park","areaKm2":0.0229,"osmId":1283738561},"geometry":{"type":"Polygon","coordinates":[[[-87.74087,42.00233],[-87.74142,42.00448],[-87.74117,42.00447],[-87.73891,41.99733],[-87.73924,41.99734],[-87.74087,42.00233]]]}},{"type":"Feature","properties":{"name":"Auburn Park","kind":"park","areaKm2":0.0229,"osmId":231345820},"geometry":{"type":"Polygon","coordinates":[[[-87.63548,41.7524],[-87.63568,41.75196],[-87.63592,41.75176],[-87.63665,41.75164],[-87.63704,41.75132],[-87.63735,41.75125],[-87.63872,41.7512],[-87.63872,41.75157],[-87.63756,41.75161],[-87.63669,41.75202],[-87.63625,41.75216],[-87.63603,41.75235],[-87.63572,41.75301],[-87.63543,41.75326],[-87.63483,41.7535],[-87.63456,41.75391],[-87.63442,41.75397],[-87.63443,41.75295],[-87.63548,41.7524]]]}},{"type":"Feature","properties":{"name":"Brands Park","kind":"park","areaKm2":0.0228,"osmId":232076222},"geometry":{"type":"Polygon","coordinates":[[[-87.69851,41.9407],[-87.6996,41.94069],[-87.69981,41.94052],[-87.70107,41.94138],[-87.70051,41.94184],[-87.69854,41.94184],[-87.69851,41.9407]]]}},{"type":"Feature","properties":{"name":"Evergreen Racquet & Fitness","kind":"park","areaKm2":0.0228,"osmId":1083293679},"geometry":{"type":"Polygon","coordinates":[[[-87.68737,41.72906],[-87.68744,41.7283],[-87.68748,41.72824],[-87.69044,41.72821],[-87.69046,41.72902],[-87.68737,41.72906]]]}},{"type":"Feature","properties":{"name":"Orr Park","kind":"park","areaKm2":0.0226,"osmId":134040633},"geometry":{"type":"Polygon","coordinates":[[[-87.7276,41.89477],[-87.72715,41.89478],[-87.72712,41.89348],[-87.72863,41.89346],[-87.72871,41.89519],[-87.72761,41.89521],[-87.7276,41.89477]]]}},{"type":"Feature","properties":{"name":"Edward H. White Park","kind":"park","areaKm2":0.0225,"osmId":116854443},"geometry":{"type":"Polygon","coordinates":[[[-87.64894,41.67235],[-87.64961,41.67234],[-87.64963,41.67297],[-87.65017,41.67296],[-87.65017,41.67312],[-87.65088,41.67311],[-87.65091,41.67406],[-87.64899,41.67409],[-87.64894,41.67235]]]}},{"type":"Feature","properties":{"name":"Lorraine Dixon Park","kind":"park","areaKm2":0.0225,"osmId":5214514},"geometry":{"type":"MultiPolygon","coordinates":[[[[-87.60322,41.72759],[-87.60283,41.72929],[-87.60242,41.7293],[-87.60279,41.7276],[-87.60322,41.72759]]],[[[-87.60179,41.7322],[-87.60215,41.73225],[-87.60115,41.73658],[-87.60074,41.73662],[-87.60179,41.7322]]]]}},{"type":"Feature","properties":{"name":"","kind":"park","areaKm2":0.0224,"osmId":1434682244},"geometry":{"type":"Polygon","coordinates":[[[-87.84687,41.87666],[-87.84662,41.87665],[-87.84658,41.87654],[-87.84622,41.87654],[-87.84624,41.87628],[-87.84825,41.87674],[-87.85342,41.87719],[-87.85349,41.87723],[-87.85351,41.87771],[-87.85349,41.87776],[-87.85278,41.8777],[-87.85275,41.87738],[-87.85251,41.87736],[-87.85245,41.87767],[-87.85138,41.87758],[-87.85143,41.87726],[-87.84684,41.87687],[-87.84687,41.87666]]]}},{"type":"Feature","properties":{"name":"Sereda Park","kind":"park","areaKm2":0.0223,"osmId":228243034},"geometry":{"type":"Polygon","coordinates":[[[-87.91104,41.81736],[-87.90988,41.81773],[-87.90875,41.81773],[-87.90869,41.81663],[-87.91103,41.81658],[-87.91104,41.81736]]]}},{"type":"Feature","properties":{"name":"Fosco Park","kind":"park","areaKm2":0.0222,"osmId":219051914},"geometry":{"type":"Polygon","coordinates":[[[-87.65771,41.86347],[-87.65774,41.86433],[-87.65792,41.86441],[-87.65875,41.86439],[-87.65876,41.86512],[-87.65675,41.86515],[-87.6567,41.86351],[-87.65771,41.86347]]]}},{"type":"Feature","properties":{"name":"Burnside Park","kind":"park","areaKm2":0.0222,"osmId":231388084},"geometry":{"type":"Polygon","coordinates":[[[-87.5974,41.72503],[-87.59734,41.72381],[-87.59844,41.72379],[-87.59934,41.72394],[-87.59936,41.72506],[-87.5974,41.72503]]]}},{"type":"Feature","properties":{"name":"Lions Park","kind":"park","areaKm2":0.0221,"osmId":180067698},"geometry":{"type":"Polygon","coordinates":[[[-87.8705,41.73884],[-87.86899,41.73983],[-87.86823,41.73896],[-87.86941,41.73837],[-87.86874,41.73765],[-87.86926,41.7374],[-87.8705,41.73884]]]}},{"type":"Feature","properties":{"name":"Baseball Alley","kind":"park","areaKm2":0.0219,"osmId":406072969},"geometry":{"type":"Polygon","coordinates":[[[-87.78495,41.83696],[-87.78802,41.83785],[-87.78803,41.83815],[-87.78499,41.83822],[-87.78495,41.83696]]]}},{"type":"Feature","properties":{"name":"Blackwelder Park","kind":"park","areaKm2":0.0217,"osmId":138757852},"geometry":{"type":"Polygon","coordinates":[[[-87.67053,41.68442],[-87.66997,41.68425],[-87.67116,41.68214],[-87.67168,41.6823],[-87.67136,41.68455],[-87.67043,41.68457],[-87.67053,41.68442]]]}},{"type":"Feature","properties":{"name":"Highland Park","kind":"park","areaKm2":0.0217,"osmId":222505886},"geometry":{"type":"Polygon","coordinates":[[[-87.91771,41.80402],[-87.91992,41.80396],[-87.91996,41.80476],[-87.91771,41.80525],[-87.91771,41.80402]]]}},{"type":"Feature","properties":{"name":"Field Park","kind":"park","areaKm2":0.0216,"osmId":228310825},"geometry":{"type":"Polygon","coordinates":[[[-87.89335,41.81219],[-87.89333,41.81183],[-87.89158,41.81189],[-87.89156,41.81153],[-87.89446,41.81084],[-87.89454,41.81216],[-87.89335,41.81219]]]}},{"type":"Feature","properties":{"name":"Peanut Park","kind":"park","areaKm2":0.0214,"osmId":356323936},"geometry":{"type":"Polygon","coordinates":[[[-87.61512,41.88431],[-87.61456,41.88432],[-87.61502,41.88388],[-87.61661,41.88309],[-87.61723,41.88255],[-87.61723,41.88426],[-87.61512,41.88431]]]}},{"type":"Feature","properties":{"name":"Timber Trails Park","kind":"park","areaKm2":0.0211,"osmId":228318287},"geometry":{"type":"Polygon","coordinates":[[[-87.90052,41.78251],[-87.90043,41.78264],[-87.89986,41.78263],[-87.89984,41.783],[-87.89926,41.78289],[-87.89882,41.78181],[-87.89887,41.781],[-87.90011,41.78111],[-87.90009,41.78154],[-87.90052,41.78251]]]}},{"type":"Feature","properties":{"name":"Barrie Park","kind":"park","areaKm2":0.021,"osmId":37614235},"geometry":{"type":"Polygon","coordinates":[[[-87.77806,41.87062],[-87.77801,41.86911],[-87.77912,41.8691],[-87.77915,41.87031],[-87.77982,41.8703],[-87.77983,41.87039],[-87.78032,41.87038],[-87.78035,41.8708],[-87.77806,41.87062]]]}},{"type":"Feature","properties":{"name":"Park Number 528","kind":"park","areaKm2":0.021,"osmId":162283901},"geometry":{"type":"Polygon","coordinates":[[[-87.73624,41.77794],[-87.73623,41.77762],[-87.73505,41.77758],[-87.73503,41.77673],[-87.73724,41.77673],[-87.73725,41.77793],[-87.73624,41.77794]]]}},{"type":"Feature","properties":{"name":"Drexel Square","kind":"park","areaKm2":0.021,"osmId":217619293},"geometry":{"type":"Polygon","coordinates":[[[-87.6039,41.80223],[-87.60407,41.80195],[-87.60407,41.80147],[-87.60625,41.80145],[-87.60627,41.80252],[-87.60435,41.80254],[-87.60435,41.80223],[-87.6039,41.80223]]]}},{"type":"Feature","properties":{"name":"","kind":"park","areaKm2":0.0208,"osmId":224257900},"geometry":{"type":"Polygon","coordinates":[[[-87.90855,41.78973],[-87.90905,41.78972],[-87.90904,41.79144],[-87.90927,41.79241],[-87.90905,41.79295],[-87.90897,41.79347],[-87.90901,41.79452],[-87.90865,41.79454],[-87.90855,41.78973]]]}},{"type":"Feature","properties":{"name":"Moore Park","kind":"park","areaKm2":0.0208,"osmId":233831454},"geometry":{"type":"Polygon","coordinates":[[[-87.79527,41.6922],[-87.79532,41.69361],[-87.79446,41.6936],[-87.79423,41.69368],[-87.79416,41.69384],[-87.79426,41.69449],[-87.79321,41.69452],[-87.79313,41.69387],[-87.79536,41.69204],[-87.79527,41.6922]]]}},{"type":"Feature","properties":{"name":"Kennedy Park","kind":"park","areaKm2":0.0206,"osmId":227602352},"geometry":{"type":"Polygon","coordinates":[[[-87.87555,41.95315],[-87.87555,41.95294],[-87.87517,41.95295],[-87.87511,41.95244],[-87.87522,41.95154],[-87.87507,41.95132],[-87.87477,41.95111],[-87.8749,41.95093],[-87.87479,41.95073],[-87.87488,41.95072],[-87.87486,41.95022],[-87.87581,41.95021],[-87.87586,41.95315],[-87.87555,41.95315]]]}},{"type":"Feature","properties":{"name":"Hawthorne Park","kind":"park","areaKm2":0.0206,"osmId":136509384},"geometry":{"type":"Polygon","coordinates":[[[-87.75394,41.84056],[-87.75389,41.84039],[-87.75388,41.83932],[-87.75613,41.83928],[-87.75614,41.83989],[-87.75417,41.84061],[-87.75394,41.84056]]]}},{"type":"Feature","properties":{"name":"Stateway Park","kind":"park","areaKm2":0.0206,"osmId":230927554},"geometry":{"type":"Polygon","coordinates":[[[-87.62658,41.82729],[-87.62654,41.82549],[-87.62757,41.82547],[-87.62774,41.82557],[-87.62801,41.82547],[-87.62802,41.82617],[-87.62764,41.82617],[-87.62768,41.8273],[-87.62658,41.82729]]]}},{"type":"Feature","properties":{"name":"Park No. 540","kind":"park","areaKm2":0.0205,"osmId":218162319},"geometry":{"type":"Polygon","coordinates":[[[-87.62873,41.84752],[-87.62973,41.84797],[-87.62976,41.84917],[-87.62829,41.84918],[-87.62824,41.84751],[-87.62873,41.84752]]]}},{"type":"Feature","properties":{"name":"","kind":"park","areaKm2":0.0202,"osmId":236299876},"geometry":{"type":"Polygon","coordinates":[[[-87.74333,42.01146],[-87.74125,42.00467],[-87.74075,42.00463],[-87.74073,42.00457],[-87.74152,42.00457],[-87.74165,42.00496],[-87.74349,42.0111],[-87.74361,42.0111],[-87.74381,42.01168],[-87.74305,42.01168],[-87.74333,42.01146]]]}},{"type":"Feature","properties":{"name":"Sauganash Park","kind":"park","areaKm2":0.0202,"osmId":26379140},"geometry":{"type":"Polygon","coordinates":[[[-87.73698,41.98956],[-87.73682,41.98831],[-87.73686,41.98732],[-87.73696,41.98705],[-87.73738,41.98685],[-87.73769,41.98722],[-87.73775,41.98955],[-87.73698,41.98956]]]}},{"type":"Feature","properties":{"name":"Wolfe Wildlife Refuge Park","kind":"park","areaKm2":0.0202,"osmId":486726853},"geometry":{"type":"Polygon","coordinates":[[[-87.74662,41.69442],[-87.74491,41.69444],[-87.74492,41.69433],[-87.74497,41.6942],[-87.74579,41.69354],[-87.74582,41.69343],[-87.74594,41.69344],[-87.74638,41.69363],[-87.74718,41.69358],[-87.74751,41.69363],[-87.74771,41.69383],[-87.74769,41.69414],[-87.7479,41.69426],[-87.74756,41.69465],[-87.74662,41.69442]]]}},{"type":"Feature","properties":{"name":"Austin-Foster Park","kind":"park","areaKm2":0.0201,"osmId":26195853},"geometry":{"type":"Polygon","coordinates":[[[-87.77951,41.97742],[-87.77824,41.97743],[-87.77827,41.97574],[-87.77948,41.97572],[-87.77951,41.97742]]]}},{"type":"Feature","properties":{"name":"Chase Park","kind":"park","areaKm2":0.0201,"osmId":27861823},"geometry":{"type":"Polygon","coordinates":[[[-87.66804,41.96837],[-87.66792,41.96791],[-87.66738,41.96792],[-87.66721,41.96711],[-87.66925,41.96709],[-87.66929,41.96836],[-87.66804,41.96837]]]}},{"type":"Feature","properties":{"name":"Field Park","kind":"park","areaKm2":0.0201,"osmId":136454634},"geometry":{"type":"Polygon","coordinates":[[[-87.7989,41.90338],[-87.79884,41.90171],[-87.80015,41.90169],[-87.8002,41.90335],[-87.7989,41.90338]]]}},{"type":"Feature","properties":{"name":"Park No. 598","kind":"park","areaKm2":0.02,"osmId":31632860},"geometry":{"type":"Polygon","coordinates":[[[-87.64349,41.91031],[-87.64343,41.90909],[-87.64526,41.90907],[-87.64527,41.91028],[-87.64349,41.91031]]]}},{"type":"Feature","properties":{"name":"Mozart Park","kind":"park","areaKm2":0.0199,"osmId":32561916},"geometry":{"type":"Polygon","coordinates":[[[-87.72378,41.91727],[-87.72467,41.91898],[-87.72301,41.919],[-87.72297,41.91728],[-87.72378,41.91727]]]}},{"type":"Feature","properties":{"name":"Kensington Park","kind":"park","areaKm2":0.0198,"osmId":172583071},"geometry":{"type":"Polygon","coordinates":[[[-87.6162,41.67985],[-87.616,41.67986],[-87.61603,41.68041],[-87.61471,41.67951],[-87.61405,41.67873],[-87.61425,41.67863],[-87.61594,41.6786],[-87.61602,41.67953],[-87.6162,41.67953],[-87.6162,41.67985]]]}},{"type":"Feature","properties":{"name":"Graver Park","kind":"park","areaKm2":0.0196,"osmId":136628353},"geometry":{"type":"Polygon","coordinates":[[[-87.66086,41.70862],[-87.66022,41.70875],[-87.66011,41.70838],[-87.6595,41.70851],[-87.65947,41.70844],[-87.66008,41.70827],[-87.65978,41.70734],[-87.66032,41.70734],[-87.66031,41.70681],[-87.661,41.7068],[-87.66103,41.70733],[-87.66123,41.70733],[-87.66144,41.70838],[-87.66081,41.70842],[-87.66086,41.70862]]]}},{"type":"Feature","properties":{"name":"Veterans Memorial Park","kind":"park","areaKm2":0.0196,"osmId":140585237},"geometry":{"type":"Polygon","coordinates":[[[-87.55523,41.719],[-87.55522,41.71735],[-87.55645,41.71735],[-87.55648,41.719],[-87.55523,41.719]]]}},{"type":"Feature","properties":{"name":"","kind":"park","areaKm2":0.0195,"osmId":1044561856},"geometry":{"type":"Polygon","coordinates":[[[-87.6258,41.80563],[-87.62584,41.80733],[-87.62459,41.80735],[-87.62456,41.80564],[-87.6258,41.80563]]]}},{"type":"Feature","properties":{"name":"Jaycee Park","kind":"park","areaKm2":0.0195,"osmId":186844069},"geometry":{"type":"Polygon","coordinates":[[[-87.82501,41.99165],[-87.8254,41.99041],[-87.82661,41.99037],[-87.82688,41.99044],[-87.8265,41.99186],[-87.82501,41.99165]]]}},{"type":"Feature","properties":{"name":"Norman Schack Park","kind":"park","areaKm2":0.0194,"osmId":24725284},"geometry":{"type":"Polygon","coordinates":[[[-87.75958,42.00824],[-87.7593,42.00838],[-87.75782,42.00837],[-87.75783,42.00743],[-87.76017,42.00745],[-87.76017,42.00829],[-87.75958,42.00824]]]}},{"type":"Feature","properties":{"name":"Brandt Park","kind":"park","areaKm2":0.0194,"osmId":160146170},"geometry":{"type":"Polygon","coordinates":[[[-87.75055,41.73032],[-87.75,41.73034],[-87.75002,41.73079],[-87.74964,41.7308],[-87.74964,41.73071],[-87.74896,41.73072],[-87.74892,41.72939],[-87.75066,41.72935],[-87.7507,41.73023],[-87.75055,41.73023],[-87.75055,41.73032]]]}},{"type":"Feature","properties":{"name":"Lawler Park","kind":"park","areaKm2":0.0193,"osmId":136511363},"geometry":{"type":"Polygon","coordinates":[[[-87.75104,41.77738],[-87.75049,41.77739],[-87.75048,41.77705],[-87.74948,41.77707],[-87.74947,41.77675],[-87.74981,41.77649],[-87.75212,41.77644],[-87.7521,41.77607],[-87.75244,41.77606],[-87.75245,41.77642],[-87.75259,41.77642],[-87.75261,41.77702],[-87.75103,41.77705],[-87.75104,41.77738]]]}},{"type":"Feature","properties":{"name":"Jane Addams Memorial Park","kind":"park","areaKm2":0.0193,"osmId":509654675},"geometry":{"type":"Polygon","coordinates":[[[-87.61212,41.89312],[-87.61227,41.89287],[-87.61182,41.8927],[-87.61155,41.89276],[-87.61141,41.8929],[-87.61137,41.89282],[-87.61169,41.89244],[-87.61173,41.89208],[-87.61361,41.89204],[-87.61371,41.89216],[-87.61373,41.89262],[-87.6139,41.8931],[-87.61212,41.89312]]]}},{"type":"Feature","properties":{"name":"Hainesworth Park","kind":"park","areaKm2":0.0192,"osmId":174665828},"geometry":{"type":"Polygon","coordinates":[[[-87.86656,41.84172],[-87.86543,41.84173],[-87.86536,41.84006],[-87.86664,41.84004],[-87.86666,41.84165],[-87.86656,41.84172]]]}},{"type":"Feature","properties":{"name":"Krasowski Park","kind":"park","areaKm2":0.0192,"osmId":543516008},"geometry":{"type":"Polygon","coordinates":[[[-87.81271,41.70288],[-87.81265,41.70222],[-87.81283,41.70218],[-87.81282,41.70181],[-87.81254,41.70181],[-87.81254,41.70161],[-87.81308,41.70142],[-87.81339,41.70155],[-87.8141,41.70152],[-87.81445,41.7019],[-87.81415,41.70201],[-87.81419,41.70287],[-87.81271,41.70288]]]}},{"type":"Feature","properties":{"name":"Greenebaum Park","kind":"park","areaKm2":0.0191,"osmId":136456118},"geometry":{"type":"Polygon","coordinates":[[[-87.73313,41.91171],[-87.73385,41.9117],[-87.73386,41.91209],[-87.73476,41.91207],[-87.73478,41.91306],[-87.73423,41.91306],[-87.73423,41.91326],[-87.73317,41.91328],[-87.73313,41.91171]]]}},{"type":"Feature","properties":{"name":"Brickton Park","kind":"park","areaKm2":0.0191,"osmId":186844065},"geometry":{"type":"Polygon","coordinates":[[[-87.83468,41.99011],[-87.83468,41.98847],[-87.83594,41.98845],[-87.83593,41.9901],[-87.83468,41.99011]]]}},{"type":"Feature","properties":{"name":"Cosme Park","kind":"park","areaKm2":0.019,"osmId":172244176},"geometry":{"type":"Polygon","coordinates":[[[-87.66828,41.7281],[-87.66847,41.72836],[-87.66794,41.72839],[-87.66758,41.72789],[-87.6673,41.72788],[-87.66735,41.72636],[-87.66802,41.72625],[-87.66837,41.72715],[-87.66883,41.72787],[-87.66828,41.7281]]]}},{"type":"Feature","properties":{"name":"Wadsworth Campus Park","kind":"park","areaKm2":0.0189,"osmId":182951897},"geometry":{"type":"Polygon","coordinates":[[[-87.59768,41.77754],[-87.59725,41.77741],[-87.59729,41.77732],[-87.5972,41.77724],[-87.59709,41.77727],[-87.59705,41.77742],[-87.59671,41.77732],[-87.59678,41.77695],[-87.59919,41.77694],[-87.59919,41.77709],[-87.59896,41.77709],[-87.59889,41.77764],[-87.59851,41.77751],[-87.59779,41.7787],[-87.59716,41.77851],[-87.59768,41.77754]]]}},{"type":"Feature","properties":{"name":"Smith Park","kind":"park","areaKm2":0.0188,"osmId":173005790},"geometry":{"type":"Polygon","coordinates":[[[-87.82365,41.81434],[-87.82361,41.81325],[-87.82547,41.81321],[-87.82551,41.8143],[-87.82365,41.81434]]]}},{"type":"Feature","properties":{"name":"Kolar Park","kind":"park","areaKm2":0.0187,"osmId":136510099},"geometry":{"type":"Polygon","coordinates":[[[-87.77365,41.82531],[-87.77481,41.82529],[-87.77485,41.82705],[-87.77369,41.82707],[-87.77365,41.82531]]]}},{"type":"Feature","properties":{"name":"Mills Park","kind":"park","areaKm2":0.0186,"osmId":136454794},"geometry":{"type":"Polygon","coordinates":[[[-87.80173,41.88477],[-87.80173,41.88487],[-87.8015,41.88488],[-87.80153,41.88564],[-87.80021,41.88565],[-87.80017,41.88449],[-87.8009,41.88448],[-87.8009,41.88435],[-87.80235,41.88431],[-87.80236,41.88476],[-87.80173,41.88477]]]}},{"type":"Feature","properties":{"name":"Hermosa Park","kind":"park","areaKm2":0.0186,"osmId":203775693},"geometry":{"type":"Polygon","coordinates":[[[-87.739,41.92251],[-87.73899,41.92165],[-87.74131,41.92162],[-87.74133,41.92249],[-87.739,41.92251]]]}},{"type":"Feature","properties":{"name":"Roberts Square Park","kind":"park","areaKm2":0.0185,"osmId":27861467},"geometry":{"type":"Polygon","coordinates":[[[-87.75775,41.97245],[-87.7577,41.97162],[-87.76006,41.97159],[-87.7601,41.97241],[-87.75775,41.97245]]]}},{"type":"Feature","properties":{"name":"Palmer Park","kind":"park","areaKm2":0.0185,"osmId":255369091},"geometry":{"type":"Polygon","coordinates":[[[-87.79907,41.66797],[-87.79901,41.66624],[-87.8001,41.66623],[-87.80018,41.66793],[-87.79907,41.66797]]]}},{"type":"Feature","properties":{"name":"Cooper Park","kind":"park","areaKm2":0.0185,"osmId":116854445},"geometry":{"type":"Polygon","coordinates":[[[-87.65478,41.67951],[-87.65594,41.67949],[-87.65599,41.68122],[-87.65483,41.68124],[-87.65478,41.67951]]]}},{"type":"Feature","properties":{"name":"Constitution Park","kind":"park","areaKm2":0.0185,"osmId":173122444},"geometry":{"type":"Polygon","coordinates":[[[-87.81716,41.9049],[-87.81713,41.90404],[-87.81767,41.90403],[-87.81766,41.90372],[-87.81791,41.90364],[-87.81788,41.90246],[-87.81839,41.90245],[-87.81846,41.90488],[-87.81716,41.9049]]]}},{"type":"Feature","properties":{"name":"","kind":"park","areaKm2":0.0184,"osmId":1434682229},"geometry":{"type":"Polygon","coordinates":[[[-87.89304,41.88047],[-87.89855,41.88093],[-87.89853,41.88121],[-87.89204,41.88066],[-87.89192,41.88044],[-87.89198,41.88038],[-87.89303,41.88011],[-87.89304,41.88047]]]}},{"type":"Feature","properties":{"name":"Taylor-Lauridsen Park","kind":"park","areaKm2":0.0184,"osmId":136336725},"geometry":{"type":"Polygon","coordinates":[[[-87.64224,41.8177],[-87.64391,41.81767],[-87.64395,41.81886],[-87.64228,41.81889],[-87.64224,41.8177]]]}},{"type":"Feature","properties":{"name":"Forest View Park","kind":"park","areaKm2":0.0182,"osmId":582549880},"geometry":{"type":"Polygon","coordinates":[[[-87.79762,41.80736],[-87.79763,41.8085],[-87.7959,41.80853],[-87.79588,41.8074],[-87.79762,41.80736]]]}},{"type":"Feature","properties":{"name":"Lowe Park","kind":"park","areaKm2":0.0181,"osmId":113019942},"geometry":{"type":"Polygon","coordinates":[[[-87.64156,41.79806],[-87.64161,41.7998],[-87.64048,41.79982],[-87.64043,41.79808],[-87.64156,41.79806]]]}},{"type":"Feature","properties":{"name":"","kind":"park","areaKm2":0.0179,"osmId":161412106},"geometry":{"type":"Polygon","coordinates":[[[-87.81736,41.83023],[-87.8185,41.8302],[-87.81782,41.83099],[-87.81662,41.83274],[-87.81632,41.83395],[-87.81591,41.83354],[-87.8154,41.83337],[-87.8161,41.83281],[-87.81752,41.83082],[-87.81756,41.83049],[-87.81736,41.83023]]]}},{"type":"Feature","properties":{"name":"Bataan Park","kind":"park","areaKm2":0.0179,"osmId":118054127},"geometry":{"type":"Polygon","coordinates":[[[-87.84472,41.89873],[-87.84638,41.89871],[-87.8465,41.89987],[-87.84477,41.89987],[-87.84472,41.89873]]]}},{"type":"Feature","properties":{"name":"Yena Park","kind":"park","areaKm2":0.0179,"osmId":131618589},"geometry":{"type":"Polygon","coordinates":[[[-87.85569,41.83849],[-87.85675,41.83843],[-87.85688,41.84012],[-87.85581,41.84019],[-87.85569,41.83849]]]}},{"type":"Feature","properties":{"name":"Stalica Park","kind":"park","areaKm2":0.0178,"osmId":275861087},"geometry":{"type":"Polygon","coordinates":[[[-87.8586,41.95494],[-87.85863,41.95532],[-87.85725,41.95425],[-87.85697,41.95393],[-87.85695,41.95374],[-87.85913,41.95399],[-87.85919,41.95493],[-87.8586,41.95494]]]}},{"type":"Feature","properties":{"name":"Canalport Riverwalk Park","kind":"park","areaKm2":0.0177,"osmId":183211147},"geometry":{"type":"Polygon","coordinates":[[[-87.6713,41.84102],[-87.67134,41.84322],[-87.66727,41.84459],[-87.6661,41.84467],[-87.6661,41.84453],[-87.66598,41.8445],[-87.666,41.84368],[-87.66628,41.84368],[-87.66628,41.84428],[-87.66797,41.84421],[-87.67113,41.84313],[-87.67108,41.84084],[-87.67148,41.84063],[-87.6713,41.84102]]]}},{"type":"Feature","properties":{"name":"Altgeld Park","kind":"park","areaKm2":0.0176,"osmId":134045254},"geometry":{"type":"Polygon","coordinates":[[[-87.6916,41.87486],[-87.69158,41.87394],[-87.69363,41.87391],[-87.69364,41.87485],[-87.6916,41.87486]]]}},{"type":"Feature","properties":{"name":"Wendell Smith Park","kind":"park","areaKm2":0.0175,"osmId":32603791},"geometry":{"type":"Polygon","coordinates":[[[-87.63099,41.71353],[-87.6331,41.7135],[-87.63312,41.7144],[-87.631,41.71442],[-87.63099,41.71353]]]}},{"type":"Feature","properties":{"name":"Murray Park","kind":"park","areaKm2":0.0175,"osmId":116950990},"geometry":{"type":"Polygon","coordinates":[[[-87.66738,41.75954],[-87.66744,41.75948],[-87.66842,41.75946],[-87.66852,41.76114],[-87.66747,41.76119],[-87.66738,41.75954]]]}},{"type":"Feature","properties":{"name":"Touhy-Herbert Park","kind":"park","areaKm2":0.0174,"osmId":136454291},"geometry":{"type":"Polygon","coordinates":[[[-87.67791,41.87995],[-87.67788,41.87936],[-87.67891,41.87935],[-87.67889,41.87877],[-87.68083,41.87873],[-87.68084,41.8793],[-87.67957,41.87935],[-87.67916,41.87942],[-87.67918,41.87993],[-87.67791,41.87995]]]}},{"type":"Feature","properties":{"name":"Leisure Center Park","kind":"park","areaKm2":0.0174,"osmId":154223934},"geometry":{"type":"Polygon","coordinates":[[[-87.87869,42.01316],[-87.87774,42.01318],[-87.87778,42.01187],[-87.87806,42.01193],[-87.87808,42.01206],[-87.87915,42.01206],[-87.87914,42.01247],[-87.87948,42.01248],[-87.87949,42.01326],[-87.87873,42.01324],[-87.87869,42.01316]]]}},{"type":"Feature","properties":{"name":"Anderson Little League Field","kind":"park","areaKm2":0.0174,"osmId":176283014},"geometry":{"type":"Polygon","coordinates":[[[-87.72242,41.68018],[-87.72234,41.67844],[-87.72344,41.67843],[-87.72349,41.68017],[-87.72242,41.68018]]]}},{"type":"Feature","properties":{"name":"Hermitage Park","kind":"park","areaKm2":0.0173,"osmId":32681710},"geometry":{"type":"Polygon","coordinates":[[[-87.66696,41.78765],[-87.66695,41.7868],[-87.66914,41.78678],[-87.66916,41.78763],[-87.66696,41.78765]]]}},{"type":"Feature","properties":{"name":"Veterans Park","kind":"park","areaKm2":0.0173,"osmId":176094374},"geometry":{"type":"Polygon","coordinates":[[[-87.66928,41.66946],[-87.66907,41.66969],[-87.66843,41.67004],[-87.66785,41.66999],[-87.66749,41.67007],[-87.66734,41.67003],[-87.66718,41.66972],[-87.66847,41.6697],[-87.66842,41.66833],[-87.6697,41.6683],[-87.66928,41.66946]]]}},{"type":"Feature","properties":{"name":"Forest Hills Park","kind":"park","areaKm2":0.0173,"osmId":228318285},"geometry":{"type":"Polygon","coordinates":[[[-87.90549,41.79763],[-87.90471,41.79764],[-87.90468,41.79707],[-87.90585,41.79704],[-87.90596,41.79943],[-87.9048,41.79945],[-87.90476,41.79881],[-87.90555,41.79879],[-87.90549,41.79763]]]}},{"type":"Feature","properties":{"name":"Waterford Park","kind":"park","areaKm2":0.0173,"osmId":499193882},"geometry":{"type":"Polygon","coordinates":[[[-87.92972,41.76806],[-87.93177,41.76719],[-87.9321,41.76824],[-87.93013,41.76861],[-87.92972,41.76806]]]}},{"type":"Feature","properties":{"name":"City Park","kind":"park","areaKm2":0.0173,"osmId":552004371},"geometry":{"type":"Polygon","coordinates":[[[-87.87124,41.78046],[-87.87116,41.78034],[-87.87113,41.77947],[-87.8728,41.77943],[-87.8728,41.77948],[-87.87311,41.77949],[-87.87313,41.78038],[-87.87124,41.78046]]]}},{"type":"Feature","properties":{"name":"","kind":"park","areaKm2":0.0171,"osmId":1053459326},"geometry":{"type":"Polygon","coordinates":[[[-87.68208,41.80405],[-87.68197,41.80415],[-87.68143,41.8044],[-87.67995,41.80444],[-87.67993,41.8035],[-87.68198,41.80348],[-87.68208,41.80405]]]}},{"type":"Feature","properties":{"name":"Beverly Lawn Park","kind":"park","areaKm2":0.0171,"osmId":129991782},"geometry":{"type":"Polygon","coordinates":[[[-87.73198,41.71119],[-87.7319,41.71159],[-87.73193,41.71293],[-87.73089,41.71291],[-87.73084,41.71121],[-87.73198,41.71119]]]}},{"type":"Feature","properties":{"name":"Big Ball Park","kind":"park","areaKm2":0.0171,"osmId":130077092},"geometry":{"type":"Polygon","coordinates":[[[-87.81635,41.83471],[-87.81465,41.83451],[-87.81379,41.83454],[-87.81524,41.83347],[-87.8156,41.83349],[-87.81597,41.83367],[-87.8163,41.83408],[-87.81644,41.83466],[-87.81635,41.83471]]]}},{"type":"Feature","properties":{"name":"Sheridan Park","kind":"park","areaKm2":0.0171,"osmId":151428223},"geometry":{"type":"Polygon","coordinates":[[[-87.6552,41.87018],[-87.65534,41.8702],[-87.65537,41.87173],[-87.65428,41.87175],[-87.65425,41.87072],[-87.65436,41.87072],[-87.65434,41.86994],[-87.65521,41.86993],[-87.6552,41.87018]]]}},{"type":"Feature","properties":{"name":"","kind":"park","areaKm2":0.017,"osmId":1489935461},"geometry":{"type":"Polygon","coordinates":[[[-87.89506,41.75943],[-87.89641,41.75997],[-87.89652,41.7601],[-87.8964,41.7602],[-87.89541,41.76022],[-87.89524,41.76021],[-87.89518,41.75998],[-87.89504,41.75991],[-87.89384,41.75994],[-87.89375,41.75986],[-87.89358,41.75898],[-87.8945,41.75896],[-87.89506,41.75943]]]}},{"type":"Feature","properties":{"name":"Wrightwood Park","kind":"park","areaKm2":0.017,"osmId":28206546},"geometry":{"type":"Polygon","coordinates":[[[-87.66759,41.92772],[-87.66761,41.92828],[-87.66809,41.92828],[-87.6681,41.92871],[-87.66598,41.92875],[-87.66595,41.92775],[-87.66759,41.92772]]]}},{"type":"Feature","properties":{"name":"Josephine Bradley Park","kind":"park","areaKm2":0.017,"osmId":140585241},"geometry":{"type":"Polygon","coordinates":[[[-87.56456,41.71778],[-87.56458,41.71837],[-87.56404,41.71838],[-87.56405,41.71878],[-87.56351,41.71903],[-87.56331,41.71891],[-87.56332,41.71856],[-87.56294,41.71856],[-87.56292,41.71765],[-87.56333,41.71765],[-87.56331,41.71727],[-87.56347,41.71717],[-87.5639,41.71735],[-87.56405,41.71755],[-87.56406,41.71779],[-87.56456,41.71778]]]}},{"type":"Feature","properties":{"name":"Lewandowski Park","kind":"park","areaKm2":0.017,"osmId":160146176},"geometry":{"type":"Polygon","coordinates":[[[-87.74423,41.73094],[-87.74469,41.73093],[-87.74477,41.73097],[-87.74488,41.73429],[-87.74433,41.73434],[-87.74423,41.73094]]]}},{"type":"Feature","properties":{"name":"Park No. 571","kind":"park","areaKm2":0.017,"osmId":183208434},"geometry":{"type":"Polygon","coordinates":[[[-87.66176,41.84387],[-87.6637,41.84278],[-87.66403,41.84272],[-87.66343,41.84413],[-87.66251,41.8446],[-87.66176,41.84387]]]}},{"type":"Feature","properties":{"name":"Osborne Park","kind":"park","areaKm2":0.017,"osmId":823258990},"geometry":{"type":"Polygon","coordinates":[[[-87.82835,41.70367],[-87.82832,41.70295],[-87.8308,41.70288],[-87.83083,41.70363],[-87.82835,41.70367]]]}},{"type":"Feature","properties":{"name":"","kind":"park","areaKm2":0.0169,"osmId":1334006016},"geometry":{"type":"Polygon","coordinates":[[[-87.83254,41.87565],[-87.83254,41.87583],[-87.82877,41.87553],[-87.82872,41.87575],[-87.8283,41.87564],[-87.82713,41.87562],[-87.82633,41.87543],[-87.82562,41.87508],[-87.82638,41.87509],[-87.83254,41.87565]]]}},{"type":"Feature","properties":{"name":"Austin Gardens Park","kind":"park","areaKm2":0.0168,"osmId":25885800},"geometry":{"type":"Polygon","coordinates":[[[-87.80047,41.89055],[-87.80036,41.89049],[-87.80033,41.88936],[-87.80184,41.88936],[-87.80188,41.89052],[-87.80047,41.89055]]]}},{"type":"Feature","properties":{"name":"Wicker Park","kind":"park","areaKm2":0.0167,"osmId":5732180},"geometry":{"type":"Polygon","coordinates":[[[-87.67502,41.90727],[-87.67722,41.90722],[-87.67733,41.90879],[-87.67502,41.90727]]]}},{"type":"Feature","properties":{"name":"Hart Park","kind":"park","areaKm2":0.0166,"osmId":131817211},"geometry":{"type":"Polygon","coordinates":[[[-87.67987,41.66959],[-87.67987,41.6698],[-87.67871,41.66983],[-87.67867,41.66866],[-87.6803,41.66862],[-87.6803,41.66958],[-87.67987,41.66959]]]}},{"type":"Feature","properties":{"name":"Green Briar Park","kind":"park","areaKm2":0.0165,"osmId":26228733},"geometry":{"type":"Polygon","coordinates":[[[-87.69586,41.99216],[-87.69585,41.99055],[-87.69688,41.99054],[-87.69695,41.99216],[-87.69586,41.99216]]]}},{"type":"Feature","properties":{"name":"Waiola Park","kind":"park","areaKm2":0.0165,"osmId":179749711},"geometry":{"type":"Polygon","coordinates":[[[-87.87786,41.80485],[-87.87678,41.80487],[-87.87666,41.80314],[-87.87714,41.80313],[-87.87715,41.80333],[-87.8778,41.80332],[-87.87786,41.80485]]]}},{"type":"Feature","properties":{"name":"Bejcek Park","kind":"park","areaKm2":0.0165,"osmId":527218497},"geometry":{"type":"Polygon","coordinates":[[[-87.70084,41.73157],[-87.69976,41.73159],[-87.6997,41.72994],[-87.70079,41.72993],[-87.70084,41.73157]]]}},{"type":"Feature","properties":{"name":"Triton Grounds","kind":"park","areaKm2":0.0164,"osmId":488350038},"geometry":{"type":"Polygon","coordinates":[[[-87.84164,41.91651],[-87.84159,41.91538],[-87.84316,41.91534],[-87.84321,41.91643],[-87.84164,41.91651]]]}},{"type":"Feature","properties":{"name":"Winfield Scott Park","kind":"park","areaKm2":0.0164,"osmId":1225307122},"geometry":{"type":"Polygon","coordinates":[[[-87.85421,41.87711],[-87.85419,41.87621],[-87.85544,41.87616],[-87.85544,41.8761],[-87.85591,41.87608],[-87.85595,41.87726],[-87.85421,41.87711]]]}},{"type":"Feature","properties":{"name":"Scoville Park","kind":"park","areaKm2":0.0163,"osmId":36358706},"geometry":{"type":"Polygon","coordinates":[[[-87.79592,41.88878],[-87.79592,41.89012],[-87.79462,41.89012],[-87.7946,41.88875],[-87.79592,41.88878]]]}},{"type":"Feature","properties":{"name":"","kind":"park","areaKm2":0.0162,"osmId":1547833605},"geometry":{"type":"Polygon","coordinates":[[[-87.76105,41.67345],[-87.76134,41.67313],[-87.76115,41.67305],[-87.76114,41.67288],[-87.76217,41.67168],[-87.76298,41.67207],[-87.76146,41.6738],[-87.76105,41.67345]]]}},{"type":"Feature","properties":{"name":"Memorial Park","kind":"park","areaKm2":0.0162,"osmId":32334604},"geometry":{"type":"Polygon","coordinates":[[[-87.84523,41.88239],[-87.84516,41.88071],[-87.8462,41.8807],[-87.84628,41.88237],[-87.84523,41.88239]]]}},{"type":"Feature","properties":{"name":"Klein Park","kind":"park","areaKm2":0.0161,"osmId":172453556},"geometry":{"type":"Polygon","coordinates":[[[-87.70617,41.71745],[-87.70537,41.71705],[-87.70605,41.71668],[-87.70658,41.71612],[-87.707,41.71661],[-87.7078,41.71702],[-87.70712,41.71736],[-87.7066,41.71792],[-87.70617,41.71745]]]}},{"type":"Feature","properties":{"name":"Robin Hood Park","kind":"park","areaKm2":0.0161,"osmId":174665817},"geometry":{"type":"Polygon","coordinates":[[[-87.86879,41.83611],[-87.86871,41.83443],[-87.86954,41.83441],[-87.86956,41.83491],[-87.86986,41.8349],[-87.86991,41.83608],[-87.86879,41.83611]]]}},{"type":"Feature","properties":{"name":"Ridgewood Park","kind":"park","areaKm2":0.016,"osmId":180858850},"geometry":{"type":"Polygon","coordinates":[[[-87.90014,41.78734],[-87.90058,41.78655],[-87.90213,41.78712],[-87.90251,41.78712],[-87.90254,41.78761],[-87.9001,41.78763],[-87.90014,41.78734]]]}},{"type":"Feature","properties":{"name":"Laidlaw Park","kind":"park","areaKm2":0.016,"osmId":225364834},"geometry":{"type":"Polygon","coordinates":[[[-87.90723,41.81435],[-87.9072,41.81373],[-87.90783,41.81372],[-87.90777,41.81231],[-87.90836,41.8123],[-87.90849,41.81428],[-87.9073,41.81441],[-87.90723,41.81435]]]}},{"type":"Feature","properties":{"name":"Parkview Park","kind":"park","areaKm2":0.0158,"osmId":661891689},"geometry":{"type":"Polygon","coordinates":[[[-87.83104,41.64826],[-87.831,41.64748],[-87.83115,41.64737],[-87.83162,41.64737],[-87.83176,41.64746],[-87.8317,41.64781],[-87.83185,41.64813],[-87.83223,41.64822],[-87.83257,41.64816],[-87.83313,41.64764],[-87.83333,41.64754],[-87.83354,41.64775],[-87.83317,41.64838],[-87.83316,41.64863],[-87.8316,41.64866],[-87.83159,41.64825],[-87.83104,41.64826]]]}},{"type":"Feature","properties":{"name":"Mohawk Park","kind":"park","areaKm2":0.0158,"osmId":1183519675},"geometry":{"type":"Polygon","coordinates":[[[-87.6228,41.64792],[-87.62333,41.64684],[-87.62469,41.64684],[-87.62468,41.64787],[-87.6228,41.64792]]]}},{"type":"Feature","properties":{"name":"Pulaski Park","kind":"park","areaKm2":0.0154,"osmId":32827284},"geometry":{"type":"Polygon","coordinates":[[[-87.66284,41.90699],[-87.66279,41.90527],[-87.66377,41.90525],[-87.66382,41.90697],[-87.66284,41.90699]]]}},{"type":"Feature","properties":{"name":"Patterson Park","kind":"park","areaKm2":0.0154,"osmId":138742281},"geometry":{"type":"Polygon","coordinates":[[[-87.72174,41.73265],[-87.72201,41.73264],[-87.72203,41.73302],[-87.72365,41.73297],[-87.72162,41.73459],[-87.72174,41.73265]]]}},{"type":"Feature","properties":{"name":"Village Green","kind":"park","areaKm2":0.0154,"osmId":636996587},"geometry":{"type":"Polygon","coordinates":[[[-87.83787,41.66711],[-87.83787,41.66699],[-87.83795,41.66699],[-87.83793,41.66667],[-87.83769,41.66667],[-87.83769,41.66699],[-87.83777,41.66699],[-87.83781,41.66711],[-87.8376,41.66712],[-87.83762,41.66685],[-87.83726,41.66655],[-87.83743,41.66574],[-87.83782,41.66572],[-87.8384,41.66587],[-87.83862,41.66609],[-87.83874,41.66663],[-87.83889,41.66662],[-87.83892,41.6671],[-87.83787,41.66711]]]}},{"type":"Feature","properties":{"name":"Ryan Harris Memorial Park","kind":"park","areaKm2":0.0154,"osmId":5214509},"geometry":{"type":"MultiPolygon","coordinates":[[[[-87.63972,41.77068],[-87.63968,41.76898],[-87.64016,41.76897],[-87.64021,41.77069],[-87.63972,41.77068]]],[[[-87.63977,41.7725],[-87.63972,41.77079],[-87.64021,41.77077],[-87.64025,41.7725],[-87.63977,41.7725]]]]}},{"type":"Feature","properties":{"name":"D'Angelo Park","kind":"park","areaKm2":0.0154,"osmId":10316160},"geometry":{"type":"MultiPolygon","coordinates":[[[[-87.6344,41.87535],[-87.63421,41.87507],[-87.63408,41.87506],[-87.63408,41.87512],[-87.63429,41.87542],[-87.63384,41.8754],[-87.63386,41.87461],[-87.63494,41.8746],[-87.635,41.87545],[-87.6344,41.87535]]],[[[-87.63383,41.87642],[-87.63382,41.87575],[-87.63422,41.87575],[-87.63396,41.87591],[-87.63406,41.87595],[-87.63428,41.87583],[-87.63501,41.87583],[-87.63502,41.87642],[-87.63383,41.87642]]]]}},{"type":"Feature","properties":{"name":"Henry Austin Park","kind":"park","areaKm2":0.0154,"osmId":20376721},"geometry":{"type":"MultiPolygon","coordinates":[[[[-87.77009,41.88754],[-87.77194,41.88752],[-87.77198,41.88763],[-87.77196,41.88787],[-87.77,41.88781],[-87.77009,41.88754]]],[[[-87.77481,41.88748],[-87.77482,41.88787],[-87.77471,41.88796],[-87.7722,41.88788],[-87.77211,41.88783],[-87.77211,41.88751],[-87.77481,41.88748]]]]}},{"type":"Feature","properties":{"name":"","kind":"park","areaKm2":0.0153,"osmId":1000072214},"geometry":{"type":"Polygon","coordinates":[[[-87.66557,41.85337],[-87.66508,41.8541],[-87.66427,41.85411],[-87.66426,41.85329],[-87.6643,41.8532],[-87.66494,41.85318],[-87.66492,41.85247],[-87.66569,41.85246],[-87.66582,41.85254],[-87.66583,41.85323],[-87.66556,41.85323],[-87.66557,41.85337]]]}},{"type":"Feature","properties":{"name":"","kind":"park","areaKm2":0.0153,"osmId":1334006015},"geometry":{"type":"Polygon","coordinates":[[[-87.81903,41.87454],[-87.82471,41.87503],[-87.82464,41.87474],[-87.82472,41.87473],[-87.82533,41.87513],[-87.82529,41.87535],[-87.81868,41.87477],[-87.81903,41.87454]]]}},{"type":"Feature","properties":{"name":"Aquatic Park","kind":"park","areaKm2":0.0153,"osmId":186614147},"geometry":{"type":"Polygon","coordinates":[[[-87.72948,41.67544],[-87.72945,41.67353],[-87.73045,41.67402],[-87.73049,41.67542],[-87.72948,41.67544]]]}},{"type":"Feature","properties":{"name":"Clyde Park","kind":"park","areaKm2":0.0153,"osmId":220245087},"geometry":{"type":"Polygon","coordinates":[[[-87.77599,41.83994],[-87.77699,41.83993],[-87.77703,41.84159],[-87.77603,41.8416],[-87.77599,41.83994]]]}},{"type":"Feature","properties":{"name":"Kubicki Park","kind":"park","areaKm2":0.0153,"osmId":1549492966},"geometry":{"type":"Polygon","coordinates":[[[-87.85334,41.77294],[-87.85333,41.77206],[-87.85516,41.77201],[-87.85519,41.77291],[-87.85334,41.77294]]]}},{"type":"Feature","properties":{"name":"Eaton Field Park","kind":"park","areaKm2":0.0152,"osmId":60785540},"geometry":{"type":"Polygon","coordinates":[[[-87.87089,41.99868],[-87.87125,41.99917],[-87.87066,41.99975],[-87.86994,41.99968],[-87.86996,41.99795],[-87.87063,41.99794],[-87.87089,41.99868]]]}},{"type":"Feature","properties":{"name":"Jessie 'Ma' Houston Park","kind":"park","areaKm2":0.0151,"osmId":34854532},"geometry":{"type":"Polygon","coordinates":[[[-87.60439,41.80406],[-87.60437,41.8032],[-87.60627,41.80317],[-87.60629,41.80403],[-87.60439,41.80406]]]}},{"type":"Feature","properties":{"name":"Freedom Park","kind":"park","areaKm2":0.0151,"osmId":136510263},"geometry":{"type":"Polygon","coordinates":[[[-87.78588,41.82503],[-87.78584,41.82355],[-87.78629,41.82355],[-87.78644,41.8237],[-87.78698,41.82369],[-87.78702,41.82501],[-87.78588,41.82503]]]}},{"type":"Feature","properties":{"name":"Strohacker Park","kind":"park","areaKm2":0.015,"osmId":136511753},"geometry":{"type":"Polygon","coordinates":[[[-87.73187,41.79323],[-87.73285,41.79322],[-87.7329,41.79487],[-87.73191,41.79488],[-87.73187,41.79323]]]}},{"type":"Feature","properties":{"name":"Austin Town Hall Park","kind":"park","areaKm2":0.015,"osmId":179219615},"geometry":{"type":"Polygon","coordinates":[[[-87.76638,41.88921],[-87.76528,41.88923],[-87.76521,41.88779],[-87.7663,41.88781],[-87.76638,41.88921]]]}},{"type":"Feature","properties":{"name":"Athletic Field Park","kind":"park","areaKm2":0.0148,"osmId":28044228},"geometry":{"type":"Polygon","coordinates":[[[-87.71754,41.94825],[-87.71657,41.94826],[-87.71652,41.94662],[-87.7175,41.94661],[-87.71754,41.94825]]]}},{"type":"Feature","properties":{"name":"Bell Park","kind":"park","areaKm2":0.0148,"osmId":132533311},"geometry":{"type":"Polygon","coordinates":[[[-87.7957,41.93462],[-87.79669,41.9346],[-87.79674,41.93624],[-87.79577,41.93626],[-87.7957,41.93462]]]}},{"type":"Feature","properties":{"name":"Longfellow Park","kind":"park","areaKm2":0.0148,"osmId":136454799},"geometry":{"type":"Polygon","coordinates":[[[-87.78327,41.878],[-87.78322,41.87639],[-87.78421,41.87637],[-87.78426,41.87798],[-87.78327,41.878]]]}},{"type":"Feature","properties":{"name":"Wolfe Park","kind":"park","areaKm2":0.0147,"osmId":135887315},"geometry":{"type":"Polygon","coordinates":[[[-87.54269,41.69742],[-87.54366,41.69742],[-87.54366,41.69905],[-87.54268,41.69905],[-87.54269,41.69742]]]}},{"type":"Feature","properties":{"name":"Legion Park","kind":"park","areaKm2":0.0147,"osmId":18160483},"geometry":{"type":"Polygon","coordinates":[[[-87.7071,41.983],[-87.70703,41.98293],[-87.70493,41.97587],[-87.70509,41.97587],[-87.70563,41.9777],[-87.70583,41.97766],[-87.70625,41.9789],[-87.70603,41.97894],[-87.70678,41.98148],[-87.70703,41.98207],[-87.70698,41.98218],[-87.70718,41.98268],[-87.70756,41.98302],[-87.7071,41.983]]]}},{"type":"Feature","properties":{"name":"","kind":"park","areaKm2":0.0146,"osmId":350946894},"geometry":{"type":"Polygon","coordinates":[[[-87.7369,41.97756],[-87.736,41.97752],[-87.73548,41.97717],[-87.735,41.97669],[-87.73407,41.97648],[-87.73285,41.97603],[-87.73195,41.97609],[-87.73072,41.97568],[-87.73034,41.97565],[-87.73031,41.97559],[-87.73093,41.97566],[-87.73189,41.97598],[-87.73285,41.97591],[-87.73402,41.97635],[-87.73542,41.9767],[-87.73572,41.97681],[-87.73573,41.97728],[-87.73784,41.97725],[-87.73815,41.97733],[-87.73817,41.97782],[-87.73766,41.97768],[-87.73702,41.97767],[-87.7369,41.97756]]]}},{"type":"Feature","properties":{"name":"","kind":"park","areaKm2":0.0145,"osmId":1113201221},"geometry":{"type":"Polygon","coordinates":[[[-87.76301,41.70761],[-87.7621,41.70765],[-87.76209,41.70816],[-87.76148,41.70817],[-87.76147,41.70802],[-87.7611,41.70803],[-87.76109,41.70761],[-87.7606,41.70756],[-87.7606,41.70732],[-87.76094,41.70731],[-87.76093,41.70714],[-87.76299,41.70712],[-87.76301,41.70761]]]}},{"type":"Feature","properties":{"name":"","kind":"park","areaKm2":0.0145,"osmId":1442870430},"geometry":{"type":"Polygon","coordinates":[[[-87.74445,42.01457],[-87.74466,42.01529],[-87.74419,42.01534],[-87.74403,42.01521],[-87.74412,42.01519],[-87.7438,42.01423],[-87.7442,42.01407],[-87.74357,42.0121],[-87.74343,42.01201],[-87.74305,42.01199],[-87.743,42.01185],[-87.74381,42.01185],[-87.74474,42.01457],[-87.74445,42.01457]]]}},{"type":"Feature","properties":{"name":"Stevenson Park","kind":"park","areaKm2":0.0145,"osmId":241710957},"geometry":{"type":"Polygon","coordinates":[[[-87.77663,41.88801],[-87.77659,41.88746],[-87.77929,41.88744],[-87.77931,41.88809],[-87.77663,41.88801]]]}},{"type":"Feature","properties":{"name":"Willow Pond Park","kind":"park","areaKm2":0.0145,"osmId":502723961},"geometry":{"type":"Polygon","coordinates":[[[-87.93862,41.76322],[-87.94,41.76271],[-87.94,41.76435],[-87.9392,41.76436],[-87.93862,41.76322]]]}},{"type":"Feature","properties":{"name":"Western Springs Service Club","kind":"park","areaKm2":0.0144,"osmId":228432916},"geometry":{"type":"Polygon","coordinates":[[[-87.90823,41.80879],[-87.90639,41.80881],[-87.90639,41.8082],[-87.90818,41.8078],[-87.90823,41.80879]]]}},{"type":"Feature","properties":{"name":"William Place Park","kind":"park","areaKm2":0.0144,"osmId":518157091},"geometry":{"type":"Polygon","coordinates":[[[-87.73082,41.70828],[-87.7308,41.70764],[-87.732,41.70761],[-87.73199,41.70745],[-87.73295,41.70744],[-87.73298,41.70826],[-87.73082,41.70828]]]}},{"type":"Feature","properties":{"name":"","kind":"park","areaKm2":0.0143,"osmId":554718426},"geometry":{"type":"Polygon","coordinates":[[[-87.91365,41.72083],[-87.91363,41.72104],[-87.91304,41.72157],[-87.91264,41.72173],[-87.91227,41.72171],[-87.91229,41.72119],[-87.91224,41.72098],[-87.9121,41.72088],[-87.91129,41.72085],[-87.91125,41.7207],[-87.91311,41.72048],[-87.91339,41.72056],[-87.91365,41.72083]]]}},{"type":"Feature","properties":{"name":"Prospect Gardens Park","kind":"park","areaKm2":0.0142,"osmId":208987532},"geometry":{"type":"Polygon","coordinates":[[[-87.66771,41.6944],[-87.66773,41.69407],[-87.66793,41.69376],[-87.66817,41.69357],[-87.66849,41.69342],[-87.66898,41.69334],[-87.66992,41.69359],[-87.66786,41.69474],[-87.66771,41.6944]]]}},{"type":"Feature","properties":{"name":"Old Schoolhouse Community Garden","kind":"park","areaKm2":0.0142,"osmId":606828572},"geometry":{"type":"Polygon","coordinates":[[[-87.90042,41.84806],[-87.90033,41.84809],[-87.899,41.84811],[-87.89892,41.84666],[-87.89947,41.84667],[-87.89952,41.84639],[-87.89967,41.84639],[-87.8997,41.84716],[-87.90035,41.84716],[-87.89998,41.84717],[-87.90002,41.84773],[-87.90036,41.84773],[-87.90042,41.84806]]]}},{"type":"Feature","properties":{"name":"Westdale Park","kind":"park","areaKm2":0.0141,"osmId":196605688},"geometry":{"type":"Polygon","coordinates":[[[-87.90593,41.93418],[-87.90588,41.93339],[-87.90599,41.93248],[-87.90619,41.93248],[-87.90654,41.93296],[-87.90711,41.9335],[-87.90712,41.93418],[-87.90593,41.93418]]]}},{"type":"Feature","properties":{"name":"Creekside Park","kind":"park","areaKm2":0.014,"osmId":247106078},"geometry":{"type":"Polygon","coordinates":[[[-87.90933,41.92935],[-87.9093,41.92876],[-87.91018,41.92868],[-87.9106,41.92875],[-87.91184,41.92874],[-87.91187,41.92928],[-87.90933,41.92935]]]}},{"type":"Feature","properties":{"name":"Groveland Park","kind":"park","areaKm2":0.0138,"osmId":151464411},"geometry":{"type":"Polygon","coordinates":[[[-87.60894,41.83334],[-87.61131,41.83332],[-87.61154,41.83395],[-87.60925,41.83399],[-87.60894,41.83334]]]}},{"type":"Feature","properties":{"name":"White Buffalo Park","kind":"park","areaKm2":0.0138,"osmId":1467926870},"geometry":{"type":"Polygon","coordinates":[[[-87.89231,41.74257],[-87.89103,41.74259],[-87.891,41.74128],[-87.8921,41.74126],[-87.89207,41.74216],[-87.89246,41.74245],[-87.89231,41.74257]]]}},{"type":"Feature","properties":{"name":"Cicero Park","kind":"park","areaKm2":0.0137,"osmId":1062769132},"geometry":{"type":"Polygon","coordinates":[[[-87.76138,41.83204],[-87.75985,41.83192],[-87.75981,41.83101],[-87.76133,41.83099],[-87.76138,41.83204]]]}},{"type":"Feature","properties":{"name":"Lily Gardens Park","kind":"park","areaKm2":0.0137,"osmId":5214506},"geometry":{"type":"MultiPolygon","coordinates":[[[[-87.6395,41.76169],[-87.63996,41.76168],[-87.64,41.76316],[-87.63954,41.76316],[-87.6395,41.76169]]],[[[-87.6396,41.7635],[-87.64001,41.7635],[-87.64004,41.76522],[-87.63958,41.76523],[-87.6396,41.7635]]]]}},{"type":"Feature","properties":{"name":"","kind":"park","areaKm2":0.0136,"osmId":1231709475},"geometry":{"type":"Polygon","coordinates":[[[-87.8782,41.99748],[-87.87791,41.99758],[-87.87672,41.9969],[-87.87594,41.99632],[-87.8758,41.99619],[-87.87583,41.99611],[-87.8783,41.99676],[-87.87819,41.99701],[-87.8782,41.99748]]]}},{"type":"Feature","properties":{"name":"Block Park","kind":"park","areaKm2":0.0136,"osmId":172423865},"geometry":{"type":"Polygon","coordinates":[[[-87.63189,41.70572],[-87.63227,41.7057],[-87.63249,41.70561],[-87.63248,41.70528],[-87.63295,41.70528],[-87.63295,41.70551],[-87.63288,41.70551],[-87.63292,41.70699],[-87.63192,41.70701],[-87.63189,41.70572]]]}},{"type":"Feature","properties":{"name":"","kind":"park","areaKm2":0.0134,"osmId":1535033314},"geometry":{"type":"Polygon","coordinates":[[[-87.8661,41.81987],[-87.86611,41.82],[-87.86564,41.82002],[-87.86549,41.82014],[-87.86552,41.82144],[-87.86571,41.82169],[-87.86479,41.82173],[-87.86471,41.81992],[-87.8661,41.81987]]]}},{"type":"Feature","properties":{"name":"Warren Park","kind":"park","areaKm2":0.0134,"osmId":194663147},"geometry":{"type":"Polygon","coordinates":[[[-87.76538,41.85821],[-87.76534,41.85695],[-87.76648,41.85694],[-87.76651,41.85818],[-87.76538,41.85821]]]}},{"type":"Feature","properties":{"name":"Montgomery Ward Park","kind":"park","areaKm2":0.0134,"osmId":153561199},"geometry":{"type":"Polygon","coordinates":[[[-87.64295,41.89383],[-87.64155,41.89382],[-87.64153,41.89344],[-87.64127,41.89311],[-87.64189,41.8931],[-87.64215,41.89296],[-87.6424,41.89328],[-87.64336,41.89376],[-87.64342,41.894],[-87.64372,41.89423],[-87.64377,41.89454],[-87.643,41.89457],[-87.64295,41.89383]]]}},{"type":"Feature","properties":{"name":"Washington Park","kind":"park","areaKm2":0.0134,"osmId":228919577},"geometry":{"type":"Polygon","coordinates":[[[-87.92916,41.88713],[-87.92925,41.88631],[-87.93017,41.8863],[-87.93019,41.88766],[-87.92921,41.88788],[-87.92916,41.88713]]]}},{"type":"Feature","properties":{"name":"Centennial Park","kind":"park","areaKm2":0.0133,"osmId":610613790},"geometry":{"type":"Polygon","coordinates":[[[-87.9384,41.89119],[-87.93689,41.89128],[-87.93689,41.89026],[-87.93841,41.8903],[-87.9384,41.89119]]]}},{"type":"Feature","properties":{"name":"Ishnala Park","kind":"park","areaKm2":0.0133,"osmId":461223179},"geometry":{"type":"Polygon","coordinates":[[[-87.82309,41.64417],[-87.82237,41.64418],[-87.82238,41.64378],[-87.82325,41.64308],[-87.82325,41.64283],[-87.82337,41.64274],[-87.82429,41.6427],[-87.82432,41.64333],[-87.82377,41.64333],[-87.82379,41.64375],[-87.8231,41.64375],[-87.82309,41.64417]]]}},{"type":"Feature","properties":{"name":"","kind":"park","areaKm2":0.0132,"osmId":1334387001},"geometry":{"type":"Polygon","coordinates":[[[-87.83759,41.85455],[-87.83821,41.85375],[-87.83814,41.85372],[-87.83827,41.85355],[-87.83803,41.85345],[-87.83817,41.85325],[-87.83881,41.8535],[-87.83896,41.85364],[-87.83903,41.85472],[-87.83771,41.85475],[-87.83771,41.85456],[-87.83759,41.85455]]]}},{"type":"Feature","properties":{"name":"Moore Park","kind":"park","areaKm2":0.0132,"osmId":38357505},"geometry":{"type":"Polygon","coordinates":[[[-87.75145,41.87844],[-87.75143,41.8777],[-87.75335,41.87767],[-87.75337,41.87842],[-87.75145,41.87844]]]}},{"type":"Feature","properties":{"name":"Louis Anderson Park","kind":"park","areaKm2":0.0132,"osmId":352620818},"geometry":{"type":"Polygon","coordinates":[[[-87.61932,41.82645],[-87.61929,41.82557],[-87.62032,41.82557],[-87.62056,41.8257],[-87.62101,41.8257],[-87.62098,41.82648],[-87.61932,41.82645]]]}},{"type":"Feature","properties":{"name":"Kraml Park","kind":"park","areaKm2":0.0132,"osmId":559936688},"geometry":{"type":"Polygon","coordinates":[[[-87.93094,41.73127],[-87.93031,41.73161],[-87.93022,41.73215],[-87.92953,41.73214],[-87.92948,41.73085],[-87.93102,41.73082],[-87.93104,41.73107],[-87.93094,41.73127]]]}},{"type":"Feature","properties":{"name":"","kind":"park","areaKm2":0.0131,"osmId":360771116},"geometry":{"type":"Polygon","coordinates":[[[-87.68247,41.93242],[-87.68292,41.9335],[-87.68315,41.93383],[-87.68328,41.93384],[-87.68337,41.93376],[-87.6839,41.93378],[-87.68392,41.93417],[-87.6831,41.93419],[-87.6829,41.93391],[-87.68256,41.93366],[-87.68273,41.93346],[-87.68247,41.93327],[-87.68258,41.93318],[-87.68248,41.93303],[-87.6824,41.93296],[-87.68203,41.93329],[-87.68167,41.93304],[-87.68207,41.93273],[-87.68198,41.93266],[-87.68177,41.9326],[-87.68166,41.93268],[-87.68139,41.93249],[-87.68114,41.93263],[-87.68081,41.93237],[-87.68086,41.93231],[-87.68198,41.93232],[-87.68247,41.93242]]]}},{"type":"Feature","properties":{"name":"Cragin Park","kind":"park","areaKm2":0.0131,"osmId":28709401},"geometry":{"type":"Polygon","coordinates":[[[-87.75871,41.92861],[-87.75695,41.92863],[-87.75693,41.92782],[-87.75864,41.9278],[-87.75871,41.92861]]]}},{"type":"Feature","properties":{"name":"Senn Park","kind":"park","areaKm2":0.0131,"osmId":5489951},"geometry":{"type":"Polygon","coordinates":[[[-87.66749,41.9883],[-87.66976,41.98969],[-87.66977,41.98982],[-87.66906,41.98983],[-87.66906,41.98968],[-87.6687,41.98946],[-87.66791,41.98948],[-87.66791,41.98985],[-87.66763,41.98986],[-87.66749,41.9883]]]}},{"type":"Feature","properties":{"name":"Springfield Park","kind":"park","areaKm2":0.013,"osmId":109121234},"geometry":{"type":"Polygon","coordinates":[[[-87.72618,41.99904],[-87.72612,41.99897],[-87.72671,41.99821],[-87.72825,41.99819],[-87.72824,41.99861],[-87.72783,41.99861],[-87.72782,41.99906],[-87.72618,41.99904]]]}},{"type":"Feature","properties":{"name":"Whispering Willow Park","kind":"park","areaKm2":0.013,"osmId":1152785610},"geometry":{"type":"Polygon","coordinates":[[[-87.86269,41.76508],[-87.8656,41.76503],[-87.86561,41.76551],[-87.86271,41.76556],[-87.86269,41.76508]]]}},{"type":"Feature","properties":{"name":"Chippewa Park","kind":"park","areaKm2":0.0129,"osmId":32052701},"geometry":{"type":"Polygon","coordinates":[[[-87.70571,42.00468],[-87.70467,42.00469],[-87.70466,42.00336],[-87.70573,42.00335],[-87.70571,42.00468]]]}},{"type":"Feature","properties":{"name":"Crawford Park","kind":"park","areaKm2":0.0129,"osmId":570365372},"geometry":{"type":"Polygon","coordinates":[[[-87.80879,41.65628],[-87.80819,41.6558],[-87.80869,41.65536],[-87.80982,41.65615],[-87.80999,41.6565],[-87.81001,41.65677],[-87.80894,41.65682],[-87.80879,41.65628]]]}},{"type":"Feature","properties":{"name":"Nottingham Park","kind":"park","areaKm2":0.0129,"osmId":909609687},"geometry":{"type":"Polygon","coordinates":[[[-87.7975,41.75445],[-87.79903,41.75441],[-87.79907,41.75533],[-87.79754,41.75536],[-87.7975,41.75445]]]}},{"type":"Feature","properties":{"name":"Morgan Field Park","kind":"park","areaKm2":0.0127,"osmId":116854168},"geometry":{"type":"Polygon","coordinates":[[[-87.64695,41.68131],[-87.64805,41.68129],[-87.64809,41.68255],[-87.64699,41.68256],[-87.64695,41.68131]]]}},{"type":"Feature","properties":{"name":"Oak Meadows Park","kind":"park","areaKm2":0.0127,"osmId":129993381},"geometry":{"type":"Polygon","coordinates":[[[-87.7466,41.71219],[-87.74667,41.71209],[-87.74767,41.71138],[-87.74831,41.71165],[-87.74801,41.71222],[-87.74803,41.71257],[-87.7466,41.7126],[-87.7466,41.71219]]]}},{"type":"Feature","properties":{"name":"Merrill Park","kind":"park","areaKm2":0.0127,"osmId":178118067},"geometry":{"type":"Polygon","coordinates":[[[-87.57163,41.72025],[-87.5716,41.71892],[-87.57216,41.71891],[-87.57217,41.71929],[-87.57284,41.71928],[-87.57286,41.72024],[-87.57163,41.72025]]]}},{"type":"Feature","properties":{"name":"Bixler Park","kind":"park","areaKm2":0.0127,"osmId":206948780},"geometry":{"type":"Polygon","coordinates":[[[-87.59384,41.79252],[-87.59386,41.79293],[-87.59365,41.79294],[-87.59366,41.79327],[-87.59334,41.79326],[-87.5933,41.79234],[-87.59339,41.79218],[-87.59328,41.79211],[-87.59246,41.79211],[-87.59245,41.79157],[-87.59391,41.79156],[-87.59393,41.79251],[-87.59384,41.79252]]]}},{"type":"Feature","properties":{"name":"Meyering Park","kind":"park","areaKm2":0.0126,"osmId":131817709},"geometry":{"type":"Polygon","coordinates":[[[-87.61665,41.76395],[-87.61668,41.76505],[-87.61543,41.76507],[-87.6154,41.76397],[-87.61665,41.76395]]]}},{"type":"Feature","properties":{"name":"Chicago Women's Park and Gardens","kind":"park","areaKm2":0.0126,"osmId":150749373},"geometry":{"type":"Polygon","coordinates":[[[-87.62217,41.85783],[-87.62162,41.85783],[-87.62161,41.85763],[-87.62088,41.85762],[-87.62085,41.85673],[-87.6216,41.85672],[-87.6216,41.85655],[-87.62214,41.85654],[-87.62217,41.85783]]]}},{"type":"Feature","properties":{"name":"Hinsdale Community Swimming Pool","kind":"park","areaKm2":0.0126,"osmId":227691617},"geometry":{"type":"Polygon","coordinates":[[[-87.93963,41.79979],[-87.93999,41.79972],[-87.93999,41.80003],[-87.93739,41.80061],[-87.93736,41.79984],[-87.93963,41.79979]]]}},{"type":"Feature","properties":{"name":"","kind":"park","areaKm2":0.0125,"osmId":1316502598},"geometry":{"type":"Polygon","coordinates":[[[-87.72327,42.00137],[-87.72335,42.00089],[-87.72364,42.0008],[-87.72383,42.00062],[-87.72394,42.00072],[-87.72352,42.00131],[-87.72362,42.0013],[-87.72183,42.00449],[-87.72146,42.00448],[-87.72327,42.00137]]]}},{"type":"Feature","properties":{"name":"Indian Road Park","kind":"park","areaKm2":0.0125,"osmId":24725017},"geometry":{"type":"Polygon","coordinates":[[[-87.77876,41.9942],[-87.77792,41.99383],[-87.77795,41.99293],[-87.77901,41.99254],[-87.77898,41.99393],[-87.77876,41.9942]]]}},{"type":"Feature","properties":{"name":"Leone Beach Park","kind":"park","areaKm2":0.0125,"osmId":140570976},"geometry":{"type":"Polygon","coordinates":[[[-87.66145,42.01348],[-87.66162,42.01332],[-87.6613,42.01277],[-87.66322,42.01275],[-87.66359,42.01343],[-87.66145,42.01348]]]}},{"type":"Feature","properties":{"name":"Barnes Park","kind":"park","areaKm2":0.0125,"osmId":186606196},"geometry":{"type":"Polygon","coordinates":[[[-87.72989,41.67902],[-87.72967,41.6788],[-87.72949,41.67881],[-87.72918,41.67904],[-87.72857,41.67905],[-87.72854,41.67842],[-87.73073,41.67832],[-87.73074,41.67901],[-87.72989,41.67902]]]}},{"type":"Feature","properties":{"name":"Lakeshore Park","kind":"park","areaKm2":0.0125,"osmId":1298824738},"geometry":{"type":"Polygon","coordinates":[[[-87.75694,41.71846],[-87.75626,41.71923],[-87.7556,41.71924],[-87.75559,41.71896],[-87.75609,41.71895],[-87.75615,41.71795],[-87.75692,41.71796],[-87.7578,41.71753],[-87.75795,41.71784],[-87.75694,41.71846]]]}},{"type":"Feature","properties":{"name":"Park No. 534","kind":"park","areaKm2":0.0125,"osmId":5207874},"geometry":{"type":"MultiPolygon","coordinates":[[[[-87.71456,41.86357],[-87.71458,41.86401],[-87.71302,41.86403],[-87.71301,41.86358],[-87.71456,41.86357]]],[[[-87.71279,41.86358],[-87.7128,41.86404],[-87.71134,41.86406],[-87.71132,41.8636],[-87.71279,41.86358]]]]}},{"type":"Feature","properties":{"name":"Hamlin Park","kind":"park","areaKm2":0.0124,"osmId":24888808},"geometry":{"type":"Polygon","coordinates":[[[-87.72353,42.02019],[-87.72232,42.02019],[-87.72235,42.01909],[-87.72354,42.01909],[-87.72353,42.02019]]]}},{"type":"Feature","properties":{"name":"Parkholme Park","kind":"park","areaKm2":0.0124,"osmId":203778553},"geometry":{"type":"Polygon","coordinates":[[[-87.75191,41.85656],[-87.75187,41.85522],[-87.75287,41.8552],[-87.75291,41.85655],[-87.75191,41.85656]]]}},{"type":"Feature","properties":{"name":"Ken-Well Park","kind":"park","areaKm2":0.0123,"osmId":116875779},"geometry":{"type":"Polygon","coordinates":[[[-87.73376,41.93362],[-87.7339,41.93601],[-87.7336,41.93541],[-87.73346,41.93541],[-87.73348,41.93524],[-87.73263,41.9336],[-87.73376,41.93362]]]}},{"type":"Feature","properties":{"name":"Fedor Memorial Park","kind":"park","areaKm2":0.0123,"osmId":554363470},"geometry":{"type":"Polygon","coordinates":[[[-87.81661,41.75972],[-87.81661,41.75995],[-87.81523,41.75999],[-87.81523,41.7592],[-87.81705,41.75916],[-87.81707,41.75971],[-87.81661,41.75972]]]}},{"type":"Feature","properties":{"name":"","kind":"park","areaKm2":0.0122,"osmId":1316502594},"geometry":{"type":"Polygon","coordinates":[[[-87.7216,42.00461],[-87.72021,42.00718],[-87.71978,42.00805],[-87.71979,42.00819],[-87.71936,42.00831],[-87.71917,42.00868],[-87.71922,42.00898],[-87.71901,42.00868],[-87.71898,42.0083],[-87.71924,42.00827],[-87.71931,42.00818],[-87.72044,42.0062],[-87.72031,42.00613],[-87.72059,42.00594],[-87.72135,42.00462],[-87.7216,42.00461]]]}},{"type":"Feature","properties":{"name":"Dougherty Park","kind":"park","areaKm2":0.0122,"osmId":135887316},"geometry":{"type":"Polygon","coordinates":[[[-87.56207,41.72455],[-87.56314,41.72454],[-87.56318,41.72576],[-87.5621,41.72578],[-87.56207,41.72455]]]}},{"type":"Feature","properties":{"name":"","kind":"park","areaKm2":0.0121,"osmId":1531539480},"geometry":{"type":"Polygon","coordinates":[[[-87.53513,41.71285],[-87.53517,41.71312],[-87.53054,41.70881],[-87.52859,41.70689],[-87.52854,41.70673],[-87.53513,41.71285]]]}},{"type":"Feature","properties":{"name":"Centennial Park","kind":"park","areaKm2":0.0121,"osmId":598734898},"geometry":{"type":"Polygon","coordinates":[[[-87.81344,41.89398],[-87.81341,41.89304],[-87.8148,41.89301],[-87.81483,41.89396],[-87.81344,41.89398]]]}},{"type":"Feature","properties":{"name":"Lakefront Park","kind":"park","areaKm2":0.0121,"osmId":143758910},"geometry":{"type":"Polygon","coordinates":[[[-87.62286,41.90145],[-87.62219,41.90125],[-87.62019,41.90111],[-87.61988,41.90098],[-87.62384,41.9009],[-87.62362,41.90188],[-87.62286,41.90145]]]}},{"type":"Feature","properties":{"name":"Northlake Park","kind":"park","areaKm2":0.0121,"osmId":488349550},"geometry":{"type":"Polygon","coordinates":[[[-87.88803,41.90444],[-87.88754,41.90444],[-87.88754,41.90337],[-87.88851,41.90336],[-87.88849,41.90504],[-87.88804,41.90505],[-87.88803,41.90444]]]}},{"type":"Feature","properties":{"name":"Logan Square","kind":"park","areaKm2":0.0121,"osmId":19237471},"geometry":{"type":"Polygon","coordinates":[[[-87.70591,41.92866],[-87.70578,41.92847],[-87.70581,41.92823],[-87.70613,41.92808],[-87.70745,41.92803],[-87.70774,41.92821],[-87.70773,41.92857],[-87.70734,41.92885],[-87.70688,41.92874],[-87.7062,41.92874],[-87.70591,41.92866]]]}},{"type":"Feature","properties":{"name":"Williams-Davis (Hattie Kay, Izora) Park","kind":"park","areaKm2":0.012,"osmId":163792348},"geometry":{"type":"Polygon","coordinates":[[[-87.59987,41.82044],[-87.60001,41.82094],[-87.60003,41.82148],[-87.59839,41.81933],[-87.59912,41.81969],[-87.59962,41.82004],[-87.6006,41.81975],[-87.60074,41.82007],[-87.59996,41.82034],[-87.59987,41.82044]]]}},{"type":"Feature","properties":{"name":"Canal Origins Park","kind":"park","areaKm2":0.012,"osmId":183211054},"geometry":{"type":"Polygon","coordinates":[[[-87.66568,41.8446],[-87.66557,41.84459],[-87.66556,41.84314],[-87.66461,41.84279],[-87.6654,41.84171],[-87.66543,41.84157],[-87.6653,41.84145],[-87.66552,41.8414],[-87.66569,41.8414],[-87.66574,41.84431],[-87.66568,41.8446]]]}},{"type":"Feature","properties":{"name":"Richard J. Daley Park","kind":"park","areaKm2":0.012,"osmId":183212356},"geometry":{"type":"Polygon","coordinates":[[[-87.68521,41.83679],[-87.68514,41.83674],[-87.68641,41.83635],[-87.68727,41.83632],[-87.68729,41.83664],[-87.68655,41.83687],[-87.68658,41.83699],[-87.68643,41.8371],[-87.68528,41.8374],[-87.68521,41.83679]]]}},{"type":"Feature","properties":{"name":"Stahlak Park","kind":"park","areaKm2":0.0119,"osmId":188546678},"geometry":{"type":"Polygon","coordinates":[[[-87.78036,41.68946],[-87.78035,41.68934],[-87.77958,41.68936],[-87.77955,41.68865],[-87.77999,41.68864],[-87.77999,41.68849],[-87.7805,41.68848],[-87.78052,41.68892],[-87.78146,41.6889],[-87.78148,41.68944],[-87.78036,41.68946]]]}},{"type":"Feature","properties":{"name":"Austin View Park","kind":"park","areaKm2":0.0119,"osmId":322648600},"geometry":{"type":"Polygon","coordinates":[[[-87.76811,41.66811],[-87.7679,41.66814],[-87.76629,41.6676],[-87.76626,41.6671],[-87.7675,41.66708],[-87.76749,41.66745],[-87.76809,41.66744],[-87.76811,41.66811]]]}},{"type":"Feature","properties":{"name":"Healing Waters Park","kind":"park","areaKm2":0.0119,"osmId":584441324},"geometry":{"type":"Polygon","coordinates":[[[-87.89076,41.73631],[-87.88992,41.73628],[-87.88912,41.73564],[-87.88911,41.73536],[-87.89064,41.73534],[-87.89072,41.73541],[-87.89076,41.73631]]]}},{"type":"Feature","properties":{"name":"","kind":"park","areaKm2":0.0118,"osmId":554357849},"geometry":{"type":"Polygon","coordinates":[[[-87.81974,41.76808],[-87.81925,41.76784],[-87.81778,41.76699],[-87.81728,41.76661],[-87.81871,41.76649],[-87.81834,41.76684],[-87.81981,41.7676],[-87.81983,41.76798],[-87.81974,41.76808]]]}},{"type":"Feature","properties":{"name":"Citizens Park","kind":"park","areaKm2":0.0118,"osmId":561845723},"geometry":{"type":"Polygon","coordinates":[[[-87.93606,41.72155],[-87.93608,41.72218],[-87.93402,41.72221],[-87.93401,41.72158],[-87.93606,41.72155]]]}},{"type":"Feature","properties":{"name":"Holstein Park","kind":"park","areaKm2":0.0117,"osmId":27038159},"geometry":{"type":"Polygon","coordinates":[[[-87.68479,41.92259],[-87.68472,41.92074],[-87.68541,41.92073],[-87.68548,41.92257],[-87.68479,41.92259]]]}},{"type":"Feature","properties":{"name":"Burnham Park","kind":"park","areaKm2":0.0117,"osmId":15772174},"geometry":{"type":"Polygon","coordinates":[[[-87.61474,41.85397],[-87.61449,41.85403],[-87.61399,41.85336],[-87.61356,41.85249],[-87.61343,41.85202],[-87.61351,41.85196],[-87.61396,41.85189],[-87.61494,41.85403],[-87.61474,41.85397]]]}},{"type":"Feature","properties":{"name":"Morgan Park Sports Center Park","kind":"park","areaKm2":0.0116,"osmId":346980312},"geometry":{"type":"Polygon","coordinates":[[[-87.68032,41.68506],[-87.68032,41.68447],[-87.68003,41.68448],[-87.67998,41.68324],[-87.68077,41.68323],[-87.68082,41.68504],[-87.68032,41.68506]]]}},{"type":"Feature","properties":{"name":"Pioneer Park","kind":"park","areaKm2":0.0115,"osmId":174392366},"geometry":{"type":"Polygon","coordinates":[[[-87.86085,41.86011],[-87.86081,41.85911],[-87.86258,41.85964],[-87.8626,41.86007],[-87.86085,41.86011]]]}},{"type":"Feature","properties":{"name":"Rosedale Park","kind":"park","areaKm2":0.0115,"osmId":27860626},"geometry":{"type":"Polygon","coordinates":[[[-87.78526,41.98847],[-87.78634,41.98847],[-87.78631,41.98965],[-87.78526,41.98965],[-87.78526,41.98847]]]}},{"type":"Feature","properties":{"name":"Euclid Square Park","kind":"park","areaKm2":0.0115,"osmId":32742894},"geometry":{"type":"Polygon","coordinates":[[[-87.79149,41.86694],[-87.79145,41.86567],[-87.79243,41.86566],[-87.79248,41.86692],[-87.79149,41.86694]]]}},{"type":"Feature","properties":{"name":"Trumbull Park","kind":"park","areaKm2":0.0115,"osmId":391225096},"geometry":{"type":"Polygon","coordinates":[[[-87.84412,41.92234],[-87.84409,41.92147],[-87.84468,41.92145],[-87.84466,41.92103],[-87.84516,41.92102],[-87.84523,41.92108],[-87.84527,41.92232],[-87.84412,41.92234]]]}},{"type":"Feature","properties":{"name":"Hanover Park","kind":"park","areaKm2":0.0115,"osmId":176388662},"geometry":{"type":"Polygon","coordinates":[[[-87.80918,41.79445],[-87.80984,41.79445],[-87.80984,41.79459],[-87.80815,41.79546],[-87.80815,41.79419],[-87.80918,41.79422],[-87.80918,41.79445]]]}},{"type":"Feature","properties":{"name":"Connemara Park","kind":"park","areaKm2":0.0115,"osmId":374479957},"geometry":{"type":"Polygon","coordinates":[[[-87.93914,41.65617],[-87.93906,41.65533],[-87.93857,41.6548],[-87.94,41.65477],[-87.94,41.65594],[-87.93952,41.65597],[-87.93914,41.65617]]]}},{"type":"Feature","properties":{"name":"Normandy Park","kind":"park","areaKm2":0.0114,"osmId":279931550},"geometry":{"type":"Polygon","coordinates":[[[-87.78923,41.79782],[-87.78926,41.79892],[-87.78816,41.79893],[-87.78814,41.79784],[-87.78923,41.79782]]]}},{"type":"Feature","properties":{"name":"Washington Square","kind":"park","areaKm2":0.0113,"osmId":130145603},"geometry":{"type":"Polygon","coordinates":[[[-87.62993,41.8988],[-87.63122,41.89878],[-87.63124,41.89973],[-87.62995,41.89975],[-87.62993,41.8988]]]}},{"type":"Feature","properties":{"name":"Florence Stout Park","kind":"park","areaKm2":0.0113,"osmId":142769878},"geometry":{"type":"Polygon","coordinates":[[[-87.59973,41.796],[-87.60083,41.79599],[-87.60085,41.79645],[-87.60065,41.79646],[-87.60067,41.79687],[-87.60043,41.79688],[-87.60044,41.79736],[-87.59976,41.79737],[-87.59973,41.796]]]}},{"type":"Feature","properties":{"name":"Eisenhower Park","kind":"park","areaKm2":0.0113,"osmId":176585539},"geometry":{"type":"Polygon","coordinates":[[[-87.90235,41.89985],[-87.90066,41.89989],[-87.9006,41.89896],[-87.90254,41.89945],[-87.90235,41.89985]]]}},{"type":"Feature","properties":{"name":"","kind":"park","areaKm2":0.0112,"osmId":556614583},"geometry":{"type":"Polygon","coordinates":[[[-87.89852,41.87452],[-87.89799,41.87422],[-87.89717,41.87419],[-87.89724,41.87379],[-87.89866,41.87375],[-87.89881,41.87365],[-87.89977,41.87389],[-87.89979,41.87398],[-87.89852,41.87452]]]}},{"type":"Feature","properties":{"name":"Jonquil Park","kind":"park","areaKm2":0.0112,"osmId":28206058},"geometry":{"type":"Polygon","coordinates":[[[-87.65383,41.92821],[-87.65555,41.92817],[-87.65558,41.92889],[-87.65386,41.92891],[-87.65383,41.92821]]]}},{"type":"Feature","properties":{"name":"Donald W. Lyon Park","kind":"park","areaKm2":0.0111,"osmId":28063508},"geometry":{"type":"Polygon","coordinates":[[[-87.73917,42.02019],[-87.73809,42.02019],[-87.73815,42.01911],[-87.73911,42.01906],[-87.73918,42.01911],[-87.73917,42.02019]]]}},{"type":"Feature","properties":{"name":"Donovan Park","kind":"park","areaKm2":0.0111,"osmId":131817706},"geometry":{"type":"Polygon","coordinates":[[[-87.64916,41.82854],[-87.6478,41.82857],[-87.64777,41.82768],[-87.64913,41.82766],[-87.64916,41.82854]]]}},{"type":"Feature","properties":{"name":"Van Voorst Park","kind":"park","areaKm2":0.0111,"osmId":228919458},"geometry":{"type":"Polygon","coordinates":[[[-87.92752,41.87862],[-87.92837,41.87887],[-87.92838,41.88018],[-87.92756,41.88019],[-87.92752,41.87862]]]}},{"type":"Feature","properties":{"name":"Emmerson Park","kind":"park","areaKm2":0.011,"osmId":37971813},"geometry":{"type":"Polygon","coordinates":[[[-87.67547,41.9944],[-87.67847,41.99439],[-87.67844,41.99473],[-87.67548,41.9948],[-87.67547,41.9944]]]}},{"type":"Feature","properties":{"name":"Northeast Park","kind":"park","areaKm2":0.011,"osmId":228318305},"geometry":{"type":"Polygon","coordinates":[[[-87.89137,41.81983],[-87.89133,41.8192],[-87.893,41.81916],[-87.89302,41.81997],[-87.89137,41.81983]]]}},{"type":"Feature","properties":{"name":"Sunshine Park","kind":"park","areaKm2":0.011,"osmId":737641842},"geometry":{"type":"Polygon","coordinates":[[[-87.79309,41.83918],[-87.79308,41.83875],[-87.7947,41.83872],[-87.79472,41.83916],[-87.79493,41.83916],[-87.79496,41.83969],[-87.79309,41.83918]]]}},{"type":"Feature","properties":{"name":"Horan Park","kind":"park","areaKm2":0.0109,"osmId":136453624},"geometry":{"type":"Polygon","coordinates":[[[-87.70229,41.87583],[-87.70229,41.87566],[-87.70283,41.87541],[-87.70356,41.8754],[-87.70473,41.87505],[-87.70475,41.8758],[-87.70229,41.87583]]]}},{"type":"Feature","properties":{"name":"Carroll Park","kind":"park","areaKm2":0.0109,"osmId":136454857},"geometry":{"type":"Polygon","coordinates":[[[-87.79622,41.8684],[-87.79646,41.86792],[-87.79624,41.86758],[-87.7965,41.86754],[-87.79649,41.86698],[-87.79704,41.86697],[-87.79711,41.86866],[-87.79626,41.86868],[-87.79622,41.8684]]]}},{"type":"Feature","properties":{"name":"Manor Park","kind":"park","areaKm2":0.0109,"osmId":406065723},"geometry":{"type":"Polygon","coordinates":[[[-87.76824,41.83275],[-87.76823,41.83228],[-87.77075,41.83284],[-87.77076,41.83331],[-87.76824,41.83275]]]}},{"type":"Feature","properties":{"name":"","kind":"park","areaKm2":0.0108,"osmId":1041285742},"geometry":{"type":"Polygon","coordinates":[[[-87.7275,41.72218],[-87.7275,41.72231],[-87.72763,41.72238],[-87.7279,41.72237],[-87.72793,41.723],[-87.72643,41.72303],[-87.7264,41.7222],[-87.7275,41.72218]]]}},{"type":"Feature","properties":{"name":"Mark Twain Park","kind":"park","areaKm2":0.0108,"osmId":5065807},"geometry":{"type":"Polygon","coordinates":[[[-87.61997,41.86116],[-87.6198,41.86023],[-87.62021,41.86022],[-87.62068,41.8607],[-87.62126,41.86101],[-87.62135,41.86093],[-87.62221,41.86103],[-87.62221,41.86118],[-87.62074,41.8612],[-87.62075,41.86134],[-87.61988,41.86135],[-87.61985,41.86117],[-87.61997,41.86116]]]}},{"type":"Feature","properties":{"name":"Jensen Park","kind":"park","areaKm2":0.0108,"osmId":145592982},"geometry":{"type":"Polygon","coordinates":[[[-87.72104,41.96641],[-87.7207,41.96642],[-87.72065,41.96475],[-87.72147,41.96473],[-87.72153,41.96554],[-87.72146,41.96554],[-87.72147,41.96598],[-87.72101,41.96598],[-87.72104,41.96641]]]}},{"type":"Feature","properties":{"name":"Woods Pool","kind":"park","areaKm2":0.0108,"osmId":561845729},"geometry":{"type":"Polygon","coordinates":[[[-87.91055,41.78233],[-87.9105,41.7836],[-87.91007,41.78361],[-87.91006,41.78312],[-87.90922,41.78241],[-87.90969,41.78201],[-87.91055,41.78233]]]}},{"type":"Feature","properties":{"name":"","kind":"park","areaKm2":0.0107,"osmId":992584269},"geometry":{"type":"Polygon","coordinates":[[[-87.65863,41.8329],[-87.65958,41.83412],[-87.66059,41.83485],[-87.66053,41.83499],[-87.66017,41.83478],[-87.65959,41.83519],[-87.65938,41.83505],[-87.65996,41.83454],[-87.65945,41.83411],[-87.65936,41.83409],[-87.65903,41.83438],[-87.6584,41.83441],[-87.65843,41.83423],[-87.65921,41.83382],[-87.65877,41.83331],[-87.65826,41.83355],[-87.65815,41.83321],[-87.65849,41.83304],[-87.65824,41.83267],[-87.65763,41.83206],[-87.6578,41.83206],[-87.65863,41.8329]]]}},{"type":"Feature","properties":{"name":"Mary Bartelme Park","kind":"park","areaKm2":0.0107,"osmId":130282534},"geometry":{"type":"Polygon","coordinates":[[[-87.64974,41.8804],[-87.6497,41.87924],[-87.65071,41.87921],[-87.65072,41.88037],[-87.64974,41.8804]]]}},{"type":"Feature","properties":{"name":"Morgan Park","kind":"park","areaKm2":0.0107,"osmId":194753519},"geometry":{"type":"Polygon","coordinates":[[[-87.82799,42.01842],[-87.82769,42.01846],[-87.82766,42.0151],[-87.82773,42.01498],[-87.82793,42.01498],[-87.82799,42.01842]]]}},{"type":"Feature","properties":{"name":"Unity Park","kind":"park","areaKm2":0.0106,"osmId":21461162},"geometry":{"type":"Polygon","coordinates":[[[-87.73316,41.73069],[-87.73268,41.73118],[-87.73221,41.73083],[-87.73194,41.73069],[-87.73188,41.73073],[-87.73132,41.73036],[-87.73202,41.72984],[-87.733,41.73059],[-87.73318,41.73042],[-87.7333,41.73044],[-87.73316,41.73069]]]}},{"type":"Feature","properties":{"name":"Burnham Park","kind":"park","areaKm2":0.0106,"osmId":233169790},"geometry":{"type":"Polygon","coordinates":[[[-87.54457,41.64392],[-87.54355,41.64313],[-87.54438,41.64254],[-87.54483,41.64304],[-87.54533,41.64341],[-87.54457,41.64392]]]}},{"type":"Feature","properties":{"name":"Keystone Park","kind":"park","areaKm2":0.0106,"osmId":330868700},"geometry":{"type":"Polygon","coordinates":[[[-87.8253,41.88754],[-87.82466,41.88757],[-87.82466,41.88767],[-87.82452,41.88768],[-87.82453,41.88802],[-87.82364,41.88804],[-87.8236,41.88693],[-87.82455,41.88696],[-87.82456,41.88734],[-87.8253,41.8874],[-87.8253,41.88754]]]}},{"type":"Feature","properties":{"name":"Little Wolfe Playground","kind":"park","areaKm2":0.0106,"osmId":486725792},"geometry":{"type":"Polygon","coordinates":[[[-87.7503,41.69792],[-87.75048,41.69805],[-87.74963,41.69809],[-87.74916,41.69665],[-87.74978,41.69654],[-87.74994,41.697],[-87.75025,41.69724],[-87.75035,41.6978],[-87.7503,41.69792]]]}},{"type":"Feature","properties":{"name":"Norwood Circle Park","kind":"park","areaKm2":0.0105,"osmId":166390629},"geometry":{"type":"Polygon","coordinates":[[[-87.80487,41.98931],[-87.80562,41.98833],[-87.80561,41.98996],[-87.80404,41.98997],[-87.80487,41.98931]]]}},{"type":"Feature","properties":{"name":"Berger Park","kind":"park","areaKm2":0.0105,"osmId":173689271},"geometry":{"type":"Polygon","coordinates":[[[-87.65456,41.99594],[-87.65464,41.99571],[-87.65446,41.99517],[-87.65454,41.99464],[-87.65538,41.99464],[-87.65543,41.99593],[-87.65456,41.99594]]]}},{"type":"Feature","properties":{"name":"","kind":"park","areaKm2":0.0103,"osmId":572227240},"geometry":{"type":"Polygon","coordinates":[[[-87.9038,41.64144],[-87.90359,41.64128],[-87.90354,41.64105],[-87.90585,41.64099],[-87.9057,41.64124],[-87.90518,41.6417],[-87.9038,41.64144]]]}},{"type":"Feature","properties":{"name":"","kind":"park","areaKm2":0.0103,"osmId":1434682242},"geometry":{"type":"Polygon","coordinates":[[[-87.86335,41.87825],[-87.85615,41.87764],[-87.85613,41.87744],[-87.85621,41.87739],[-87.8592,41.87765],[-87.85921,41.87782],[-87.85938,41.87785],[-87.86231,41.8781],[-87.86324,41.87816],[-87.86323,41.87794],[-87.86335,41.87825]]]}},{"type":"Feature","properties":{"name":"Freedom Park","kind":"park","areaKm2":0.0103,"osmId":548474861},"geometry":{"type":"Polygon","coordinates":[[[-87.73802,41.65593],[-87.73776,41.65634],[-87.73662,41.65592],[-87.737,41.65515],[-87.73827,41.65563],[-87.73828,41.65593],[-87.73802,41.65593]]]}},{"type":"Feature","properties":{"name":"Park Number 574","kind":"park","areaKm2":0.0103,"osmId":346970683},"geometry":{"type":"Polygon","coordinates":[[[-87.69009,41.8776],[-87.69102,41.8776],[-87.69105,41.8789],[-87.69028,41.87891],[-87.69009,41.8776]]]}},{"type":"Feature","properties":{"name":"Memorial Park","kind":"park","areaKm2":0.0102,"osmId":234331801},"geometry":{"type":"Polygon","coordinates":[[[-87.62948,41.76171],[-87.62872,41.76172],[-87.62871,41.76137],[-87.6289,41.76136],[-87.62889,41.7605],[-87.6296,41.76049],[-87.63001,41.7606],[-87.62948,41.76171]]]}},{"type":"Feature","properties":{"name":"Memorial Park","kind":"park","areaKm2":0.0102,"osmId":200660614},"geometry":{"type":"Polygon","coordinates":[[[-87.77433,41.69764],[-87.77428,41.69652],[-87.77527,41.6965],[-87.77531,41.69763],[-87.77433,41.69764]]]}},{"type":"Feature","properties":{"name":"Friendly Park","kind":"park","areaKm2":0.0102,"osmId":488349411},"geometry":{"type":"Polygon","coordinates":[[[-87.9013,41.90498],[-87.90126,41.90409],[-87.90151,41.90396],[-87.90153,41.9038],[-87.90234,41.9038],[-87.90211,41.9048],[-87.90253,41.90485],[-87.90254,41.905],[-87.9013,41.90498]]]}},{"type":"Feature","properties":{"name":"Meyers Park","kind":"park","areaKm2":0.0102,"osmId":570366628},"geometry":{"type":"Polygon","coordinates":[[[-87.78386,41.65983],[-87.78251,41.65987],[-87.78251,41.65902],[-87.78381,41.65901],[-87.78386,41.65983]]]}},{"type":"Feature","properties":{"name":"Riverwalk East","kind":"park","areaKm2":0.0102,"osmId":860267019},"geometry":{"type":"Polygon","coordinates":[[[-87.61818,41.88806],[-87.61545,41.88792],[-87.61473,41.88792],[-87.61436,41.88808],[-87.61435,41.88798],[-87.61447,41.88794],[-87.61431,41.88794],[-87.61431,41.88779],[-87.61452,41.88773],[-87.62019,41.88799],[-87.6204,41.88802],[-87.62033,41.88824],[-87.62043,41.88824],[-87.62042,41.88832],[-87.61818,41.88806]]]}},{"type":"Feature","properties":{"name":"Schrei Field","kind":"park","areaKm2":0.0102,"osmId":1167878882},"geometry":{"type":"Polygon","coordinates":[[[-87.67195,41.66267],[-87.67066,41.66268],[-87.67061,41.66192],[-87.67219,41.66189],[-87.67195,41.66267]]]}},{"type":"Feature","properties":{"name":"Music Court","kind":"park","areaKm2":0.0102,"osmId":1377887218},"geometry":{"type":"Polygon","coordinates":[[[-87.58039,41.78835],[-87.58029,41.78819],[-87.58022,41.78794],[-87.5803,41.78768],[-87.58058,41.78743],[-87.5809,41.78731],[-87.58142,41.78737],[-87.58174,41.78756],[-87.58194,41.78781],[-87.58039,41.78835]]]}},{"type":"Feature","properties":{"name":"Mayfair Park","kind":"park","areaKm2":0.0101,"osmId":27862463},"geometry":{"type":"Polygon","coordinates":[[[-87.74143,41.96366],[-87.7414,41.96271],[-87.74256,41.96269],[-87.74258,41.96365],[-87.74143,41.96366]]]}},{"type":"Feature","properties":{"name":"Kennicott Park","kind":"park","areaKm2":0.0101,"osmId":163146024},"geometry":{"type":"Polygon","coordinates":[[[-87.59805,41.8139],[-87.59806,41.81458],[-87.59733,41.81458],[-87.59708,41.81424],[-87.59706,41.81335],[-87.59804,41.81334],[-87.59807,41.81369],[-87.59766,41.8137],[-87.59767,41.81391],[-87.59805,41.8139]]]}},{"type":"Feature","properties":{"name":"Southbank Park","kind":"park","areaKm2":0.0101,"osmId":891392236},"geometry":{"type":"Polygon","coordinates":[[[-87.63539,41.87428],[-87.63515,41.87331],[-87.63426,41.87332],[-87.63426,41.87308],[-87.63376,41.87303],[-87.63375,41.87293],[-87.63426,41.87296],[-87.63425,41.87258],[-87.63524,41.87257],[-87.63562,41.87435],[-87.63542,41.87437],[-87.63513,41.87429],[-87.63539,41.87428]]]}},{"type":"Feature","properties":{"name":"Broadway Armory Park","kind":"park","areaKm2":0.0101,"osmId":1509645561},"geometry":{"type":"Polygon","coordinates":[[[-87.66014,41.98996],[-87.6595,41.98999],[-87.65949,41.98943],[-87.65914,41.98943],[-87.65912,41.98869],[-87.66012,41.98867],[-87.66014,41.98996]]]}},{"type":"Feature","properties":{"name":"Woodhull Park","kind":"park","areaKm2":0.0099,"osmId":170960319},"geometry":{"type":"Polygon","coordinates":[[[-87.58367,41.76134],[-87.58448,41.76148],[-87.58492,41.76174],[-87.58493,41.76234],[-87.58369,41.76235],[-87.58367,41.76134]]]}},{"type":"Feature","properties":{"name":"Dillon Park","kind":"park","areaKm2":0.0099,"osmId":1351668031},"geometry":{"type":"Polygon","coordinates":[[[-87.74518,41.70842],[-87.74567,41.70877],[-87.74686,41.70878],[-87.74684,41.70896],[-87.74667,41.70932],[-87.74641,41.7095],[-87.74612,41.70926],[-87.74575,41.7095],[-87.74486,41.70868],[-87.74518,41.70842]]]}},{"type":"Feature","properties":{"name":"Hoard Park","kind":"park","areaKm2":0.0098,"osmId":135887314},"geometry":{"type":"Polygon","coordinates":[[[-87.59766,41.76342],[-87.59931,41.76339],[-87.59931,41.76403],[-87.59767,41.76405],[-87.59766,41.76342]]]}},{"type":"Feature","properties":{"name":"Harrison Square","kind":"park","areaKm2":0.0098,"osmId":239002559},"geometry":{"type":"Polygon","coordinates":[[[-87.67167,41.87505],[-87.67165,41.8742],[-87.67273,41.87418],[-87.67274,41.87448],[-87.67321,41.87502],[-87.67167,41.87505]]]}},{"type":"Feature","properties":{"name":"Helen Doria Beach Park","kind":"park","areaKm2":0.0098,"osmId":349220026},"geometry":{"type":"Polygon","coordinates":[[[-87.65763,42.00513],[-87.65783,42.00517],[-87.65791,42.0057],[-87.65708,42.00571],[-87.65704,42.00509],[-87.65673,42.00423],[-87.65752,42.00427],[-87.65763,42.00513]]]}},{"type":"Feature","properties":{"name":"Water Works Park","kind":"park","areaKm2":0.0098,"osmId":1366370739},"geometry":{"type":"Polygon","coordinates":[[[-87.8438,41.87546],[-87.84597,41.87622],[-87.84597,41.87646],[-87.84554,41.87633],[-87.84418,41.87621],[-87.84413,41.87658],[-87.84385,41.87656],[-87.8438,41.87546]]]}},{"type":"Feature","properties":{"name":"Arthur Ashe Beach Park","kind":"park","areaKm2":0.0098,"osmId":19789853},"geometry":{"type":"Polygon","coordinates":[[[-87.5583,41.76182],[-87.55879,41.76231],[-87.55786,41.76277],[-87.55776,41.76285],[-87.55788,41.76297],[-87.55765,41.76308],[-87.55686,41.76255],[-87.5583,41.76182]]]}},{"type":"Feature","properties":{"name":"Crossman Circle","kind":"park","areaKm2":0.0097,"osmId":186125674},"geometry":{"type":"Polygon","coordinates":[[[-87.8393,41.85863],[-87.83926,41.858],[-87.84081,41.85796],[-87.84085,41.8586],[-87.8393,41.85863]]]}},{"type":"Feature","properties":{"name":"Livingston Field Park","kind":"park","areaKm2":0.0097,"osmId":329568746},"geometry":{"type":"Polygon","coordinates":[[[-87.6803,41.8715],[-87.682,41.87147],[-87.68201,41.87188],[-87.68138,41.87188],[-87.68139,41.87222],[-87.68031,41.87224],[-87.6803,41.8715]]]}},{"type":"Feature","properties":{"name":"Barnard Park","kind":"park","areaKm2":0.0096,"osmId":136623114},"geometry":{"type":"Polygon","coordinates":[[[-87.67076,41.70384],[-87.66951,41.70375],[-87.6696,41.70295],[-87.67074,41.70295],[-87.67076,41.70384]]]}},{"type":"Feature","properties":{"name":"Willye B. White Park","kind":"park","areaKm2":0.0096,"osmId":163579904},"geometry":{"type":"Polygon","coordinates":[[[-87.67107,42.02018],[-87.67015,42.02018],[-87.67016,42.01947],[-87.67186,42.01947],[-87.67185,42.01998],[-87.67107,42.01997],[-87.67107,42.02018]]]}},{"type":"Feature","properties":{"name":"Haley Park","kind":"park","areaKm2":0.0096,"osmId":225051809},"geometry":{"type":"Polygon","coordinates":[[[-87.79329,41.81952],[-87.79324,41.8182],[-87.79404,41.81819],[-87.79408,41.8195],[-87.79329,41.81952]]]}},{"type":"Feature","properties":{"name":"Volunteer Park","kind":"park","areaKm2":0.0096,"osmId":233685358},"geometry":{"type":"Polygon","coordinates":[[[-87.83704,41.71087],[-87.83702,41.71006],[-87.8382,41.71001],[-87.83824,41.71086],[-87.83704,41.71087]]]}},{"type":"Feature","properties":{"name":"Challenger Park","kind":"park","areaKm2":0.0095,"osmId":164876440},"geometry":{"type":"Polygon","coordinates":[[[-87.65704,41.9617],[-87.65701,41.96162],[-87.65692,41.95862],[-87.65682,41.95855],[-87.65681,41.95826],[-87.65691,41.95824],[-87.6569,41.95796],[-87.65717,41.95795],[-87.65726,41.96124],[-87.65735,41.96169],[-87.65704,41.9617]]]}},{"type":"Feature","properties":{"name":"Gill Park","kind":"park","areaKm2":0.0094,"osmId":1103063291},"geometry":{"type":"Polygon","coordinates":[[[-87.65019,41.95241],[-87.65017,41.95195],[-87.64978,41.95196],[-87.64977,41.95171],[-87.65078,41.95169],[-87.65078,41.95185],[-87.65102,41.95185],[-87.65105,41.95268],[-87.64979,41.9527],[-87.64978,41.95242],[-87.65019,41.95241]]]}},{"type":"Feature","properties":{"name":"M. Lester Flowers Park","kind":"park","areaKm2":0.0093,"osmId":32857049},"geometry":{"type":"Polygon","coordinates":[[[-87.74258,42.00637],[-87.7421,42.00637],[-87.74165,42.00496],[-87.74261,42.00496],[-87.74258,42.00637]]]}},{"type":"Feature","properties":{"name":"Roosevelt Park","kind":"park","areaKm2":0.0093,"osmId":85595093},"geometry":{"type":"Polygon","coordinates":[[[-87.63024,41.86847],[-87.63014,41.86854],[-87.6302,41.86862],[-87.62942,41.86863],[-87.6294,41.86755],[-87.63035,41.86757],[-87.63039,41.86855],[-87.63024,41.86847]]]}},{"type":"Feature","properties":{"name":"Garibaldi Park","kind":"park","areaKm2":0.0093,"osmId":134017012},"geometry":{"type":"Polygon","coordinates":[[[-87.66512,41.87269],[-87.66487,41.8727],[-87.66485,41.87175],[-87.66573,41.87173],[-87.66576,41.87294],[-87.66513,41.87295],[-87.66512,41.87269]]]}},{"type":"Feature","properties":{"name":"Scottsdale Park","kind":"park","areaKm2":0.0093,"osmId":138740010},"geometry":{"type":"Polygon","coordinates":[[[-87.73498,41.74188],[-87.73484,41.74129],[-87.73562,41.74136],[-87.73652,41.74135],[-87.73652,41.74197],[-87.73564,41.74199],[-87.73498,41.74188]]]}},{"type":"Feature","properties":{"name":"Gwendolyn Brooks Park","kind":"park","areaKm2":0.0093,"osmId":161176336},"geometry":{"type":"Polygon","coordinates":[[[-87.59943,41.81152],[-87.60053,41.81151],[-87.60054,41.81207],[-87.60095,41.81206],[-87.60096,41.81252],[-87.6009,41.81261],[-87.60054,41.81261],[-87.60053,41.81222],[-87.59944,41.81223],[-87.59943,41.81152]]]}},{"type":"Feature","properties":{"name":"Wetlands","kind":"park","areaKm2":0.0093,"osmId":1169748117},"geometry":{"type":"Polygon","coordinates":[[[-87.79595,42.01829],[-87.79589,42.01815],[-87.79549,42.01786],[-87.7954,42.01764],[-87.7953,42.01764],[-87.79529,42.01737],[-87.79615,42.01737],[-87.79635,42.01722],[-87.7963,42.01903],[-87.7958,42.01884],[-87.79595,42.01829]]]}},{"type":"Feature","properties":{"name":"","kind":"park","areaKm2":0.0092,"osmId":556643073},"geometry":{"type":"Polygon","coordinates":[[[-87.93957,41.77445],[-87.93967,41.77539],[-87.93877,41.77539],[-87.9387,41.77489],[-87.93837,41.7749],[-87.93835,41.77445],[-87.93957,41.77445]]]}},{"type":"Feature","properties":{"name":"Pendleton (Hadiya) Park","kind":"park","areaKm2":0.0092,"osmId":186758554},"geometry":{"type":"Polygon","coordinates":[[[-87.61839,41.81511],[-87.61839,41.81485],[-87.61894,41.81484],[-87.61896,41.81571],[-87.61842,41.81571],[-87.61832,41.81565],[-87.61824,41.81572],[-87.61827,41.81592],[-87.61773,41.81593],[-87.6177,41.81511],[-87.61839,41.81511]]]}},{"type":"Feature","properties":{"name":"Glos Memorial Park","kind":"park","areaKm2":0.0092,"osmId":229209131},"geometry":{"type":"Polygon","coordinates":[[[-87.93762,41.89746],[-87.93843,41.89745],[-87.93823,41.89812],[-87.93819,41.89911],[-87.93767,41.89906],[-87.93762,41.89746]]]}},{"type":"Feature","properties":{"name":"Laramie Park","kind":"park","areaKm2":0.0091,"osmId":188547567},"geometry":{"type":"Polygon","coordinates":[[[-87.74903,41.67448],[-87.749,41.67394],[-87.75084,41.67391],[-87.75086,41.67444],[-87.74903,41.67448]]]}},{"type":"Feature","properties":{"name":"Birch Park","kind":"park","areaKm2":0.0091,"osmId":1028572230},"geometry":{"type":"Polygon","coordinates":[[[-87.85737,41.93288],[-87.85819,41.93288],[-87.85861,41.93399],[-87.8574,41.93375],[-87.85737,41.93288]]]}},{"type":"Feature","properties":{"name":"Cotton Tail Park","kind":"park","areaKm2":0.009,"osmId":5950706},"geometry":{"type":"Polygon","coordinates":[[[-87.62934,41.86273],[-87.62922,41.86276],[-87.62917,41.86283],[-87.62926,41.86296],[-87.62851,41.86297],[-87.62856,41.86278],[-87.62842,41.86274],[-87.62831,41.86281],[-87.6283,41.86202],[-87.62944,41.862],[-87.62945,41.86279],[-87.62934,41.86273]]]}},{"type":"Feature","properties":{"name":"Eden Place Nature Center","kind":"park","areaKm2":0.009,"osmId":231237766},"geometry":{"type":"Polygon","coordinates":[[[-87.63587,41.81541],[-87.63529,41.81542],[-87.63524,41.81373],[-87.63582,41.81372],[-87.63587,41.81541]]]}},{"type":"Feature","properties":{"name":"","kind":"park","areaKm2":0.0089,"osmId":998587839},"geometry":{"type":"Polygon","coordinates":[[[-87.71125,41.82546],[-87.71151,41.82546],[-87.71151,41.82564],[-87.71092,41.82565],[-87.71093,41.82597],[-87.70953,41.82601],[-87.70952,41.82568],[-87.71069,41.82566],[-87.71066,41.82487],[-87.71125,41.82486],[-87.71125,41.82546]]]}},{"type":"Feature","properties":{"name":"Bosley Park","kind":"park","areaKm2":0.0089,"osmId":126547864},"geometry":{"type":"Polygon","coordinates":[[[-87.65267,41.83808],[-87.65268,41.83805],[-87.65312,41.83805],[-87.6547,41.83984],[-87.65433,41.84001],[-87.65267,41.83808]]]}},{"type":"Feature","properties":{"name":"Stephen A. Douglas Monument Park","kind":"park","areaKm2":0.0089,"osmId":136339880},"geometry":{"type":"Polygon","coordinates":[[[-87.60742,41.83114],[-87.60822,41.83114],[-87.60828,41.83128],[-87.60899,41.83127],[-87.60902,41.83199],[-87.60806,41.83199],[-87.60742,41.83114]]]}},{"type":"Feature","properties":{"name":"Tobey Prinz Beach Park","kind":"park","areaKm2":0.0089,"osmId":349221499},"geometry":{"type":"Polygon","coordinates":[[[-87.6585,42.0063],[-87.65584,42.00631],[-87.65687,42.0063],[-87.65708,42.00571],[-87.65848,42.00569],[-87.6585,42.0063]]]}},{"type":"Feature","properties":{"name":"","kind":"park","areaKm2":0.0088,"osmId":468535475},"geometry":{"type":"Polygon","coordinates":[[[-87.75276,41.66126],[-87.75212,41.66085],[-87.75261,41.66039],[-87.75276,41.65993],[-87.75373,41.65991],[-87.75373,41.6601],[-87.75286,41.66094],[-87.75276,41.66126]]]}},{"type":"Feature","properties":{"name":"","kind":"park","areaKm2":0.0088,"osmId":1434682231},"geometry":{"type":"Polygon","coordinates":[[[-87.88309,41.87965],[-87.88309,41.87992],[-87.88193,41.8798],[-87.88194,41.87975],[-87.87833,41.87944],[-87.87833,41.8793],[-87.88309,41.87965]]]}},{"type":"Feature","properties":{"name":"Madison Park","kind":"park","areaKm2":0.0087,"osmId":115807770},"geometry":{"type":"Polygon","coordinates":[[[-87.59212,41.80307],[-87.59238,41.80298],[-87.59595,41.80294],[-87.5963,41.80296],[-87.59651,41.80306],[-87.59623,41.80317],[-87.59237,41.80321],[-87.59212,41.80307]]]}},{"type":"Feature","properties":{"name":"Blythe Park","kind":"park","areaKm2":0.0087,"osmId":130079940},"geometry":{"type":"Polygon","coordinates":[[[-87.80821,41.83616],[-87.80808,41.8358],[-87.80819,41.83549],[-87.80898,41.83557],[-87.80911,41.83574],[-87.80894,41.83629],[-87.80869,41.83656],[-87.80813,41.83681],[-87.80821,41.83616]]]}},{"type":"Feature","properties":{"name":"Wentworth Gardens Park","kind":"park","areaKm2":0.0087,"osmId":219423373},"geometry":{"type":"Polygon","coordinates":[[[-87.63237,41.82506],[-87.63257,41.82513],[-87.63278,41.82545],[-87.63261,41.82579],[-87.63238,41.82588],[-87.6315,41.82589],[-87.63149,41.82507],[-87.63237,41.82506]]]}},{"type":"Feature","properties":{"name":"Park No. 573","kind":"park","areaKm2":0.0087,"osmId":390145093},"geometry":{"type":"Polygon","coordinates":[[[-87.60579,41.6865],[-87.60638,41.68585],[-87.60644,41.68733],[-87.60538,41.68734],[-87.60579,41.6865]]]}},{"type":"Feature","properties":{"name":"","kind":"park","areaKm2":0.0086,"osmId":1000970647},"geometry":{"type":"Polygon","coordinates":[[[-87.65659,41.90807],[-87.65669,41.90798],[-87.65666,41.90761],[-87.6575,41.90759],[-87.65742,41.90725],[-87.65763,41.90724],[-87.65758,41.90822],[-87.65721,41.90897],[-87.65561,41.90899],[-87.65561,41.90887],[-87.65674,41.90885],[-87.65674,41.90891],[-87.65697,41.90888],[-87.6571,41.90893],[-87.65734,41.90832],[-87.65659,41.90807]]]}},{"type":"Feature","properties":{"name":"Galewood Park","kind":"park","areaKm2":0.0086,"osmId":126416595},"geometry":{"type":"Polygon","coordinates":[[[-87.76978,41.91253],[-87.76757,41.91256],[-87.76755,41.91214],[-87.76975,41.91211],[-87.76978,41.91253]]]}},{"type":"Feature","properties":{"name":"Washington Commons Park","kind":"park","areaKm2":0.0086,"osmId":423997699},"geometry":{"type":"Polygon","coordinates":[[[-87.8219,41.88377],[-87.82139,41.88378],[-87.82129,41.88369],[-87.82114,41.88368],[-87.82109,41.8838],[-87.82125,41.88393],[-87.8206,41.88394],[-87.82057,41.88313],[-87.82188,41.88311],[-87.8219,41.88377]]]}},{"type":"Feature","properties":{"name":"","kind":"park","areaKm2":0.0085,"osmId":1115866294},"geometry":{"type":"Polygon","coordinates":[[[-87.69131,41.6644],[-87.69117,41.66478],[-87.69053,41.66473],[-87.69009,41.66448],[-87.69009,41.66396],[-87.69131,41.66393],[-87.69131,41.6644]]]}},{"type":"Feature","properties":{"name":"Independence Square","kind":"park","areaKm2":0.0085,"osmId":34852611},"geometry":{"type":"Polygon","coordinates":[[[-87.71907,41.86274],[-87.719,41.86218],[-87.72017,41.86215],[-87.72027,41.86224],[-87.72028,41.86293],[-87.72019,41.863],[-87.71948,41.86296],[-87.71907,41.86274]]]}},{"type":"Feature","properties":{"name":"Stone and Monroe Park","kind":"park","areaKm2":0.0085,"osmId":174436146},"geometry":{"type":"Polygon","coordinates":[[[-87.87792,41.82864],[-87.87786,41.8278],[-87.87897,41.82777],[-87.87901,41.8286],[-87.87792,41.82864]]]}},{"type":"Feature","properties":{"name":"Starr Park","kind":"park","areaKm2":0.0085,"osmId":354941409},"geometry":{"type":"Polygon","coordinates":[[[-87.68413,41.88403],[-87.68411,41.8831],[-87.68481,41.88308],[-87.68481,41.88351],[-87.68537,41.8835],[-87.68536,41.88398],[-87.68413,41.88403]]]}},{"type":"Feature","properties":{"name":"Sharp Park","kind":"park","areaKm2":0.0085,"osmId":508589939},"geometry":{"type":"Polygon","coordinates":[[[-87.87696,41.9019],[-87.87644,41.90191],[-87.87642,41.90119],[-87.87741,41.90118],[-87.87744,41.90237],[-87.87697,41.90237],[-87.87696,41.9019]]]}},{"type":"Feature","properties":{"name":"Walsh-Westgate Park","kind":"park","areaKm2":0.0085,"osmId":570365377},"geometry":{"type":"Polygon","coordinates":[[[-87.77732,41.65057],[-87.77729,41.64982],[-87.77804,41.64985],[-87.77813,41.65002],[-87.77858,41.65006],[-87.77865,41.65013],[-87.77838,41.65066],[-87.77741,41.65068],[-87.77732,41.65057]]]}},{"type":"Feature","properties":{"name":"Hoyne Park","kind":"park","areaKm2":0.0084,"osmId":131817876},"geometry":{"type":"Polygon","coordinates":[[[-87.67885,41.83088],[-87.67886,41.83208],[-87.67787,41.8321],[-87.67786,41.83147],[-87.67885,41.83088]]]}},{"type":"Feature","properties":{"name":"Woman's Garden","kind":"park","areaKm2":0.0084,"osmId":1530944181},"geometry":{"type":"Polygon","coordinates":[[[-87.58612,41.7866],[-87.58633,41.78671],[-87.58635,41.78747],[-87.58568,41.78746],[-87.58528,41.78722],[-87.58509,41.78657],[-87.58546,41.78672],[-87.58578,41.78672],[-87.58612,41.7866]]]}},{"type":"Feature","properties":{"name":"Ridge Acres Park","kind":"park","areaKm2":0.0083,"osmId":31992064},"geometry":{"type":"Polygon","coordinates":[[[-87.89059,41.80509],[-87.89064,41.80611],[-87.88976,41.80613],[-87.88972,41.80511],[-87.89059,41.80509]]]}},{"type":"Feature","properties":{"name":"Park No. 578","kind":"park","areaKm2":0.0083,"osmId":389561163},"geometry":{"type":"Polygon","coordinates":[[[-87.67436,41.88409],[-87.67433,41.88325],[-87.67537,41.88323],[-87.67539,41.88408],[-87.67436,41.88409]]]}},{"type":"Feature","properties":{"name":"","kind":"park","areaKm2":0.0082,"osmId":999723174},"geometry":{"type":"Polygon","coordinates":[[[-87.66132,41.8534],[-87.66129,41.85253],[-87.66232,41.85252],[-87.66234,41.85338],[-87.66132,41.8534]]]}},{"type":"Feature","properties":{"name":"Legion Park","kind":"park","areaKm2":0.0082,"osmId":824484764},"geometry":{"type":"Polygon","coordinates":[[[-87.80339,41.78177],[-87.80241,41.78179],[-87.80237,41.78096],[-87.80342,41.78095],[-87.80347,41.78172],[-87.80339,41.78177]]]}},{"type":"Feature","properties":{"name":"McKiernan Park","kind":"park","areaKm2":0.0081,"osmId":32484734},"geometry":{"type":"Polygon","coordinates":[[[-87.70238,41.69795],[-87.70345,41.69793],[-87.70347,41.69876],[-87.7024,41.69877],[-87.70238,41.69795]]]}},{"type":"Feature","properties":{"name":"Grotto","kind":"park","areaKm2":0.0081,"osmId":321574058},"geometry":{"type":"Polygon","coordinates":[[[-87.82496,41.90412],[-87.82383,41.90414],[-87.82381,41.90361],[-87.82413,41.90352],[-87.82415,41.90322],[-87.82437,41.90322],[-87.82439,41.90339],[-87.8245,41.90339],[-87.82451,41.90322],[-87.82475,41.90328],[-87.82492,41.90322],[-87.82496,41.90412]]]}},{"type":"Feature","properties":{"name":"Frost Park","kind":"park","areaKm2":0.0081,"osmId":488349647},"geometry":{"type":"Polygon","coordinates":[[[-87.89296,41.90128],[-87.89352,41.90129],[-87.89352,41.90278],[-87.89292,41.9028],[-87.89296,41.90128]]]}},{"type":"Feature","properties":{"name":"River Esplanade","kind":"park","areaKm2":0.0081,"osmId":17457548},"geometry":{"type":"Polygon","coordinates":[[[-87.61522,41.88948],[-87.6152,41.88904],[-87.61431,41.88905],[-87.61435,41.8889],[-87.6145,41.8889],[-87.61438,41.88886],[-87.61439,41.88878],[-87.61476,41.88896],[-87.61531,41.88899],[-87.61586,41.88896],[-87.61764,41.88867],[-87.62033,41.88882],[-87.62015,41.8889],[-87.62024,41.88893],[-87.62022,41.88907],[-87.62007,41.88893],[-87.61883,41.88883],[-87.61858,41.88898],[-87.61845,41.8889],[-87.61793,41.88884],[-87.61772,41.88889],[-87.61756,41.8891],[-87.61748,41.8891],[-87.61718,41.88887],[-87.61536,41.88916],[-87.61532,41.88948],[-87.61522,41.88948]]]}},{"type":"Feature","properties":{"name":"Walsh Park","kind":"park","areaKm2":0.008,"osmId":32827263},"geometry":{"type":"Polygon","coordinates":[[[-87.66797,41.91423],[-87.66795,41.91315],[-87.66833,41.91314],[-87.66834,41.91346],[-87.66894,41.91345],[-87.66896,41.91417],[-87.66797,41.91423]]]}},{"type":"Feature","properties":{"name":"Cumberland Park","kind":"park","areaKm2":0.0079,"osmId":32680140},"geometry":{"type":"Polygon","coordinates":[[[-87.83468,42.00943],[-87.8358,42.00848],[-87.83577,42.00989],[-87.83562,42.00989],[-87.83468,42.00943]]]}},{"type":"Feature","properties":{"name":"Candy Cane Park","kind":"park","areaKm2":0.0079,"osmId":131617496},"geometry":{"type":"Polygon","coordinates":[[[-87.85083,41.83863],[-87.85085,41.83936],[-87.84968,41.83939],[-87.84964,41.83866],[-87.85083,41.83863]]]}},{"type":"Feature","properties":{"name":"Hartigan Beach Park","kind":"park","areaKm2":0.0079,"osmId":165567815},"geometry":{"type":"Polygon","coordinates":[[[-87.65792,42.00209],[-87.65794,42.0025],[-87.65731,42.00251],[-87.65741,42.00311],[-87.65688,42.00312],[-87.65682,42.00272],[-87.65654,42.00211],[-87.65792,42.00209]]]}},{"type":"Feature","properties":{"name":"","kind":"park","areaKm2":0.0078,"osmId":1123958271},"geometry":{"type":"Polygon","coordinates":[[[-87.64679,41.84882],[-87.64943,41.84797],[-87.64984,41.84801],[-87.65321,41.84756],[-87.65309,41.847],[-87.65314,41.84691],[-87.65318,41.84695],[-87.65331,41.84768],[-87.65045,41.84808],[-87.6502,41.84801],[-87.65013,41.84811],[-87.64937,41.84807],[-87.64669,41.84895],[-87.64665,41.84843],[-87.64674,41.84843],[-87.64679,41.84882]]]}},{"type":"Feature","properties":{"name":"Burlington Park","kind":"park","areaKm2":0.0078,"osmId":222509646},"geometry":{"type":"Polygon","coordinates":[[[-87.92739,41.80363],[-87.92732,41.80339],[-87.92917,41.80299],[-87.92924,41.80353],[-87.92917,41.80359],[-87.92739,41.80363]]]}},{"type":"Feature","properties":{"name":"Coach Jim Wagner Park","kind":"park","areaKm2":0.0078,"osmId":236593558},"geometry":{"type":"Polygon","coordinates":[[[-87.89687,41.9275],[-87.8979,41.92749],[-87.89791,41.92832],[-87.8969,41.92832],[-87.89687,41.9275]]]}},{"type":"Feature","properties":{"name":"","kind":"park","areaKm2":0.0077,"osmId":283711549},"geometry":{"type":"Polygon","coordinates":[[[-87.8791,41.99385],[-87.87923,41.99443],[-87.87831,41.99445],[-87.87831,41.99345],[-87.87914,41.99345],[-87.8791,41.99385]]]}},{"type":"Feature","properties":{"name":"","kind":"park","areaKm2":0.0077,"osmId":1316502592},"geometry":{"type":"Polygon","coordinates":[[[-87.71772,42.01163],[-87.71761,42.01172],[-87.7174,42.01173],[-87.71785,42.01089],[-87.71779,42.01087],[-87.71896,42.00889],[-87.71915,42.00908],[-87.71772,42.01163]]]}},{"type":"Feature","properties":{"name":"Chi Che Wang Park","kind":"park","areaKm2":0.0077,"osmId":252368915},"geometry":{"type":"Polygon","coordinates":[[[-87.67248,41.93283],[-87.67329,41.93282],[-87.67334,41.93244],[-87.67337,41.93376],[-87.67252,41.93377],[-87.67248,41.93283]]]}},{"type":"Feature","properties":{"name":"","kind":"park","areaKm2":0.0076,"osmId":361653951},"geometry":{"type":"Polygon","coordinates":[[[-87.9139,41.88811],[-87.91536,41.88813],[-87.91536,41.88871],[-87.91389,41.88866],[-87.9139,41.88811]]]}},{"type":"Feature","properties":{"name":"","kind":"park","areaKm2":0.0076,"osmId":469573269},"geometry":{"type":"Polygon","coordinates":[[[-87.78358,41.93649],[-87.78351,41.93475],[-87.78516,41.93475],[-87.78516,41.93486],[-87.78384,41.93486],[-87.78389,41.9364],[-87.78523,41.93639],[-87.78522,41.93647],[-87.78358,41.93649]]]}},{"type":"Feature","properties":{"name":"Jefferson Playlot Park","kind":"park","areaKm2":0.0076,"osmId":134017316},"geometry":{"type":"Polygon","coordinates":[[[-87.64187,41.85943],[-87.64186,41.85959],[-87.64143,41.85959],[-87.64142,41.85902],[-87.64203,41.85902],[-87.64203,41.85881],[-87.64245,41.8588],[-87.64244,41.85867],[-87.64281,41.85867],[-87.64282,41.85938],[-87.64187,41.85943]]]}},{"type":"Feature","properties":{"name":"Guthrie Park","kind":"park","areaKm2":0.0076,"osmId":157032281},"geometry":{"type":"Polygon","coordinates":[[[-87.81942,41.82719],[-87.81911,41.82668],[-87.82032,41.82639],[-87.82113,41.82636],[-87.82032,41.8269],[-87.81942,41.82719]]]}},{"type":"Feature","properties":{"name":"Stars & Stripes Park","kind":"park","areaKm2":0.0076,"osmId":164425257},"geometry":{"type":"Polygon","coordinates":[[[-87.79854,41.7988],[-87.79855,41.799],[-87.79677,41.79949],[-87.79675,41.79882],[-87.79854,41.7988]]]}},{"type":"Feature","properties":{"name":"Patriots Park","kind":"park","areaKm2":0.0076,"osmId":180794012},"geometry":{"type":"Polygon","coordinates":[[[-87.80619,41.84296],[-87.80555,41.84275],[-87.80646,41.84256],[-87.80662,41.84247],[-87.80695,41.84261],[-87.80754,41.84269],[-87.80826,41.84263],[-87.80848,41.84278],[-87.80828,41.84295],[-87.80619,41.84296]]]}},{"type":"Feature","properties":{"name":"McInerney Park","kind":"park","areaKm2":0.0076,"osmId":218708296},"geometry":{"type":"Polygon","coordinates":[[[-87.64448,41.81259],[-87.64453,41.81246],[-87.64547,41.81244],[-87.64551,41.81344],[-87.64505,41.81345],[-87.64504,41.81304],[-87.64455,41.81304],[-87.64443,41.8129],[-87.64431,41.81298],[-87.64434,41.81264],[-87.64448,41.81259]]]}},{"type":"Feature","properties":{"name":"Leland Giants Park","kind":"park","areaKm2":0.0076,"osmId":234338224},"geometry":{"type":"Polygon","coordinates":[[[-87.6411,41.75737],[-87.64167,41.75737],[-87.64167,41.75784],[-87.64061,41.7573],[-87.64058,41.75622],[-87.64109,41.75622],[-87.6411,41.75737]]]}},{"type":"Feature","properties":{"name":"","kind":"park","areaKm2":0.0075,"osmId":217693611},"geometry":{"type":"Polygon","coordinates":[[[-87.78018,41.70252],[-87.78017,41.70195],[-87.78143,41.70191],[-87.78174,41.70222],[-87.78143,41.70248],[-87.78018,41.70252]]]}},{"type":"Feature","properties":{"name":"","kind":"park","areaKm2":0.0075,"osmId":1315783797},"geometry":{"type":"Polygon","coordinates":[[[-87.68182,41.93349],[-87.68183,41.93359],[-87.68214,41.93381],[-87.68206,41.93388],[-87.68212,41.93392],[-87.68186,41.93412],[-87.68054,41.93316],[-87.68079,41.93297],[-87.68085,41.93301],[-87.68093,41.93295],[-87.68125,41.93317],[-87.68158,41.93305],[-87.68199,41.93336],[-87.68182,41.93349]]]}},{"type":"Feature","properties":{"name":"","kind":"park","areaKm2":0.0075,"osmId":1434682241},"geometry":{"type":"Polygon","coordinates":[[[-87.86719,41.87855],[-87.8645,41.8783],[-87.86453,41.87806],[-87.86731,41.87828],[-87.86749,41.8785],[-87.86731,41.87848],[-87.86719,41.87855]]]}},{"type":"Feature","properties":{"name":"Clark Park","kind":"park","areaKm2":0.0075,"osmId":186397474},"geometry":{"type":"Polygon","coordinates":[[[-87.74139,41.8764],[-87.7414,41.87678],[-87.74046,41.8768],[-87.74043,41.87608],[-87.74175,41.87605],[-87.74176,41.87639],[-87.74139,41.8764]]]}},{"type":"Feature","properties":{"name":"Muehe Memorial Park","kind":"park","areaKm2":0.0075,"osmId":1079207441},"geometry":{"type":"Polygon","coordinates":[[[-87.79659,41.72894],[-87.79792,41.72892],[-87.79795,41.72952],[-87.79662,41.72955],[-87.79659,41.72894]]]}},{"type":"Feature","properties":{"name":"Silver Creek Eagle Nest Park","kind":"park","areaKm2":0.0075,"osmId":1315202826},"geometry":{"type":"Polygon","coordinates":[[[-87.83581,41.89862],[-87.83613,41.89878],[-87.83653,41.89881],[-87.83693,41.8987],[-87.83718,41.89876],[-87.83751,41.89894],[-87.83747,41.89909],[-87.8356,41.89919],[-87.83561,41.89913],[-87.83516,41.89908],[-87.83519,41.8989],[-87.83562,41.89895],[-87.8357,41.89865],[-87.83581,41.89862]]]}},{"type":"Feature","properties":{"name":"Riverpoint","kind":"park","areaKm2":0.0074,"osmId":167141297},"geometry":{"type":"Polygon","coordinates":[[[-87.63827,41.88588],[-87.63829,41.88583],[-87.63925,41.88584],[-87.63919,41.88605],[-87.6393,41.88637],[-87.63951,41.88674],[-87.63975,41.88668],[-87.63971,41.88696],[-87.63983,41.88709],[-87.63941,41.8871],[-87.63946,41.88716],[-87.63926,41.88717],[-87.6392,41.88696],[-87.63827,41.88588]]]}},{"type":"Feature","properties":{"name":"Aqua Lifestyle Garden","kind":"park","areaKm2":0.0074,"osmId":15936703},"geometry":{"type":"Polygon","coordinates":[[[-87.61933,41.88676],[-87.61931,41.8859],[-87.62049,41.88589],[-87.6205,41.88661],[-87.62049,41.88665],[-87.62046,41.88668],[-87.62034,41.88674],[-87.61975,41.8867],[-87.61933,41.88676]],[[-87.62047,41.88665],[-87.62047,41.88638],[-87.61982,41.88639],[-87.61983,41.88664],[-87.62047,41.88665]]]}},{"type":"Feature","properties":{"name":"","kind":"park","areaKm2":0.0073,"osmId":313120124},"geometry":{"type":"Polygon","coordinates":[[[-87.80656,41.90314],[-87.80658,41.90367],[-87.80684,41.90396],[-87.80591,41.90398],[-87.80586,41.90289],[-87.80665,41.90288],[-87.80656,41.90314]]]}},{"type":"Feature","properties":{"name":"","kind":"park","areaKm2":0.0073,"osmId":1231709476},"geometry":{"type":"Polygon","coordinates":[[[-87.8758,41.99501],[-87.87575,41.99579],[-87.87561,41.99587],[-87.87504,41.99571],[-87.87474,41.99542],[-87.87479,41.99526],[-87.87452,41.99499],[-87.8756,41.99496],[-87.8758,41.99501]]]}},{"type":"Feature","properties":{"name":"Pleasant Point Park","kind":"park","areaKm2":0.0073,"osmId":119618599},"geometry":{"type":"Polygon","coordinates":[[[-87.79799,41.99763],[-87.79828,41.99857],[-87.79733,41.99872],[-87.79732,41.99775],[-87.79799,41.99763]]]}},{"type":"Feature","properties":{"name":"North Boundary Park","kind":"park","areaKm2":0.0073,"osmId":209692625},"geometry":{"type":"Polygon","coordinates":[[[-87.70891,42.01339],[-87.70864,42.01456],[-87.70863,42.01542],[-87.70849,42.01542],[-87.70856,42.01235],[-87.70895,42.01234],[-87.70891,42.01339]]]}},{"type":"Feature","properties":{"name":"Kiwanis Park","kind":"park","areaKm2":0.0073,"osmId":232085504},"geometry":{"type":"Polygon","coordinates":[[[-87.71179,41.97385],[-87.71176,41.97397],[-87.71128,41.97397],[-87.71128,41.9738],[-87.71169,41.97315],[-87.71225,41.97258],[-87.71229,41.97384],[-87.71179,41.97385]]]}},{"type":"Feature","properties":{"name":"DePaul University Quad","kind":"park","areaKm2":0.0073,"osmId":540079231},"geometry":{"type":"Polygon","coordinates":[[[-87.6559,41.92437],[-87.6568,41.92436],[-87.65684,41.92522],[-87.65591,41.92522],[-87.6559,41.92437]]]}},{"type":"Feature","properties":{"name":"Grandparents Park","kind":"park","areaKm2":0.0072,"osmId":207124650},"geometry":{"type":"Polygon","coordinates":[[[-87.83894,41.97927],[-87.8382,41.97928],[-87.83818,41.97836],[-87.83825,41.97832],[-87.83901,41.9783],[-87.83894,41.97927]]]}},{"type":"Feature","properties":{"name":"Boler Park","kind":"park","areaKm2":0.0072,"osmId":235692895},"geometry":{"type":"Polygon","coordinates":[[[-87.71677,41.87029],[-87.71675,41.86953],[-87.71772,41.86952],[-87.71783,41.87028],[-87.71677,41.87029]]]}},{"type":"Feature","properties":{"name":"","kind":"park","areaKm2":0.0071,"osmId":1316502603},"geometry":{"type":"Polygon","coordinates":[[[-87.72393,42.00043],[-87.7263,41.99734],[-87.72649,41.99734],[-87.72413,42.00056],[-87.72393,42.00043]]]}},{"type":"Feature","properties":{"name":"","kind":"park","areaKm2":0.0071,"osmId":1434682232},"geometry":{"type":"Polygon","coordinates":[[[-87.87576,41.87901],[-87.87671,41.87901],[-87.87672,41.87915],[-87.87813,41.87927],[-87.87814,41.87941],[-87.87337,41.87896],[-87.87337,41.87882],[-87.87576,41.87901]]]}},{"type":"Feature","properties":{"name":"","kind":"park","areaKm2":0.0071,"osmId":1434682234},"geometry":{"type":"Polygon","coordinates":[[[-87.87324,41.87884],[-87.87327,41.87913],[-87.86923,41.87866],[-87.86918,41.87856],[-87.87064,41.87872],[-87.87324,41.87884]]]}},{"type":"Feature","properties":{"name":"Myrtle Grove","kind":"park","areaKm2":0.0071,"osmId":119617624},"geometry":{"type":"Polygon","coordinates":[[[-87.80405,41.99236],[-87.80555,41.99237],[-87.80557,41.99323],[-87.80403,41.99243],[-87.80405,41.99236]]]}},{"type":"Feature","properties":{"name":"","kind":"park","areaKm2":0.007,"osmId":1054130688},"geometry":{"type":"Polygon","coordinates":[[[-87.75784,41.80366],[-87.7578,41.80204],[-87.75827,41.80203],[-87.75831,41.80365],[-87.75784,41.80366]]]}},{"type":"Feature","properties":{"name":"Gladstone Park","kind":"park","areaKm2":0.007,"osmId":194838776},"geometry":{"type":"Polygon","coordinates":[[[-87.77318,41.97986],[-87.77315,41.97988],[-87.77225,41.97889],[-87.77321,41.97845],[-87.77318,41.97986]]]}},{"type":"Feature","properties":{"name":"Michael Park","kind":"park","areaKm2":0.007,"osmId":221454425},"geometry":{"type":"Polygon","coordinates":[[[-87.8102,41.70028],[-87.81022,41.70063],[-87.80992,41.7006],[-87.80973,41.70093],[-87.80964,41.7009],[-87.80983,41.70058],[-87.80957,41.7005],[-87.80998,41.69979],[-87.80951,41.69968],[-87.80954,41.69961],[-87.81001,41.69972],[-87.81006,41.69964],[-87.81065,41.69962],[-87.81068,41.70026],[-87.8102,41.70028]]]}},{"type":"Feature","properties":{"name":"Kahl Park","kind":"park","areaKm2":0.007,"osmId":236593561},"geometry":{"type":"Polygon","coordinates":[[[-87.8954,41.91691],[-87.89624,41.91689],[-87.89626,41.91733],[-87.89668,41.91732],[-87.89669,41.91763],[-87.89543,41.91765],[-87.8954,41.91691]]]}},{"type":"Feature","properties":{"name":"Urlich Park","kind":"park","areaKm2":0.007,"osmId":506772714},"geometry":{"type":"Polygon","coordinates":[[[-87.80844,41.75719],[-87.8085,41.75877],[-87.80804,41.75878],[-87.80797,41.75715],[-87.80844,41.75719]]]}},{"type":"Feature","properties":{"name":"Harry W. Pearce Memorial Grove","kind":"park","areaKm2":0.007,"osmId":963521666},"geometry":{"type":"Polygon","coordinates":[[[-87.64996,41.87043],[-87.65041,41.87016],[-87.65066,41.86988],[-87.65033,41.86978],[-87.64982,41.86982],[-87.64975,41.86968],[-87.65094,41.86966],[-87.65101,41.86971],[-87.65101,41.87061],[-87.64983,41.87062],[-87.64996,41.87043]]]}},{"type":"Feature","properties":{"name":"Kells Park","kind":"park","areaKm2":0.0069,"osmId":55045703},"geometry":{"type":"Polygon","coordinates":[[[-87.70666,41.89467],[-87.70764,41.89467],[-87.70765,41.89544],[-87.70669,41.89544],[-87.70666,41.89467]]]}},{"type":"Feature","properties":{"name":"Apache Park","kind":"park","areaKm2":0.0069,"osmId":164478388},"geometry":{"type":"Polygon","coordinates":[[[-87.88951,42.0153],[-87.88951,42.01459],[-87.8901,42.01459],[-87.8901,42.01441],[-87.89051,42.01441],[-87.89045,42.0153],[-87.88951,42.0153]]]}},{"type":"Feature","properties":{"name":"Garywood Park","kind":"park","areaKm2":0.0069,"osmId":225796888},"geometry":{"type":"Polygon","coordinates":[[[-87.90903,41.77505],[-87.909,41.77454],[-87.91007,41.77412],[-87.91004,41.77502],[-87.90903,41.77505]]]}},{"type":"Feature","properties":{"name":"Monument Park","kind":"park","areaKm2":0.0068,"osmId":119622846},"geometry":{"type":"Polygon","coordinates":[[[-87.81873,42.00188],[-87.81822,42.00234],[-87.81724,42.00178],[-87.81773,42.00133],[-87.81873,42.00188]]]}},{"type":"Feature","properties":{"name":"","kind":"park","areaKm2":0.0067,"osmId":1528278606},"geometry":{"type":"Polygon","coordinates":[[[-87.69474,41.84266],[-87.69507,41.84269],[-87.69509,41.84464],[-87.69476,41.84464],[-87.69474,41.84266]]]}},{"type":"Feature","properties":{"name":"Moran Park","kind":"park","areaKm2":0.0066,"osmId":136337293},"geometry":{"type":"Polygon","coordinates":[[[-87.65416,41.78881],[-87.6546,41.7888],[-87.65465,41.79044],[-87.65421,41.79045],[-87.65416,41.78881]]]}},{"type":"Feature","properties":{"name":"Cheney Mansion","kind":"park","areaKm2":0.0066,"osmId":414261185},"geometry":{"type":"Polygon","coordinates":[[[-87.79201,41.89033],[-87.7926,41.89031],[-87.79264,41.89151],[-87.79203,41.89151],[-87.79201,41.89033]]]}},{"type":"Feature","properties":{"name":"Progress Park","kind":"park","areaKm2":0.0065,"osmId":176097788},"geometry":{"type":"Polygon","coordinates":[[[-87.7163,41.67209],[-87.71628,41.67129],[-87.71715,41.67127],[-87.71717,41.67207],[-87.7163,41.67209]]]}},{"type":"Feature","properties":{"name":"Elm Park","kind":"park","areaKm2":0.0065,"osmId":199261433},"geometry":{"type":"Polygon","coordinates":[[[-87.8783,41.81098],[-87.87827,41.81054],[-87.87873,41.8103],[-87.87929,41.81031],[-87.87932,41.8111],[-87.87883,41.81112],[-87.87882,41.81096],[-87.8783,41.81098]]]}},{"type":"Feature","properties":{"name":"Bohn Park","kind":"park","areaKm2":0.0065,"osmId":208987530},"geometry":{"type":"Polygon","coordinates":[[[-87.67127,41.69277],[-87.67053,41.69329],[-87.67057,41.69305],[-87.67071,41.69306],[-87.67084,41.69274],[-87.67081,41.69203],[-87.67176,41.69202],[-87.67127,41.69277]]]}},{"type":"Feature","properties":{"name":"Central Stickey Park District","kind":"park","areaKm2":0.0065,"osmId":507828688},"geometry":{"type":"Polygon","coordinates":[[[-87.75664,41.80659],[-87.75716,41.80659],[-87.75717,41.8068],[-87.7577,41.80679],[-87.75772,41.80736],[-87.75667,41.80737],[-87.75664,41.80659]]]}},{"type":"Feature","properties":{"name":"","kind":"park","areaKm2":0.0064,"osmId":1134999829},"geometry":{"type":"Polygon","coordinates":[[[-87.76371,41.68309],[-87.76378,41.68252],[-87.76491,41.68249],[-87.76493,41.68304],[-87.76371,41.68309]]]}},{"type":"Feature","properties":{"name":"Trebes Park","kind":"park","areaKm2":0.0064,"osmId":28100538},"geometry":{"type":"Polygon","coordinates":[[[-87.65827,41.92172],[-87.65829,41.92237],[-87.65721,41.92238],[-87.65719,41.92173],[-87.65827,41.92172]]]}},{"type":"Feature","properties":{"name":"Hasen Park","kind":"park","areaKm2":0.0064,"osmId":488350472},"geometry":{"type":"Polygon","coordinates":[[[-87.88981,41.9058],[-87.88999,41.9058],[-87.88997,41.90542],[-87.89061,41.9054],[-87.89089,41.9062],[-87.8898,41.90622],[-87.88981,41.9058]]]}},{"type":"Feature","properties":{"name":"","kind":"park","areaKm2":0.0063,"osmId":293388757},"geometry":{"type":"Polygon","coordinates":[[[-87.65499,41.98199],[-87.655,41.98209],[-87.65472,41.98209],[-87.65472,41.98215],[-87.655,41.98215],[-87.65502,41.98258],[-87.65482,41.98266],[-87.65476,41.9828],[-87.6541,41.98282],[-87.65408,41.982],[-87.65499,41.98199]]]}},{"type":"Feature","properties":{"name":"Durso Park","kind":"park","areaKm2":0.0063,"osmId":31659120},"geometry":{"type":"Polygon","coordinates":[[[-87.63937,41.89887],[-87.63932,41.8976],[-87.63986,41.8976],[-87.63991,41.89886],[-87.63937,41.89887]]]}},{"type":"Feature","properties":{"name":"City Farm Park","kind":"park","areaKm2":0.0063,"osmId":230187832},"geometry":{"type":"Polygon","coordinates":[[[-87.64314,41.90474],[-87.64196,41.90439],[-87.64194,41.90384],[-87.64254,41.90383],[-87.64255,41.90408],[-87.64309,41.90418],[-87.64314,41.90474]]]}},{"type":"Feature","properties":{"name":"Kiwanis Park","kind":"park","areaKm2":0.0063,"osmId":1147472758},"geometry":{"type":"Polygon","coordinates":[[[-87.74757,41.67145],[-87.74746,41.67084],[-87.74862,41.67082],[-87.74865,41.67144],[-87.74757,41.67145]]]}},{"type":"Feature","properties":{"name":"Bennett Park","kind":"park","areaKm2":0.0063,"osmId":711529478},"geometry":{"type":"Polygon","coordinates":[[[-87.61612,41.89176],[-87.61612,41.89156],[-87.61565,41.89156],[-87.61564,41.89121],[-87.61701,41.89117],[-87.61703,41.89174],[-87.61612,41.89176]]]}},{"type":"Feature","properties":{"name":"Haas Park","kind":"park","areaKm2":0.0062,"osmId":32563560},"geometry":{"type":"Polygon","coordinates":[[[-87.69684,41.92496],[-87.69685,41.92534],[-87.69511,41.92536],[-87.6951,41.92497],[-87.69684,41.92496]]]}},{"type":"Feature","properties":{"name":"Avondale Park","kind":"park","areaKm2":0.0062,"osmId":117150848},"geometry":{"type":"Polygon","coordinates":[[[-87.71567,41.94111],[-87.71569,41.94204],[-87.71477,41.94144],[-87.71399,41.94118],[-87.71567,41.94111]]]}},{"type":"Feature","properties":{"name":"Central Park","kind":"park","areaKm2":0.0062,"osmId":576481509},"geometry":{"type":"Polygon","coordinates":[[[-87.81477,41.92454],[-87.81469,41.92461],[-87.81369,41.92441],[-87.81368,41.92345],[-87.81415,41.92343],[-87.81417,41.9243],[-87.81476,41.9243],[-87.81477,41.92454]]]}},{"type":"Feature","properties":{"name":"Kriz Park","kind":"park","areaKm2":0.0062,"osmId":1069517872},"geometry":{"type":"Polygon","coordinates":[[[-87.80328,41.85819],[-87.80333,41.85947],[-87.8028,41.85948],[-87.80276,41.85821],[-87.80328,41.85819]]]}},{"type":"Feature","properties":{"name":"The Park at NTA","kind":"park","areaKm2":0.0062,"osmId":1086775690},"geometry":{"type":"Polygon","coordinates":[[[-87.62926,41.85203],[-87.62927,41.85272],[-87.6283,41.85273],[-87.62827,41.85204],[-87.62926,41.85203]]]}},{"type":"Feature","properties":{"name":"","kind":"park","areaKm2":0.0061,"osmId":1194099128},"geometry":{"type":"Polygon","coordinates":[[[-87.79119,41.72561],[-87.79031,41.72562],[-87.79028,41.72509],[-87.79149,41.72508],[-87.79151,41.72567],[-87.79119,41.72568],[-87.79119,41.72561]]]}},{"type":"Feature","properties":{"name":"","kind":"park","areaKm2":0.0061,"osmId":1545873451},"geometry":{"type":"Polygon","coordinates":[[[-87.85877,41.74056],[-87.85873,41.74075],[-87.85855,41.74088],[-87.85817,41.74083],[-87.85821,41.74061],[-87.85831,41.74057],[-87.85825,41.74029],[-87.85832,41.74019],[-87.85875,41.74006],[-87.85904,41.73975],[-87.85949,41.74017],[-87.85877,41.74056]]]}},{"type":"Feature","properties":{"name":"Mills Park","kind":"park","areaKm2":0.0061,"osmId":132532353},"geometry":{"type":"Polygon","coordinates":[[[-87.81639,41.93126],[-87.81617,41.93141],[-87.81571,41.93142],[-87.81571,41.93078],[-87.81685,41.93075],[-87.81686,41.93126],[-87.81639,41.93126]]]}},{"type":"Feature","properties":{"name":"Jesse White Park","kind":"park","areaKm2":0.0061,"osmId":346987196},"geometry":{"type":"Polygon","coordinates":[[[-87.63926,41.89711],[-87.63877,41.89712],[-87.63875,41.89668],[-87.63982,41.89662],[-87.63985,41.89735],[-87.63927,41.89736],[-87.63926,41.89711]]]}},{"type":"Feature","properties":{"name":"Riverbank Neighbors Park","kind":"park","areaKm2":0.0061,"osmId":382710921},"geometry":{"type":"Polygon","coordinates":[[[-87.69452,41.9612],[-87.6944,41.9612],[-87.69436,41.96041],[-87.69428,41.96041],[-87.69428,41.96034],[-87.6941,41.96034],[-87.6941,41.96029],[-87.69439,41.96028],[-87.69439,41.95994],[-87.69399,41.95773],[-87.69389,41.95763],[-87.69339,41.95763],[-87.69337,41.95757],[-87.69396,41.95753],[-87.69399,41.95698],[-87.69407,41.95697],[-87.69416,41.95715],[-87.69421,41.95829],[-87.6945,41.95986],[-87.69452,41.9612]]]}},{"type":"Feature","properties":{"name":"Sunshine Park","kind":"park","areaKm2":0.0061,"osmId":870967506},"geometry":{"type":"Polygon","coordinates":[[[-87.60804,41.64317],[-87.60744,41.64318],[-87.60762,41.64285],[-87.60762,41.6417],[-87.60804,41.6417],[-87.60804,41.64317]]]}},{"type":"Feature","properties":{"name":"Schreiber Park","kind":"park","areaKm2":0.0061,"osmId":14664580},"geometry":{"type":"Polygon","coordinates":[[[-87.67043,41.99913],[-87.67032,41.9994],[-87.67032,41.99988],[-87.66987,41.99988],[-87.66983,41.99903],[-87.66931,41.99899],[-87.6693,41.99857],[-87.66968,41.99859],[-87.66977,41.99891],[-87.67035,41.9989],[-87.67043,41.99913]]]}},{"type":"Feature","properties":{"name":"Kedvale Park","kind":"park","areaKm2":0.006,"osmId":136456119},"geometry":{"type":"Polygon","coordinates":[[[-87.73003,41.90707],[-87.72952,41.90686],[-87.72951,41.90634],[-87.73065,41.90633],[-87.73066,41.90686],[-87.73002,41.90687],[-87.73003,41.90707]]]}},{"type":"Feature","properties":{"name":"James Park","kind":"park","areaKm2":0.006,"osmId":236593560},"geometry":{"type":"Polygon","coordinates":[[[-87.88949,41.93439],[-87.8895,41.93453],[-87.88629,41.93458],[-87.88628,41.93436],[-87.88921,41.93429],[-87.88918,41.93439],[-87.88949,41.93439]]]}},{"type":"Feature","properties":{"name":"Washington Square Park","kind":"park","areaKm2":0.006,"osmId":424005488},"geometry":{"type":"Polygon","coordinates":[[[-87.8205,41.88202],[-87.82118,41.88201],[-87.82121,41.88293],[-87.82053,41.88297],[-87.8205,41.88202]]]}},{"type":"Feature","properties":{"name":"Alcott Park","kind":"park","areaKm2":0.006,"osmId":846821679},"geometry":{"type":"Polygon","coordinates":[[[-87.64493,41.93042],[-87.64479,41.92994],[-87.64552,41.92982],[-87.64552,41.92989],[-87.64567,41.92989],[-87.64569,41.93003],[-87.64623,41.93003],[-87.64622,41.92981],[-87.64638,41.92981],[-87.6464,41.9303],[-87.64493,41.93042]]]}},{"type":"Feature","properties":{"name":"","kind":"park","areaKm2":0.0059,"osmId":232078293},"geometry":{"type":"Polygon","coordinates":[[[-87.69388,41.93955],[-87.6935,41.93956],[-87.6935,41.93971],[-87.69412,41.94038],[-87.69478,41.9414],[-87.69493,41.9414],[-87.69511,41.94175],[-87.69547,41.94201],[-87.69561,41.94201],[-87.69578,41.94277],[-87.6956,41.94277],[-87.69546,41.94223],[-87.69527,41.9422],[-87.69507,41.942],[-87.69373,41.94007],[-87.69311,41.93952],[-87.69388,41.93955]]]}},{"type":"Feature","properties":{"name":"","kind":"park","areaKm2":0.0059,"osmId":1432198455},"geometry":{"type":"Polygon","coordinates":[[[-87.82031,41.8792],[-87.82022,41.87875],[-87.81967,41.87794],[-87.81962,41.87767],[-87.81987,41.8776],[-87.81987,41.87766],[-87.82021,41.87766],[-87.82021,41.8776],[-87.82035,41.87764],[-87.82041,41.87926],[-87.82031,41.8792]]]}},{"type":"Feature","properties":{"name":"","kind":"park","areaKm2":0.0059,"osmId":1547640603},"geometry":{"type":"Polygon","coordinates":[[[-87.65325,41.86394],[-87.65423,41.86392],[-87.65425,41.86458],[-87.65328,41.8646],[-87.65325,41.86394]]]}},{"type":"Feature","properties":{"name":"Dearborn Park","kind":"park","areaKm2":0.0059,"osmId":136341654},"geometry":{"type":"Polygon","coordinates":[[[-87.62864,41.87134],[-87.62868,41.87061],[-87.62951,41.87059],[-87.62954,41.87133],[-87.62864,41.87134]]]}},{"type":"Feature","properties":{"name":"Latoria Park","kind":"park","areaKm2":0.0059,"osmId":178546609},"geometry":{"type":"Polygon","coordinates":[[[-87.85435,41.92303],[-87.85432,41.92261],[-87.85457,41.92261],[-87.85516,41.92433],[-87.85457,41.92433],[-87.85453,41.92306],[-87.85435,41.92303]]]}},{"type":"Feature","properties":{"name":"Lane Beach Park","kind":"park","areaKm2":0.0059,"osmId":222585192},"geometry":{"type":"Polygon","coordinates":[[[-87.65488,41.99008],[-87.65489,41.99019],[-87.65438,41.99022],[-87.65423,41.98999],[-87.65431,41.98949],[-87.65522,41.98948],[-87.65524,41.99008],[-87.65488,41.99008]]]}},{"type":"Feature","properties":{"name":"Clark Park","kind":"park","areaKm2":0.0058,"osmId":228310832},"geometry":{"type":"Polygon","coordinates":[[[-87.89432,41.80633],[-87.8943,41.80576],[-87.89539,41.80573],[-87.89542,41.80631],[-87.89432,41.80633]]]}},{"type":"Feature","properties":{"name":"Global Covid=19 Memorial Park","kind":"park","areaKm2":0.0058,"osmId":1503862141},"geometry":{"type":"Polygon","coordinates":[[[-87.6766,41.87248],[-87.67654,41.87248],[-87.67652,41.87155],[-87.67771,41.87155],[-87.6766,41.87248]]]}},{"type":"Feature","properties":{"name":"","kind":"park","areaKm2":0.0057,"osmId":180894497},"geometry":{"type":"Polygon","coordinates":[[[-87.81136,41.83659],[-87.81067,41.8368],[-87.81233,41.83562],[-87.8122,41.83651],[-87.81136,41.83659]]]}},{"type":"Feature","properties":{"name":"","kind":"park","areaKm2":0.0057,"osmId":1315614840},"geometry":{"type":"Polygon","coordinates":[[[-87.6707,41.92266],[-87.67176,41.92289],[-87.67251,41.92336],[-87.67399,41.9245],[-87.67419,41.92519],[-87.67411,41.92519],[-87.67376,41.92453],[-87.67216,41.92324],[-87.67173,41.923],[-87.67142,41.92299],[-87.67145,41.92293],[-87.67095,41.92281],[-87.67082,41.92293],[-87.6707,41.92266]]]}},{"type":"Feature","properties":{"name":"","kind":"park","areaKm2":0.0057,"osmId":1434682243},"geometry":{"type":"Polygon","coordinates":[[[-87.85366,41.87725],[-87.85376,41.87718],[-87.85586,41.87735],[-87.85596,41.87741],[-87.85597,41.87764],[-87.85367,41.87744],[-87.85366,41.87725]]]}},{"type":"Feature","properties":{"name":"Buttercup Park","kind":"park","areaKm2":0.0057,"osmId":117150853},"geometry":{"type":"Polygon","coordinates":[[[-87.65424,41.9725],[-87.65413,41.97239],[-87.65413,41.97163],[-87.65481,41.9716],[-87.65484,41.9725],[-87.65424,41.9725]]]}},{"type":"Feature","properties":{"name":"John Wilson Park","kind":"park","areaKm2":0.0057,"osmId":167436110},"geometry":{"type":"Polygon","coordinates":[[[-87.65407,41.83228],[-87.65405,41.83166],[-87.65494,41.83165],[-87.65495,41.832],[-87.65522,41.832],[-87.65522,41.83227],[-87.65407,41.83228]]]}},{"type":"Feature","properties":{"name":"Luella Park","kind":"park","areaKm2":0.0057,"osmId":218186046},"geometry":{"type":"Polygon","coordinates":[[[-87.56705,41.71303],[-87.56704,41.71246],[-87.56814,41.71245],[-87.56815,41.71301],[-87.56705,41.71303]]]}},{"type":"Feature","properties":{"name":"Tower Green","kind":"park","areaKm2":0.0057,"osmId":228310815},"geometry":{"type":"Polygon","coordinates":[[[-87.90125,41.81024],[-87.90016,41.80962],[-87.90144,41.80935],[-87.90134,41.81022],[-87.90125,41.81024]]]}},{"type":"Feature","properties":{"name":"Arthington Mall","kind":"park","areaKm2":0.0057,"osmId":734991808},"geometry":{"type":"Polygon","coordinates":[[[-87.67594,41.87017],[-87.67595,41.87036],[-87.67505,41.87039],[-87.67506,41.8706],[-87.67388,41.87062],[-87.67387,41.87026],[-87.67594,41.87017]]]}},{"type":"Feature","properties":{"name":"Jeffery Green Park","kind":"park","areaKm2":0.0056,"osmId":24725006},"geometry":{"type":"Polygon","coordinates":[[[-87.76694,42.00054],[-87.76684,42.00057],[-87.76576,42.00005],[-87.7663,41.99933],[-87.76694,42.00054]]]}},{"type":"Feature","properties":{"name":"Gross Park","kind":"park","areaKm2":0.0056,"osmId":117150850},"geometry":{"type":"Polygon","coordinates":[[[-87.69633,41.96865],[-87.69699,41.96865],[-87.69702,41.96956],[-87.69636,41.96957],[-87.69633,41.96865]]]}},{"type":"Feature","properties":{"name":"Churchill Field Park","kind":"park","areaKm2":0.0056,"osmId":164852049},"geometry":{"type":"Polygon","coordinates":[[[-87.6764,41.91416],[-87.67747,41.91422],[-87.67749,41.91475],[-87.67642,41.91476],[-87.6764,41.91416]]]}},{"type":"Feature","properties":{"name":"McCormick Square","kind":"park","areaKm2":0.0056,"osmId":769452716},"geometry":{"type":"Polygon","coordinates":[[[-87.61807,41.85165],[-87.61802,41.85106],[-87.61846,41.85094],[-87.61882,41.85094],[-87.61884,41.85168],[-87.61807,41.85165]]]}},{"type":"Feature","properties":{"name":"Ogden Plaza","kind":"park","areaKm2":0.0056,"osmId":1271633426},"geometry":{"type":"Polygon","coordinates":[[[-87.62023,41.88966],[-87.62005,41.89094],[-87.61971,41.89094],[-87.61969,41.88962],[-87.62023,41.88966]]]}},{"type":"Feature","properties":{"name":"","kind":"park","areaKm2":0.0055,"osmId":992924370},"geometry":{"type":"Polygon","coordinates":[[[-87.64995,41.85488],[-87.65052,41.85487],[-87.65052,41.8552],[-87.64961,41.85522],[-87.6496,41.85401],[-87.64991,41.854],[-87.64995,41.85488]]]}},{"type":"Feature","properties":{"name":"","kind":"park","areaKm2":0.0055,"osmId":1320809142},"geometry":{"type":"Polygon","coordinates":[[[-87.6878,41.93573],[-87.68763,41.93562],[-87.68719,41.93506],[-87.68703,41.93472],[-87.68627,41.93388],[-87.68543,41.93352],[-87.68418,41.93332],[-87.68418,41.93323],[-87.68447,41.93326],[-87.68446,41.93301],[-87.68453,41.93331],[-87.68539,41.9334],[-87.6859,41.93357],[-87.68599,41.93345],[-87.68595,41.93359],[-87.68648,41.93383],[-87.68659,41.9337],[-87.68663,41.93384],[-87.68634,41.93385],[-87.687,41.9346],[-87.68712,41.93436],[-87.68711,41.93473],[-87.68741,41.93474],[-87.68746,41.93458],[-87.68747,41.93526],[-87.68764,41.93549],[-87.6878,41.93549],[-87.6878,41.93573]]]}},{"type":"Feature","properties":{"name":"Commisioners Park","kind":"park","areaKm2":0.0055,"osmId":486715724},"geometry":{"type":"Polygon","coordinates":[[[-87.75124,41.73006],[-87.75069,41.73007],[-87.75066,41.72935],[-87.75173,41.72933],[-87.75174,41.72971],[-87.75123,41.72972],[-87.75124,41.73006]]]}},{"type":"Feature","properties":{"name":"Petkiewitz Park","kind":"park","areaKm2":0.0055,"osmId":579766758},"geometry":{"type":"Polygon","coordinates":[[[-87.83347,41.72964],[-87.83302,41.72992],[-87.83242,41.72992],[-87.83239,41.72931],[-87.83345,41.72929],[-87.83347,41.72964]]]}},{"type":"Feature","properties":{"name":"Lyle Park","kind":"park","areaKm2":0.0055,"osmId":5214511},"geometry":{"type":"Polygon","coordinates":[[[-87.63963,41.75256],[-87.63974,41.75256],[-87.63983,41.75607],[-87.63965,41.75607],[-87.63963,41.75256]]]}},{"type":"Feature","properties":{"name":"","kind":"park","areaKm2":0.0054,"osmId":1112563765},"geometry":{"type":"Polygon","coordinates":[[[-87.72107,41.67378],[-87.72105,41.67288],[-87.72171,41.67287],[-87.72172,41.67376],[-87.72107,41.67378]]]}},{"type":"Feature","properties":{"name":"Commercial Club Park","kind":"park","areaKm2":0.0054,"osmId":174049287},"geometry":{"type":"Polygon","coordinates":[[[-87.67453,41.89679],[-87.67277,41.89681],[-87.67276,41.89648],[-87.67452,41.89646],[-87.67453,41.89679]]]}},{"type":"Feature","properties":{"name":"John Kelly Park","kind":"park","areaKm2":0.0054,"osmId":264543836},"geometry":{"type":"Polygon","coordinates":[[[-87.65701,41.95114],[-87.6571,41.9544],[-87.65692,41.95438],[-87.65685,41.95114],[-87.65701,41.95114]]]}},{"type":"Feature","properties":{"name":"Goose Island Overlook","kind":"park","areaKm2":0.0054,"osmId":356356394},"geometry":{"type":"Polygon","coordinates":[[[-87.65704,41.90277],[-87.65667,41.90237],[-87.65643,41.90176],[-87.65647,41.90151],[-87.65663,41.90143],[-87.65741,41.90261],[-87.65704,41.90277]]]}},{"type":"Feature","properties":{"name":"Sain Park","kind":"park","areaKm2":0.0054,"osmId":1046362901},"geometry":{"type":"Polygon","coordinates":[[[-87.68701,41.88068],[-87.687,41.88035],[-87.68875,41.88032],[-87.68876,41.88066],[-87.68701,41.88068]]]}},{"type":"Feature","properties":{"name":"Lombardo \"York\" Park","kind":"park","areaKm2":0.0054,"osmId":1061158435},"geometry":{"type":"Polygon","coordinates":[[[-87.69102,41.65694],[-87.68993,41.65697],[-87.6899,41.65614],[-87.69027,41.65631],[-87.69135,41.65705],[-87.69103,41.65706],[-87.69102,41.65694]]]}},{"type":"Feature","properties":{"name":"","kind":"park","areaKm2":0.0053,"osmId":834475094},"geometry":{"type":"Polygon","coordinates":[[[-87.89126,41.91284],[-87.89089,41.91281],[-87.8909,41.91244],[-87.89188,41.91243],[-87.89189,41.91312],[-87.89128,41.91313],[-87.89126,41.91284]]]}},{"type":"Feature","properties":{"name":"Sculpture Park - Section III","kind":"park","areaKm2":0.0053,"osmId":28897007},"geometry":{"type":"Polygon","coordinates":[[[-87.71097,42.0192],[-87.71112,42.01931],[-87.71091,42.02019],[-87.71042,42.02019],[-87.71047,42.01933],[-87.71054,42.01931],[-87.71045,42.0192],[-87.71097,42.0192]]]}},{"type":"Feature","properties":{"name":"Hurley Park","kind":"park","areaKm2":0.0053,"osmId":172476972},"geometry":{"type":"Polygon","coordinates":[[[-87.66913,41.71155],[-87.67046,41.71152],[-87.67042,41.71195],[-87.66906,41.71197],[-87.66913,41.71155]]]}},{"type":"Feature","properties":{"name":"Lamb Park","kind":"park","areaKm2":0.0053,"osmId":208988332},"geometry":{"type":"Polygon","coordinates":[[[-87.65784,41.69623],[-87.6571,41.69686],[-87.65707,41.69589],[-87.65786,41.69587],[-87.65784,41.69623]]]}},{"type":"Feature","properties":{"name":"Micek Park","kind":"park","areaKm2":0.0052,"osmId":136335669},"geometry":{"type":"Polygon","coordinates":[[[-87.67747,41.79755],[-87.67746,41.79705],[-87.67859,41.79704],[-87.6786,41.79754],[-87.67747,41.79755]]]}},{"type":"Feature","properties":{"name":"Andersen Park","kind":"park","areaKm2":0.0052,"osmId":136454668},"geometry":{"type":"Polygon","coordinates":[[[-87.7784,41.90064],[-87.77885,41.90064],[-87.7789,41.90187],[-87.77843,41.90187],[-87.7784,41.90064]]]}},{"type":"Feature","properties":{"name":"Dooley Park","kind":"park","areaKm2":0.0052,"osmId":138143706},"geometry":{"type":"Polygon","coordinates":[[[-87.70744,41.75347],[-87.70824,41.75346],[-87.70827,41.75416],[-87.70747,41.75417],[-87.70744,41.75347]]]}},{"type":"Feature","properties":{"name":"Shrine Meditation Garden","kind":"park","areaKm2":0.0052,"osmId":1427385431},"geometry":{"type":"Polygon","coordinates":[[[-87.63968,41.92928],[-87.63967,41.9289],[-87.63974,41.929],[-87.64001,41.92901],[-87.64006,41.92891],[-87.63989,41.92876],[-87.64067,41.92852],[-87.64076,41.92868],[-87.64129,41.92851],[-87.64146,41.92882],[-87.64129,41.92887],[-87.64118,41.92869],[-87.64017,41.92907],[-87.6402,41.92923],[-87.64037,41.92922],[-87.63987,41.92938],[-87.6398,41.92927],[-87.63968,41.92928]]]}},{"type":"Feature","properties":{"name":"Smirz Park","kind":"park","areaKm2":0.0051,"osmId":136510265},"geometry":{"type":"Polygon","coordinates":[[[-87.78052,41.83072],[-87.78049,41.82976],[-87.78107,41.82975],[-87.7811,41.83068],[-87.78052,41.83072]]]}},{"type":"Feature","properties":{"name":"Farr Field","kind":"park","areaKm2":0.0051,"osmId":157655706},"geometry":{"type":"Polygon","coordinates":[[[-87.62501,41.8341],[-87.62501,41.83459],[-87.62391,41.83461],[-87.62391,41.8341],[-87.62501,41.8341]]]}},{"type":"Feature","properties":{"name":"Arcade Park","kind":"park","areaKm2":0.0051,"osmId":178132245},"geometry":{"type":"Polygon","coordinates":[[[-87.60921,41.6919],[-87.60898,41.69181],[-87.60848,41.69181],[-87.60843,41.69103],[-87.60913,41.69102],[-87.60921,41.6919]]]}},{"type":"Feature","properties":{"name":"Passarelli Park","kind":"park","areaKm2":0.0051,"osmId":570365373},"geometry":{"type":"Polygon","coordinates":[[[-87.7859,41.66686],[-87.78664,41.66685],[-87.78666,41.66702],[-87.78685,41.66702],[-87.7869,41.66746],[-87.78594,41.66748],[-87.7859,41.66686]]]}},{"type":"Feature","properties":{"name":"Memorial Park","kind":"park","areaKm2":0.005,"osmId":552004368},"geometry":{"type":"Polygon","coordinates":[[[-87.87284,41.79107],[-87.87252,41.7911],[-87.87253,41.7905],[-87.87373,41.79047],[-87.87381,41.79052],[-87.87284,41.79107]]]}},{"type":"Feature","properties":{"name":"Unity Park","kind":"park","areaKm2":0.005,"osmId":145389548},"geometry":{"type":"Polygon","coordinates":[[[-87.71239,41.93057],[-87.71235,41.92935],[-87.7128,41.92935],[-87.71284,41.93056],[-87.71239,41.93057]]]}},{"type":"Feature","properties":{"name":"Renaissance Park","kind":"park","areaKm2":0.005,"osmId":240272877},"geometry":{"type":"Polygon","coordinates":[[[-87.65686,41.75054],[-87.65686,41.75088],[-87.65525,41.75091],[-87.65524,41.75057],[-87.65686,41.75054]]]}},{"type":"Feature","properties":{"name":"Great Lawn","kind":"park","areaKm2":0.005,"osmId":1510670285},"geometry":{"type":"Polygon","coordinates":[[[-87.58501,41.78393],[-87.58457,41.78358],[-87.58456,41.78337],[-87.58475,41.78323],[-87.58501,41.78323],[-87.58517,41.78333],[-87.58525,41.78373],[-87.58551,41.78407],[-87.58541,41.78434],[-87.58518,41.78431],[-87.58501,41.78393]]]}},{"type":"Feature","properties":{"name":"","kind":"nature reserve","areaKm2":2.4806,"osmId":419296487},"geometry":{"type":"Polygon","coordinates":[[[-87.87495,41.68815],[-87.87506,41.68814],[-87.89423,41.69103],[-87.89802,41.69158],[-87.89896,41.6917],[-87.89918,41.69166],[-87.93043,41.69626],[-87.9331,41.69645],[-87.93314,41.6976],[-87.93217,41.69767],[-87.93116,41.69766],[-87.9291,41.69745],[-87.92102,41.69632],[-87.9191,41.69615],[-87.91743,41.6961],[-87.9152,41.6962],[-87.90404,41.69738],[-87.90007,41.69777],[-87.89847,41.69784],[-87.89735,41.69785],[-87.88494,41.69727],[-87.88248,41.69709],[-87.88018,41.6968],[-87.8776,41.69622],[-87.87531,41.69558],[-87.87495,41.68815]]]}},{"type":"Feature","properties":{"name":"","kind":"nature reserve","areaKm2":1.4447,"osmId":969954073},"geometry":{"type":"Polygon","coordinates":[[[-87.87531,41.71723],[-87.87286,41.71732],[-87.86143,41.71757],[-87.86139,41.71394],[-87.86597,41.71388],[-87.86566,41.70299],[-87.87526,41.70272],[-87.87571,41.71711],[-87.87531,41.71723]]]}},{"type":"Feature","properties":{"name":"Caldwell Preserves","kind":"nature reserve","areaKm2":1.437,"osmId":15820333},"geometry":{"type":"MultiPolygon","coordinates":[[[[-87.79059,42.00044],[-87.79037,42.00056],[-87.79074,42.00091],[-87.79065,42.00095],[-87.79068,42.00121],[-87.79097,42.00153],[-87.79077,42.00162],[-87.79025,42.0026],[-87.79055,42.00294],[-87.78971,42.00334],[-87.78957,42.0038],[-87.78997,42.00385],[-87.79032,42.00358],[-87.79096,42.00353],[-87.79207,42.00374],[-87.79253,42.00396],[-87.79273,42.00434],[-87.79274,42.00463],[-87.79299,42.00492],[-87.79268,42.00506],[-87.7918,42.00661],[-87.79298,42.00807],[-87.79475,42.00885],[-87.79644,42.0081],[-87.79687,42.00856],[-87.79728,42.00836],[-87.79777,42.00892],[-87.79161,42.01183],[-87.78878,42.01189],[-87.78628,42.00902],[-87.78768,42.00845],[-87.78867,42.00792],[-87.78652,42.0052],[-87.78571,42.00472],[-87.78483,42.00456],[-87.78456,42.00463],[-87.78316,42.00449],[-87.78284,42.00411],[-87.78206,42.00446],[-87.7673,41.99745],[-87.76745,41.99736],[-87.77012,41.99722],[-87.77568,41.9975],[-87.78774,41.99743],[-87.79059,42.00044]]],[[[-87.78949,42.01273],[-87.789,42.01217],[-87.78902,42.01209],[-87.79106,42.01203],[-87.79105,42.01209],[-87.78961,42.01277],[-87.78949,42.01273]]]]}},{"type":"Feature","properties":{"name":"Beaubien Woods","kind":"nature reserve","areaKm2":1.0929,"osmId":20987458},"geometry":{"type":"MultiPolygon","coordinates":[[[[-87.5915,41.6501],[-87.59191,41.65023],[-87.59343,41.65028],[-87.59743,41.64946],[-87.59781,41.64932],[-87.59781,41.65194],[-87.59324,41.65197],[-87.59336,41.65548],[-87.59287,41.65533],[-87.59217,41.65525],[-87.59153,41.65533],[-87.59047,41.65562],[-87.59004,41.65543],[-87.58929,41.65527],[-87.58763,41.65546],[-87.58673,41.65542],[-87.58583,41.65518],[-87.58491,41.65468],[-87.58144,41.65075],[-87.58026,41.64907],[-87.57969,41.64748],[-87.57958,41.64593],[-87.57947,41.64584],[-87.57881,41.64588],[-87.57866,41.64409],[-87.57871,41.64173],[-87.57897,41.64207],[-87.57963,41.64244],[-87.58217,41.64359],[-87.58397,41.64459],[-87.58521,41.64549],[-87.58737,41.64742],[-87.58784,41.64794],[-87.58972,41.64939],[-87.5899,41.64965],[-87.59008,41.64972],[-87.59015,41.64983],[-87.59078,41.65006],[-87.5915,41.6501]]],[[[-87.59182,41.65538],[-87.59232,41.65535],[-87.59272,41.65539],[-87.59342,41.65561],[-87.59303,41.65571],[-87.59312,41.65615],[-87.59404,41.65782],[-87.59492,41.65907],[-87.59357,41.65905],[-87.5932,41.65883],[-87.59257,41.65786],[-87.59169,41.65702],[-87.59112,41.65621],[-87.59069,41.65577],[-87.59069,41.65571],[-87.59182,41.65538]]]]}},{"type":"Feature","properties":{"name":"White Oak Woods","kind":"nature reserve","areaKm2":1.0293,"osmId":6231480},"geometry":{"type":"Polygon","coordinates":[[[-87.84167,41.70809],[-87.8414,41.70351],[-87.85586,41.70316],[-87.85572,41.70426],[-87.85544,41.70509],[-87.85497,41.70582],[-87.85309,41.70763],[-87.85226,41.70872],[-87.8516,41.71028],[-87.85145,41.71194],[-87.85165,41.71788],[-87.84683,41.71797],[-87.84653,41.7089],[-87.84644,41.70797],[-87.84167,41.70809]],[[-87.84644,41.70701],[-87.84646,41.70775],[-87.84709,41.70773],[-87.84706,41.707],[-87.84644,41.70701]]]}},{"type":"Feature","properties":{"name":"Fullersburg Woods Forest Preserve","kind":"nature reserve","areaKm2":0.8141,"osmId":186586121},"geometry":{"type":"Polygon","coordinates":[[[-87.93959,41.82947],[-87.93943,41.82975],[-87.93999,41.83028],[-87.93999,41.83254],[-87.93274,41.83268],[-87.93264,41.83116],[-87.93076,41.83101],[-87.92954,41.82895],[-87.92954,41.82875],[-87.93048,41.82772],[-87.9306,41.82719],[-87.93075,41.82702],[-87.93119,41.8268],[-87.93121,41.82664],[-87.93062,41.82517],[-87.93053,41.82221],[-87.93022,41.82184],[-87.92759,41.82158],[-87.92739,41.82132],[-87.92681,41.8212],[-87.92657,41.82195],[-87.92648,41.822],[-87.92574,41.822],[-87.9251,41.82185],[-87.92485,41.8216],[-87.92382,41.82136],[-87.92353,41.82113],[-87.92343,41.82096],[-87.92339,41.81995],[-87.92511,41.81972],[-87.92528,41.81977],[-87.92523,41.81941],[-87.92559,41.8194],[-87.92557,41.81894],[-87.92716,41.81888],[-87.92723,41.8195],[-87.92858,41.81951],[-87.92862,41.82066],[-87.93083,41.82119],[-87.93149,41.82147],[-87.93283,41.82272],[-87.93482,41.8227],[-87.93492,41.82546],[-87.93544,41.82546],[-87.93548,41.82626],[-87.9366,41.82624],[-87.93657,41.8255],[-87.93671,41.82538],[-87.93803,41.82599],[-87.93803,41.82731],[-87.93851,41.82733],[-87.93951,41.82717],[-87.93934,41.82534],[-87.93999,41.82533],[-87.93999,41.82945],[-87.93959,41.82947]]]}},{"type":"Feature","properties":{"name":"Roman Pucinski Preserve","kind":"nature reserve","areaKm2":0.7961,"osmId":15828755},"geometry":{"type":"MultiPolygon","coordinates":[[[[-87.76602,41.99145],[-87.76629,41.98967],[-87.76645,41.98924],[-87.76677,41.98884],[-87.76828,41.98735],[-87.7684,41.98732],[-87.77197,41.98917],[-87.77185,41.98965],[-87.77211,41.98978],[-87.77166,41.99089],[-87.77171,41.99101],[-87.78295,41.99632],[-87.78297,41.99733],[-87.77514,41.99739],[-87.77044,41.99709],[-87.76669,41.99719],[-87.76543,41.99659],[-87.76469,41.99517],[-87.76495,41.99446],[-87.76658,41.99518],[-87.76619,41.99566],[-87.76639,41.99574],[-87.76674,41.99526],[-87.76686,41.99532],[-87.76652,41.99579],[-87.76674,41.9959],[-87.76705,41.99541],[-87.76733,41.99554],[-87.76709,41.99607],[-87.7676,41.99631],[-87.76796,41.99584],[-87.76811,41.9959],[-87.76776,41.99638],[-87.76801,41.99648],[-87.76835,41.99601],[-87.76854,41.99607],[-87.7686,41.99599],[-87.76904,41.99618],[-87.76924,41.99573],[-87.76875,41.99556],[-87.76895,41.99511],[-87.77079,41.99592],[-87.77103,41.99487],[-87.77086,41.99463],[-87.7706,41.99448],[-87.76906,41.99432],[-87.76855,41.99415],[-87.76818,41.99393],[-87.76788,41.99359],[-87.76568,41.99254],[-87.76602,41.99145]]],[[[-87.7657,41.99263],[-87.76665,41.99312],[-87.766,41.99483],[-87.76498,41.99433],[-87.7656,41.99266],[-87.7657,41.99263]]]]}},{"type":"Feature","properties":{"name":"Forest Glen Woods Preserve","kind":"nature reserve","areaKm2":0.7289,"osmId":15828739},"geometry":{"type":"MultiPolygon","coordinates":[[[[-87.75173,41.98392],[-87.75052,41.98452],[-87.74938,41.98321],[-87.7519,41.98196],[-87.75306,41.98248],[-87.75173,41.98392]]],[[[-87.75149,41.98614],[-87.75253,41.98552],[-87.75383,41.98674],[-87.75183,41.98778],[-87.75149,41.98614]]],[[[-87.75699,41.98812],[-87.75392,41.98669],[-87.75264,41.98551],[-87.75268,41.98543],[-87.7537,41.98497],[-87.75368,41.98482],[-87.75184,41.98399],[-87.75545,41.97992],[-87.75624,41.97991],[-87.76437,41.9955],[-87.76417,41.99599],[-87.75603,41.99224],[-87.75758,41.99041],[-87.75585,41.98951],[-87.75699,41.98812]]]]}},{"type":"Feature","properties":{"name":"","kind":"nature reserve","areaKm2":0.7149,"osmId":419296504},"geometry":{"type":"Polygon","coordinates":[[[-87.90681,41.71613],[-87.89514,41.71985],[-87.8951,41.71793],[-87.89803,41.71697],[-87.90736,41.71465],[-87.9095,41.71402],[-87.91142,41.71329],[-87.9136,41.71223],[-87.9158,41.71078],[-87.91887,41.70847],[-87.92535,41.70403],[-87.92682,41.70327],[-87.93322,41.70027],[-87.93616,41.69831],[-87.93638,41.69891],[-87.9358,41.69935],[-87.93347,41.7019],[-87.93208,41.70359],[-87.91321,41.71336],[-87.90969,41.71511],[-87.90681,41.71613]]]}},{"type":"Feature","properties":{"name":"LaBagh Woods and Sauganash Prairie Preserves","kind":"nature reserve","areaKm2":0.683,"osmId":10219025},"geometry":{"type":"MultiPolygon","coordinates":[[[[-87.74057,41.97827],[-87.73827,41.98132],[-87.7381,41.9755],[-87.7427,41.97545],[-87.74057,41.97827]]],[[[-87.74804,41.98158],[-87.74753,41.98121],[-87.74726,41.98088],[-87.747,41.98007],[-87.74695,41.97951],[-87.74721,41.97823],[-87.74773,41.97657],[-87.74791,41.97634],[-87.74804,41.98158]]],[[[-87.74816,41.98455],[-87.74758,41.98456],[-87.747,41.98482],[-87.74667,41.98444],[-87.74757,41.98401],[-87.74737,41.98362],[-87.74696,41.98342],[-87.74693,41.9833],[-87.74653,41.98291],[-87.74586,41.98261],[-87.74319,41.98268],[-87.74312,41.98259],[-87.73839,41.98269],[-87.73839,41.98197],[-87.73897,41.98121],[-87.73878,41.9812],[-87.74313,41.97544],[-87.74555,41.9755],[-87.74559,41.97625],[-87.74572,41.97647],[-87.74662,41.97722],[-87.74675,41.97752],[-87.74634,41.97885],[-87.74627,41.97946],[-87.74652,41.98066],[-87.74724,41.98184],[-87.74812,41.98278],[-87.74816,41.98455]]],[[[-87.74842,41.9854],[-87.74836,41.98303],[-87.74995,41.98478],[-87.74842,41.9854]]],[[[-87.74945,41.98513],[-87.74998,41.98539],[-87.75031,41.98525],[-87.75079,41.98605],[-87.75111,41.98709],[-87.75098,41.98855],[-87.7507,41.98942],[-87.75058,41.9896],[-87.75024,41.9898],[-87.75008,41.9898],[-87.75008,41.98941],[-87.74846,41.98866],[-87.74842,41.98578],[-87.74854,41.98554],[-87.74945,41.98513]]]]}},{"type":"Feature","properties":{"name":"","kind":"nature reserve","areaKm2":0.6293,"osmId":419296507},"geometry":{"type":"Polygon","coordinates":[[[-87.8459,41.69277],[-87.84563,41.69169],[-87.84572,41.68904],[-87.84588,41.68898],[-87.84816,41.68891],[-87.85533,41.68877],[-87.85559,41.69585],[-87.84884,41.69599],[-87.84885,41.69608],[-87.84845,41.69609],[-87.84845,41.696],[-87.8482,41.696],[-87.84819,41.6955],[-87.84746,41.69551],[-87.84748,41.69602],[-87.84695,41.69603],[-87.84696,41.69612],[-87.84604,41.69614],[-87.8459,41.69277]]]}},{"type":"Feature","properties":{"name":"Park 565 \"Indian Ridge Marsh\"","kind":"nature reserve","areaKm2":0.6289,"osmId":390294888},"geometry":{"type":"Polygon","coordinates":[[[-87.56007,41.68276],[-87.55944,41.68275],[-87.55938,41.67135],[-87.55967,41.67001],[-87.56016,41.6699],[-87.56407,41.66959],[-87.5642,41.68451],[-87.56007,41.68456],[-87.56007,41.68276]]]}},{"type":"Feature","properties":{"name":"Marian R. Byrnes Park","kind":"nature reserve","areaKm2":0.5674,"osmId":346982055},"geometry":{"type":"Polygon","coordinates":[[[-87.58109,41.7198],[-87.58108,41.72028],[-87.5792,41.72031],[-87.57915,41.72009],[-87.56877,41.70846],[-87.56876,41.7081],[-87.57347,41.70805],[-87.58373,41.71936],[-87.58465,41.72079],[-87.58375,41.71974],[-87.58109,41.7198]]]}},{"type":"Feature","properties":{"name":"Whistler Woods","kind":"nature reserve","areaKm2":0.5664,"osmId":176094373},"geometry":{"type":"Polygon","coordinates":[[[-87.64035,41.65675],[-87.63963,41.65675],[-87.63932,41.65665],[-87.63534,41.65631],[-87.63435,41.65642],[-87.63402,41.65637],[-87.63374,41.65644],[-87.63344,41.65638],[-87.63263,41.65658],[-87.63228,41.65655],[-87.63117,41.65704],[-87.63111,41.6573],[-87.63094,41.65738],[-87.63028,41.65639],[-87.62968,41.65568],[-87.62781,41.65384],[-87.62564,41.65199],[-87.62556,41.65182],[-87.6408,41.65188],[-87.64091,41.65198],[-87.64111,41.65721],[-87.64035,41.65675]]]}},{"type":"Feature","properties":{"name":"Park No. 576","kind":"nature reserve","areaKm2":0.5514,"osmId":5233939},"geometry":{"type":"Polygon","coordinates":[[[-87.57343,41.65189],[-87.56833,41.65186],[-87.5642,41.64775],[-87.56375,41.64767],[-87.56372,41.64755],[-87.56386,41.64759],[-87.56391,41.64747],[-87.56349,41.64708],[-87.56321,41.64656],[-87.56252,41.64593],[-87.56246,41.64465],[-87.57236,41.64469],[-87.57245,41.64658],[-87.57344,41.64658],[-87.57343,41.65189]]]}},{"type":"Feature","properties":{"name":"Hegewisch Marsh","kind":"nature reserve","areaKm2":0.546,"osmId":346980994},"geometry":{"type":"Polygon","coordinates":[[[-87.57184,41.65878],[-87.57211,41.65899],[-87.56891,41.65895],[-87.5689,41.65849],[-87.57148,41.65854],[-87.5715,41.65807],[-87.56551,41.65819],[-87.56168,41.65819],[-87.56049,41.65807],[-87.55938,41.65772],[-87.55945,41.65614],[-87.5594,41.65213],[-87.55959,41.65193],[-87.56414,41.65191],[-87.56506,41.65199],[-87.56571,41.65224],[-87.56611,41.65253],[-87.56607,41.6526],[-87.56625,41.65286],[-87.56655,41.65314],[-87.56707,41.65342],[-87.56879,41.65516],[-87.56992,41.65604],[-87.57097,41.65723],[-87.57182,41.65786],[-87.57193,41.65843],[-87.57184,41.65878]]]}},{"type":"Feature","properties":{"name":"Des Plaines Riverway Forest Preserve","kind":"nature reserve","areaKm2":0.5062,"osmId":1511728413},"geometry":{"type":"Polygon","coordinates":[[[-87.93143,41.71204],[-87.93103,41.71272],[-87.93079,41.71284],[-87.93047,41.7136],[-87.92925,41.71414],[-87.92927,41.71442],[-87.92982,41.71503],[-87.92756,41.71609],[-87.92341,41.71798],[-87.92226,41.71846],[-87.92101,41.71888],[-87.91923,41.71938],[-87.91794,41.71966],[-87.91439,41.72012],[-87.91427,41.71711],[-87.91497,41.71695],[-87.91507,41.71686],[-87.91583,41.71677],[-87.91677,41.71642],[-87.91711,41.7164],[-87.91768,41.7165],[-87.91791,41.71678],[-87.91814,41.71688],[-87.91893,41.71663],[-87.91934,41.71663],[-87.91995,41.71677],[-87.92143,41.71648],[-87.92184,41.71627],[-87.9226,41.71568],[-87.92426,41.71396],[-87.92493,41.71338],[-87.92582,41.71295],[-87.92625,41.71294],[-87.92647,41.71315],[-87.92698,41.71311],[-87.92763,41.71275],[-87.92822,41.712],[-87.92985,41.71074],[-87.93089,41.71019],[-87.93167,41.71004],[-87.93199,41.70989],[-87.93212,41.71057],[-87.93219,41.71201],[-87.93143,41.71204]]]}},{"type":"Feature","properties":{"name":"John Husar I&M Canal","kind":"nature reserve","areaKm2":0.4783,"osmId":419296490},"geometry":{"type":"Polygon","coordinates":[[[-87.88368,41.72867],[-87.88358,41.72862],[-87.88369,41.72866],[-87.89033,41.72252],[-87.89133,41.72177],[-87.89227,41.72122],[-87.8932,41.7208],[-87.89519,41.72012],[-87.89519,41.72006],[-87.90821,41.71587],[-87.90961,41.71534],[-87.91418,41.71306],[-87.91418,41.71321],[-87.92378,41.70823],[-87.92378,41.70812],[-87.93239,41.70362],[-87.93254,41.70372],[-87.93662,41.70166],[-87.9382,41.70163],[-87.9142,41.71408],[-87.91419,41.71381],[-87.91057,41.71563],[-87.90893,41.71633],[-87.90457,41.71784],[-87.89522,41.72087],[-87.89365,41.72141],[-87.89247,41.72196],[-87.89119,41.72286],[-87.88603,41.72745],[-87.87954,41.73364],[-87.87892,41.73316],[-87.88368,41.72867]]]}},{"type":"Feature","properties":{"name":"Wooded Island Natural Area","kind":"nature reserve","areaKm2":0.2594,"osmId":18995982},"geometry":{"type":"Polygon","coordinates":[[[-87.57891,41.78323],[-87.57876,41.78324],[-87.57854,41.78279],[-87.57892,41.78274],[-87.5797,41.78291],[-87.5801,41.78284],[-87.58053,41.78252],[-87.58061,41.78208],[-87.58137,41.78179],[-87.58164,41.78151],[-87.58211,41.78135],[-87.58248,41.78145],[-87.58257,41.78158],[-87.58361,41.7815],[-87.5839,41.78133],[-87.5839,41.781],[-87.58413,41.78103],[-87.58435,41.78426],[-87.58488,41.78605],[-87.58477,41.78721],[-87.58489,41.78799],[-87.58432,41.78823],[-87.5837,41.78833],[-87.58221,41.78832],[-87.5821,41.78821],[-87.58209,41.788],[-87.58158,41.78744],[-87.58125,41.78732],[-87.58085,41.78729],[-87.58053,41.78682],[-87.58027,41.78678],[-87.57991,41.78688],[-87.57982,41.78674],[-87.58007,41.7866],[-87.58007,41.78649],[-87.57964,41.786],[-87.57929,41.7858],[-87.58004,41.78574],[-87.58009,41.78547],[-87.58038,41.7856],[-87.58064,41.78553],[-87.58074,41.785],[-87.58055,41.78481],[-87.58057,41.78452],[-87.58035,41.78423],[-87.58028,41.78394],[-87.57952,41.78383],[-87.57906,41.78358],[-87.57891,41.78323]]]}},{"type":"Feature","properties":{"name":"Indian Road Woods Preserve","kind":"nature reserve","areaKm2":0.2503,"osmId":737129189},"geometry":{"type":"Polygon","coordinates":[[[-87.75938,41.98525],[-87.76079,41.98585],[-87.7608,41.98599],[-87.76362,41.98727],[-87.76665,41.98875],[-87.76618,41.98949],[-87.76579,41.99171],[-87.76452,41.9951],[-87.76442,41.99505],[-87.75938,41.98525]]]}},{"type":"Feature","properties":{"name":"Heron Pond","kind":"nature reserve","areaKm2":0.1755,"osmId":350951820},"geometry":{"type":"Polygon","coordinates":[[[-87.56441,41.66965],[-87.5691,41.66972],[-87.56907,41.67264],[-87.56931,41.67266],[-87.56938,41.67274],[-87.56957,41.67358],[-87.56945,41.67365],[-87.56442,41.67369],[-87.56441,41.66965]]]}},{"type":"Feature","properties":{"name":"Chicago Portage National Historic Site","kind":"nature reserve","areaKm2":0.1638,"osmId":164425256},"geometry":{"type":"Polygon","coordinates":[[[-87.802,41.80477],[-87.8022,41.80303],[-87.80818,41.80349],[-87.80856,41.80401],[-87.80885,41.8049],[-87.80538,41.80604],[-87.80325,41.80656],[-87.80205,41.8067],[-87.802,41.80477]]]}},{"type":"Feature","properties":{"name":"North Park Village Natural Area","kind":"nature reserve","areaKm2":0.1636,"osmId":1500053619},"geometry":{"type":"Polygon","coordinates":[[[-87.72194,41.98791],[-87.72288,41.98792],[-87.72394,41.98745],[-87.72409,41.98753],[-87.72562,41.98695],[-87.72632,41.98712],[-87.72721,41.98683],[-87.72841,41.98678],[-87.72849,41.98959],[-87.72785,41.98959],[-87.72786,41.99002],[-87.72201,41.9901],[-87.72194,41.98791]]]}},{"type":"Feature","properties":{"name":"Burnham Wildlife Corridor","kind":"nature reserve","areaKm2":0.1318,"osmId":17779596},"geometry":{"type":"Polygon","coordinates":[[[-87.60711,41.835],[-87.60695,41.83495],[-87.60679,41.83502],[-87.60659,41.83487],[-87.60658,41.8345],[-87.60603,41.83371],[-87.60572,41.83297],[-87.60512,41.83297],[-87.6046,41.83317],[-87.6042,41.83297],[-87.60351,41.83287],[-87.6033,41.83278],[-87.60292,41.83228],[-87.60299,41.83178],[-87.60294,41.8314],[-87.60264,41.8307],[-87.60243,41.83047],[-87.60242,41.83031],[-87.60259,41.83025],[-87.6025,41.83004],[-87.60202,41.8298],[-87.60173,41.8298],[-87.60038,41.8281],[-87.60042,41.82803],[-87.60088,41.8279],[-87.60164,41.82743],[-87.6019,41.82766],[-87.6029,41.82867],[-87.60335,41.82937],[-87.60412,41.82978],[-87.60429,41.83017],[-87.60537,41.83126],[-87.60548,41.8315],[-87.60534,41.83194],[-87.60556,41.83233],[-87.60561,41.83265],[-87.60604,41.83265],[-87.60598,41.83206],[-87.60633,41.83211],[-87.60692,41.833],[-87.6073,41.83379],[-87.60756,41.83481],[-87.60711,41.835]]]}},{"type":"Feature","properties":{"name":"","kind":"nature reserve","areaKm2":0.1218,"osmId":969954074},"geometry":{"type":"Polygon","coordinates":[[[-87.88416,41.72216],[-87.88418,41.72139],[-87.88395,41.72105],[-87.88474,41.7204],[-87.88441,41.71997],[-87.8839,41.72013],[-87.88309,41.71995],[-87.88189,41.718],[-87.88186,41.71728],[-87.88571,41.71726],[-87.88572,41.7232],[-87.88416,41.72216]]]}},{"type":"Feature","properties":{"name":"Humboldt Park Natural Area","kind":"nature reserve","areaKm2":0.1108,"osmId":18186611},"geometry":{"type":"MultiPolygon","coordinates":[[[[-87.70253,41.90567],[-87.70287,41.90499],[-87.70331,41.90471],[-87.70341,41.90472],[-87.70384,41.90424],[-87.70406,41.90383],[-87.70414,41.90333],[-87.70439,41.90319],[-87.70488,41.90333],[-87.70484,41.90316],[-87.70498,41.90305],[-87.70497,41.90336],[-87.70465,41.90362],[-87.70491,41.90382],[-87.70506,41.9041],[-87.70476,41.90431],[-87.70459,41.9042],[-87.7048,41.90404],[-87.70474,41.90388],[-87.70458,41.90383],[-87.70435,41.90392],[-87.70379,41.90478],[-87.70369,41.9048],[-87.70351,41.90507],[-87.70306,41.90543],[-87.70294,41.90577],[-87.70299,41.90619],[-87.70284,41.90641],[-87.70237,41.9067],[-87.70195,41.90671],[-87.70182,41.90668],[-87.70163,41.90645],[-87.70253,41.90567]]],[[[-87.69947,41.90769],[-87.69905,41.90774],[-87.69889,41.90808],[-87.69871,41.90821],[-87.6985,41.9082],[-87.69823,41.90799],[-87.69814,41.90778],[-87.69811,41.90749],[-87.69826,41.90686],[-87.69878,41.9067],[-87.6988,41.90658],[-87.69863,41.90643],[-87.69861,41.90616],[-87.69884,41.90587],[-87.69952,41.90559],[-87.69992,41.90567],[-87.70031,41.90561],[-87.70107,41.90591],[-87.70122,41.90625],[-87.70086,41.90681],[-87.7009,41.90726],[-87.70036,41.90755],[-87.70007,41.90781],[-87.69974,41.9078],[-87.69947,41.90769]]],[[[-87.70308,41.90624],[-87.70344,41.90614],[-87.70471,41.90656],[-87.70487,41.90671],[-87.70488,41.90749],[-87.70501,41.90757],[-87.70582,41.90765],[-87.70599,41.90781],[-87.70589,41.90803],[-87.70558,41.9082],[-87.70504,41.90828],[-87.70454,41.90849],[-87.70416,41.90838],[-87.70396,41.90825],[-87.70383,41.90796],[-87.70388,41.90723],[-87.70339,41.90697],[-87.70318,41.90701],[-87.70261,41.90682],[-87.70308,41.90624]]],[[[-87.70179,41.90702],[-87.70205,41.9071],[-87.70215,41.90731],[-87.70229,41.90801],[-87.70192,41.90829],[-87.70148,41.90817],[-87.70138,41.90784],[-87.70143,41.90719],[-87.70179,41.90702]]]]}},{"type":"Feature","properties":{"name":"Burnham Nature Sanctuary","kind":"nature reserve","areaKm2":0.0976,"osmId":19692211},"geometry":{"type":"Polygon","coordinates":[[[-87.59104,41.81108],[-87.59071,41.81059],[-87.59055,41.81067],[-87.59042,41.81051],[-87.59111,41.81021],[-87.59433,41.81491],[-87.60041,41.82306],[-87.60032,41.82312],[-87.60041,41.82324],[-87.60051,41.82319],[-87.6012,41.82408],[-87.60107,41.82415],[-87.60116,41.82426],[-87.60129,41.8242],[-87.60177,41.82482],[-87.60128,41.82499],[-87.6009,41.82495],[-87.5999,41.82347],[-87.59861,41.82111],[-87.59677,41.81863],[-87.59407,41.81519],[-87.59318,41.81433],[-87.5918,41.81329],[-87.59122,41.81272],[-87.59078,41.81211],[-87.59007,41.81083],[-87.59012,41.81068],[-87.59025,41.81069],[-87.59065,41.81123],[-87.59104,41.81108]]]}},{"type":"Feature","properties":{"name":"Douglass Park Natural Area","kind":"nature reserve","areaKm2":0.0886,"osmId":20712467},"geometry":{"type":"MultiPolygon","coordinates":[[[[-87.69998,41.86208],[-87.69998,41.86179],[-87.69978,41.86181],[-87.6997,41.86192],[-87.69895,41.86214],[-87.6985,41.86185],[-87.69846,41.86133],[-87.6981,41.86097],[-87.69832,41.86065],[-87.70165,41.8595],[-87.70189,41.86011],[-87.70191,41.8605],[-87.70165,41.8612],[-87.70166,41.86174],[-87.70126,41.8621],[-87.70022,41.86215],[-87.69998,41.86208]]],[[[-87.69934,41.86488],[-87.69952,41.86489],[-87.69967,41.865],[-87.69941,41.86521],[-87.69905,41.86513],[-87.69885,41.86523],[-87.69872,41.8651],[-87.69823,41.86495],[-87.69804,41.8648],[-87.69763,41.86474],[-87.69746,41.86441],[-87.69763,41.8642],[-87.69813,41.8643],[-87.69839,41.864],[-87.69805,41.86395],[-87.69789,41.86366],[-87.69789,41.86347],[-87.69811,41.86331],[-87.69817,41.8629],[-87.69789,41.86269],[-87.69758,41.86273],[-87.69744,41.86229],[-87.6984,41.86193],[-87.69858,41.86197],[-87.69855,41.86216],[-87.69877,41.86217],[-87.69888,41.86266],[-87.69881,41.86288],[-87.69834,41.86308],[-87.69827,41.8634],[-87.69858,41.86366],[-87.69862,41.86378],[-87.69903,41.86366],[-87.6993,41.86378],[-87.69946,41.86399],[-87.69941,41.86419],[-87.69925,41.86433],[-87.69859,41.86444],[-87.69845,41.86492],[-87.69864,41.86506],[-87.69883,41.865],[-87.69894,41.86505],[-87.699,41.86499],[-87.69909,41.86504],[-87.69934,41.86488]]]]}},{"type":"Feature","properties":{"name":"Montrose Beach Dunes Natural Area","kind":"nature reserve","areaKm2":0.0829,"osmId":238689193},"geometry":{"type":"Polygon","coordinates":[[[-87.63411,41.96724],[-87.63166,41.9672],[-87.63192,41.96641],[-87.63202,41.96532],[-87.63191,41.96453],[-87.63165,41.96375],[-87.63201,41.96367],[-87.63278,41.96415],[-87.63326,41.96424],[-87.6339,41.96418],[-87.63506,41.96463],[-87.6352,41.96563],[-87.63411,41.96724]]]}},{"type":"Feature","properties":{"name":"West Ridge Nature Preserve","kind":"nature reserve","areaKm2":0.0829,"osmId":346976154},"geometry":{"type":"Polygon","coordinates":[[[-87.68734,41.98966],[-87.68728,41.98917],[-87.68774,41.98852],[-87.68775,41.98756],[-87.68799,41.98738],[-87.68799,41.98704],[-87.68749,41.98704],[-87.68749,41.98613],[-87.68707,41.98587],[-87.68709,41.98533],[-87.68763,41.98523],[-87.68762,41.98516],[-87.68936,41.98513],[-87.68948,41.98982],[-87.68753,41.98986],[-87.68734,41.98966]]]}},{"type":"Feature","properties":{"name":"North Pond Nature Sanctuary","kind":"nature reserve","areaKm2":0.0726,"osmId":762492628},"geometry":{"type":"Polygon","coordinates":[[[-87.63853,41.93116],[-87.63824,41.93122],[-87.63813,41.93115],[-87.63788,41.93062],[-87.63788,41.9301],[-87.63756,41.93003],[-87.63773,41.92977],[-87.63742,41.92965],[-87.63711,41.92925],[-87.63679,41.92912],[-87.63663,41.92897],[-87.63602,41.92727],[-87.6351,41.92749],[-87.63487,41.9273],[-87.63435,41.92632],[-87.63466,41.92602],[-87.63535,41.92593],[-87.63642,41.92616],[-87.6366,41.92654],[-87.63708,41.927],[-87.63728,41.92696],[-87.63769,41.92712],[-87.63768,41.92768],[-87.63846,41.92813],[-87.6386,41.92834],[-87.63856,41.92877],[-87.6383,41.92901],[-87.63815,41.92969],[-87.63838,41.93015],[-87.63853,41.93116]]]}},{"type":"Feature","properties":{"name":"Palmisano Park Natural Area","kind":"nature reserve","areaKm2":0.0709,"osmId":21050035},"geometry":{"type":"MultiPolygon","coordinates":[[[[-87.64881,41.84193],[-87.64855,41.84213],[-87.64794,41.84269],[-87.64786,41.84276],[-87.64716,41.84253],[-87.64713,41.84194],[-87.64903,41.84182],[-87.64881,41.84193]]],[[[-87.64711,41.84195],[-87.64714,41.84254],[-87.6466,41.84358],[-87.64655,41.84181],[-87.64711,41.84195]]],[[[-87.64868,41.84363],[-87.64854,41.84328],[-87.64877,41.84295],[-87.64855,41.84271],[-87.64794,41.84269],[-87.649,41.84186],[-87.64979,41.84335],[-87.65011,41.84326],[-87.64925,41.84195],[-87.64932,41.84192],[-87.65046,41.84326],[-87.65087,41.84306],[-87.65044,41.84237],[-87.64975,41.84158],[-87.64921,41.84176],[-87.64918,41.8417],[-87.64975,41.84145],[-87.65162,41.84363],[-87.6501,41.84447],[-87.64995,41.8443],[-87.64722,41.8444],[-87.64721,41.84437],[-87.6484,41.84429],[-87.64884,41.84421],[-87.6472,41.84435],[-87.64712,41.84409],[-87.64921,41.8435],[-87.64868,41.84363]]],[[[-87.64671,41.84418],[-87.64754,41.84331],[-87.64806,41.84321],[-87.64852,41.8428],[-87.64841,41.84272],[-87.64854,41.84272],[-87.64875,41.84296],[-87.64848,41.84334],[-87.64671,41.84418]]]]}},{"type":"Feature","properties":{"name":"Burnham Wildlife Corridor","kind":"nature reserve","areaKm2":0.0652,"osmId":10687597},"geometry":{"type":"Polygon","coordinates":[[[-87.60988,41.84931],[-87.61005,41.84973],[-87.60988,41.84977],[-87.60979,41.8495],[-87.60969,41.84948],[-87.61,41.84858],[-87.61004,41.84813],[-87.60994,41.84811],[-87.60984,41.84777],[-87.60963,41.84781],[-87.60876,41.84657],[-87.60864,41.84623],[-87.60871,41.84573],[-87.60925,41.84499],[-87.60937,41.84455],[-87.60937,41.84424],[-87.60911,41.84393],[-87.60883,41.84313],[-87.60891,41.84292],[-87.60909,41.84282],[-87.60932,41.84311],[-87.60941,41.84383],[-87.60977,41.84449],[-87.60975,41.84576],[-87.61008,41.84575],[-87.61067,41.84589],[-87.61112,41.84817],[-87.61142,41.84898],[-87.60988,41.84931]]]}},{"type":"Feature","properties":{"name":"Montrose Point Bird Sanctuary","kind":"nature reserve","areaKm2":0.0641,"osmId":23946659},"geometry":{"type":"Polygon","coordinates":[[[-87.63395,41.9617],[-87.63411,41.96191],[-87.63413,41.96221],[-87.6347,41.96238],[-87.63493,41.96283],[-87.63538,41.96316],[-87.63529,41.9633],[-87.63524,41.96404],[-87.63502,41.9642],[-87.63453,41.96405],[-87.63434,41.96432],[-87.6339,41.96418],[-87.63321,41.96424],[-87.63261,41.96408],[-87.63204,41.96368],[-87.63157,41.96375],[-87.63125,41.96338],[-87.63123,41.96297],[-87.63152,41.96262],[-87.63395,41.9617]]]}},{"type":"Feature","properties":{"name":"Santa Fe Prairie","kind":"nature reserve","areaKm2":0.0635,"osmId":1033376986},"geometry":{"type":"Polygon","coordinates":[[[-87.85906,41.76025],[-87.85649,41.75907],[-87.85683,41.75857],[-87.85813,41.75706],[-87.86034,41.75794],[-87.86024,41.75825],[-87.85906,41.76025]]]}},{"type":"Feature","properties":{"name":"Chicago Ridge Prairie Nature Preserve","kind":"nature reserve","areaKm2":0.0622,"osmId":217691434},"geometry":{"type":"Polygon","coordinates":[[[-87.7646,41.7014],[-87.76446,41.69865],[-87.76948,41.70138],[-87.7646,41.7014]]]}},{"type":"Feature","properties":{"name":"Park No. 595","kind":"nature reserve","areaKm2":0.0566,"osmId":736330518},"geometry":{"type":"Polygon","coordinates":[[[-87.62862,41.66148],[-87.62721,41.66077],[-87.62924,41.65924],[-87.6312,41.65814],[-87.63182,41.65884],[-87.6314,41.65932],[-87.63023,41.6597],[-87.62955,41.66025],[-87.62969,41.66037],[-87.63124,41.65997],[-87.63152,41.66044],[-87.62918,41.66098],[-87.62862,41.66148]]]}},{"type":"Feature","properties":{"name":"North Park Village - Walking Stick Woods Natural Area","kind":"nature reserve","areaKm2":0.0529,"osmId":1500053607},"geometry":{"type":"Polygon","coordinates":[[[-87.71975,41.98478],[-87.71978,41.98531],[-87.71958,41.98531],[-87.71959,41.98554],[-87.71927,41.98554],[-87.71929,41.98633],[-87.7195,41.98633],[-87.7195,41.98663],[-87.7189,41.98663],[-87.71878,41.98304],[-87.72062,41.98301],[-87.72065,41.98384],[-87.72209,41.98382],[-87.72212,41.98476],[-87.71975,41.98478]]]}},{"type":"Feature","properties":{"name":"South Pond Natural Area","kind":"nature reserve","areaKm2":0.0526,"osmId":758462738},"geometry":{"type":"Polygon","coordinates":[[[-87.6331,41.91708],[-87.63333,41.91746],[-87.63331,41.91779],[-87.63343,41.91786],[-87.6335,41.91809],[-87.63398,41.91793],[-87.63424,41.91804],[-87.63431,41.91837],[-87.63409,41.91851],[-87.63375,41.91851],[-87.63372,41.91867],[-87.63359,41.91871],[-87.63368,41.91902],[-87.63348,41.91932],[-87.63358,41.91937],[-87.63355,41.91945],[-87.63344,41.91952],[-87.63283,41.91897],[-87.63292,41.91862],[-87.6328,41.91826],[-87.63183,41.91866],[-87.63161,41.91859],[-87.63131,41.91823],[-87.63086,41.91716],[-87.63108,41.91647],[-87.63132,41.91638],[-87.63279,41.9163],[-87.63308,41.91665],[-87.6331,41.91708]]]}},{"type":"Feature","properties":{"name":"Legion Park Natural Area","kind":"nature reserve","areaKm2":0.0516,"osmId":18160680},"geometry":{"type":"MultiPolygon","coordinates":[[[[-87.70486,41.97946],[-87.70498,41.9791],[-87.70451,41.97798],[-87.70426,41.97772],[-87.70447,41.9774],[-87.70419,41.97661],[-87.70445,41.97647],[-87.70493,41.97785],[-87.70497,41.9784],[-87.70523,41.97888],[-87.70554,41.97987],[-87.70486,41.97946]]],[[[-87.70582,41.98102],[-87.70564,41.98046],[-87.70561,41.97996],[-87.70522,41.97875],[-87.70501,41.97843],[-87.70498,41.97788],[-87.70454,41.97647],[-87.70458,41.9761],[-87.70657,41.98233],[-87.7067,41.983],[-87.70659,41.98286],[-87.70641,41.98281],[-87.70648,41.98266],[-87.70612,41.98145],[-87.70582,41.98102]]],[[[-87.70594,41.97927],[-87.70588,41.97897],[-87.70603,41.97894],[-87.70678,41.98148],[-87.70703,41.98207],[-87.70697,41.98218],[-87.70718,41.98268],[-87.70756,41.983],[-87.7071,41.983],[-87.70594,41.97927]]],[[[-87.70846,41.98916],[-87.70822,41.98845],[-87.70802,41.98828],[-87.70807,41.98795],[-87.70772,41.98768],[-87.70756,41.98732],[-87.70738,41.9853],[-87.70728,41.98499],[-87.70711,41.98487],[-87.70671,41.98345],[-87.70675,41.98318],[-87.70753,41.98568],[-87.70769,41.98634],[-87.70755,41.98647],[-87.70774,41.98652],[-87.70783,41.98672],[-87.70887,41.99008],[-87.70858,41.98989],[-87.70845,41.98969],[-87.70846,41.98916]]],[[[-87.70931,41.99028],[-87.70905,41.98954],[-87.70723,41.98341],[-87.70732,41.98341],[-87.70824,41.98654],[-87.70947,41.99025],[-87.70931,41.99028]]]]}},{"type":"Feature","properties":{"name":"Park No. 597","kind":"nature reserve","areaKm2":0.0513,"osmId":14443017},"geometry":{"type":"Polygon","coordinates":[[[-87.56016,41.6699],[-87.56014,41.66972],[-87.56044,41.66957],[-87.56031,41.66942],[-87.56155,41.66868],[-87.56235,41.66802],[-87.56265,41.66825],[-87.56286,41.66831],[-87.56346,41.6674],[-87.56414,41.66687],[-87.56407,41.66959],[-87.56016,41.6699]]]}},{"type":"Feature","properties":{"name":"John E. Traeger Preserve","kind":"nature reserve","areaKm2":0.045,"osmId":1308035207},"geometry":{"type":"Polygon","coordinates":[[[-87.85868,42.01028],[-87.85631,42.01035],[-87.85629,42.0081],[-87.85804,42.00808],[-87.85834,42.0087],[-87.85884,42.01014],[-87.85868,42.01028]]]}},{"type":"Feature","properties":{"name":"Bill Jarvis Migratory Bird Sanctuary","kind":"nature reserve","areaKm2":0.0443,"osmId":19825133},"geometry":{"type":"Polygon","coordinates":[[[-87.6392,41.94823],[-87.63925,41.94818],[-87.63965,41.94805],[-87.6398,41.94791],[-87.64082,41.94779],[-87.64187,41.9484],[-87.64224,41.94936],[-87.64196,41.9496],[-87.6419,41.94981],[-87.64107,41.94998],[-87.64034,41.94969],[-87.63955,41.94976],[-87.63924,41.94906],[-87.63928,41.94889],[-87.63949,41.94869],[-87.6392,41.94823]]]}},{"type":"Feature","properties":{"name":"Gompers Park Natural Area","kind":"nature reserve","areaKm2":0.0438,"osmId":761663536},"geometry":{"type":"Polygon","coordinates":[[[-87.73079,41.97542],[-87.72974,41.97518],[-87.72872,41.97471],[-87.72836,41.97475],[-87.72842,41.97457],[-87.7287,41.97455],[-87.72894,41.97438],[-87.72951,41.97443],[-87.72958,41.97438],[-87.72978,41.97363],[-87.72942,41.97347],[-87.72904,41.97343],[-87.7283,41.97354],[-87.72829,41.97328],[-87.73013,41.97326],[-87.73013,41.97335],[-87.73066,41.97345],[-87.73127,41.97339],[-87.7315,41.97345],[-87.73188,41.97401],[-87.73193,41.97438],[-87.7324,41.97471],[-87.73189,41.97472],[-87.73143,41.97488],[-87.73124,41.97516],[-87.73124,41.97541],[-87.73079,41.97542]]]}},{"type":"Feature","properties":{"name":"Horner Natural Area","kind":"nature reserve","areaKm2":0.042,"osmId":18141942},"geometry":{"type":"MultiPolygon","coordinates":[[[[-87.69569,41.95478],[-87.69545,41.95474],[-87.6952,41.95449],[-87.69514,41.95414],[-87.69761,41.95412],[-87.69761,41.95422],[-87.69739,41.95427],[-87.69672,41.95421],[-87.69668,41.9544],[-87.69654,41.9544],[-87.69654,41.9547],[-87.69618,41.95468],[-87.69569,41.95478]]],[[[-87.69504,41.95414],[-87.69529,41.95489],[-87.69499,41.95555],[-87.69516,41.95713],[-87.69504,41.95802],[-87.69515,41.95839],[-87.69554,41.95889],[-87.69551,41.9592],[-87.69535,41.95943],[-87.69526,41.95977],[-87.69529,41.96003],[-87.69551,41.96047],[-87.69534,41.96081],[-87.69535,41.96116],[-87.69518,41.96119],[-87.69493,41.96119],[-87.69489,41.95968],[-87.6946,41.95802],[-87.69456,41.95514],[-87.69466,41.95414],[-87.69504,41.95414]]]]}},{"type":"Feature","properties":{"name":"Rainbow Beach Dunes Natural Area North","kind":"nature reserve","areaKm2":0.0387,"osmId":323064488},"geometry":{"type":"Polygon","coordinates":[[[-87.54544,41.75969],[-87.54502,41.76036],[-87.54465,41.76061],[-87.54437,41.7606],[-87.5433,41.75965],[-87.54478,41.75892],[-87.5461,41.75813],[-87.54619,41.75843],[-87.54637,41.75842],[-87.5463,41.75852],[-87.54819,41.75843],[-87.54819,41.75887],[-87.54808,41.75881],[-87.54699,41.75891],[-87.54651,41.75903],[-87.54604,41.75926],[-87.54544,41.75969]]]}},{"type":"Feature","properties":{"name":"","kind":"nature reserve","areaKm2":0.0345,"osmId":969954072},"geometry":{"type":"Polygon","coordinates":[[[-87.89508,41.71503],[-87.89558,41.71506],[-87.89615,41.71523],[-87.8967,41.71571],[-87.89701,41.71622],[-87.89692,41.71673],[-87.89673,41.71711],[-87.89509,41.71763],[-87.89508,41.71503]]]}},{"type":"Feature","properties":{"name":"Rainbow Beach Dunes Natural Area South","kind":"nature reserve","areaKm2":0.0274,"osmId":1482388588},"geometry":{"type":"Polygon","coordinates":[[[-87.54305,41.75197],[-87.54253,41.75194],[-87.54252,41.75185],[-87.54399,41.75184],[-87.54401,41.75179],[-87.54456,41.75194],[-87.54495,41.75229],[-87.54514,41.75325],[-87.54543,41.75372],[-87.54505,41.75407],[-87.54442,41.75392],[-87.54412,41.75397],[-87.54353,41.75233],[-87.54305,41.75197]]]}},{"type":"Feature","properties":{"name":"South Shore Nature Sanctuary","kind":"nature reserve","areaKm2":0.0253,"osmId":274189562},"geometry":{"type":"Polygon","coordinates":[[[-87.56169,41.76821],[-87.56137,41.76818],[-87.56086,41.7687],[-87.56019,41.76855],[-87.55958,41.76929],[-87.55942,41.76938],[-87.55944,41.76746],[-87.56002,41.76734],[-87.56044,41.76739],[-87.56186,41.76774],[-87.56234,41.76799],[-87.56185,41.76788],[-87.56175,41.76792],[-87.56164,41.76812],[-87.56169,41.76821]]]}},{"type":"Feature","properties":{"name":"Uptown Natural Area","kind":"nature reserve","areaKm2":0.0245,"osmId":1105256543},"geometry":{"type":"Polygon","coordinates":[[[-87.64885,41.96914],[-87.64829,41.9685],[-87.64806,41.96807],[-87.64783,41.96695],[-87.64789,41.96629],[-87.64807,41.96571],[-87.64846,41.96568],[-87.64852,41.96653],[-87.64884,41.96723],[-87.64894,41.96808],[-87.64939,41.96894],[-87.64942,41.96907],[-87.64885,41.96914]]]}},{"type":"Feature","properties":{"name":"McCormick Bird Sanctuary","kind":"nature reserve","areaKm2":0.0199,"osmId":347369045},"geometry":{"type":"Polygon","coordinates":[[[-87.61171,41.85038],[-87.61045,41.85066],[-87.60988,41.84931],[-87.61138,41.84899],[-87.61186,41.85021],[-87.61171,41.85038]]]}},{"type":"Feature","properties":{"name":"Marovitz Savannah Natural Area","kind":"nature reserve","areaKm2":0.0177,"osmId":354906059},"geometry":{"type":"Polygon","coordinates":[[[-87.64493,41.9619],[-87.64439,41.96178],[-87.64348,41.96183],[-87.64299,41.96193],[-87.64225,41.96222],[-87.64254,41.96148],[-87.64368,41.96143],[-87.64435,41.96128],[-87.64481,41.96098],[-87.64568,41.95999],[-87.64547,41.96096],[-87.64518,41.96154],[-87.64518,41.96186],[-87.64493,41.9619]]]}},{"type":"Feature","properties":{"name":"Diversey Natural Area","kind":"nature reserve","areaKm2":0.0175,"osmId":1159730456},"geometry":{"type":"Polygon","coordinates":[[[-87.63477,41.93652],[-87.63533,41.93645],[-87.63558,41.93654],[-87.63588,41.93703],[-87.63591,41.93733],[-87.63617,41.93747],[-87.63621,41.93772],[-87.6365,41.93792],[-87.63619,41.93819],[-87.63606,41.93821],[-87.63402,41.93669],[-87.63407,41.9366],[-87.6346,41.93646],[-87.63477,41.93652]]]}},{"type":"Feature","properties":{"name":"Ronan Park Natural Area","kind":"nature reserve","areaKm2":0.0144,"osmId":18160766},"geometry":{"type":"MultiPolygon","coordinates":[[[[-87.7038,41.97208],[-87.70305,41.97066],[-87.70148,41.96861],[-87.7018,41.9686],[-87.70181,41.96869],[-87.70199,41.96871],[-87.70191,41.96882],[-87.70206,41.96894],[-87.70208,41.96909],[-87.70323,41.97048],[-87.7039,41.9718],[-87.70395,41.97208],[-87.7038,41.97208]]],[[[-87.70315,41.97208],[-87.70292,41.97178],[-87.70237,41.97072],[-87.70194,41.97015],[-87.70158,41.97],[-87.70195,41.96982],[-87.70285,41.97103],[-87.7034,41.97208],[-87.70315,41.97208]]]]}},{"type":"Feature","properties":{"name":"Eugene Field Natural Area","kind":"nature reserve","areaKm2":0.0139,"osmId":20732119},"geometry":{"type":"Polygon","coordinates":[[[-87.72175,41.9747],[-87.72208,41.97457],[-87.72235,41.97462],[-87.72259,41.97477],[-87.72284,41.97481],[-87.72336,41.97513],[-87.7237,41.9755],[-87.72118,41.97552],[-87.72175,41.9747]]]}},{"type":"Feature","properties":{"name":"Bobolink Meadow","kind":"nature reserve","areaKm2":0.0134,"osmId":18995874},"geometry":{"type":"Polygon","coordinates":[[[-87.57912,41.78357],[-87.57952,41.78383],[-87.58028,41.78394],[-87.58035,41.78423],[-87.58057,41.78452],[-87.58055,41.78481],[-87.58074,41.785],[-87.58064,41.78553],[-87.58038,41.7856],[-87.58009,41.78547],[-87.58015,41.7851],[-87.5789,41.78368],[-87.57912,41.78357]]]}},{"type":"Feature","properties":{"name":"Loyola Dunes","kind":"nature reserve","areaKm2":0.0132,"osmId":382718527},"geometry":{"type":"Polygon","coordinates":[[[-87.65691,42.00756],[-87.65562,42.00654],[-87.65587,42.00635],[-87.65726,42.00632],[-87.65743,42.00669],[-87.65745,42.00738],[-87.65691,42.00756]]]}},{"type":"Feature","properties":{"name":"Ping Tom Natural Area","kind":"nature reserve","areaKm2":0.0117,"osmId":1326118038},"geometry":{"type":"Polygon","coordinates":[[[-87.63391,41.85903],[-87.63403,41.85897],[-87.634,41.85981],[-87.63408,41.86],[-87.63309,41.86007],[-87.63259,41.86027],[-87.63229,41.86017],[-87.63293,41.85969],[-87.63316,41.85941],[-87.63369,41.8583],[-87.63363,41.85829],[-87.63383,41.85782],[-87.63412,41.85782],[-87.63366,41.85852],[-87.63367,41.85872],[-87.6339,41.85885],[-87.63354,41.85903],[-87.63368,41.85954],[-87.63391,41.85903]]]}},{"type":"Feature","properties":{"name":"Alfred Caldwell Lily Pool","kind":"nature reserve","areaKm2":0.0113,"osmId":23986661},"geometry":{"type":"Polygon","coordinates":[[[-87.63372,41.92422],[-87.63389,41.92413],[-87.63423,41.92425],[-87.63453,41.92515],[-87.63475,41.9251],[-87.63482,41.92528],[-87.63421,41.92558],[-87.63388,41.92548],[-87.63328,41.92436],[-87.63328,41.92415],[-87.63372,41.92422]]]}},{"type":"Feature","properties":{"name":"63rd St. Beach Dunes","kind":"nature reserve","areaKm2":0.0107,"osmId":20660684},"geometry":{"type":"Polygon","coordinates":[[[-87.57563,41.78262],[-87.5761,41.78348],[-87.57413,41.78246],[-87.57452,41.78179],[-87.57492,41.78201],[-87.57508,41.78202],[-87.57514,41.78233],[-87.57537,41.78254],[-87.57563,41.78262]]]}},{"type":"Feature","properties":{"name":"River Park Natural Area","kind":"nature reserve","areaKm2":0.0097,"osmId":18160767},"geometry":{"type":"Polygon","coordinates":[[[-87.70429,41.97486],[-87.70433,41.97511],[-87.7042,41.97521],[-87.70431,41.97537],[-87.70396,41.97507],[-87.70344,41.9737],[-87.70343,41.97306],[-87.70317,41.9722],[-87.70345,41.97219],[-87.7037,41.97331],[-87.70429,41.97486]]]}},{"type":"Feature","properties":{"name":"Webster Wildlife Site","kind":"nature reserve","areaKm2":0.0083,"osmId":351505921},"geometry":{"type":"Polygon","coordinates":[[[-87.668,41.9211],[-87.66766,41.92045],[-87.66713,41.92015],[-87.66781,41.91963],[-87.66818,41.91986],[-87.66832,41.92096],[-87.668,41.9211]]]}},{"type":"Feature","properties":{"name":"","kind":"nature reserve","areaKm2":0.0066,"osmId":419296508},"geometry":{"type":"Polygon","coordinates":[[[-87.92378,41.70823],[-87.91805,41.71121],[-87.91796,41.71111],[-87.92378,41.70812],[-87.92378,41.70823]]]}},{"type":"Feature","properties":{"name":"Kathy Osterman Beach Dunes Natural Area","kind":"nature reserve","areaKm2":0.0062,"osmId":20593135},"geometry":{"type":"Polygon","coordinates":[[[-87.65433,41.98749],[-87.65424,41.98891],[-87.65339,41.98799],[-87.65416,41.98752],[-87.65433,41.98749]]]}},{"type":"Feature","properties":{"name":"","kind":"nature reserve","areaKm2":0.0051,"osmId":1436538523},"geometry":{"type":"Polygon","coordinates":[[[-87.59859,41.82414],[-87.59879,41.82303],[-87.59901,41.82321],[-87.59929,41.824],[-87.59915,41.82404],[-87.59911,41.82429],[-87.59859,41.82414]]]}},{"type":"Feature","properties":{"name":"Burnham Wildlife Corridor","kind":"nature reserve","areaKm2":0.0051,"osmId":17779596},"geometry":{"type":"Polygon","coordinates":[[[-87.59915,41.82404],[-87.59911,41.82429],[-87.59859,41.82415],[-87.59877,41.82303],[-87.59901,41.82321],[-87.59929,41.824],[-87.59915,41.82404]]]}},{"type":"Feature","properties":{"name":"Sag Valley Forest Preserve","kind":"forest preserve / protected area","areaKm2":17.5812,"osmId":9607168},"geometry":{"type":"Polygon","coordinates":[[[-87.92653,41.68726],[-87.92767,41.68738],[-87.93075,41.688],[-87.93125,41.68886],[-87.93161,41.68926],[-87.93228,41.68976],[-87.93442,41.69108],[-87.93518,41.69193],[-87.93545,41.69245],[-87.93601,41.69425],[-87.9359,41.69427],[-87.93623,41.69596],[-87.93065,41.69567],[-87.89912,41.69083],[-87.88569,41.68884],[-87.87492,41.68743],[-87.85867,41.68565],[-87.85612,41.68546],[-87.85513,41.68545],[-87.85166,41.68508],[-87.85075,41.68506],[-87.85061,41.68501],[-87.85052,41.68481],[-87.8504,41.68499],[-87.84971,41.68501],[-87.84795,41.68475],[-87.84609,41.68462],[-87.84485,41.6844],[-87.83135,41.68307],[-87.83112,41.6813],[-87.83082,41.67471],[-87.85029,41.6742],[-87.85495,41.67417],[-87.85478,41.66675],[-87.84998,41.66688],[-87.84991,41.66334],[-87.84763,41.66339],[-87.84773,41.66693],[-87.84491,41.66698],[-87.84478,41.66147],[-87.84373,41.6615],[-87.84365,41.65972],[-87.83987,41.65981],[-87.83976,41.65717],[-87.83885,41.65691],[-87.84095,41.65269],[-87.84122,41.65261],[-87.85204,41.65241],[-87.85217,41.65593],[-87.85084,41.65595],[-87.85082,41.65462],[-87.84888,41.65465],[-87.84896,41.65976],[-87.85433,41.65965],[-87.85444,41.66367],[-87.87606,41.66325],[-87.8836,41.66512],[-87.88363,41.66636],[-87.89312,41.66618],[-87.89325,41.66632],[-87.89342,41.66979],[-87.89374,41.66998],[-87.89632,41.671],[-87.89741,41.67199],[-87.89815,41.67198],[-87.89813,41.66608],[-87.91254,41.66585],[-87.91262,41.66602],[-87.91281,41.67055],[-87.91155,41.67057],[-87.91165,41.673],[-87.908,41.67306],[-87.90805,41.67679],[-87.91305,41.67748],[-87.91317,41.68028],[-87.91801,41.68024],[-87.91815,41.68749],[-87.92653,41.68726]]]}},{"type":"Feature","properties":{"name":"","kind":"forest preserve / protected area","areaKm2":7.9579,"osmId":419296495},"geometry":{"type":"Polygon","coordinates":[[[-87.89426,41.71518],[-87.89331,41.7159],[-87.89135,41.71627],[-87.89031,41.71654],[-87.88954,41.71703],[-87.88878,41.71728],[-87.88795,41.71729],[-87.88631,41.71704],[-87.8762,41.71722],[-87.87606,41.71716],[-87.87597,41.71682],[-87.8757,41.71005],[-87.87533,41.69626],[-87.87547,41.6961],[-87.87582,41.69611],[-87.8785,41.69676],[-87.87993,41.69702],[-87.88262,41.69734],[-87.8965,41.69805],[-87.89963,41.69807],[-87.91484,41.6965],[-87.91631,41.69636],[-87.91765,41.69636],[-87.91926,41.69642],[-87.92098,41.6966],[-87.93097,41.69787],[-87.93179,41.69792],[-87.9332,41.69777],[-87.93582,41.69804],[-87.93589,41.69811],[-87.93589,41.69821],[-87.93378,41.69971],[-87.9338,41.69825],[-87.931,41.6983],[-87.93101,41.69882],[-87.93042,41.69883],[-87.93039,41.69948],[-87.93311,41.69948],[-87.9331,41.7001],[-87.92571,41.70355],[-87.92081,41.70679],[-87.91348,41.71204],[-87.91204,41.71275],[-87.90999,41.71352],[-87.90747,41.71432],[-87.89893,41.71643],[-87.89795,41.71636],[-87.89747,41.71617],[-87.89717,41.71575],[-87.89659,41.71518],[-87.89609,41.71491],[-87.89545,41.7148],[-87.89477,41.7149],[-87.89426,41.71518]]]}},{"type":"Feature","properties":{"name":"","kind":"forest preserve / protected area","areaKm2":6.6734,"osmId":9601898},"geometry":{"type":"Polygon","coordinates":[[[-87.89294,41.64431],[-87.9314,41.64357],[-87.93165,41.65483],[-87.92964,41.65485],[-87.92966,41.65558],[-87.93168,41.65554],[-87.9317,41.65634],[-87.92965,41.65638],[-87.92966,41.65675],[-87.92854,41.65678],[-87.9286,41.65822],[-87.93176,41.65818],[-87.93184,41.66094],[-87.92935,41.66095],[-87.9295,41.66321],[-87.93191,41.66317],[-87.93196,41.66528],[-87.9303,41.66536],[-87.90303,41.66589],[-87.90258,41.65493],[-87.89297,41.65504],[-87.89296,41.65172],[-87.89269,41.64438],[-87.89294,41.64431]]]}},{"type":"Feature","properties":{"name":"Cap Sauers Holding Nature Preserve","kind":"forest preserve / protected area","areaKm2":6.2927,"osmId":9607298},"geometry":{"type":"Polygon","coordinates":[[[-87.89911,41.67356],[-87.89997,41.6742],[-87.90274,41.67555],[-87.90347,41.67602],[-87.90387,41.6762],[-87.91305,41.67748],[-87.91317,41.68028],[-87.91801,41.68024],[-87.91815,41.68735],[-87.88969,41.68795],[-87.88692,41.68776],[-87.88591,41.68762],[-87.8749,41.68557],[-87.8743,41.67071],[-87.87423,41.66657],[-87.89171,41.66618],[-87.89319,41.6662],[-87.89342,41.66979],[-87.89374,41.66998],[-87.89632,41.671],[-87.89911,41.67356]]]}},{"type":"Feature","properties":{"name":"Tinley Creek Forest Preserve","kind":"forest preserve / protected area","areaKm2":3.4257,"osmId":9592693},"geometry":{"type":"Polygon","coordinates":[[[-87.81034,41.64584],[-87.80532,41.64593],[-87.80559,41.65321],[-87.79325,41.65357],[-87.78221,41.65371],[-87.78194,41.64639],[-87.77728,41.64642],[-87.77714,41.64635],[-87.77693,41.64018],[-87.81016,41.64016],[-87.81034,41.64584]]]}},{"type":"Feature","properties":{"name":"McMahon Woods & Fen Nature Preserve","kind":"forest preserve / protected area","areaKm2":2.7316,"osmId":13053625},"geometry":{"type":"MultiPolygon","coordinates":[[[[-87.87499,41.69558],[-87.87474,41.69562],[-87.87301,41.69546],[-87.85804,41.69582],[-87.8562,41.69578],[-87.85598,41.69571],[-87.85569,41.68627],[-87.87478,41.68817],[-87.87499,41.69558]]],[[[-87.86566,41.70299],[-87.85621,41.70315],[-87.85598,41.69625],[-87.85607,41.69612],[-87.85634,41.69606],[-87.87088,41.69571],[-87.8741,41.69576],[-87.87488,41.69589],[-87.87499,41.69593],[-87.87526,41.70272],[-87.86566,41.70299]]]]}},{"type":"Feature","properties":{"name":"McGinnis Slough","kind":"forest preserve / protected area","areaKm2":2.3421,"osmId":9599147},"geometry":{"type":"Polygon","coordinates":[[[-87.88306,41.64141],[-87.88784,41.64132],[-87.88787,41.64256],[-87.88717,41.64257],[-87.88719,41.64346],[-87.88795,41.64345],[-87.88796,41.64434],[-87.87505,41.64449],[-87.87509,41.64596],[-87.87327,41.64599],[-87.87352,41.6517],[-87.87341,41.65182],[-87.85896,41.65211],[-87.85878,41.64628],[-87.85407,41.64333],[-87.85409,41.64012],[-87.88301,41.64009],[-87.88306,41.64141]]]}},{"type":"Feature","properties":{"name":"Schiller Woods South Preserve","kind":"forest preserve / protected area","areaKm2":2.1491,"osmId":17987292},"geometry":{"type":"Polygon","coordinates":[[[-87.84107,41.95224],[-87.83699,41.95194],[-87.8369,41.94952],[-87.83667,41.94749],[-87.83637,41.94177],[-87.83639,41.94072],[-87.83653,41.94047],[-87.84288,41.93875],[-87.84363,41.9384],[-87.84477,41.93761],[-87.84507,41.93749],[-87.84927,41.93742],[-87.84952,41.93745],[-87.85002,41.93785],[-87.85042,41.93802],[-87.85121,41.93868],[-87.85181,41.93962],[-87.85205,41.94126],[-87.85277,41.94292],[-87.85298,41.94376],[-87.85373,41.94548],[-87.85497,41.94792],[-87.85497,41.94843],[-87.8548,41.94917],[-87.8537,41.95159],[-87.85363,41.95222],[-87.85373,41.95275],[-87.85387,41.95298],[-87.84107,41.95224]]]}},{"type":"Feature","properties":{"name":"Bemis Woods Preserve","kind":"forest preserve / protected area","areaKm2":2.1012,"osmId":6599476},"geometry":{"type":"MultiPolygon","coordinates":[[[[-87.91842,41.8228],[-87.91812,41.82285],[-87.91776,41.82307],[-87.91778,41.82354],[-87.91761,41.82383],[-87.91846,41.82545],[-87.91905,41.82718],[-87.91914,41.82807],[-87.91903,41.82836],[-87.91881,41.82849],[-87.91858,41.82627],[-87.91825,41.82518],[-87.91626,41.82171],[-87.91572,41.82055],[-87.91592,41.81978],[-87.91684,41.81866],[-87.91753,41.81815],[-87.9182,41.81804],[-87.91842,41.8228]]],[[[-87.90004,41.82386],[-87.89946,41.82214],[-87.89926,41.82091],[-87.89933,41.82079],[-87.901,41.82079],[-87.90717,41.81975],[-87.90893,41.81951],[-87.91093,41.81935],[-87.912,41.81942],[-87.91239,41.81959],[-87.91468,41.82112],[-87.91547,41.82225],[-87.91725,41.8254],[-87.9175,41.82627],[-87.91758,41.82754],[-87.91769,41.82754],[-87.91771,41.82798],[-87.91748,41.82806],[-87.91772,41.82846],[-87.91746,41.82828],[-87.91603,41.82646],[-87.91522,41.82605],[-87.91434,41.82589],[-87.91385,41.82588],[-87.91172,41.82602],[-87.91131,41.82628],[-87.91136,41.82656],[-87.91127,41.82673],[-87.91088,41.82685],[-87.90987,41.82656],[-87.90953,41.82658],[-87.90923,41.82676],[-87.90899,41.82709],[-87.90868,41.82756],[-87.90849,41.82808],[-87.9081,41.82821],[-87.90795,41.82817],[-87.90617,41.82668],[-87.90498,41.82637],[-87.90464,41.82625],[-87.90447,41.82609],[-87.90424,41.82566],[-87.90445,41.82532],[-87.90439,41.82438],[-87.90409,41.82412],[-87.90363,41.8241],[-87.90343,41.82417],[-87.90358,41.82475],[-87.90351,41.825],[-87.90323,41.82524],[-87.90261,41.82546],[-87.90037,41.82573],[-87.90004,41.82386]]],[[[-87.90199,41.83349],[-87.90076,41.83347],[-87.90058,41.83177],[-87.90037,41.82595],[-87.90217,41.82575],[-87.90354,41.8253],[-87.90384,41.82476],[-87.90373,41.82437],[-87.90398,41.82431],[-87.9042,41.82448],[-87.90422,41.82504],[-87.90403,41.82577],[-87.90446,41.82644],[-87.90571,41.82677],[-87.90608,41.82694],[-87.90665,41.8273],[-87.90768,41.82824],[-87.90808,41.82844],[-87.9084,41.82838],[-87.90874,41.8282],[-87.9089,41.82798],[-87.90891,41.82765],[-87.90907,41.82728],[-87.90932,41.82692],[-87.9095,41.82681],[-87.90984,41.82679],[-87.91074,41.82703],[-87.91147,41.82693],[-87.91162,41.82679],[-87.91149,41.82643],[-87.91156,41.82629],[-87.9117,41.8262],[-87.91238,41.8261],[-87.91431,41.82605],[-87.91546,41.82627],[-87.91602,41.82667],[-87.91734,41.82847],[-87.91773,41.82866],[-87.91797,41.83309],[-87.90199,41.83349]]]]}},{"type":"Feature","properties":{"name":"Schiller Woods North Preserve","kind":"forest preserve / protected area","areaKm2":1.9809,"osmId":17970496},"geometry":{"type":"MultiPolygon","coordinates":[[[[-87.83284,41.95937],[-87.83272,41.95932],[-87.8319,41.9559],[-87.83655,41.95572],[-87.83656,41.9592],[-87.8364,41.95928],[-87.83284,41.95937]]],[[[-87.84679,41.9663],[-87.84669,41.96619],[-87.84666,41.96209],[-87.84652,41.96162],[-87.84614,41.96093],[-87.84522,41.96006],[-87.84423,41.95955],[-87.84336,41.95929],[-87.84268,41.95919],[-87.83702,41.95926],[-87.83686,41.95921],[-87.83683,41.9569],[-87.83697,41.95221],[-87.83712,41.95216],[-87.84159,41.9524],[-87.85381,41.95311],[-87.85401,41.95315],[-87.8544,41.9536],[-87.85519,41.95411],[-87.85605,41.95454],[-87.85783,41.9552],[-87.85833,41.95581],[-87.8587,41.95643],[-87.85869,41.95714],[-87.85823,41.95797],[-87.85751,41.95897],[-87.85643,41.96104],[-87.85563,41.96228],[-87.85541,41.96308],[-87.85534,41.96311],[-87.85561,41.96345],[-87.8557,41.96429],[-87.85533,41.96499],[-87.8552,41.96496],[-87.85498,41.96513],[-87.85509,41.96531],[-87.85492,41.96541],[-87.85476,41.96587],[-87.85455,41.96606],[-87.84679,41.9663]]]]}},{"type":"Feature","properties":{"name":"Palos Preserves","kind":"forest preserve / protected area","areaKm2":1.9269,"osmId":637672993},"geometry":{"type":"Polygon","coordinates":[[[-87.85494,41.67589],[-87.85531,41.67697],[-87.85626,41.67846],[-87.85661,41.67944],[-87.85659,41.68],[-87.85599,41.68178],[-87.85463,41.68229],[-87.85411,41.68305],[-87.85082,41.68293],[-87.84539,41.68297],[-87.8409,41.68311],[-87.83735,41.68296],[-87.83358,41.68248],[-87.83099,41.68203],[-87.83082,41.67471],[-87.85471,41.67417],[-87.85473,41.67485],[-87.85494,41.67589]]]}},{"type":"Feature","properties":{"name":"Spears Woods","kind":"forest preserve / protected area","areaKm2":1.913,"osmId":419296499},"geometry":{"type":"Polygon","coordinates":[[[-87.86677,41.73212],[-87.85706,41.73236],[-87.85266,41.73236],[-87.85257,41.73228],[-87.85198,41.71799],[-87.85407,41.71784],[-87.86618,41.71753],[-87.86677,41.73212]]]}},{"type":"Feature","properties":{"name":"Catherine Chevalier Woods Preserve","kind":"forest preserve / protected area","areaKm2":1.806,"osmId":11205154},"geometry":{"type":"Polygon","coordinates":[[[-87.8627,41.97587],[-87.86255,41.97732],[-87.86111,41.97736],[-87.86103,41.97745],[-87.86104,41.97809],[-87.86025,41.97812],[-87.85698,41.98068],[-87.85706,41.98068],[-87.85751,41.98324],[-87.85695,41.98333],[-87.85575,41.98335],[-87.8557,41.98314],[-87.84655,41.98333],[-87.84674,41.96654],[-87.85449,41.96625],[-87.85471,41.96675],[-87.85464,41.96687],[-87.85495,41.96789],[-87.85491,41.96851],[-87.85464,41.9693],[-87.85445,41.96967],[-87.85421,41.96992],[-87.85391,41.97105],[-87.85399,41.97155],[-87.8544,41.97211],[-87.85535,41.97266],[-87.85541,41.97283],[-87.85549,41.97282],[-87.8555,41.97268],[-87.85632,41.97254],[-87.85771,41.97179],[-87.85836,41.97155],[-87.85887,41.9715],[-87.85928,41.97155],[-87.8603,41.97201],[-87.86119,41.97263],[-87.86159,41.97307],[-87.86173,41.97336],[-87.86217,41.97336],[-87.8627,41.97587]]]}},{"type":"Feature","properties":{"name":"Willow Springs Woods","kind":"forest preserve / protected area","areaKm2":1.7589,"osmId":419296500},"geometry":{"type":"Polygon","coordinates":[[[-87.86618,41.71753],[-87.87587,41.71731],[-87.87615,41.72462],[-87.87627,41.72461],[-87.87607,41.72093],[-87.87921,41.72086],[-87.88013,41.72166],[-87.88103,41.72221],[-87.88136,41.7231],[-87.88244,41.72409],[-87.88373,41.72511],[-87.88367,41.72518],[-87.88322,41.72483],[-87.88266,41.72513],[-87.8819,41.72531],[-87.88108,41.72617],[-87.88116,41.72767],[-87.88102,41.72789],[-87.88122,41.72824],[-87.88063,41.72897],[-87.87926,41.73034],[-87.87729,41.73176],[-87.87683,41.73202],[-87.87675,41.73197],[-87.87658,41.73204],[-87.87639,41.7319],[-87.86677,41.73212],[-87.86618,41.71753]]]}},{"type":"Feature","properties":{"name":"Salt Creek Woods","kind":"forest preserve / protected area","areaKm2":1.6328,"osmId":174384797},"geometry":{"type":"Polygon","coordinates":[[[-87.90033,41.83353],[-87.88513,41.8339],[-87.88462,41.82495],[-87.88561,41.82452],[-87.88564,41.82535],[-87.89037,41.8253],[-87.89026,41.82101],[-87.8895,41.81977],[-87.89426,41.82017],[-87.89882,41.82069],[-87.89893,41.82076],[-87.89906,41.82165],[-87.9,41.82437],[-87.90047,41.83346],[-87.90033,41.83353]]]}},{"type":"Feature","properties":{"name":"Arie Crown Forest","kind":"forest preserve / protected area","areaKm2":1.5979,"osmId":9725012},"geometry":{"type":"MultiPolygon","coordinates":[[[[-87.87527,41.75756],[-87.87986,41.75745],[-87.88159,41.75798],[-87.88172,41.75817],[-87.88191,41.75824],[-87.88204,41.76029],[-87.87537,41.76047],[-87.87527,41.75756]]],[[[-87.86776,41.76628],[-87.86781,41.76424],[-87.86802,41.76386],[-87.86947,41.763],[-87.87018,41.76194],[-87.87075,41.76168],[-87.87359,41.76123],[-87.87602,41.76109],[-87.88107,41.76098],[-87.88124,41.76833],[-87.87716,41.7684],[-87.87755,41.77425],[-87.87667,41.77463],[-87.87662,41.77392],[-87.87646,41.77368],[-87.87185,41.7758],[-87.86815,41.77587],[-87.86776,41.76628]]]]}},{"type":"Feature","properties":{"name":"Cranberry Slough Nature Preserve","kind":"forest preserve / protected area","areaKm2":1.5436,"osmId":386567436},"geometry":{"type":"Polygon","coordinates":[[[-87.85189,41.71274],[-87.85196,41.7112],[-87.85219,41.71019],[-87.85249,41.70946],[-87.85326,41.70822],[-87.85534,41.70607],[-87.85587,41.70525],[-87.85615,41.7044],[-87.85621,41.70315],[-87.86566,41.70299],[-87.86597,41.71388],[-87.86139,41.71394],[-87.86143,41.71757],[-87.8522,41.71772],[-87.85205,41.71751],[-87.85189,41.71274]]]}},{"type":"Feature","properties":{"name":"Miller Meadow Preserve","kind":"forest preserve / protected area","areaKm2":1.2555,"osmId":6497971},"geometry":{"type":"Polygon","coordinates":[[[-87.82843,41.85008],[-87.82886,41.85014],[-87.83007,41.85072],[-87.83248,41.85106],[-87.83271,41.85125],[-87.83294,41.8546],[-87.83328,41.86327],[-87.83324,41.86431],[-87.83312,41.86441],[-87.82756,41.86451],[-87.82653,41.8631],[-87.82411,41.86125],[-87.82194,41.85933],[-87.82134,41.85874],[-87.82113,41.85829],[-87.82084,41.85735],[-87.82082,41.8561],[-87.82099,41.85538],[-87.82181,41.85406],[-87.82272,41.85304],[-87.82408,41.85196],[-87.82675,41.85067],[-87.82761,41.85011],[-87.82843,41.85008]]]}},{"type":"Feature","properties":{"name":"Rubio Woods","kind":"forest preserve / protected area","areaKm2":1.1973,"osmId":9593246},"geometry":{"type":"Polygon","coordinates":[[[-87.77071,41.64658],[-87.75677,41.64676],[-87.75648,41.64019],[-87.77666,41.64018],[-87.77686,41.64629],[-87.77678,41.64642],[-87.77071,41.64658]]]}},{"type":"Feature","properties":{"name":"Thatcher Woods Preserve","kind":"forest preserve / protected area","areaKm2":1.1864,"osmId":11203573},"geometry":{"type":"MultiPolygon","coordinates":[[[[-87.8299,41.8915],[-87.82964,41.89247],[-87.82983,41.89282],[-87.83002,41.89291],[-87.83034,41.89292],[-87.83093,41.89262],[-87.83164,41.89271],[-87.83279,41.89327],[-87.83336,41.89369],[-87.83172,41.89385],[-87.83025,41.89388],[-87.82581,41.89375],[-87.82572,41.89178],[-87.82646,41.8917],[-87.82748,41.89069],[-87.82769,41.89068],[-87.82815,41.8904],[-87.82827,41.8904],[-87.83093,41.88869],[-87.8309,41.88805],[-87.83168,41.88806],[-87.83219,41.8882],[-87.83238,41.88832],[-87.83183,41.88873],[-87.82955,41.88994],[-87.82951,41.89033],[-87.82985,41.89096],[-87.8299,41.8915]]],[[[-87.8308,41.89217],[-87.83105,41.89241],[-87.83021,41.89271],[-87.8299,41.89257],[-87.82987,41.89235],[-87.83005,41.89168],[-87.8308,41.89217]]],[[[-87.83096,41.89399],[-87.83351,41.89383],[-87.83399,41.89428],[-87.83435,41.89494],[-87.83458,41.89571],[-87.8346,41.89651],[-87.83443,41.8972],[-87.83516,41.89719],[-87.83505,41.89867],[-87.83465,41.90124],[-87.83474,41.90457],[-87.83285,41.9046],[-87.82601,41.89954],[-87.82582,41.8939],[-87.83096,41.89399]]],[[[-87.82996,41.90578],[-87.82894,41.90607],[-87.829,41.90837],[-87.82423,41.9084],[-87.82439,41.90778],[-87.82508,41.90704],[-87.82523,41.9067],[-87.82518,41.90366],[-87.82541,41.90298],[-87.82586,41.90224],[-87.82605,41.90161],[-87.82602,41.8998],[-87.8326,41.90468],[-87.82996,41.90578]]]]}},{"type":"Feature","properties":{"name":"Crooked Creek Woods","kind":"forest preserve / protected area","areaKm2":1.0766,"osmId":17438035},"geometry":{"type":"MultiPolygon","coordinates":[[[[-87.8471,41.69689],[-87.84659,41.69738],[-87.84621,41.69798],[-87.84615,41.69623],[-87.84854,41.69617],[-87.84815,41.69631],[-87.8471,41.69689]]],[[[-87.84651,41.6979],[-87.84709,41.69717],[-87.8477,41.69672],[-87.84862,41.69633],[-87.84944,41.69616],[-87.85529,41.69612],[-87.85556,41.69629],[-87.85586,41.70316],[-87.84644,41.70337],[-87.84625,41.69867],[-87.84651,41.6979]]],[[[-87.83659,41.69993],[-87.83656,41.6982],[-87.83815,41.69815],[-87.83812,41.69724],[-87.83657,41.69729],[-87.83624,41.69661],[-87.83632,41.69648],[-87.84124,41.69632],[-87.84124,41.69624],[-87.84604,41.69614],[-87.84631,41.70338],[-87.8414,41.70351],[-87.84132,41.69979],[-87.83659,41.69993]]]]}},{"type":"Feature","properties":{"name":"Dam Number 4 North Preserve","kind":"forest preserve / protected area","areaKm2":1.0605,"osmId":17943294},"geometry":{"type":"Polygon","coordinates":[[[-87.85496,42.00098],[-87.85492,42.00016],[-87.85505,41.99943],[-87.85574,41.99725],[-87.8557,41.9961],[-87.85582,41.99604],[-87.85901,41.99593],[-87.86162,41.99595],[-87.86441,42.00229],[-87.86798,42.00783],[-87.86797,42.00795],[-87.8679,42.00795],[-87.86792,42.00841],[-87.86763,42.00919],[-87.86559,42.00978],[-87.86561,42.01],[-87.8633,42.01016],[-87.85919,42.01021],[-87.85826,42.00808],[-87.85944,42.00668],[-87.85944,42.0055],[-87.85898,42.0055],[-87.85897,42.00439],[-87.85542,42.00444],[-87.85542,42.00299],[-87.85496,42.00098]]]}},{"type":"Feature","properties":{"name":"Dan Ryan Woods Preserve","kind":"forest preserve / protected area","areaKm2":1.0525,"osmId":20951525},"geometry":{"type":"MultiPolygon","coordinates":[[[[-87.67529,41.73382],[-87.67575,41.73364],[-87.67632,41.7335],[-87.67633,41.73385],[-87.67697,41.73378],[-87.67698,41.73337],[-87.67763,41.73336],[-87.67758,41.73106],[-87.68225,41.731],[-87.68232,41.73541],[-87.67271,41.73555],[-87.66815,41.73019],[-87.66796,41.73016],[-87.66787,41.72975],[-87.66728,41.72892],[-87.66747,41.72852],[-87.66895,41.72836],[-87.67008,41.72786],[-87.67064,41.72781],[-87.67105,41.72754],[-87.67128,41.7275],[-87.67135,41.72855],[-87.67153,41.72887],[-87.67195,41.72935],[-87.67205,41.72933],[-87.6737,41.73118],[-87.67355,41.73137],[-87.67351,41.73187],[-87.67337,41.7322],[-87.67285,41.73268],[-87.67283,41.73281],[-87.67466,41.73428],[-87.67529,41.73382]]],[[[-87.6729,41.73648],[-87.67291,41.73578],[-87.68235,41.73567],[-87.68255,41.74275],[-87.67754,41.74283],[-87.67695,41.74107],[-87.67647,41.74015],[-87.67359,41.73654],[-87.67343,41.73648],[-87.6729,41.73648]]],[[[-87.67761,41.74333],[-87.6776,41.74295],[-87.68256,41.74292],[-87.68259,41.74443],[-87.68122,41.74443],[-87.6801,41.74471],[-87.67901,41.7454],[-87.67858,41.74589],[-87.67825,41.74656],[-87.67815,41.74705],[-87.67823,41.75008],[-87.67812,41.75011],[-87.67786,41.75011],[-87.67785,41.74974],[-87.67651,41.74976],[-87.6765,41.74933],[-87.67784,41.74931],[-87.67772,41.74333],[-87.67761,41.74333]]]]}},{"type":"Feature","properties":{"name":"Elizabeth A. Conkey Forest","kind":"forest preserve / protected area","areaKm2":0.968,"osmId":9593474},"geometry":{"type":"Polygon","coordinates":[[[-87.7724,41.65385],[-87.75791,41.65408],[-87.75766,41.64702],[-87.75776,41.64689],[-87.77219,41.64665],[-87.7724,41.65385]]]}},{"type":"Feature","properties":{"name":"Calumet Woods","kind":"forest preserve / protected area","areaKm2":0.9582,"osmId":9725404},"geometry":{"type":"Polygon","coordinates":[[[-87.66486,41.64871],[-87.66679,41.64827],[-87.66571,41.64713],[-87.66418,41.64709],[-87.66372,41.64715],[-87.66286,41.64762],[-87.66258,41.64783],[-87.66263,41.64788],[-87.66216,41.64819],[-87.66154,41.64827],[-87.66154,41.64839],[-87.66046,41.64841],[-87.66016,41.64017],[-87.66199,41.64017],[-87.66239,41.64042],[-87.66307,41.64017],[-87.66957,41.64018],[-87.66972,41.64396],[-87.66941,41.64431],[-87.67153,41.64551],[-87.67176,41.64527],[-87.67247,41.64561],[-87.67249,41.64675],[-87.6728,41.64717],[-87.67114,41.6474],[-87.6699,41.64873],[-87.67001,41.65063],[-87.66891,41.65069],[-87.66805,41.6496],[-87.66719,41.64989],[-87.6674,41.6509],[-87.66069,41.65258],[-87.66063,41.65255],[-87.66049,41.64948],[-87.66486,41.64871]]]}},{"type":"Feature","properties":{"name":"Buffalo Woods","kind":"forest preserve / protected area","areaKm2":0.9472,"osmId":9724583},"geometry":{"type":"MultiPolygon","coordinates":[[[[-87.85259,41.73258],[-87.86278,41.73233],[-87.86281,41.73355],[-87.85994,41.7336],[-87.86002,41.73657],[-87.85875,41.73659],[-87.8588,41.73834],[-87.85771,41.73855],[-87.85777,41.74023],[-87.85595,41.74028],[-87.85603,41.74256],[-87.85376,41.74303],[-87.85312,41.74291],[-87.85294,41.74277],[-87.85288,41.74237],[-87.8546,41.73988],[-87.85476,41.73919],[-87.85476,41.73866],[-87.85462,41.73813],[-87.85436,41.73763],[-87.85308,41.73601],[-87.85289,41.73549],[-87.85282,41.73496],[-87.85276,41.73496],[-87.85259,41.73258]]],[[[-87.8481,41.74178],[-87.8481,41.74165],[-87.84916,41.74162],[-87.84912,41.74073],[-87.84806,41.74076],[-87.84804,41.74025],[-87.84914,41.74024],[-87.84912,41.73976],[-87.84802,41.73983],[-87.84766,41.73363],[-87.84748,41.73257],[-87.84771,41.73256],[-87.84771,41.73265],[-87.85222,41.73263],[-87.85243,41.73596],[-87.85388,41.73764],[-87.85416,41.7381],[-87.85435,41.73893],[-87.85421,41.73967],[-87.85397,41.74011],[-87.85326,41.74085],[-87.8514,41.74171],[-87.84995,41.74228],[-87.84913,41.74369],[-87.84863,41.74401],[-87.84862,41.74377],[-87.84818,41.74355],[-87.84812,41.74227],[-87.84919,41.74225],[-87.84917,41.74176],[-87.8481,41.74178]]]]}},{"type":"Feature","properties":{"name":"Jerome Huppert Woods Preserve","kind":"forest preserve / protected area","areaKm2":0.8521,"osmId":11211609},"geometry":{"type":"Polygon","coordinates":[[[-87.83482,41.90866],[-87.83494,41.91076],[-87.83539,41.92283],[-87.83524,41.92296],[-87.83357,41.92297],[-87.83332,41.92278],[-87.83273,41.92149],[-87.83165,41.91703],[-87.83125,41.9164],[-87.83065,41.91599],[-87.83013,41.91583],[-87.82933,41.91576],[-87.82658,41.91577],[-87.82616,41.91565],[-87.82572,41.9153],[-87.82558,41.91495],[-87.82544,41.91188],[-87.82516,41.91115],[-87.82443,41.91001],[-87.82427,41.90958],[-87.82418,41.90885],[-87.82427,41.90871],[-87.82495,41.90868],[-87.83467,41.90854],[-87.83482,41.90866]]]}},{"type":"Feature","properties":{"name":"Robinson Woods Preserve","kind":"forest preserve / protected area","areaKm2":0.8153,"osmId":17970495},"geometry":{"type":"MultiPolygon","coordinates":[[[[-87.85544,41.94649],[-87.8557,41.9475],[-87.85637,41.95318],[-87.85626,41.95331],[-87.85543,41.9531],[-87.85448,41.95301],[-87.85421,41.95281],[-87.85402,41.95234],[-87.85398,41.95199],[-87.85408,41.95141],[-87.85511,41.9494],[-87.85536,41.94826],[-87.8553,41.94791],[-87.85348,41.94386],[-87.85439,41.94384],[-87.85544,41.94649]]],[[[-87.85463,41.95319],[-87.85554,41.95331],[-87.85649,41.95361],[-87.85711,41.95442],[-87.85995,41.9565],[-87.86049,41.95718],[-87.86074,41.95791],[-87.86133,41.96385],[-87.86139,41.96573],[-87.86128,41.96584],[-87.85517,41.96604],[-87.85509,41.9657],[-87.85577,41.96479],[-87.85589,41.96434],[-87.85575,41.96263],[-87.85668,41.96131],[-87.85676,41.96088],[-87.85735,41.96004],[-87.85809,41.95865],[-87.85888,41.95748],[-87.859,41.95699],[-87.85894,41.95652],[-87.85872,41.95598],[-87.85848,41.95554],[-87.85819,41.95528],[-87.85744,41.95477],[-87.85705,41.95467],[-87.85603,41.9542],[-87.85534,41.9538],[-87.85463,41.95319]]],[[[-87.85811,41.97134],[-87.85574,41.97243],[-87.8554,41.97243],[-87.85509,41.97232],[-87.85454,41.97184],[-87.85421,41.9713],[-87.85423,41.97068],[-87.85522,41.96873],[-87.8552,41.96775],[-87.85485,41.9666],[-87.85495,41.96633],[-87.85534,41.96623],[-87.86127,41.96604],[-87.8614,41.9661],[-87.86166,41.96925],[-87.8605,41.96929],[-87.86057,41.97114],[-87.86176,41.97113],[-87.86217,41.97336],[-87.86209,41.97336],[-87.86147,41.97243],[-87.86064,41.97182],[-87.85965,41.97132],[-87.85892,41.97122],[-87.85811,41.97134]]]]}},{"type":"Feature","properties":{"name":"Possum Hollow Woods","kind":"forest preserve / protected area","areaKm2":0.8057,"osmId":11220559},"geometry":{"type":"Polygon","coordinates":[[[-87.88179,41.84849],[-87.88131,41.84845],[-87.87946,41.84533],[-87.87903,41.84449],[-87.87812,41.84226],[-87.87588,41.83778],[-87.87441,41.83445],[-87.87445,41.83435],[-87.88418,41.83407],[-87.88585,41.83403],[-87.88594,41.83408],[-87.88616,41.83934],[-87.88608,41.83939],[-87.88384,41.83951],[-87.88324,41.84132],[-87.88314,41.84132],[-87.88304,41.84162],[-87.88271,41.84158],[-87.88146,41.84245],[-87.88148,41.84317],[-87.8821,41.84316],[-87.88226,41.84811],[-87.88176,41.84812],[-87.88179,41.84849]]]}},{"type":"Feature","properties":{"name":"Brookfield Woods Preserve","kind":"forest preserve / protected area","areaKm2":0.7415,"osmId":174264865},"geometry":{"type":"Polygon","coordinates":[[[-87.84701,41.83866],[-87.84707,41.84047],[-87.84887,41.84216],[-87.84901,41.84224],[-87.85201,41.84217],[-87.85221,41.84636],[-87.85015,41.84642],[-87.85015,41.84572],[-87.84967,41.84574],[-87.84964,41.84492],[-87.84757,41.84495],[-87.84716,41.84484],[-87.84486,41.84489],[-87.84224,41.84238],[-87.83728,41.84246],[-87.83711,41.83886],[-87.83918,41.83883],[-87.83943,41.83836],[-87.83973,41.83823],[-87.83969,41.83693],[-87.83719,41.83697],[-87.83716,41.8353],[-87.84317,41.83517],[-87.84333,41.83876],[-87.84701,41.83866]]]}},{"type":"Feature","properties":{"name":"","kind":"forest preserve / protected area","areaKm2":0.7232,"osmId":18369132},"geometry":{"type":"MultiPolygon","coordinates":[[[[-87.84272,41.82773],[-87.84263,41.82775],[-87.84178,41.82776],[-87.84168,41.82605],[-87.84192,41.8262],[-87.84237,41.82668],[-87.84272,41.82773]]],[[[-87.84356,41.82956],[-87.84369,41.82956],[-87.84363,41.83086],[-87.84377,41.83328],[-87.84434,41.83332],[-87.84436,41.835],[-87.84311,41.83499],[-87.84345,41.83432],[-87.84342,41.83404],[-87.8433,41.83387],[-87.84221,41.83332],[-87.84226,41.83281],[-87.84197,41.83247],[-87.84111,41.83204],[-87.84017,41.83176],[-87.84004,41.8316],[-87.84035,41.83136],[-87.84137,41.83098],[-87.84165,41.83093],[-87.84223,41.83097],[-87.84274,41.83076],[-87.84323,41.82994],[-87.84338,41.82939],[-87.84333,41.8285],[-87.84311,41.82782],[-87.84338,41.82781],[-87.84351,41.82839],[-87.84356,41.82956]]],[[[-87.84279,41.82784],[-87.84296,41.82818],[-87.84314,41.82908],[-87.84298,41.82991],[-87.84265,41.83057],[-87.84239,41.83074],[-87.84208,41.83083],[-87.84181,41.83076],[-87.84134,41.83077],[-87.8407,41.83102],[-87.83976,41.83156],[-87.83952,41.8315],[-87.83967,41.83161],[-87.83984,41.8316],[-87.83999,41.83189],[-87.8412,41.83227],[-87.84196,41.83267],[-87.84209,41.83294],[-87.8421,41.83346],[-87.84302,41.83384],[-87.84324,41.83407],[-87.84321,41.83434],[-87.8428,41.835],[-87.84072,41.83509],[-87.82936,41.83525],[-87.82922,41.83474],[-87.829,41.82917],[-87.83199,41.82912],[-87.83202,41.82992],[-87.83447,41.82988],[-87.83456,41.83051],[-87.84088,41.83039],[-87.84185,41.83005],[-87.84178,41.82785],[-87.84279,41.82784]]]]}},{"type":"Feature","properties":{"name":"Sagawau Canyon Nature Preserve","kind":"forest preserve / protected area","areaKm2":0.6788,"osmId":16813059},"geometry":{"type":"MultiPolygon","coordinates":[[[[-87.92677,41.68716],[-87.92548,41.68717],[-87.92546,41.68651],[-87.92447,41.68606],[-87.92459,41.68587],[-87.92434,41.68519],[-87.92671,41.68517],[-87.92677,41.68716]]],[[[-87.91366,41.69113],[-87.91125,41.69117],[-87.91121,41.69017],[-87.91835,41.69003],[-87.91828,41.68751],[-87.92658,41.68733],[-87.92659,41.68777],[-87.92614,41.68806],[-87.92617,41.68904],[-87.928,41.689],[-87.92818,41.69422],[-87.91369,41.69212],[-87.91366,41.69113]]]]}},{"type":"Feature","properties":{"name":"Eggers Grove","kind":"forest preserve / protected area","areaKm2":0.6567,"osmId":140587975},"geometry":{"type":"Polygon","coordinates":[[[-87.5312,41.68271],[-87.53154,41.68271],[-87.53155,41.68452],[-87.53095,41.68452],[-87.531,41.69172],[-87.52466,41.69173],[-87.52471,41.68084],[-87.53241,41.68083],[-87.5312,41.68271]]]}},{"type":"Feature","properties":{"name":"","kind":"forest preserve / protected area","areaKm2":0.6553,"osmId":9603950},"geometry":{"type":"Polygon","coordinates":[[[-87.92748,41.67274],[-87.91607,41.67296],[-87.91596,41.66995],[-87.91838,41.66992],[-87.91845,41.66643],[-87.91968,41.66641],[-87.91967,41.66567],[-87.92723,41.66551],[-87.92748,41.67274]]]}},{"type":"Feature","properties":{"name":"Hidden Pond Woods","kind":"forest preserve / protected area","areaKm2":0.6376,"osmId":419296488},"geometry":{"type":"Polygon","coordinates":[[[-87.85218,41.73222],[-87.85209,41.73232],[-87.85168,41.73238],[-87.84746,41.73257],[-87.84683,41.71797],[-87.85165,41.71788],[-87.85218,41.73222]]]}},{"type":"Feature","properties":{"name":"Powderhorn Lake","kind":"forest preserve / protected area","areaKm2":0.6149,"osmId":417100802},"geometry":{"type":"Polygon","coordinates":[[[-87.52773,41.64001],[-87.5339,41.64002],[-87.53616,41.64183],[-87.53745,41.64264],[-87.53775,41.64292],[-87.53776,41.64274],[-87.538,41.64287],[-87.53896,41.64359],[-87.53786,41.64359],[-87.53785,41.64457],[-87.53504,41.64457],[-87.53504,41.6482],[-87.52777,41.64819],[-87.52785,41.64457],[-87.52773,41.64001]]]}},{"type":"Feature","properties":{"name":"Van Vlissingen Prairie","kind":"forest preserve / protected area","areaKm2":0.562,"osmId":218185870},"geometry":{"type":"Polygon","coordinates":[[[-87.57919,41.72008],[-87.56877,41.70846],[-87.56876,41.7081],[-87.57347,41.70805],[-87.5849,41.72078],[-87.58465,41.72079],[-87.58375,41.71974],[-87.58106,41.71979],[-87.58108,41.72028],[-87.5792,41.72031],[-87.57919,41.72008]]]}},{"type":"Feature","properties":{"name":"Theodore Stone Forest Preserve","kind":"forest preserve / protected area","areaKm2":0.5565,"osmId":9725016},"geometry":{"type":"Polygon","coordinates":[[[-87.86753,41.76869],[-87.86764,41.76883],[-87.86787,41.77588],[-87.86319,41.77603],[-87.86312,41.7742],[-87.85833,41.77426],[-87.85815,41.76991],[-87.8582,41.76895],[-87.85849,41.76888],[-87.86753,41.76869]]]}},{"type":"Feature","properties":{"name":"Dam Number 4 South Preserve","kind":"forest preserve / protected area","areaKm2":0.5517,"osmId":17951242},"geometry":{"type":"Polygon","coordinates":[[[-87.85476,41.99478],[-87.84752,41.98946],[-87.84687,41.98858],[-87.84671,41.98812],[-87.84676,41.988],[-87.85001,41.98846],[-87.85369,41.9887],[-87.85492,41.98888],[-87.85703,41.9896],[-87.85895,41.99073],[-87.85892,41.99086],[-87.85964,41.99172],[-87.85992,41.99174],[-87.86077,41.99362],[-87.86143,41.99559],[-87.86129,41.99569],[-87.86049,41.99576],[-87.85561,41.99586],[-87.85476,41.99478]]]}},{"type":"Feature","properties":{"name":"26th Street Woods","kind":"forest preserve / protected area","areaKm2":0.4892,"osmId":11212036},"geometry":{"type":"Polygon","coordinates":[[[-87.86519,41.84387],[-87.8653,41.84626],[-87.86215,41.84633],[-87.86213,41.84556],[-87.85602,41.8457],[-87.85615,41.84925],[-87.85521,41.84927],[-87.85511,41.84921],[-87.85519,41.84886],[-87.85513,41.84742],[-87.85368,41.84745],[-87.8536,41.84653],[-87.85332,41.8464],[-87.85244,41.8463],[-87.85236,41.84602],[-87.85222,41.84226],[-87.85247,41.84215],[-87.86363,41.84186],[-87.86368,41.8439],[-87.86519,41.84387]]]}},{"type":"Feature","properties":{"name":"Paw Paw Woods Nature Preserve","kind":"forest preserve / protected area","areaKm2":0.4627,"osmId":13049265},"geometry":{"type":"MultiPolygon","coordinates":[[[[-87.89207,41.71869],[-87.88892,41.72084],[-87.88572,41.7232],[-87.88571,41.71726],[-87.88835,41.71758],[-87.88897,41.71752],[-87.88956,41.71728],[-87.89064,41.71664],[-87.89123,41.71644],[-87.89362,41.71597],[-87.89444,41.71526],[-87.89508,41.71503],[-87.89509,41.71763],[-87.89207,41.71869]]],[[[-87.88623,41.72404],[-87.88569,41.72366],[-87.88706,41.72255],[-87.89013,41.72036],[-87.89174,41.71926],[-87.89258,41.7188],[-87.8951,41.71793],[-87.89514,41.71985],[-87.89351,41.72039],[-87.8906,41.72173],[-87.88596,41.7261],[-87.88587,41.72461],[-87.88623,41.72404]]]]}},{"type":"Feature","properties":{"name":"Powderhorn Prairie and Marsh Nature Preserve","kind":"forest preserve / protected area","areaKm2":0.4467,"osmId":20801204},"geometry":{"type":"MultiPolygon","coordinates":[[[[-87.52978,41.64049],[-87.53012,41.64061],[-87.53009,41.64085],[-87.52985,41.64099],[-87.52842,41.64131],[-87.52813,41.64165],[-87.52786,41.64228],[-87.52773,41.64001],[-87.52917,41.64002],[-87.52978,41.64049]]],[[[-87.5281,41.64326],[-87.52846,41.64336],[-87.52888,41.64365],[-87.5295,41.64385],[-87.53026,41.64383],[-87.53101,41.64372],[-87.53213,41.64287],[-87.5322,41.64268],[-87.533,41.64191],[-87.53299,41.6417],[-87.53316,41.64157],[-87.53338,41.64117],[-87.53366,41.64124],[-87.53319,41.64183],[-87.53318,41.64204],[-87.5334,41.64227],[-87.5339,41.64244],[-87.53408,41.64242],[-87.53428,41.64227],[-87.53433,41.64192],[-87.53457,41.64155],[-87.535,41.6411],[-87.53513,41.64105],[-87.53616,41.64183],[-87.53745,41.64264],[-87.53775,41.64292],[-87.53776,41.64274],[-87.53896,41.64359],[-87.53786,41.64359],[-87.53785,41.64457],[-87.53504,41.64457],[-87.53504,41.6482],[-87.52777,41.64819],[-87.52786,41.64289],[-87.5281,41.64326]]]]}},{"type":"Feature","properties":{"name":"La Grange Park Woods","kind":"forest preserve / protected area","areaKm2":0.4386,"osmId":174384785},"geometry":{"type":"Polygon","coordinates":[[[-87.88425,41.83339],[-87.88426,41.83393],[-87.87443,41.83417],[-87.87427,41.83407],[-87.87402,41.83322],[-87.87359,41.83098],[-87.87463,41.83096],[-87.87461,41.83063],[-87.87613,41.83061],[-87.8762,41.83194],[-87.88109,41.83186],[-87.88102,41.83044],[-87.88042,41.83041],[-87.88038,41.82953],[-87.88093,41.82953],[-87.88089,41.82838],[-87.88109,41.82828],[-87.88146,41.82789],[-87.88137,41.82683],[-87.88366,41.82678],[-87.88357,41.82568],[-87.88366,41.8255],[-87.88462,41.82495],[-87.8851,41.83337],[-87.88425,41.83339]]]}},{"type":"Feature","properties":{"name":"McCormick Woods Preserve","kind":"forest preserve / protected area","areaKm2":0.4217,"osmId":157032273},"geometry":{"type":"Polygon","coordinates":[[[-87.8369,41.83528],[-87.83702,41.83541],[-87.8372,41.83826],[-87.83722,41.83886],[-87.83711,41.83886],[-87.83728,41.84246],[-87.82938,41.84258],[-87.83051,41.84183],[-87.83237,41.84075],[-87.83275,41.84048],[-87.83297,41.84007],[-87.83329,41.83984],[-87.83312,41.83976],[-87.83295,41.83888],[-87.83217,41.83812],[-87.83128,41.83785],[-87.82931,41.83767],[-87.82889,41.8375],[-87.82829,41.83691],[-87.82812,41.83667],[-87.82804,41.83617],[-87.82741,41.83547],[-87.8369,41.83528]]]}},{"type":"Feature","properties":{"name":"Ottawa Trail Woods South","kind":"forest preserve / protected area","areaKm2":0.4045,"osmId":180780715},"geometry":{"type":"Polygon","coordinates":[[[-87.80276,41.80719],[-87.80425,41.80694],[-87.80983,41.80519],[-87.8101,41.80574],[-87.81038,41.8069],[-87.8103,41.80745],[-87.80944,41.81018],[-87.80923,41.81203],[-87.80229,41.81215],[-87.80207,41.80721],[-87.80276,41.80719]]]}},{"type":"Feature","properties":{"name":"Wolf Lake Overlook","kind":"forest preserve / protected area","areaKm2":0.4006,"osmId":178549895},"geometry":{"type":"Polygon","coordinates":[[[-87.52473,41.68037],[-87.52475,41.67572],[-87.53564,41.67574],[-87.53235,41.68047],[-87.52473,41.68037]]]}},{"type":"Feature","properties":{"name":"Algonquin Woods Preserve","kind":"forest preserve / protected area","areaKm2":0.3939,"osmId":17940286},"geometry":{"type":"Polygon","coordinates":[[[-87.86635,42.0192],[-87.8668,42.01822],[-87.86671,42.01815],[-87.86703,42.01751],[-87.86728,42.01738],[-87.86846,42.01492],[-87.86876,42.01393],[-87.86891,42.01264],[-87.86976,42.01274],[-87.8709,42.01233],[-87.87449,42.01794],[-87.87471,42.01859],[-87.87503,42.0201],[-87.86621,42.02011],[-87.86635,42.0192]]]}},{"type":"Feature","properties":{"name":"Iroquois Woods Preserve","kind":"forest preserve / protected area","areaKm2":0.3793,"osmId":17940549},"geometry":{"type":"Polygon","coordinates":[[[-87.86563,42.01879],[-87.86525,42.02011],[-87.86504,42.02011],[-87.86505,42.01814],[-87.86474,42.01725],[-87.86412,42.01651],[-87.86056,42.01292],[-87.85968,42.01156],[-87.85928,42.0106],[-87.85936,42.01047],[-87.86612,42.01022],[-87.86615,42.01119],[-87.86658,42.01157],[-87.86703,42.01171],[-87.86799,42.01171],[-87.86797,42.0131],[-87.86773,42.01444],[-87.86749,42.01509],[-87.86652,42.01701],[-87.86662,42.01703],[-87.86628,42.01771],[-87.86612,42.01778],[-87.86563,42.01879]]]}},{"type":"Feature","properties":{"name":"Railroad Marsh","kind":"forest preserve / protected area","areaKm2":0.3739,"osmId":242414232},"geometry":{"type":"Polygon","coordinates":[[[-87.58332,41.70713],[-87.58273,41.70728],[-87.58093,41.70735],[-87.58083,41.70637],[-87.57947,41.7025],[-87.57924,41.70208],[-87.57891,41.70182],[-87.57853,41.70176],[-87.57477,41.70193],[-87.57343,41.69734],[-87.573,41.69683],[-87.57355,41.69601],[-87.57484,41.6959],[-87.57524,41.69583],[-87.57635,41.69544],[-87.57654,41.6955],[-87.58258,41.70492],[-87.58274,41.70519],[-87.58265,41.70535],[-87.58275,41.70572],[-87.58304,41.70595],[-87.58329,41.70597],[-87.58376,41.70676],[-87.58371,41.70688],[-87.58332,41.70713]]]}},{"type":"Feature","properties":{"name":"Burnham Prairie","kind":"forest preserve / protected area","areaKm2":0.3385,"osmId":417100785},"geometry":{"type":"Polygon","coordinates":[[[-87.55459,41.64556],[-87.55416,41.64531],[-87.55405,41.6451],[-87.55386,41.64514],[-87.55299,41.64461],[-87.55282,41.6446],[-87.54914,41.64304],[-87.54834,41.64291],[-87.54749,41.6429],[-87.54603,41.6433],[-87.54565,41.64329],[-87.5452,41.64305],[-87.54485,41.64271],[-87.54473,41.64252],[-87.54476,41.64228],[-87.54591,41.64131],[-87.54637,41.64067],[-87.54664,41.64005],[-87.55416,41.64006],[-87.55435,41.64011],[-87.55463,41.64035],[-87.55491,41.64094],[-87.55489,41.64267],[-87.55471,41.64267],[-87.55474,41.64458],[-87.55458,41.64466],[-87.55876,41.64465],[-87.55841,41.64484],[-87.55759,41.64492],[-87.55766,41.64498],[-87.55761,41.64506],[-87.55649,41.6454],[-87.55536,41.64565],[-87.55459,41.64556]]]}},{"type":"Feature","properties":{"name":"Brezina Woods","kind":"forest preserve / protected area","areaKm2":0.3375,"osmId":11220457},"geometry":{"type":"Polygon","coordinates":[[[-87.86688,41.84397],[-87.86691,41.84445],[-87.87179,41.84434],[-87.87172,41.84299],[-87.87814,41.8428],[-87.87885,41.84469],[-87.88045,41.84752],[-87.88011,41.84783],[-87.87938,41.84806],[-87.87887,41.84812],[-87.87794,41.84809],[-87.87674,41.84716],[-87.87619,41.84651],[-87.87607,41.84613],[-87.87586,41.84589],[-87.87539,41.84561],[-87.87467,41.84548],[-87.87387,41.84574],[-87.87295,41.84589],[-87.87254,41.84604],[-87.87197,41.84647],[-87.87138,41.84659],[-87.87083,41.84606],[-87.87049,41.84606],[-87.87014,41.84615],[-87.86986,41.84576],[-87.86929,41.84556],[-87.86681,41.84532],[-87.86597,41.84538],[-87.86562,41.84547],[-87.86552,41.844],[-87.86688,41.84397]]]}},{"type":"Feature","properties":{"name":"Wolf Road Prairie Nature Preserve","kind":"forest preserve / protected area","areaKm2":0.3363,"osmId":417100817},"geometry":{"type":"Polygon","coordinates":[[[-87.90206,41.84041],[-87.90208,41.84075],[-87.90117,41.84077],[-87.90082,41.83414],[-87.90141,41.83412],[-87.90138,41.83373],[-87.90551,41.83362],[-87.90564,41.83622],[-87.90808,41.83617],[-87.90808,41.83627],[-87.907,41.83629],[-87.90703,41.8371],[-87.90569,41.83713],[-87.90575,41.83805],[-87.9081,41.838],[-87.90815,41.83892],[-87.90594,41.83895],[-87.906,41.84059],[-87.90578,41.84067],[-87.90255,41.84074],[-87.90253,41.84039],[-87.90206,41.84041]]]}},{"type":"Feature","properties":{"name":"Fullerton Woods Preserve","kind":"forest preserve / protected area","areaKm2":0.3312,"osmId":18012854},"geometry":{"type":"Polygon","coordinates":[[[-87.84564,41.92957],[-87.84415,41.92989],[-87.84381,41.92988],[-87.84395,41.92928],[-87.84349,41.92852],[-87.84325,41.92856],[-87.84325,41.92862],[-87.84347,41.92865],[-87.84386,41.92927],[-87.8438,41.92945],[-87.84335,41.92936],[-87.84293,41.92867],[-87.843,41.92859],[-87.8429,41.92853],[-87.84289,41.92817],[-87.84132,41.9282],[-87.84132,41.92529],[-87.84064,41.92529],[-87.84056,41.9247],[-87.83938,41.92468],[-87.83925,41.92293],[-87.83561,41.92291],[-87.83542,41.91811],[-87.83547,41.91667],[-87.83693,41.91794],[-87.83791,41.91891],[-87.83847,41.91971],[-87.83925,41.92124],[-87.83973,41.92191],[-87.84219,41.92409],[-87.84343,41.92546],[-87.84492,41.92757],[-87.84585,41.92939],[-87.84564,41.92957]]]}},{"type":"Feature","properties":{"name":"National Grove Woods Preserve","kind":"forest preserve / protected area","areaKm2":0.2983,"osmId":9759804},"geometry":{"type":"Polygon","coordinates":[[[-87.82764,41.83637],[-87.8279,41.83701],[-87.82824,41.83752],[-87.82844,41.83768],[-87.82924,41.83793],[-87.83116,41.83813],[-87.83195,41.83831],[-87.83236,41.83864],[-87.83275,41.83923],[-87.83269,41.83985],[-87.83245,41.84038],[-87.82956,41.84199],[-87.82864,41.84259],[-87.8275,41.84261],[-87.82763,41.84235],[-87.82804,41.84225],[-87.82829,41.84208],[-87.82841,41.84174],[-87.82839,41.84127],[-87.82768,41.84128],[-87.82766,41.84032],[-87.82746,41.84032],[-87.82744,41.8398],[-87.82591,41.83983],[-87.82597,41.84129],[-87.82353,41.84133],[-87.82289,41.84126],[-87.8228,41.83846],[-87.82602,41.83839],[-87.82596,41.83698],[-87.82759,41.83693],[-87.82745,41.83641],[-87.82652,41.83643],[-87.82646,41.83549],[-87.82693,41.83553],[-87.82764,41.83637]]]}},{"type":"Feature","properties":{"name":"Columbia Woods","kind":"forest preserve / protected area","areaKm2":0.292,"osmId":180070130},"geometry":{"type":"Polygon","coordinates":[[[-87.8896,41.73167],[-87.8869,41.73344],[-87.8861,41.7341],[-87.88384,41.73562],[-87.88315,41.73591],[-87.8827,41.7362],[-87.88202,41.73564],[-87.88551,41.73271],[-87.88682,41.7318],[-87.88785,41.73121],[-87.88837,41.73132],[-87.88877,41.73118],[-87.88896,41.73095],[-87.88942,41.72991],[-87.89006,41.72938],[-87.89329,41.72742],[-87.89517,41.72647],[-87.89537,41.73156],[-87.8896,41.73167]]]}},{"type":"Feature","properties":{"name":"Westchester Woods","kind":"forest preserve / protected area","areaKm2":0.2908,"osmId":11220437},"geometry":{"type":"Polygon","coordinates":[[[-87.86569,41.84563],[-87.86638,41.84555],[-87.86926,41.84574],[-87.86948,41.84581],[-87.87014,41.84645],[-87.87077,41.84629],[-87.87113,41.84663],[-87.87175,41.84676],[-87.87232,41.8466],[-87.87259,41.84627],[-87.87276,41.84618],[-87.87397,41.84593],[-87.87453,41.84572],[-87.87506,41.84574],[-87.87546,41.84588],[-87.87582,41.84625],[-87.876,41.84679],[-87.87624,41.84691],[-87.87745,41.84801],[-87.87785,41.84827],[-87.87843,41.84835],[-87.87976,41.84827],[-87.88007,41.84819],[-87.88064,41.84783],[-87.88092,41.84845],[-87.88074,41.84853],[-87.87681,41.84865],[-87.87676,41.84779],[-87.87581,41.84782],[-87.87587,41.84868],[-87.86574,41.84898],[-87.86563,41.84573],[-87.86569,41.84563]]]}},{"type":"Feature","properties":{"name":"Palos Fen Nature Preserve","kind":"forest preserve / protected area","areaKm2":0.2739,"osmId":417100801},"geometry":{"type":"Polygon","coordinates":[[[-87.83673,41.69911],[-87.83671,41.6982],[-87.83815,41.69816],[-87.83813,41.69725],[-87.83657,41.69729],[-87.83668,41.69646],[-87.8459,41.69626],[-87.846,41.6998],[-87.84133,41.69987],[-87.84133,41.6998],[-87.83848,41.69988],[-87.83849,41.69906],[-87.83673,41.69911]]]}},{"type":"Feature","properties":{"name":"","kind":"forest preserve / protected area","areaKm2":0.2555,"osmId":9601897},"geometry":{"type":"Polygon","coordinates":[[[-87.8994,41.64359],[-87.89942,41.64414],[-87.89277,41.64423],[-87.89268,41.64416],[-87.89273,41.64124],[-87.90242,41.64108],[-87.90252,41.64354],[-87.8994,41.64359]]]}},{"type":"Feature","properties":{"name":"G.A.R. Woods Preserve","kind":"forest preserve / protected area","areaKm2":0.2527,"osmId":9754657},"geometry":{"type":"Polygon","coordinates":[[[-87.8301,41.88289],[-87.83223,41.8842],[-87.8329,41.88484],[-87.83341,41.88567],[-87.83352,41.88602],[-87.83342,41.88674],[-87.8329,41.88763],[-87.83263,41.8876],[-87.83264,41.88754],[-87.82622,41.88681],[-87.8261,41.88299],[-87.8301,41.88289]]]}},{"type":"Feature","properties":{"name":"Zoo Woods","kind":"forest preserve / protected area","areaKm2":0.2499,"osmId":9760102},"geometry":{"type":"Polygon","coordinates":[[[-87.82733,41.83531],[-87.82632,41.83421],[-87.82586,41.83335],[-87.82574,41.83224],[-87.82621,41.83069],[-87.8261,41.82833],[-87.82617,41.82805],[-87.82595,41.8277],[-87.82591,41.82697],[-87.82634,41.82613],[-87.82962,41.82534],[-87.83003,41.82655],[-87.8287,41.82675],[-87.82902,41.83524],[-87.82733,41.83531]]]}},{"type":"Feature","properties":{"name":"Cermak Woods","kind":"forest preserve / protected area","areaKm2":0.2445,"osmId":174438647},"geometry":{"type":"Polygon","coordinates":[[[-87.81,41.81994],[-87.80869,41.81891],[-87.80846,41.81858],[-87.80838,41.81812],[-87.80865,41.81755],[-87.80935,41.81682],[-87.80962,41.81639],[-87.80978,41.81546],[-87.80974,41.81464],[-87.80986,41.8144],[-87.81108,41.81388],[-87.81184,41.81367],[-87.81208,41.81372],[-87.81223,41.81708],[-87.81471,41.81706],[-87.81476,41.82015],[-87.81242,41.82038],[-87.81115,41.82069],[-87.81,41.81994]]]}},{"type":"Feature","properties":{"name":"Ottawa Trail Woods North","kind":"forest preserve / protected area","areaKm2":0.2332,"osmId":180780721},"geometry":{"type":"Polygon","coordinates":[[[-87.80918,41.81437],[-87.80333,41.81686],[-87.80271,41.81731],[-87.80254,41.81729],[-87.80229,41.81215],[-87.80923,41.81203],[-87.80917,41.81285],[-87.80923,41.81344],[-87.809,41.81345],[-87.80918,41.81437]]]}},{"type":"Feature","properties":{"name":"Forty Acre Woods","kind":"forest preserve / protected area","areaKm2":0.2244,"osmId":9611117},"geometry":{"type":"Polygon","coordinates":[[[-87.85472,41.66869],[-87.85463,41.67136],[-87.8547,41.67395],[-87.85462,41.67403],[-87.85031,41.67415],[-87.85004,41.66873],[-87.85472,41.66869]]]}},{"type":"Feature","properties":{"name":"La Framboise Woods Preserve","kind":"forest preserve / protected area","areaKm2":0.2074,"osmId":11211241},"geometry":{"type":"MultiPolygon","coordinates":[[[[-87.84322,41.93266],[-87.84133,41.93216],[-87.8439,41.93001],[-87.84588,41.92971],[-87.84608,41.92982],[-87.84659,41.93064],[-87.84879,41.93305],[-87.84474,41.93289],[-87.84322,41.93266]]],[[[-87.84722,41.93333],[-87.84906,41.93344],[-87.84961,41.9346],[-87.84984,41.93536],[-87.84933,41.93537],[-87.84912,41.93483],[-87.84777,41.93538],[-87.84904,41.93697],[-87.85009,41.93674],[-87.85017,41.93706],[-87.85011,41.93715],[-87.8486,41.93723],[-87.84854,41.93714],[-87.84881,41.93705],[-87.84729,41.93499],[-87.84705,41.93437],[-87.84722,41.93333]]],[[[-87.85207,41.93939],[-87.85192,41.93914],[-87.85161,41.93877],[-87.85016,41.93761],[-87.85007,41.93741],[-87.85035,41.93748],[-87.85204,41.93912],[-87.8539,41.94272],[-87.85439,41.94384],[-87.85348,41.94386],[-87.85231,41.94092],[-87.85207,41.93939]]]]}},{"type":"Feature","properties":{"name":"","kind":"forest preserve / protected area","areaKm2":0.2058,"osmId":9760103},"geometry":{"type":"Polygon","coordinates":[[[-87.82676,41.8248],[-87.82744,41.82319],[-87.83175,41.81995],[-87.83224,41.81934],[-87.83224,41.81862],[-87.83232,41.81851],[-87.83312,41.81846],[-87.83377,41.81834],[-87.83414,41.81841],[-87.83502,41.81909],[-87.83522,41.81938],[-87.83556,41.81959],[-87.83613,41.81954],[-87.83698,41.81927],[-87.83744,41.81928],[-87.83747,41.82057],[-87.83177,41.8207],[-87.83185,41.82315],[-87.82989,41.82352],[-87.82904,41.82381],[-87.82901,41.82395],[-87.82952,41.82512],[-87.8265,41.82584],[-87.82676,41.8248]]]}},{"type":"Feature","properties":{"name":"John Husar I&M Canal","kind":"forest preserve / protected area","areaKm2":0.1999,"osmId":419296489},"geometry":{"type":"Polygon","coordinates":[[[-87.87937,41.73376],[-87.87698,41.73594],[-87.86015,41.74694],[-87.85985,41.74695],[-87.85684,41.74887],[-87.85625,41.74835],[-87.87583,41.73583],[-87.87694,41.73499],[-87.87877,41.7333],[-87.87937,41.73376]]]}},{"type":"Feature","properties":{"name":"Northerly Island Natural Area","kind":"forest preserve / protected area","areaKm2":0.1794,"osmId":283223890},"geometry":{"type":"Polygon","coordinates":[[[-87.60661,41.85341],[-87.60653,41.85336],[-87.60871,41.85316],[-87.60927,41.85323],[-87.60978,41.85354],[-87.60994,41.85387],[-87.60933,41.85675],[-87.60941,41.85703],[-87.6099,41.85762],[-87.60941,41.85764],[-87.60954,41.85946],[-87.60966,41.85945],[-87.60971,41.86024],[-87.60957,41.8603],[-87.60868,41.86025],[-87.60828,41.86034],[-87.60809,41.86026],[-87.60773,41.86026],[-87.60727,41.86035],[-87.60707,41.86026],[-87.60661,41.85341]]]}},{"type":"Feature","properties":{"name":"","kind":"forest preserve / protected area","areaKm2":0.1666,"osmId":17379437},"geometry":{"type":"MultiPolygon","coordinates":[[[[-87.81129,41.82082],[-87.8118,41.8207],[-87.8118,41.82079],[-87.81256,41.82058],[-87.81255,41.82103],[-87.8128,41.82103],[-87.81282,41.82136],[-87.81232,41.82137],[-87.81234,41.82184],[-87.81191,41.82158],[-87.81129,41.82082]]],[[[-87.81599,41.82146],[-87.816,41.82167],[-87.81652,41.82166],[-87.81659,41.82257],[-87.81602,41.82257],[-87.81601,41.82235],[-87.81545,41.82236],[-87.81543,41.82146],[-87.81599,41.82146]]],[[[-87.81531,41.82293],[-87.81422,41.82295],[-87.81416,41.82148],[-87.81526,41.82147],[-87.81531,41.82293]]],[[[-87.81915,41.8214],[-87.8196,41.8214],[-87.81965,41.82167],[-87.81964,41.82132],[-87.81914,41.82133],[-87.81913,41.82105],[-87.81963,41.82104],[-87.81962,41.82092],[-87.82151,41.82089],[-87.82233,41.81978],[-87.82253,41.81976],[-87.82264,41.81983],[-87.82251,41.81988],[-87.82141,41.82139],[-87.81979,41.82248],[-87.81943,41.82296],[-87.81965,41.82295],[-87.81933,41.8237],[-87.81935,41.82439],[-87.82,41.82553],[-87.81998,41.82564],[-87.81972,41.82575],[-87.81924,41.82582],[-87.8181,41.82576],[-87.8181,41.82559],[-87.81748,41.82554],[-87.81677,41.8252],[-87.81627,41.82508],[-87.8155,41.82469],[-87.81544,41.82302],[-87.81654,41.823],[-87.81656,41.82369],[-87.8168,41.82368],[-87.81681,41.82326],[-87.81852,41.82324],[-87.81852,41.82282],[-87.81672,41.82284],[-87.8167,41.82234],[-87.81731,41.82233],[-87.8173,41.82191],[-87.81777,41.8219],[-87.81778,41.82208],[-87.81849,41.82206],[-87.81846,41.82169],[-87.81916,41.82168],[-87.81915,41.8214]],[[-87.81849,41.82252],[-87.81849,41.82233],[-87.81779,41.82234],[-87.8178,41.82253],[-87.81849,41.82252]]]]}},{"type":"Feature","properties":{"name":"Thomas Jefferson Woods Preserve","kind":"forest preserve / protected area","areaKm2":0.1576,"osmId":9754613},"geometry":{"type":"Polygon","coordinates":[[[-87.83048,41.87918],[-87.83054,41.88064],[-87.83112,41.88105],[-87.83119,41.88269],[-87.8261,41.88284],[-87.82596,41.87931],[-87.83048,41.87918]]]}},{"type":"Feature","properties":{"name":"","kind":"forest preserve / protected area","areaKm2":0.1349,"osmId":419100623},"geometry":{"type":"Polygon","coordinates":[[[-87.81846,41.82169],[-87.81916,41.82168],[-87.81915,41.8214],[-87.8196,41.8214],[-87.81965,41.82167],[-87.81964,41.82132],[-87.81914,41.82133],[-87.81913,41.82105],[-87.81963,41.82104],[-87.81962,41.82092],[-87.82151,41.82089],[-87.82233,41.81978],[-87.82253,41.81976],[-87.82264,41.81983],[-87.82251,41.81988],[-87.82141,41.82139],[-87.81979,41.82248],[-87.81943,41.82296],[-87.81965,41.82295],[-87.81933,41.8237],[-87.81935,41.82439],[-87.82001,41.82556],[-87.81994,41.82568],[-87.8196,41.82578],[-87.81871,41.82582],[-87.8181,41.82576],[-87.8181,41.82559],[-87.81748,41.82554],[-87.81677,41.8252],[-87.81627,41.82508],[-87.8155,41.82469],[-87.81544,41.82302],[-87.81654,41.823],[-87.81656,41.82369],[-87.8168,41.82368],[-87.81681,41.82326],[-87.81852,41.82324],[-87.81852,41.82282],[-87.81672,41.82284],[-87.8167,41.82234],[-87.81731,41.82233],[-87.8173,41.82191],[-87.81777,41.8219],[-87.81778,41.82208],[-87.81849,41.82206],[-87.81846,41.82169]]]}},{"type":"Feature","properties":{"name":"Stoney Ford Woods","kind":"forest preserve / protected area","areaKm2":0.1339,"osmId":174438636},"geometry":{"type":"Polygon","coordinates":[[[-87.80944,41.81018],[-87.8103,41.80745],[-87.81038,41.8069],[-87.8101,41.80574],[-87.80983,41.80519],[-87.81139,41.80466],[-87.81158,41.80972],[-87.81098,41.80974],[-87.81124,41.81367],[-87.80983,41.81421],[-87.80951,41.81343],[-87.80923,41.81344],[-87.80917,41.81285],[-87.80944,41.81018]]]}},{"type":"Feature","properties":{"name":"White Eagle Woods South","kind":"forest preserve / protected area","areaKm2":0.1315,"osmId":180767436},"geometry":{"type":"Polygon","coordinates":[[[-87.80666,41.81895],[-87.80533,41.81897],[-87.8053,41.81802],[-87.80262,41.81806],[-87.80271,41.81764],[-87.80304,41.81726],[-87.80362,41.81691],[-87.80918,41.81459],[-87.80929,41.81597],[-87.80908,41.81628],[-87.80851,41.81668],[-87.80787,41.81775],[-87.8078,41.81833],[-87.80788,41.81873],[-87.8068,41.819],[-87.80666,41.81895]]]}},{"type":"Feature","properties":{"name":"Tampier Greenway Family Picnic Area","kind":"forest preserve / protected area","areaKm2":0.1274,"osmId":9601890},"geometry":{"type":"Polygon","coordinates":[[[-87.8926,41.64123],[-87.89255,41.6442],[-87.88813,41.64428],[-87.88801,41.6441],[-87.88795,41.64131],[-87.8926,41.64123]]]}},{"type":"Feature","properties":{"name":"Hickory Hills Woods","kind":"forest preserve / protected area","areaKm2":0.1214,"osmId":9725318},"geometry":{"type":"Polygon","coordinates":[[[-87.83229,41.71486],[-87.8324,41.71821],[-87.82992,41.71822],[-87.82986,41.71733],[-87.82851,41.71736],[-87.82853,41.71786],[-87.82793,41.71787],[-87.82785,41.71538],[-87.82821,41.71537],[-87.82819,41.71494],[-87.83229,41.71486]]]}},{"type":"Feature","properties":{"name":"Powderhorn Addition","kind":"forest preserve / protected area","areaKm2":0.1151,"osmId":464156394},"geometry":{"type":"Polygon","coordinates":[[[-87.53434,41.65178],[-87.53017,41.65177],[-87.53018,41.64881],[-87.53439,41.64881],[-87.53434,41.65178]]]}},{"type":"Feature","properties":{"name":"Hyde Lake Marsh","kind":"forest preserve / protected area","areaKm2":0.1069,"osmId":229724600},"geometry":{"type":"Polygon","coordinates":[[[-87.54617,41.66064],[-87.54553,41.65973],[-87.54834,41.66132],[-87.54838,41.66267],[-87.54899,41.66266],[-87.54902,41.66457],[-87.5495,41.66457],[-87.54951,41.66547],[-87.54649,41.66555],[-87.54647,41.66169],[-87.54617,41.66064]]]}},{"type":"Feature","properties":{"name":"Maywood Grove Preserve","kind":"forest preserve / protected area","areaKm2":0.0954,"osmId":1315381234},"geometry":{"type":"Polygon","coordinates":[[[-87.83141,41.89238],[-87.83036,41.8916],[-87.82987,41.89011],[-87.83,41.88989],[-87.83021,41.88977],[-87.8328,41.88851],[-87.83349,41.88877],[-87.83362,41.89177],[-87.83227,41.89183],[-87.83228,41.89189],[-87.83245,41.89189],[-87.83247,41.89248],[-87.8318,41.89248],[-87.83141,41.89238]]]}},{"type":"Feature","properties":{"name":"Dunning Read Natural Area","kind":"forest preserve / protected area","areaKm2":0.0892,"osmId":151319531},"geometry":{"type":"Polygon","coordinates":[[[-87.80374,41.95429],[-87.80284,41.95458],[-87.80275,41.95444],[-87.80254,41.95444],[-87.80242,41.95448],[-87.80254,41.95468],[-87.80207,41.95484],[-87.80181,41.95477],[-87.80088,41.95329],[-87.80068,41.9532],[-87.79878,41.95384],[-87.79864,41.95364],[-87.79761,41.954],[-87.79751,41.95383],[-87.79663,41.95414],[-87.79646,41.95283],[-87.80483,41.95286],[-87.80487,41.95425],[-87.80374,41.95429]]]}},{"type":"Feature","properties":{"name":"Plank Road Meadow","kind":"forest preserve / protected area","areaKm2":0.0835,"osmId":157109668},"geometry":{"type":"Polygon","coordinates":[[[-87.83306,41.81828],[-87.83221,41.81826],[-87.83151,41.81773],[-87.83021,41.81701],[-87.82957,41.81682],[-87.82906,41.81656],[-87.8281,41.81635],[-87.82748,41.81637],[-87.82702,41.8165],[-87.82679,41.81622],[-87.8274,41.81601],[-87.82827,41.8159],[-87.83362,41.81619],[-87.83371,41.81626],[-87.83369,41.81688],[-87.83398,41.81688],[-87.83398,41.81626],[-87.83418,41.81626],[-87.83428,41.81825],[-87.83384,41.81815],[-87.83306,41.81828]]]}},{"type":"Feature","properties":{"name":"","kind":"forest preserve / protected area","areaKm2":0.0638,"osmId":2403496},"geometry":{"type":"Polygon","coordinates":[[[-87.84343,41.82851],[-87.84346,41.82937],[-87.84335,41.8296],[-87.84365,41.82967],[-87.84359,41.83035],[-87.84369,41.83335],[-87.84425,41.83333],[-87.84432,41.83497],[-87.84311,41.83499],[-87.84345,41.83432],[-87.84342,41.83404],[-87.8433,41.83387],[-87.84221,41.83332],[-87.84226,41.83281],[-87.84197,41.83247],[-87.84111,41.83204],[-87.84017,41.83176],[-87.84004,41.8316],[-87.84035,41.83136],[-87.84137,41.83098],[-87.84237,41.83095],[-87.84283,41.83067],[-87.84323,41.82994],[-87.84338,41.82939],[-87.84333,41.8285],[-87.84312,41.82784],[-87.84343,41.82851]],[[-87.84291,41.8322],[-87.84301,41.8323],[-87.84306,41.83333],[-87.84313,41.83335],[-87.84347,41.83287],[-87.84339,41.83269],[-87.84336,41.83161],[-87.84313,41.83162],[-87.8429,41.83151],[-87.84279,41.83154],[-87.8426,41.83111],[-87.84239,41.83097],[-87.84218,41.83156],[-87.84211,41.83217],[-87.84219,41.83224],[-87.84291,41.8322]]]}},{"type":"Feature","properties":{"name":"White Eagle Woods North","kind":"forest preserve / protected area","areaKm2":0.0563,"osmId":174438627},"geometry":{"type":"Polygon","coordinates":[[[-87.80725,41.82199],[-87.80711,41.82195],[-87.80689,41.82161],[-87.8068,41.819],[-87.80788,41.81873],[-87.80834,41.81947],[-87.80914,41.82026],[-87.80972,41.82056],[-87.81013,41.82094],[-87.80725,41.82199]]]}},{"type":"Feature","properties":{"name":"Quercus Woods Preserve","kind":"forest preserve / protected area","areaKm2":0.0457,"osmId":1329765539},"geometry":{"type":"Polygon","coordinates":[[[-87.83422,41.88651],[-87.83389,41.88652],[-87.83393,41.88616],[-87.83383,41.88579],[-87.83314,41.88464],[-87.83251,41.88406],[-87.8314,41.88338],[-87.83075,41.88287],[-87.83398,41.88275],[-87.83405,41.88281],[-87.83422,41.88651]]]}},{"type":"Feature","properties":{"name":"Callahan Grove Preserve","kind":"forest preserve / protected area","areaKm2":0.0402,"osmId":9754922},"geometry":{"type":"Polygon","coordinates":[[[-87.82331,41.84986],[-87.82329,41.8482],[-87.82745,41.84942],[-87.82712,41.84983],[-87.82581,41.84988],[-87.82331,41.84986]]]}},{"type":"Feature","properties":{"name":"Schuth's Grove Preserve","kind":"forest preserve / protected area","areaKm2":0.0345,"osmId":18303414},"geometry":{"type":"Polygon","coordinates":[[[-87.8232,41.85021],[-87.8235,41.85013],[-87.82686,41.85009],[-87.82676,41.85025],[-87.82597,41.8507],[-87.82448,41.8514],[-87.82327,41.8521],[-87.8232,41.85021]]]}},{"type":"Feature","properties":{"name":"135th Street Wetlands","kind":"forest preserve / protected area","areaKm2":0.0331,"osmId":233815990},"geometry":{"type":"Polygon","coordinates":[[[-87.84785,41.64381],[-87.84774,41.64391],[-87.8476,41.64458],[-87.84724,41.64507],[-87.84498,41.64506],[-87.84495,41.64496],[-87.84557,41.64428],[-87.84711,41.64293],[-87.8474,41.64315],[-87.84785,41.64381]]]}},{"type":"Feature","properties":{"name":"","kind":"forest preserve / protected area","areaKm2":0.0213,"osmId":419100635},"geometry":{"type":"Polygon","coordinates":[[[-87.81122,41.82178],[-87.81172,41.82209],[-87.8124,41.82272],[-87.81018,41.82278],[-87.81014,41.8221],[-87.80971,41.8214],[-87.81046,41.82114],[-87.81122,41.82178]]]}},{"type":"Feature","properties":{"name":"","kind":"forest preserve / protected area","areaKm2":0.0148,"osmId":419100619},"geometry":{"type":"Polygon","coordinates":[[[-87.8812,41.84896],[-87.88146,41.84941],[-87.87957,41.84947],[-87.87865,41.84929],[-87.87821,41.8489],[-87.8808,41.84882],[-87.8812,41.84896]]]}},{"type":"Feature","properties":{"name":"Tampier Wetland","kind":"forest preserve / protected area","areaKm2":0.0134,"osmId":9601892},"geometry":{"type":"Polygon","coordinates":[[[-87.89524,41.64061],[-87.89274,41.64066],[-87.89274,41.64008],[-87.89547,41.64007],[-87.89524,41.64061]]]}},{"type":"Feature","properties":{"name":"","kind":"forest preserve / protected area","areaKm2":0.0089,"osmId":419100636},"geometry":{"type":"Polygon","coordinates":[[[-87.8099,41.82214],[-87.80994,41.82279],[-87.80916,41.82281],[-87.80913,41.82223],[-87.80881,41.82171],[-87.80949,41.82148],[-87.8099,41.82214]]]}},{"type":"Feature","properties":{"name":"","kind":"forest preserve / protected area","areaKm2":0.0079,"osmId":480455057},"geometry":{"type":"Polygon","coordinates":[[[-87.82957,41.85003],[-87.83272,41.85097],[-87.8302,41.85063],[-87.82963,41.85035],[-87.82933,41.85004],[-87.82957,41.85003]]]}},{"type":"Feature","properties":{"name":"","kind":"forest preserve / protected area","areaKm2":0.0054,"osmId":417727951},"geometry":{"type":"Polygon","coordinates":[[[-87.85848,41.98365],[-87.8597,41.98367],[-87.85853,41.98376],[-87.85689,41.98419],[-87.8567,41.98368],[-87.85848,41.98365]]]}},{"type":"Feature","properties":{"name":"","kind":"woodland","areaKm2":0.3602,"osmId":823301532},"geometry":{"type":"Polygon","coordinates":[[[-87.83092,41.68383],[-87.83099,41.68391],[-87.83231,41.68397],[-87.83925,41.68464],[-87.83878,41.68556],[-87.83851,41.6858],[-87.83822,41.68587],[-87.83788,41.68585],[-87.8374,41.6857],[-87.83655,41.68576],[-87.82645,41.68509],[-87.82012,41.68406],[-87.82003,41.68289],[-87.81983,41.68278],[-87.81847,41.68251],[-87.81751,41.68217],[-87.81749,41.68224],[-87.81777,41.68233],[-87.81781,41.68245],[-87.81652,41.68225],[-87.81663,41.68436],[-87.8132,41.68369],[-87.8132,41.68228],[-87.81458,41.68241],[-87.81472,41.68218],[-87.81476,41.68194],[-87.81404,41.68189],[-87.81363,41.6815],[-87.81342,41.68149],[-87.81341,41.68139],[-87.81352,41.68133],[-87.81393,41.68146],[-87.81708,41.68193],[-87.82991,41.68375],[-87.83092,41.68383]]]}},{"type":"Feature","properties":{"name":"","kind":"woodland","areaKm2":0.3013,"osmId":1058688816},"geometry":{"type":"Polygon","coordinates":[[[-87.91016,41.71844],[-87.90893,41.71892],[-87.9063,41.72026],[-87.90585,41.7203],[-87.90533,41.72049],[-87.90523,41.72077],[-87.90417,41.72148],[-87.90213,41.72246],[-87.90024,41.72349],[-87.89355,41.72668],[-87.89046,41.72843],[-87.88908,41.72931],[-87.88879,41.73007],[-87.88858,41.73025],[-87.88711,41.73103],[-87.88549,41.73209],[-87.88414,41.73308],[-87.88304,41.73403],[-87.88143,41.73513],[-87.88048,41.73448],[-87.88914,41.7284],[-87.8904,41.7276],[-87.89448,41.7254],[-87.91346,41.7157],[-87.91494,41.715],[-87.9151,41.71526],[-87.91245,41.71658],[-87.9123,41.71682],[-87.91257,41.71691],[-87.91251,41.71714],[-87.91016,41.71844]]]}},{"type":"Feature","properties":{"name":"","kind":"woodland","areaKm2":0.2848,"osmId":17957091},"geometry":{"type":"Polygon","coordinates":[[[-87.84632,41.99607],[-87.84636,41.98869],[-87.84667,41.9887],[-87.84709,41.98929],[-87.84766,41.98979],[-87.85413,41.99452],[-87.85482,41.99515],[-87.85522,41.99575],[-87.85506,41.99588],[-87.84632,41.99607]],[[-87.85158,41.99542],[-87.85179,41.99523],[-87.85201,41.99482],[-87.852,41.99452],[-87.85157,41.99421],[-87.85098,41.99399],[-87.85077,41.99398],[-87.85043,41.9941],[-87.84951,41.99389],[-87.84931,41.99403],[-87.84922,41.99441],[-87.84907,41.99453],[-87.84841,41.99561],[-87.84883,41.99563],[-87.84917,41.99518],[-87.8495,41.99504],[-87.8499,41.99504],[-87.85019,41.9951],[-87.85042,41.99523],[-87.8507,41.99565],[-87.851,41.99563],[-87.85158,41.99542]]]}},{"type":"Feature","properties":{"name":"","kind":"woodland","areaKm2":0.2158,"osmId":1115928422},"geometry":{"type":"Polygon","coordinates":[[[-87.77609,41.67449],[-87.7766,41.67468],[-87.77724,41.67626],[-87.77759,41.67645],[-87.77811,41.67651],[-87.77812,41.67681],[-87.77357,41.6769],[-87.77282,41.67612],[-87.77093,41.67476],[-87.76987,41.67427],[-87.76874,41.67387],[-87.75875,41.66902],[-87.75884,41.66889],[-87.75584,41.66705],[-87.7562,41.66683],[-87.7563,41.66664],[-87.75628,41.66637],[-87.7566,41.6661],[-87.75646,41.66577],[-87.7563,41.66571],[-87.75628,41.66563],[-87.76365,41.66966],[-87.76634,41.67099],[-87.76774,41.67158],[-87.77019,41.67247],[-87.77261,41.67316],[-87.77487,41.67373],[-87.77804,41.6744],[-87.77808,41.6752],[-87.77791,41.6752],[-87.77776,41.67479],[-87.77693,41.67478],[-87.77672,41.67424],[-87.77325,41.67345],[-87.76906,41.67217],[-87.76543,41.67075],[-87.76344,41.66977],[-87.76199,41.66894],[-87.7616,41.66894],[-87.76091,41.66973],[-87.76886,41.67364],[-87.77193,41.67505],[-87.77255,41.67529],[-87.77512,41.67574],[-87.77567,41.67416],[-87.77607,41.67434],[-87.77609,41.67449]]]}},{"type":"Feature","properties":{"name":"","kind":"woodland","areaKm2":0.1929,"osmId":9725039},"geometry":{"type":"Polygon","coordinates":[[[-87.89825,41.72495],[-87.90228,41.72307],[-87.90278,41.72291],[-87.90348,41.72247],[-87.90425,41.72216],[-87.90446,41.72186],[-87.90501,41.72181],[-87.90526,41.72147],[-87.90748,41.72052],[-87.91228,41.71805],[-87.91293,41.71761],[-87.91427,41.71711],[-87.91429,41.7176],[-87.914,41.71763],[-87.91385,41.71779],[-87.91393,41.71792],[-87.9143,41.71794],[-87.91439,41.72012],[-87.91178,41.72037],[-87.91046,41.72042],[-87.90785,41.72095],[-87.90544,41.72174],[-87.90374,41.72269],[-87.89523,41.72809],[-87.89517,41.72647],[-87.89825,41.72495]],[[-87.91209,41.71899],[-87.91117,41.71908],[-87.91105,41.71931],[-87.91118,41.7194],[-87.91149,41.71941],[-87.9123,41.71927],[-87.91295,41.7188],[-87.91287,41.71868],[-87.91209,41.71899]],[[-87.91284,41.71967],[-87.91312,41.71968],[-87.91328,41.7196],[-87.91321,41.71943],[-87.91283,41.71941],[-87.91269,41.71948],[-87.91284,41.71967]]]}},{"type":"Feature","properties":{"name":"","kind":"woodland","areaKm2":0.1857,"osmId":1408440439},"geometry":{"type":"Polygon","coordinates":[[[-87.90496,41.72718],[-87.90516,41.72718],[-87.90512,41.72766],[-87.90526,41.72778],[-87.90567,41.72774],[-87.90583,41.72678],[-87.90649,41.72636],[-87.9067,41.72642],[-87.90659,41.72759],[-87.90693,41.72762],[-87.9072,41.72753],[-87.9092,41.72768],[-87.90899,41.72774],[-87.90695,41.72782],[-87.90687,41.72798],[-87.90687,41.72845],[-87.90705,41.72969],[-87.90719,41.73017],[-87.90733,41.73028],[-87.90754,41.73031],[-87.90767,41.73043],[-87.90761,41.73059],[-87.90746,41.73071],[-87.90723,41.73073],[-87.90684,41.73054],[-87.906,41.73046],[-87.90539,41.73076],[-87.90555,41.73106],[-87.90589,41.73123],[-87.90652,41.73127],[-87.90732,41.73144],[-87.90805,41.73134],[-87.90825,41.73139],[-87.90832,41.73154],[-87.90808,41.73167],[-87.90765,41.73168],[-87.90754,41.73177],[-87.90718,41.73182],[-87.90634,41.73177],[-87.90589,41.73213],[-87.90586,41.73244],[-87.90615,41.73268],[-87.90636,41.73302],[-87.90591,41.73298],[-87.9057,41.73305],[-87.90553,41.7333],[-87.90572,41.73351],[-87.90573,41.73367],[-87.90552,41.73372],[-87.90539,41.73385],[-87.90534,41.73416],[-87.90554,41.73579],[-87.90553,41.73659],[-87.90567,41.73671],[-87.9061,41.73673],[-87.90671,41.73662],[-87.9069,41.73669],[-87.90672,41.73679],[-87.90605,41.7369],[-87.90562,41.7369],[-87.90561,41.73712],[-87.90548,41.73726],[-87.90514,41.73699],[-87.90484,41.73722],[-87.90483,41.73754],[-87.90473,41.73767],[-87.90451,41.73768],[-87.9043,41.73761],[-87.90403,41.73735],[-87.90422,41.73706],[-87.9044,41.73699],[-87.90465,41.73705],[-87.90442,41.7366],[-87.90456,41.73496],[-87.90415,41.73404],[-87.90415,41.73387],[-87.90467,41.73314],[-87.90536,41.73249],[-87.90519,41.73208],[-87.90523,41.7316],[-87.90491,41.73079],[-87.90335,41.7307],[-87.90302,41.73047],[-87.9033,41.72969],[-87.90383,41.72916],[-87.90397,41.72886],[-87.90378,41.72855],[-87.90334,41.7285],[-87.90327,41.72834],[-87.90345,41.72804],[-87.90388,41.72782],[-87.90411,41.72754],[-87.90496,41.72718]]]}},{"type":"Feature","properties":{"name":"","kind":"woodland","areaKm2":0.1757,"osmId":1059020126},"geometry":{"type":"Polygon","coordinates":[[[-87.88027,41.73306],[-87.88303,41.73066],[-87.88451,41.72997],[-87.88475,41.72952],[-87.88508,41.72925],[-87.88491,41.72908],[-87.88514,41.7288],[-87.88522,41.7285],[-87.88619,41.72747],[-87.88693,41.72717],[-87.88627,41.72772],[-87.88645,41.72793],[-87.88685,41.72804],[-87.88676,41.72782],[-87.88713,41.72771],[-87.88693,41.72748],[-87.88714,41.72733],[-87.88716,41.72718],[-87.88765,41.72665],[-87.88782,41.72674],[-87.88763,41.72711],[-87.88768,41.72747],[-87.88794,41.72755],[-87.88833,41.72744],[-87.88839,41.72683],[-87.88926,41.72635],[-87.88937,41.72608],[-87.88995,41.72531],[-87.89054,41.72508],[-87.89163,41.72501],[-87.89233,41.72471],[-87.89233,41.72507],[-87.89118,41.72571],[-87.8906,41.72649],[-87.89352,41.72489],[-87.89597,41.72343],[-87.89613,41.72396],[-87.89506,41.72459],[-87.89276,41.7257],[-87.89051,41.72691],[-87.8894,41.72759],[-87.88039,41.73392],[-87.88001,41.73385],[-87.88062,41.73329],[-87.88027,41.73306]]]}},{"type":"Feature","properties":{"name":"","kind":"woodland","areaKm2":0.1522,"osmId":1084351672},"geometry":{"type":"Polygon","coordinates":[[[-87.82945,41.6936],[-87.82969,41.69477],[-87.8286,41.69531],[-87.82574,41.69536],[-87.82553,41.69306],[-87.82385,41.69328],[-87.82352,41.69344],[-87.82163,41.69388],[-87.81852,41.69436],[-87.81815,41.6944],[-87.81708,41.69418],[-87.81707,41.69388],[-87.81813,41.69409],[-87.81882,41.69414],[-87.82251,41.69344],[-87.82372,41.69314],[-87.82627,41.69198],[-87.82953,41.68976],[-87.83002,41.68931],[-87.83101,41.68931],[-87.83112,41.68945],[-87.83115,41.6905],[-87.83028,41.69065],[-87.83027,41.69081],[-87.82987,41.6909],[-87.82992,41.69109],[-87.82774,41.69153],[-87.82752,41.69187],[-87.82754,41.69214],[-87.82785,41.69294],[-87.82802,41.69302],[-87.82863,41.69302],[-87.82976,41.69284],[-87.82993,41.69289],[-87.83017,41.69333],[-87.82822,41.69378],[-87.82785,41.69394],[-87.82752,41.69422],[-87.82739,41.69444],[-87.82665,41.69447],[-87.82668,41.69521],[-87.82771,41.69519],[-87.82858,41.69478],[-87.82826,41.69389],[-87.82945,41.6936]]]}},{"type":"Feature","properties":{"name":"","kind":"woodland","areaKm2":0.1462,"osmId":17959984},"geometry":{"type":"MultiPolygon","coordinates":[[[[-87.85523,41.98502],[-87.85617,41.9853],[-87.85624,41.98521],[-87.85639,41.98526],[-87.85598,41.98647],[-87.85319,41.98652],[-87.85314,41.98704],[-87.85244,41.98707],[-87.85247,41.98769],[-87.85227,41.98779],[-87.85163,41.98781],[-87.85161,41.98758],[-87.85185,41.98719],[-87.85183,41.98701],[-87.85129,41.98656],[-87.85099,41.98649],[-87.85045,41.98655],[-87.85046,41.98472],[-87.85228,41.98516],[-87.85373,41.98533],[-87.85514,41.98533],[-87.85567,41.98558],[-87.85587,41.98562],[-87.85603,41.98556],[-87.85605,41.98543],[-87.85558,41.98528],[-87.85555,41.98533],[-87.8548,41.9852],[-87.85493,41.98503],[-87.85523,41.98502]]],[[[-87.84688,41.98721],[-87.84705,41.98705],[-87.84712,41.98511],[-87.84806,41.98502],[-87.84827,41.98507],[-87.84859,41.9853],[-87.84867,41.98514],[-87.84903,41.98509],[-87.84874,41.98461],[-87.84909,41.98445],[-87.8493,41.98449],[-87.84931,41.98813],[-87.84704,41.98783],[-87.84686,41.98763],[-87.84688,41.98721]]]]}},{"type":"Feature","properties":{"name":"","kind":"woodland","areaKm2":0.1288,"osmId":1058981197},"geometry":{"type":"Polygon","coordinates":[[[-87.84596,41.68528],[-87.85275,41.68592],[-87.8523,41.68627],[-87.85122,41.68616],[-87.85095,41.68628],[-87.85077,41.6865],[-87.84966,41.6864],[-87.84945,41.68659],[-87.84844,41.68663],[-87.84829,41.68682],[-87.84732,41.68678],[-87.84694,41.68663],[-87.84688,41.68683],[-87.84599,41.68713],[-87.84617,41.68614],[-87.84602,41.68612],[-87.84598,41.6862],[-87.84353,41.68599],[-87.84158,41.68613],[-87.84094,41.68599],[-87.83959,41.68614],[-87.83911,41.68638],[-87.83902,41.68566],[-87.83944,41.6847],[-87.84238,41.68491],[-87.84596,41.68528]]]}},{"type":"Feature","properties":{"name":"","kind":"woodland","areaKm2":0.126,"osmId":18677511},"geometry":{"type":"Polygon","coordinates":[[[-87.91268,41.73978],[-87.91267,41.73943],[-87.91228,41.73912],[-87.91203,41.73911],[-87.912,41.73863],[-87.91502,41.73858],[-87.91517,41.74205],[-87.9151,41.74206],[-87.9151,41.74225],[-87.91332,41.74237],[-87.9122,41.74219],[-87.91046,41.74223],[-87.91025,41.74034],[-87.91284,41.74029],[-87.91283,41.73985],[-87.91268,41.73978]],[[-87.91365,41.74167],[-87.91365,41.7414],[-87.91299,41.74141],[-87.91299,41.74168],[-87.91365,41.74167]]]}},{"type":"Feature","properties":{"name":"","kind":"woodland","areaKm2":0.125,"osmId":18681793},"geometry":{"type":"Polygon","coordinates":[[[-87.92529,41.75146],[-87.9244,41.75148],[-87.9244,41.75187],[-87.92516,41.75186],[-87.9253,41.75199],[-87.92531,41.75225],[-87.92441,41.75225],[-87.92405,41.75253],[-87.92402,41.75278],[-87.92231,41.75281],[-87.92223,41.75247],[-87.92339,41.75243],[-87.92338,41.75178],[-87.92322,41.75148],[-87.92288,41.75147],[-87.92289,41.75115],[-87.92401,41.75114],[-87.92401,41.75082],[-87.92442,41.7508],[-87.92444,41.7505],[-87.92388,41.75038],[-87.92387,41.75019],[-87.92214,41.7502],[-87.92214,41.74952],[-87.92316,41.74933],[-87.92316,41.7495],[-87.92349,41.7495],[-87.92349,41.74918],[-87.92294,41.74918],[-87.92213,41.74941],[-87.9221,41.749],[-87.92275,41.74899],[-87.92292,41.74869],[-87.92292,41.74849],[-87.92266,41.74835],[-87.92218,41.74788],[-87.92205,41.74788],[-87.92202,41.7471],[-87.92316,41.74708],[-87.92316,41.74666],[-87.92467,41.74662],[-87.92466,41.74635],[-87.92505,41.74634],[-87.92502,41.74565],[-87.92514,41.74565],[-87.92529,41.75146]],[[-87.92359,41.74712],[-87.9236,41.74744],[-87.92408,41.74743],[-87.92407,41.74721],[-87.92385,41.74711],[-87.92359,41.74712]],[[-87.92332,41.74823],[-87.92374,41.74823],[-87.92373,41.74784],[-87.92332,41.74784],[-87.92332,41.74823]]]}},{"type":"Feature","properties":{"name":"","kind":"woodland","areaKm2":0.1227,"osmId":1310771473},"geometry":{"type":"Polygon","coordinates":[[[-87.84264,41.93866],[-87.83682,41.94014],[-87.8363,41.93977],[-87.83623,41.93764],[-87.84426,41.93752],[-87.84428,41.93768],[-87.84346,41.93827],[-87.84264,41.93866]]]}},{"type":"Feature","properties":{"name":"","kind":"woodland","areaKm2":0.1226,"osmId":1144165412},"geometry":{"type":"Polygon","coordinates":[[[-87.79319,41.67592],[-87.79286,41.67619],[-87.79377,41.6764],[-87.79379,41.67632],[-87.7934,41.6762],[-87.79332,41.67596],[-87.79382,41.67603],[-87.79477,41.67638],[-87.7965,41.67675],[-87.79667,41.67689],[-87.7967,41.67719],[-87.77828,41.6737],[-87.77824,41.67277],[-87.77999,41.67324],[-87.78008,41.67267],[-87.78025,41.67271],[-87.78017,41.67329],[-87.78296,41.67377],[-87.78304,41.67365],[-87.78655,41.67455],[-87.79003,41.6751],[-87.7907,41.67531],[-87.7931,41.67578],[-87.79319,41.67592]]]}},{"type":"Feature","properties":{"name":"","kind":"woodland","areaKm2":0.119,"osmId":1059020146},"geometry":{"type":"Polygon","coordinates":[[[-87.93976,41.70395],[-87.93915,41.70436],[-87.93868,41.70448],[-87.93848,41.70477],[-87.93804,41.70478],[-87.9376,41.70509],[-87.93656,41.7055],[-87.9353,41.70646],[-87.93526,41.70668],[-87.93512,41.70676],[-87.93517,41.7069],[-87.93469,41.70711],[-87.93497,41.70648],[-87.93558,41.70553],[-87.93637,41.70503],[-87.93657,41.70466],[-87.93528,41.70486],[-87.9352,41.70508],[-87.934,41.70569],[-87.9331,41.706],[-87.93229,41.70646],[-87.93203,41.70648],[-87.92858,41.70839],[-87.92622,41.7094],[-87.92515,41.7101],[-87.92024,41.71253],[-87.9151,41.71526],[-87.91494,41.715],[-87.91608,41.7144],[-87.93996,41.70229],[-87.94,41.70394],[-87.93976,41.70395]]]}},{"type":"Feature","properties":{"name":"","kind":"woodland","areaKm2":0.1165,"osmId":183091341},"geometry":{"type":"Polygon","coordinates":[[[-87.82079,41.79622],[-87.82011,41.79656],[-87.81991,41.79653],[-87.81978,41.79637],[-87.8195,41.79626],[-87.81939,41.79629],[-87.81714,41.79776],[-87.81673,41.79812],[-87.81674,41.79825],[-87.81693,41.79822],[-87.81696,41.79812],[-87.81741,41.79791],[-87.81775,41.79759],[-87.81807,41.79751],[-87.81868,41.79711],[-87.81919,41.79666],[-87.81949,41.79654],[-87.81969,41.7966],[-87.81971,41.79682],[-87.81962,41.79694],[-87.81715,41.7985],[-87.81669,41.79893],[-87.81591,41.79947],[-87.81525,41.79992],[-87.81383,41.80072],[-87.81351,41.80083],[-87.81055,41.8028],[-87.80949,41.80368],[-87.80899,41.80444],[-87.80914,41.8048],[-87.80885,41.8049],[-87.80856,41.80401],[-87.80818,41.80349],[-87.80908,41.80314],[-87.81079,41.80214],[-87.81167,41.80151],[-87.8124,41.80061],[-87.81279,41.80025],[-87.81741,41.79705],[-87.81761,41.79687],[-87.81764,41.79636],[-87.81839,41.79611],[-87.82029,41.79573],[-87.82122,41.79572],[-87.82079,41.79622]]]}},{"type":"Feature","properties":{"name":"","kind":"woodland","areaKm2":0.1148,"osmId":1173127882},"geometry":{"type":"Polygon","coordinates":[[[-87.88859,41.74538],[-87.88841,41.74553],[-87.88771,41.74534],[-87.88672,41.74535],[-87.88653,41.74348],[-87.88691,41.7432],[-87.88821,41.74305],[-87.88846,41.74273],[-87.88831,41.74213],[-87.88779,41.74194],[-87.88754,41.74172],[-87.88773,41.74123],[-87.89041,41.74117],[-87.89061,41.74136],[-87.89046,41.74142],[-87.89064,41.74144],[-87.89094,41.74163],[-87.89074,41.74241],[-87.89021,41.74275],[-87.88992,41.74318],[-87.88977,41.74384],[-87.89003,41.74476],[-87.88964,41.74511],[-87.88993,41.7456],[-87.88944,41.74586],[-87.88908,41.74577],[-87.8891,41.74547],[-87.88859,41.74538]]]}},{"type":"Feature","properties":{"name":"","kind":"woodland","areaKm2":0.1128,"osmId":1077799544},"geometry":{"type":"Polygon","coordinates":[[[-87.74618,41.81654],[-87.74818,41.81581],[-87.75608,41.81326],[-87.75825,41.81268],[-87.76239,41.81142],[-87.76263,41.81149],[-87.76268,41.81192],[-87.74367,41.81796],[-87.74368,41.81787],[-87.74618,41.81654]]]}},{"type":"Feature","properties":{"name":"","kind":"woodland","areaKm2":0.1125,"osmId":1116408716},"geometry":{"type":"Polygon","coordinates":[[[-87.74352,41.65955],[-87.74222,41.65885],[-87.74234,41.65873],[-87.74177,41.65851],[-87.74171,41.65856],[-87.73925,41.6571],[-87.73854,41.65679],[-87.73909,41.65631],[-87.74087,41.65709],[-87.74297,41.65818],[-87.74708,41.66055],[-87.74759,41.66099],[-87.74763,41.66146],[-87.74367,41.66152],[-87.74359,41.6609],[-87.74366,41.66051],[-87.74323,41.6604],[-87.74322,41.66027],[-87.74038,41.65942],[-87.74037,41.65934],[-87.74348,41.66004],[-87.74352,41.65955]]]}},{"type":"Feature","properties":{"name":"","kind":"woodland","areaKm2":0.1035,"osmId":1059020124},"geometry":{"type":"Polygon","coordinates":[[[-87.86714,41.7485],[-87.86821,41.74758],[-87.8702,41.74551],[-87.87314,41.74285],[-87.87359,41.74247],[-87.874,41.74254],[-87.87429,41.74233],[-87.87464,41.74157],[-87.87524,41.74112],[-87.8766,41.73972],[-87.87781,41.73863],[-87.8779,41.73938],[-87.87649,41.74052],[-87.87444,41.74261],[-87.87266,41.74408],[-87.87207,41.74473],[-87.87221,41.74479],[-87.86632,41.75047],[-87.86552,41.75009],[-87.86714,41.7485]]]}},{"type":"Feature","properties":{"name":"","kind":"woodland","areaKm2":0.1024,"osmId":1083629909},"geometry":{"type":"Polygon","coordinates":[[[-87.83138,41.77283],[-87.83108,41.77284],[-87.83104,41.77239],[-87.83068,41.77241],[-87.83043,41.77286],[-87.83005,41.77307],[-87.82997,41.77302],[-87.83014,41.77236],[-87.82957,41.77252],[-87.82838,41.77241],[-87.8286,41.77246],[-87.82876,41.77268],[-87.82882,41.77284],[-87.82864,41.77292],[-87.8284,41.77292],[-87.82833,41.77285],[-87.82847,41.77263],[-87.82838,41.77258],[-87.82817,41.77257],[-87.82801,41.77268],[-87.82779,41.77252],[-87.82762,41.77263],[-87.82737,41.77214],[-87.82734,41.77144],[-87.82745,41.77098],[-87.82761,41.77076],[-87.82829,41.77032],[-87.82893,41.77021],[-87.83079,41.77015],[-87.83129,41.77019],[-87.83172,41.77034],[-87.83198,41.77051],[-87.83236,41.77095],[-87.83244,41.77158],[-87.83231,41.77193],[-87.832,41.77231],[-87.83162,41.77231],[-87.83151,41.7727],[-87.83138,41.77283]]]}},{"type":"Feature","properties":{"name":"","kind":"woodland","areaKm2":0.0989,"osmId":176597491},"geometry":{"type":"Polygon","coordinates":[[[-87.58332,41.6411],[-87.58557,41.64117],[-87.58591,41.64141],[-87.5858,41.64174],[-87.58585,41.64295],[-87.58598,41.64343],[-87.58589,41.64365],[-87.58576,41.64366],[-87.58429,41.64284],[-87.58414,41.64287],[-87.58373,41.64263],[-87.58353,41.64259],[-87.5835,41.64249],[-87.58329,41.64241],[-87.58281,41.64203],[-87.5816,41.64173],[-87.58154,41.64159],[-87.5811,41.64139],[-87.58048,41.6412],[-87.57928,41.64065],[-87.57895,41.64061],[-87.57895,41.64009],[-87.58334,41.6401],[-87.58332,41.6411]]]}},{"type":"Feature","properties":{"name":"","kind":"woodland","areaKm2":0.0961,"osmId":1116356764},"geometry":{"type":"Polygon","coordinates":[[[-87.73063,41.65314],[-87.73289,41.65374],[-87.737,41.65515],[-87.73663,41.6559],[-87.73273,41.65451],[-87.72771,41.6546],[-87.728,41.65439],[-87.72797,41.65259],[-87.73063,41.65314]]]}},{"type":"Feature","properties":{"name":"","kind":"woodland","areaKm2":0.0951,"osmId":17374692},"geometry":{"type":"Polygon","coordinates":[[[-87.88606,41.82365],[-87.88653,41.82349],[-87.88692,41.82316],[-87.887,41.82296],[-87.88809,41.82292],[-87.88808,41.82314],[-87.8883,41.82327],[-87.88857,41.82323],[-87.88871,41.82312],[-87.88902,41.82311],[-87.88903,41.82284],[-87.88925,41.82275],[-87.88986,41.82296],[-87.89,41.82277],[-87.88998,41.82266],[-87.89012,41.82262],[-87.89029,41.82239],[-87.89037,41.8253],[-87.88564,41.82535],[-87.88558,41.82368],[-87.88606,41.82365]],[[-87.88617,41.82516],[-87.88643,41.82529],[-87.8866,41.82494],[-87.88643,41.82489],[-87.88647,41.82472],[-87.88625,41.82464],[-87.88617,41.82516]]]}},{"type":"Feature","properties":{"name":"","kind":"woodland","areaKm2":0.0943,"osmId":176597498},"geometry":{"type":"Polygon","coordinates":[[[-87.59839,41.64935],[-87.5995,41.64927],[-87.60055,41.64936],[-87.60076,41.64948],[-87.60173,41.64963],[-87.60246,41.64984],[-87.60237,41.65027],[-87.60209,41.65025],[-87.60213,41.65153],[-87.60157,41.65156],[-87.60159,41.65182],[-87.59921,41.65186],[-87.59911,41.65182],[-87.59907,41.65151],[-87.59897,41.65142],[-87.59852,41.65143],[-87.59836,41.65154],[-87.59839,41.65176],[-87.59822,41.65165],[-87.5982,41.65194],[-87.59781,41.65194],[-87.59785,41.64929],[-87.59839,41.64935]]]}},{"type":"Feature","properties":{"name":"","kind":"woodland","areaKm2":0.094,"osmId":1116155697},"geometry":{"type":"Polygon","coordinates":[[[-87.70566,41.65279],[-87.70546,41.6529],[-87.70428,41.65293],[-87.70425,41.65196],[-87.70638,41.65193],[-87.70642,41.65223],[-87.70908,41.65215],[-87.70906,41.65187],[-87.71368,41.65181],[-87.7139,41.6527],[-87.7122,41.65281],[-87.71205,41.65291],[-87.71219,41.65355],[-87.71193,41.65383],[-87.71193,41.65399],[-87.71298,41.65426],[-87.71382,41.65432],[-87.71382,41.65459],[-87.71353,41.65465],[-87.71133,41.65467],[-87.7112,41.65273],[-87.70566,41.65279]]]}},{"type":"Feature","properties":{"name":"","kind":"woodland","areaKm2":0.0938,"osmId":1054879953},"geometry":{"type":"Polygon","coordinates":[[[-87.84832,41.75711],[-87.84842,41.75686],[-87.84889,41.75629],[-87.85325,41.75175],[-87.85595,41.74993],[-87.85576,41.75044],[-87.85591,41.75045],[-87.85712,41.74965],[-87.85735,41.74995],[-87.85537,41.75142],[-87.85242,41.75388],[-87.85088,41.75565],[-87.84945,41.75709],[-87.84899,41.75721],[-87.8488,41.75703],[-87.84862,41.75721],[-87.84832,41.75711]]]}},{"type":"Feature","properties":{"name":"","kind":"woodland","areaKm2":0.0937,"osmId":1193418014},"geometry":{"type":"Polygon","coordinates":[[[-87.52386,41.68009],[-87.52279,41.68002],[-87.5229,41.67861],[-87.52285,41.67711],[-87.52308,41.67714],[-87.52326,41.67708],[-87.52356,41.67635],[-87.52344,41.67422],[-87.52355,41.67374],[-87.52378,41.67366],[-87.52476,41.67353],[-87.52473,41.68037],[-87.52438,41.68036],[-87.52386,41.68009]]]}},{"type":"Feature","properties":{"name":"","kind":"woodland","areaKm2":0.091,"osmId":213926171},"geometry":{"type":"Polygon","coordinates":[[[-87.5772,41.68613],[-87.57701,41.68621],[-87.57686,41.68619],[-87.57705,41.68586],[-87.57682,41.68572],[-87.57685,41.68502],[-87.57696,41.68485],[-87.57708,41.68484],[-87.57718,41.68493],[-87.57745,41.68484],[-87.5776,41.68492],[-87.57768,41.68489],[-87.57781,41.68448],[-87.57821,41.68436],[-87.57829,41.68426],[-87.582,41.68326],[-87.58324,41.68307],[-87.58538,41.6825],[-87.58564,41.68251],[-87.58568,41.68311],[-87.58555,41.68343],[-87.57854,41.68542],[-87.57783,41.68573],[-87.5772,41.68613]]]}},{"type":"Feature","properties":{"name":"","kind":"woodland","areaKm2":0.0907,"osmId":1409235369},"geometry":{"type":"Polygon","coordinates":[[[-87.85981,41.74697],[-87.86015,41.74694],[-87.87698,41.73594],[-87.8792,41.73391],[-87.87978,41.73435],[-87.87908,41.73484],[-87.87816,41.73517],[-87.87659,41.73625],[-87.86033,41.74777],[-87.85996,41.74738],[-87.86022,41.74706],[-87.85981,41.74697]]]}},{"type":"Feature","properties":{"name":"","kind":"woodland","areaKm2":0.0895,"osmId":1116155714},"geometry":{"type":"Polygon","coordinates":[[[-87.70804,41.66102],[-87.70759,41.66082],[-87.7072,41.66041],[-87.70705,41.65975],[-87.70698,41.65829],[-87.70764,41.65809],[-87.70754,41.65785],[-87.70697,41.65789],[-87.70698,41.65764],[-87.70793,41.65763],[-87.70795,41.65776],[-87.70894,41.65775],[-87.70898,41.65849],[-87.71054,41.65848],[-87.71057,41.65992],[-87.70885,41.65972],[-87.70805,41.65952],[-87.70712,41.65952],[-87.7072,41.65973],[-87.70791,41.65973],[-87.71057,41.66001],[-87.71069,41.66108],[-87.70849,41.6611],[-87.70804,41.66102]]]}},{"type":"Feature","properties":{"name":"","kind":"woodland","areaKm2":0.0894,"osmId":1150800502},"geometry":{"type":"Polygon","coordinates":[[[-87.83174,41.77578],[-87.83157,41.77574],[-87.83138,41.77568],[-87.83141,41.77561],[-87.83112,41.77544],[-87.83106,41.77551],[-87.83092,41.77549],[-87.8305,41.77506],[-87.83398,41.77112],[-87.83569,41.77201],[-87.83261,41.77534],[-87.83229,41.77563],[-87.83214,41.77557],[-87.83223,41.77567],[-87.83216,41.77582],[-87.8318,41.77571],[-87.83174,41.77578]]]}},{"type":"Feature","properties":{"name":"","kind":"woodland","areaKm2":0.0867,"osmId":1058981211},"geometry":{"type":"Polygon","coordinates":[[[-87.82939,41.68011],[-87.82922,41.6801],[-87.82913,41.68],[-87.82885,41.68004],[-87.82879,41.68017],[-87.8286,41.68026],[-87.82866,41.68096],[-87.82899,41.681],[-87.82895,41.68135],[-87.82966,41.6814],[-87.82962,41.68171],[-87.82795,41.68145],[-87.82845,41.68116],[-87.82852,41.68066],[-87.8284,41.68061],[-87.82844,41.68033],[-87.82837,41.68011],[-87.82803,41.68003],[-87.82727,41.68005],[-87.82725,41.67832],[-87.8278,41.6782],[-87.82792,41.67828],[-87.82833,41.67825],[-87.82836,41.67814],[-87.82809,41.67773],[-87.82836,41.67747],[-87.82855,41.67763],[-87.82895,41.67764],[-87.82906,41.67777],[-87.82935,41.67769],[-87.82944,41.67759],[-87.82944,41.67726],[-87.82918,41.67724],[-87.82913,41.67709],[-87.82923,41.67706],[-87.82926,41.67671],[-87.82888,41.67659],[-87.82876,41.67645],[-87.82845,41.67646],[-87.82847,41.67623],[-87.82931,41.67638],[-87.82917,41.67562],[-87.82843,41.67559],[-87.82839,41.67534],[-87.82867,41.67535],[-87.82875,41.67545],[-87.82929,41.67528],[-87.82919,41.67468],[-87.82947,41.67468],[-87.82954,41.6764],[-87.83014,41.67639],[-87.83013,41.67653],[-87.82983,41.67666],[-87.82964,41.67705],[-87.82958,41.67792],[-87.82969,41.67845],[-87.82989,41.67828],[-87.83072,41.67824],[-87.83081,41.68006],[-87.82987,41.68014],[-87.82961,41.68007],[-87.82939,41.68011]]]}},{"type":"Feature","properties":{"name":"","kind":"woodland","areaKm2":0.0864,"osmId":1144180001},"geometry":{"type":"Polygon","coordinates":[[[-87.75334,41.66263],[-87.75369,41.66288],[-87.75394,41.66267],[-87.75482,41.66316],[-87.75478,41.66323],[-87.75797,41.66505],[-87.75837,41.66466],[-87.76035,41.66563],[-87.76315,41.66666],[-87.76315,41.66753],[-87.76229,41.66808],[-87.75304,41.66274],[-87.75293,41.66163],[-87.7532,41.66185],[-87.75321,41.66237],[-87.75334,41.66263]]]}},{"type":"Feature","properties":{"name":"","kind":"woodland","areaKm2":0.0859,"osmId":1173127883},"geometry":{"type":"Polygon","coordinates":[[[-87.88821,41.74305],[-87.88691,41.7432],[-87.88653,41.74348],[-87.88672,41.74535],[-87.88771,41.74534],[-87.88841,41.74553],[-87.88859,41.74538],[-87.8891,41.74547],[-87.88908,41.74577],[-87.88944,41.74586],[-87.88993,41.7456],[-87.88964,41.74511],[-87.89003,41.74476],[-87.88977,41.74384],[-87.88992,41.74318],[-87.89021,41.74275],[-87.89074,41.74241],[-87.89094,41.74163],[-87.89064,41.74144],[-87.89046,41.74142],[-87.89061,41.74136],[-87.89041,41.74117],[-87.891,41.74128],[-87.8912,41.74625],[-87.88654,41.7463],[-87.88645,41.74622],[-87.88633,41.74269],[-87.88793,41.74261],[-87.88797,41.74232],[-87.88831,41.74213],[-87.88846,41.74273],[-87.88821,41.74305]]]}},{"type":"Feature","properties":{"name":"","kind":"woodland","areaKm2":0.0854,"osmId":216688767},"geometry":{"type":"Polygon","coordinates":[[[-87.61111,41.64925],[-87.61038,41.64929],[-87.6096,41.64913],[-87.60609,41.64903],[-87.60609,41.64885],[-87.60589,41.64871],[-87.60598,41.64854],[-87.60592,41.64843],[-87.60554,41.64794],[-87.6055,41.6477],[-87.60503,41.6472],[-87.60517,41.64646],[-87.60499,41.64655],[-87.60484,41.6464],[-87.60466,41.64637],[-87.60452,41.64605],[-87.60468,41.64596],[-87.6051,41.64594],[-87.60516,41.64602],[-87.60589,41.646],[-87.60597,41.64607],[-87.60588,41.64689],[-87.60566,41.64705],[-87.60558,41.6473],[-87.60568,41.64747],[-87.60599,41.64762],[-87.60628,41.64753],[-87.6065,41.64764],[-87.60697,41.64769],[-87.60804,41.64765],[-87.60779,41.64743],[-87.60798,41.64742],[-87.60807,41.64718],[-87.60833,41.64726],[-87.60834,41.64707],[-87.60852,41.6469],[-87.60867,41.64709],[-87.60899,41.64716],[-87.60913,41.64706],[-87.60924,41.6472],[-87.60931,41.64718],[-87.60933,41.64697],[-87.60948,41.64698],[-87.60955,41.64715],[-87.6098,41.64703],[-87.60988,41.64707],[-87.60984,41.64901],[-87.61015,41.64909],[-87.61043,41.64904],[-87.6109,41.64919],[-87.61112,41.64899],[-87.6113,41.64904],[-87.61147,41.64923],[-87.61161,41.64921],[-87.61174,41.64764],[-87.61193,41.64711],[-87.61203,41.64709],[-87.61191,41.64833],[-87.61193,41.64948],[-87.61184,41.64951],[-87.61166,41.64935],[-87.61111,41.64925]]]}},{"type":"Feature","properties":{"name":"","kind":"woodland","areaKm2":0.0851,"osmId":1059020130},"geometry":{"type":"Polygon","coordinates":[[[-87.89628,41.7229],[-87.89691,41.72238],[-87.89801,41.7218],[-87.8979,41.72117],[-87.89835,41.72009],[-87.89909,41.71985],[-87.8997,41.7195],[-87.90044,41.71938],[-87.90141,41.72076],[-87.90115,41.72105],[-87.90044,41.72131],[-87.90006,41.72128],[-87.89817,41.72241],[-87.89839,41.72245],[-87.89996,41.72155],[-87.90031,41.72158],[-87.90026,41.72191],[-87.89684,41.72367],[-87.89613,41.72396],[-87.89594,41.72327],[-87.89626,41.72303],[-87.89628,41.7229]]]}},{"type":"Feature","properties":{"name":"","kind":"woodland","areaKm2":0.0825,"osmId":845835995},"geometry":{"type":"Polygon","coordinates":[[[-87.55259,41.65218],[-87.55202,41.65193],[-87.55075,41.65098],[-87.55895,41.65102],[-87.55898,41.65222],[-87.55259,41.65218]]]}},{"type":"Feature","properties":{"name":"","kind":"woodland","areaKm2":0.0822,"osmId":1059020120},"geometry":{"type":"Polygon","coordinates":[[[-87.88728,41.74181],[-87.88685,41.74159],[-87.88669,41.74159],[-87.88674,41.74176],[-87.88632,41.74174],[-87.8862,41.73953],[-87.88651,41.73926],[-87.88667,41.73921],[-87.88657,41.73929],[-87.88681,41.7395],[-87.88671,41.74005],[-87.88681,41.74027],[-87.88665,41.74044],[-87.88703,41.74028],[-87.88719,41.74034],[-87.88719,41.74048],[-87.88739,41.74047],[-87.88776,41.74013],[-87.88786,41.73985],[-87.88742,41.73974],[-87.88758,41.73935],[-87.88775,41.73928],[-87.88768,41.73911],[-87.89048,41.73907],[-87.89061,41.73913],[-87.89063,41.73994],[-87.89047,41.7399],[-87.89047,41.73998],[-87.89069,41.73999],[-87.89072,41.7401],[-87.89048,41.74012],[-87.8905,41.74025],[-87.89094,41.74018],[-87.89095,41.7403],[-87.89081,41.7403],[-87.8906,41.74054],[-87.88992,41.74055],[-87.88972,41.74064],[-87.88874,41.7407],[-87.88843,41.74064],[-87.88846,41.74075],[-87.88878,41.74079],[-87.89065,41.74077],[-87.89096,41.7406],[-87.891,41.74128],[-87.89041,41.74117],[-87.88773,41.74123],[-87.88754,41.74172],[-87.88779,41.74194],[-87.88831,41.74213],[-87.88797,41.74232],[-87.88758,41.74231],[-87.88728,41.74181]]]}},{"type":"Feature","properties":{"name":"","kind":"woodland","areaKm2":0.0815,"osmId":1058981204},"geometry":{"type":"Polygon","coordinates":[[[-87.8313,41.68698],[-87.83122,41.68668],[-87.83102,41.68666],[-87.83105,41.68612],[-87.83074,41.68563],[-87.82549,41.68524],[-87.81823,41.68449],[-87.81824,41.68439],[-87.82005,41.68456],[-87.8201,41.68422],[-87.82054,41.68425],[-87.82644,41.68516],[-87.83079,41.68544],[-87.8318,41.68554],[-87.83198,41.68563],[-87.83236,41.68565],[-87.83269,41.68558],[-87.83386,41.68565],[-87.83423,41.68574],[-87.83679,41.68587],[-87.83686,41.68613],[-87.83652,41.68617],[-87.83623,41.68604],[-87.83571,41.68621],[-87.83468,41.68623],[-87.8344,41.68634],[-87.834,41.68633],[-87.8338,41.68654],[-87.83322,41.68662],[-87.83317,41.68684],[-87.83256,41.68706],[-87.83129,41.68812],[-87.8313,41.68698]]]}},{"type":"Feature","properties":{"name":"","kind":"woodland","areaKm2":0.0813,"osmId":230283106},"geometry":{"type":"Polygon","coordinates":[[[-87.64741,41.65563],[-87.64705,41.65572],[-87.64632,41.65566],[-87.64597,41.6557],[-87.64577,41.65561],[-87.64558,41.65563],[-87.64555,41.65574],[-87.64529,41.65576],[-87.64525,41.65587],[-87.64607,41.65592],[-87.64609,41.65601],[-87.64351,41.65603],[-87.64354,41.65597],[-87.64419,41.65586],[-87.64414,41.65575],[-87.64364,41.65585],[-87.64371,41.65575],[-87.64363,41.65567],[-87.64462,41.65542],[-87.6451,41.65551],[-87.64573,41.65551],[-87.64787,41.65535],[-87.64859,41.65536],[-87.64909,41.65524],[-87.64981,41.65527],[-87.64991,41.65523],[-87.64997,41.65497],[-87.65022,41.65469],[-87.65093,41.65439],[-87.65189,41.65428],[-87.65224,41.6539],[-87.65283,41.65351],[-87.65332,41.65327],[-87.65403,41.65308],[-87.65408,41.65283],[-87.65395,41.65277],[-87.65387,41.65249],[-87.65393,41.65222],[-87.65412,41.65222],[-87.65427,41.65239],[-87.65439,41.65239],[-87.65496,41.6522],[-87.6552,41.65193],[-87.65599,41.65183],[-87.65632,41.65194],[-87.65642,41.65208],[-87.65663,41.65215],[-87.65677,41.65204],[-87.65701,41.65207],[-87.65734,41.652],[-87.65741,41.65186],[-87.65734,41.65165],[-87.65787,41.65165],[-87.65822,41.65155],[-87.65828,41.65137],[-87.65881,41.65142],[-87.65894,41.65133],[-87.65932,41.65147],[-87.65933,41.65178],[-87.65924,41.65179],[-87.6592,41.65189],[-87.65563,41.65264],[-87.65479,41.65285],[-87.65421,41.6531],[-87.65107,41.65529],[-87.64971,41.65573],[-87.64859,41.65622],[-87.64821,41.6562],[-87.64804,41.65631],[-87.64773,41.65627],[-87.64741,41.65563]]]}},{"type":"Feature","properties":{"name":"","kind":"woodland","areaKm2":0.08,"osmId":18677510},"geometry":{"type":"Polygon","coordinates":[[[-87.91538,41.74297],[-87.91529,41.74063],[-87.91773,41.74056],[-87.91822,41.74044],[-87.91821,41.74024],[-87.91905,41.74023],[-87.91883,41.74044],[-87.91845,41.74058],[-87.91876,41.74064],[-87.91922,41.7409],[-87.91968,41.741],[-87.91998,41.74091],[-87.91927,41.74072],[-87.91928,41.74059],[-87.92011,41.7405],[-87.92034,41.74037],[-87.92057,41.74045],[-87.92123,41.74048],[-87.92123,41.74062],[-87.92091,41.74064],[-87.92082,41.74082],[-87.92063,41.74091],[-87.92013,41.74096],[-87.92028,41.74139],[-87.92063,41.74136],[-87.92078,41.74111],[-87.92155,41.7411],[-87.92155,41.74048],[-87.92217,41.74048],[-87.92221,41.74152],[-87.92161,41.74153],[-87.92163,41.74189],[-87.91993,41.74158],[-87.91946,41.74163],[-87.91903,41.74179],[-87.91872,41.74161],[-87.91868,41.7414],[-87.9184,41.74136],[-87.91823,41.74149],[-87.91839,41.74168],[-87.91807,41.74186],[-87.9179,41.74187],[-87.9179,41.74207],[-87.91737,41.74215],[-87.91712,41.74228],[-87.91655,41.74231],[-87.9163,41.74218],[-87.91612,41.74228],[-87.91559,41.74235],[-87.9157,41.74261],[-87.91553,41.74279],[-87.91584,41.7428],[-87.91615,41.74272],[-87.91677,41.74278],[-87.91741,41.74275],[-87.91741,41.74341],[-87.91675,41.74342],[-87.91672,41.74306],[-87.91659,41.74297],[-87.91538,41.74297]],[[-87.91787,41.741],[-87.91767,41.74111],[-87.91766,41.74126],[-87.91785,41.74135],[-87.91803,41.74136],[-87.91839,41.74117],[-87.91838,41.74101],[-87.91787,41.741]],[[-87.91871,41.74116],[-87.91886,41.74149],[-87.91906,41.74158],[-87.91938,41.74149],[-87.91948,41.74116],[-87.91896,41.74106],[-87.91871,41.74116]],[[-87.91631,41.74143],[-87.91583,41.74143],[-87.91584,41.74192],[-87.91633,41.74191],[-87.91631,41.74143]]]}},{"type":"Feature","properties":{"name":"","kind":"woodland","areaKm2":0.0776,"osmId":1079344550},"geometry":{"type":"Polygon","coordinates":[[[-87.80147,41.79844],[-87.79688,41.80002],[-87.79416,41.80075],[-87.76994,41.80841],[-87.76326,41.81039],[-87.76306,41.81035],[-87.80161,41.79819],[-87.80161,41.79831],[-87.80147,41.79844]]]}},{"type":"Feature","properties":{"name":"","kind":"woodland","areaKm2":0.0773,"osmId":1413124879},"geometry":{"type":"Polygon","coordinates":[[[-87.91984,41.73487],[-87.91933,41.735],[-87.91933,41.73421],[-87.91967,41.7336],[-87.91956,41.73355],[-87.91969,41.73331],[-87.91964,41.73316],[-87.91913,41.73312],[-87.91862,41.73294],[-87.91694,41.73297],[-87.91672,41.73305],[-87.91645,41.73305],[-87.91643,41.73299],[-87.91516,41.73303],[-87.91515,41.73295],[-87.91616,41.73291],[-87.91623,41.73206],[-87.91607,41.732],[-87.9161,41.73186],[-87.91617,41.73179],[-87.91632,41.73187],[-87.91652,41.73177],[-87.91655,41.73158],[-87.91624,41.73118],[-87.91721,41.73118],[-87.91716,41.73137],[-87.91703,41.73144],[-87.91699,41.73137],[-87.91678,41.73136],[-87.91659,41.73199],[-87.91687,41.73202],[-87.91691,41.73219],[-87.91703,41.73226],[-87.91682,41.73247],[-87.91681,41.73287],[-87.91697,41.73288],[-87.91721,41.73283],[-87.91729,41.73232],[-87.91755,41.73237],[-87.9176,41.73261],[-87.91783,41.73259],[-87.91836,41.7324],[-87.91837,41.73215],[-87.91825,41.73207],[-87.91817,41.73177],[-87.91798,41.73159],[-87.9179,41.73116],[-87.91859,41.73119],[-87.91867,41.73125],[-87.91873,41.73165],[-87.91903,41.73166],[-87.91916,41.73187],[-87.91965,41.73183],[-87.91967,41.73162],[-87.91956,41.73154],[-87.91914,41.73147],[-87.91933,41.73122],[-87.91986,41.73114],[-87.91996,41.73131],[-87.91986,41.7314],[-87.91984,41.7318],[-87.91997,41.732],[-87.92018,41.73214],[-87.9205,41.73216],[-87.92051,41.73202],[-87.92097,41.73177],[-87.92107,41.73183],[-87.92087,41.73195],[-87.92083,41.73221],[-87.92118,41.73203],[-87.92127,41.73181],[-87.92105,41.73171],[-87.92082,41.73171],[-87.92031,41.73203],[-87.9201,41.73184],[-87.92044,41.73151],[-87.92046,41.73116],[-87.92066,41.73114],[-87.92064,41.73132],[-87.92074,41.73146],[-87.92121,41.73158],[-87.92132,41.73136],[-87.92125,41.73113],[-87.92145,41.73111],[-87.9215,41.7314],[-87.92142,41.73158],[-87.92153,41.73198],[-87.92175,41.73202],[-87.92208,41.73191],[-87.92206,41.73136],[-87.92198,41.73121],[-87.92166,41.73118],[-87.92165,41.7311],[-87.92218,41.73112],[-87.92223,41.73265],[-87.92203,41.73263],[-87.92191,41.73237],[-87.92157,41.73235],[-87.92143,41.73257],[-87.92144,41.73279],[-87.92166,41.73285],[-87.9221,41.73276],[-87.92225,41.73282],[-87.92225,41.73296],[-87.92178,41.73299],[-87.92175,41.73328],[-87.92161,41.73325],[-87.92166,41.73301],[-87.92115,41.73301],[-87.92097,41.73288],[-87.92035,41.73289],[-87.92,41.73302],[-87.91989,41.73451],[-87.92007,41.73464],[-87.92047,41.73459],[-87.92082,41.73462],[-87.92091,41.73471],[-87.92123,41.73472],[-87.92112,41.73498],[-87.9205,41.73493],[-87.92037,41.73485],[-87.91984,41.73487]]]}},{"type":"Feature","properties":{"name":"","kind":"woodland","areaKm2":0.0762,"osmId":590545840},"geometry":{"type":"Polygon","coordinates":[[[-87.93999,41.83768],[-87.93999,41.8399],[-87.93596,41.83983],[-87.93594,41.83977],[-87.93619,41.83967],[-87.93618,41.83898],[-87.93513,41.83631],[-87.93577,41.83588],[-87.93622,41.83582],[-87.93636,41.83589],[-87.93642,41.83616],[-87.93593,41.83619],[-87.93589,41.83632],[-87.93588,41.83714],[-87.93611,41.83735],[-87.93627,41.83733],[-87.93639,41.83743],[-87.93618,41.83752],[-87.93619,41.83852],[-87.93654,41.83858],[-87.93697,41.83848],[-87.93708,41.83855],[-87.93748,41.8384],[-87.93798,41.83858],[-87.93812,41.83853],[-87.93775,41.83828],[-87.9379,41.83799],[-87.93922,41.83772],[-87.93999,41.83768]]]}},{"type":"Feature","properties":{"name":"","kind":"woodland","areaKm2":0.0749,"osmId":1489526507},"geometry":{"type":"Polygon","coordinates":[[[-87.83172,41.7762],[-87.83075,41.77732],[-87.82578,41.78272],[-87.82562,41.78267],[-87.82536,41.78243],[-87.8252,41.78207],[-87.82526,41.78186],[-87.82671,41.78032],[-87.82755,41.77955],[-87.8293,41.77746],[-87.83062,41.77623],[-87.83091,41.77579],[-87.83118,41.77572],[-87.83128,41.77604],[-87.83172,41.7762]]]}},{"type":"Feature","properties":{"name":"","kind":"woodland","areaKm2":0.073,"osmId":1165071771},"geometry":{"type":"Polygon","coordinates":[[[-87.91096,41.8357],[-87.91106,41.83644],[-87.91081,41.83677],[-87.91028,41.83693],[-87.91027,41.8372],[-87.90992,41.83725],[-87.9099,41.83768],[-87.90953,41.83802],[-87.90935,41.83848],[-87.909,41.83859],[-87.90893,41.83781],[-87.90936,41.83775],[-87.90936,41.83715],[-87.90959,41.8372],[-87.90978,41.83708],[-87.90979,41.83697],[-87.91008,41.83672],[-87.90976,41.83652],[-87.90956,41.83657],[-87.9097,41.83688],[-87.90943,41.83693],[-87.90927,41.83713],[-87.90837,41.83713],[-87.9082,41.83702],[-87.90819,41.83666],[-87.90854,41.83656],[-87.90869,41.83686],[-87.90884,41.83683],[-87.90917,41.83658],[-87.90918,41.83634],[-87.90848,41.83621],[-87.90846,41.836],[-87.90811,41.83533],[-87.90817,41.83514],[-87.90806,41.83482],[-87.90883,41.83469],[-87.90885,41.83511],[-87.90897,41.83519],[-87.9092,41.83517],[-87.90917,41.83461],[-87.9091,41.83417],[-87.90876,41.83419],[-87.90876,41.83379],[-87.90844,41.83371],[-87.90806,41.83381],[-87.90803,41.83358],[-87.91042,41.83354],[-87.91055,41.83561],[-87.91096,41.8357]]]}},{"type":"Feature","properties":{"name":"","kind":"woodland","areaKm2":0.0726,"osmId":585746751},"geometry":{"type":"Polygon","coordinates":[[[-87.73649,41.6809],[-87.73759,41.68268],[-87.73749,41.68273],[-87.73584,41.68006],[-87.73612,41.67986],[-87.73587,41.67919],[-87.73582,41.67871],[-87.73522,41.67772],[-87.73499,41.67759],[-87.73444,41.67673],[-87.73403,41.67649],[-87.73374,41.6762],[-87.73377,41.67612],[-87.73577,41.67697],[-87.73827,41.68012],[-87.7383,41.68065],[-87.73886,41.68181],[-87.73856,41.68197],[-87.73855,41.68231],[-87.73753,41.68078],[-87.73734,41.68063],[-87.73649,41.6809]]]}},{"type":"Feature","properties":{"name":"","kind":"woodland","areaKm2":0.0722,"osmId":1152590898},"geometry":{"type":"Polygon","coordinates":[[[-87.69841,41.65224],[-87.6973,41.65222],[-87.69616,41.65239],[-87.69339,41.65249],[-87.69261,41.65258],[-87.69247,41.65273],[-87.69252,41.65289],[-87.69541,41.65285],[-87.69776,41.65255],[-87.69889,41.65271],[-87.69904,41.65278],[-87.69911,41.65293],[-87.699,41.65325],[-87.69807,41.65325],[-87.69806,41.65297],[-87.69751,41.65298],[-87.69753,41.65336],[-87.69928,41.65335],[-87.69931,41.65375],[-87.69911,41.65376],[-87.69875,41.65391],[-87.69874,41.65376],[-87.69792,41.65378],[-87.69793,41.65427],[-87.69668,41.6543],[-87.69666,41.65385],[-87.69596,41.65386],[-87.69593,41.65325],[-87.69344,41.65328],[-87.69211,41.65339],[-87.69212,41.65236],[-87.69919,41.65194],[-87.69928,41.65324],[-87.6992,41.65325],[-87.69912,41.65278],[-87.69895,41.65267],[-87.69855,41.65261],[-87.69865,41.65232],[-87.69841,41.65224]]]}},{"type":"Feature","properties":{"name":"","kind":"woodland","areaKm2":0.0705,"osmId":18019159},"geometry":{"type":"Polygon","coordinates":[[[-87.83886,41.91906],[-87.83894,41.91923],[-87.83927,41.91918],[-87.83951,41.91936],[-87.8396,41.91934],[-87.83961,41.91663],[-87.83927,41.91639],[-87.83744,41.91641],[-87.8362,41.91597],[-87.83606,41.91398],[-87.83535,41.91396],[-87.8354,41.91308],[-87.83643,41.91312],[-87.83652,41.91566],[-87.83667,41.91566],[-87.83714,41.9159],[-87.83872,41.91608],[-87.83899,41.91605],[-87.83901,41.91612],[-87.84008,41.91609],[-87.84012,41.91709],[-87.84004,41.91729],[-87.84013,41.91755],[-87.84004,41.91755],[-87.84005,41.91796],[-87.84028,41.92103],[-87.84032,41.92207],[-87.84024,41.9221],[-87.83943,41.92122],[-87.83886,41.92014],[-87.83891,41.92],[-87.83931,41.91984],[-87.83915,41.91981],[-87.83891,41.91989],[-87.8387,41.91982],[-87.83822,41.91904],[-87.83863,41.91899],[-87.83886,41.91906]]]}},{"type":"Feature","properties":{"name":"","kind":"woodland","areaKm2":0.0704,"osmId":1178017684},"geometry":{"type":"Polygon","coordinates":[[[-87.69491,41.64631],[-87.69483,41.64443],[-87.69888,41.64438],[-87.69891,41.64541],[-87.69771,41.64542],[-87.69772,41.64624],[-87.69747,41.64624],[-87.69735,41.64748],[-87.69704,41.64779],[-87.69651,41.6478],[-87.69648,41.64715],[-87.69717,41.64633],[-87.69491,41.64631]]]}},{"type":"Feature","properties":{"name":"","kind":"woodland","areaKm2":0.0663,"osmId":1489618729},"geometry":{"type":"Polygon","coordinates":[[[-87.82104,41.76323],[-87.82103,41.76315],[-87.82062,41.76265],[-87.82059,41.76206],[-87.82026,41.76205],[-87.8201,41.76152],[-87.82014,41.76102],[-87.82005,41.76061],[-87.82009,41.76028],[-87.82018,41.76023],[-87.82028,41.76022],[-87.82038,41.76048],[-87.82068,41.76059],[-87.82088,41.76092],[-87.82122,41.76112],[-87.82142,41.7611],[-87.82193,41.76076],[-87.82201,41.76082],[-87.82206,41.76097],[-87.82192,41.76186],[-87.82221,41.76229],[-87.82223,41.76261],[-87.82239,41.76271],[-87.8227,41.76273],[-87.82278,41.76233],[-87.82258,41.76194],[-87.82284,41.76166],[-87.82312,41.76154],[-87.82365,41.76156],[-87.82407,41.76219],[-87.82437,41.76226],[-87.82444,41.76241],[-87.82425,41.76295],[-87.8238,41.76335],[-87.82267,41.76323],[-87.82247,41.76295],[-87.82236,41.76295],[-87.82223,41.76309],[-87.82231,41.76331],[-87.82226,41.76346],[-87.82175,41.7636],[-87.82153,41.76356],[-87.82084,41.76371],[-87.82068,41.76362],[-87.8208,41.76339],[-87.82104,41.76323]]]}},{"type":"Feature","properties":{"name":"","kind":"woodland","areaKm2":0.0646,"osmId":18677509},"geometry":{"type":"Polygon","coordinates":[[[-87.92215,41.74288],[-87.92149,41.7429],[-87.92128,41.743],[-87.92112,41.74347],[-87.92129,41.74363],[-87.92159,41.74372],[-87.9216,41.74389],[-87.92129,41.74424],[-87.92108,41.74399],[-87.92082,41.744],[-87.92074,41.74422],[-87.92074,41.74443],[-87.92097,41.74482],[-87.92123,41.74486],[-87.92122,41.74553],[-87.91908,41.74554],[-87.91903,41.74345],[-87.92044,41.74345],[-87.92042,41.74298],[-87.91977,41.74297],[-87.91955,41.74287],[-87.91893,41.74292],[-87.91887,41.74269],[-87.91954,41.74267],[-87.91965,41.74257],[-87.91965,41.74218],[-87.91922,41.74219],[-87.91902,41.74228],[-87.91886,41.74222],[-87.91902,41.74198],[-87.9196,41.74172],[-87.92012,41.74172],[-87.92139,41.742],[-87.92145,41.74256],[-87.92212,41.74256],[-87.9222,41.74263],[-87.92215,41.74288]],[[-87.92011,41.74233],[-87.92064,41.74245],[-87.92074,41.7422],[-87.92021,41.74208],[-87.92011,41.74233]],[[-87.92064,41.74479],[-87.92075,41.74465],[-87.92063,41.74456],[-87.91975,41.74453],[-87.91953,41.74453],[-87.91934,41.74462],[-87.91936,41.74473],[-87.92064,41.74479]]]}},{"type":"Feature","properties":{"name":"","kind":"woodland","areaKm2":0.0607,"osmId":1090345635},"geometry":{"type":"Polygon","coordinates":[[[-87.54835,41.74059],[-87.54853,41.74057],[-87.54857,41.74037],[-87.54838,41.74011],[-87.54884,41.74],[-87.54965,41.74119],[-87.55099,41.74249],[-87.55081,41.74267],[-87.551,41.74317],[-87.55079,41.74299],[-87.54666,41.7407],[-87.54666,41.74053],[-87.54606,41.74054],[-87.54603,41.73955],[-87.54591,41.73939],[-87.54552,41.73927],[-87.54552,41.73887],[-87.54571,41.73905],[-87.54597,41.73907],[-87.54589,41.738],[-87.54606,41.73799],[-87.54621,41.73809],[-87.54617,41.7382],[-87.54601,41.7382],[-87.54606,41.73875],[-87.54654,41.739],[-87.54659,41.73925],[-87.54702,41.73906],[-87.54695,41.73755],[-87.54704,41.7384],[-87.5475,41.7393],[-87.54706,41.7392],[-87.54671,41.7395],[-87.54797,41.74044],[-87.54835,41.74059]]]}},{"type":"Feature","properties":{"name":"","kind":"woodland","areaKm2":0.0604,"osmId":925258398},"geometry":{"type":"Polygon","coordinates":[[[-87.88206,41.95901],[-87.88168,41.95922],[-87.88126,41.95906],[-87.88091,41.9591],[-87.88087,41.95988],[-87.87889,41.96153],[-87.87808,41.96245],[-87.87757,41.96259],[-87.87781,41.96121],[-87.87838,41.9601],[-87.87953,41.95851],[-87.87979,41.95837],[-87.88076,41.95862],[-87.88111,41.9588],[-87.88206,41.95901]]]}},{"type":"Feature","properties":{"name":"","kind":"woodland","areaKm2":0.0598,"osmId":1059020133},"geometry":{"type":"Polygon","coordinates":[[[-87.89322,41.72175],[-87.89835,41.72009],[-87.89812,41.72073],[-87.89723,41.72118],[-87.8967,41.72114],[-87.8957,41.72144],[-87.89516,41.72178],[-87.89488,41.7223],[-87.89416,41.7227],[-87.89368,41.72284],[-87.89348,41.72306],[-87.8929,41.72295],[-87.8927,41.72316],[-87.89332,41.72349],[-87.89307,41.72374],[-87.89238,41.72379],[-87.89124,41.72303],[-87.89192,41.72243],[-87.89322,41.72175]]]}},{"type":"Feature","properties":{"name":"","kind":"woodland","areaKm2":0.059,"osmId":1358496649},"geometry":{"type":"Polygon","coordinates":[[[-87.90403,41.75442],[-87.90407,41.75462],[-87.90445,41.75487],[-87.90485,41.75488],[-87.90546,41.75524],[-87.90593,41.75524],[-87.90592,41.75495],[-87.90619,41.75493],[-87.90666,41.75501],[-87.90633,41.7554],[-87.90639,41.75629],[-87.90597,41.7563],[-87.90595,41.75597],[-87.90397,41.75587],[-87.90207,41.75589],[-87.90195,41.75583],[-87.9019,41.75455],[-87.90135,41.75455],[-87.90132,41.75406],[-87.90366,41.75407],[-87.90403,41.75442]]]}},{"type":"Feature","properties":{"name":"","kind":"woodland","areaKm2":0.0582,"osmId":1173128018},"geometry":{"type":"Polygon","coordinates":[[[-87.90062,41.74584],[-87.90059,41.74567],[-87.90047,41.74557],[-87.90016,41.7455],[-87.90013,41.74527],[-87.89974,41.74528],[-87.89966,41.7454],[-87.89975,41.7458],[-87.89965,41.74584],[-87.89942,41.74575],[-87.89932,41.74463],[-87.89905,41.74457],[-87.89903,41.74451],[-87.89979,41.74448],[-87.90011,41.7449],[-87.90024,41.74485],[-87.90033,41.74449],[-87.89996,41.74445],[-87.8997,41.74421],[-87.89869,41.74427],[-87.89865,41.74351],[-87.89849,41.74326],[-87.89847,41.74292],[-87.89864,41.74284],[-87.89861,41.7427],[-87.89843,41.74269],[-87.89836,41.74288],[-87.8981,41.74294],[-87.898,41.7426],[-87.89723,41.7426],[-87.89719,41.74304],[-87.89709,41.7431],[-87.89711,41.74253],[-87.90085,41.74245],[-87.90078,41.74254],[-87.90087,41.7447],[-87.90095,41.74464],[-87.90107,41.74471],[-87.90104,41.7455],[-87.9009,41.74554],[-87.90091,41.74592],[-87.90007,41.74598],[-87.90005,41.74587],[-87.90062,41.74584]]]}},{"type":"Feature","properties":{"name":"","kind":"woodland","areaKm2":0.0559,"osmId":1054879954},"geometry":{"type":"Polygon","coordinates":[[[-87.85274,41.75181],[-87.8515,41.75306],[-87.8462,41.75897],[-87.84526,41.75993],[-87.84498,41.75983],[-87.84513,41.75953],[-87.84762,41.75678],[-87.84833,41.75611],[-87.84932,41.75498],[-87.84963,41.75474],[-87.85177,41.75232],[-87.8518,41.75213],[-87.85238,41.75151],[-87.85374,41.75056],[-87.85464,41.7501],[-87.85495,41.74983],[-87.8564,41.74902],[-87.85664,41.74922],[-87.85274,41.75181]]]}},{"type":"Feature","properties":{"name":"","kind":"woodland","areaKm2":0.0553,"osmId":1078710440},"geometry":{"type":"Polygon","coordinates":[[[-87.93838,41.67387],[-87.9377,41.6737],[-87.93732,41.67386],[-87.9371,41.67375],[-87.93696,41.67245],[-87.93704,41.67238],[-87.93746,41.6723],[-87.93793,41.6724],[-87.93843,41.6724],[-87.93864,41.67223],[-87.93876,41.67177],[-87.93873,41.67155],[-87.93826,41.67128],[-87.93819,41.67098],[-87.93805,41.67088],[-87.93782,41.67085],[-87.93733,41.671],[-87.93703,41.67097],[-87.9368,41.67081],[-87.9368,41.66945],[-87.93697,41.6694],[-87.93729,41.66973],[-87.93735,41.66988],[-87.9372,41.67007],[-87.93727,41.67037],[-87.93744,41.67062],[-87.93797,41.67066],[-87.93828,41.67054],[-87.93858,41.67054],[-87.9386,41.67115],[-87.93875,41.67138],[-87.93903,41.67142],[-87.93925,41.67179],[-87.93917,41.67239],[-87.93928,41.67244],[-87.94,41.67239],[-87.94,41.67374],[-87.93838,41.67387]]]}},{"type":"Feature","properties":{"name":"","kind":"woodland","areaKm2":0.0544,"osmId":20337632},"geometry":{"type":"Polygon","coordinates":[[[-87.81726,41.79134],[-87.81695,41.79112],[-87.8172,41.79067],[-87.82005,41.7876],[-87.82166,41.7857],[-87.82177,41.7857],[-87.82207,41.78623],[-87.82205,41.78637],[-87.82183,41.78646],[-87.82179,41.78663],[-87.8219,41.78701],[-87.81949,41.78954],[-87.81921,41.78996],[-87.81721,41.79194],[-87.81705,41.79188],[-87.81733,41.79154],[-87.81726,41.79134]],[[-87.8177,41.79078],[-87.81842,41.79016],[-87.81878,41.78998],[-87.81889,41.78984],[-87.8189,41.78921],[-87.81878,41.78922],[-87.81833,41.78957],[-87.81741,41.79079],[-87.8177,41.79078]]]}},{"type":"Feature","properties":{"name":"","kind":"woodland","areaKm2":0.054,"osmId":1090612691},"geometry":{"type":"Polygon","coordinates":[[[-87.85751,41.75165],[-87.856,41.7526],[-87.85471,41.75361],[-87.85261,41.75558],[-87.84995,41.75839],[-87.84922,41.75897],[-87.84935,41.75904],[-87.84827,41.76025],[-87.84655,41.7621],[-87.84638,41.76207],[-87.85202,41.75576],[-87.85361,41.75411],[-87.85646,41.75172],[-87.85821,41.7505],[-87.85831,41.75058],[-87.85825,41.75067],[-87.85796,41.75085],[-87.86056,41.75314],[-87.8605,41.75329],[-87.86039,41.75336],[-87.8584,41.75169],[-87.85789,41.75156],[-87.85751,41.75165]]]}},{"type":"Feature","properties":{"name":"","kind":"woodland","areaKm2":0.053,"osmId":302817347},"geometry":{"type":"Polygon","coordinates":[[[-87.81498,41.64649],[-87.81473,41.64588],[-87.81623,41.64585],[-87.81624,41.64594],[-87.81543,41.64595],[-87.81525,41.64605],[-87.81522,41.64633],[-87.81534,41.64639],[-87.81524,41.64675],[-87.81524,41.64798],[-87.8156,41.6481],[-87.81785,41.64807],[-87.81785,41.64954],[-87.81603,41.64955],[-87.81558,41.64937],[-87.81543,41.64948],[-87.81555,41.64979],[-87.81553,41.65032],[-87.81616,41.6503],[-87.81616,41.65035],[-87.81581,41.65059],[-87.81586,41.65098],[-87.81544,41.65103],[-87.81555,41.65141],[-87.81569,41.65156],[-87.81616,41.65158],[-87.81615,41.65178],[-87.81559,41.65179],[-87.81546,41.6519],[-87.81544,41.65214],[-87.81557,41.65237],[-87.81531,41.65237],[-87.81523,41.6506],[-87.81502,41.65028],[-87.81517,41.65009],[-87.81521,41.64983],[-87.81519,41.64954],[-87.81505,41.64944],[-87.81515,41.64914],[-87.81505,41.64886],[-87.81518,41.64847],[-87.81505,41.64822],[-87.81515,41.64785],[-87.81512,41.64726],[-87.81501,41.64713],[-87.81498,41.64649]]]}},{"type":"Feature","properties":{"name":"","kind":"woodland","areaKm2":0.0526,"osmId":15823732},"geometry":{"type":"Polygon","coordinates":[[[-87.7967,42.01756],[-87.79741,42.01735],[-87.79768,42.0171],[-87.79788,42.01677],[-87.79806,42.01611],[-87.79804,42.01527],[-87.79786,42.01473],[-87.79759,42.01439],[-87.79701,42.01399],[-87.79545,42.01311],[-87.79537,42.01285],[-87.79562,42.0124],[-87.79624,42.01259],[-87.79602,42.01271],[-87.79599,42.01283],[-87.79726,42.01345],[-87.79762,42.01355],[-87.79762,42.01398],[-87.79871,42.01393],[-87.79887,42.0158],[-87.79858,42.01581],[-87.79858,42.0162],[-87.79847,42.0162],[-87.79848,42.01628],[-87.79858,42.01628],[-87.79846,42.01664],[-87.79859,42.01702],[-87.79832,42.01702],[-87.79809,42.0173],[-87.79741,42.01772],[-87.79725,42.01816],[-87.79694,42.01836],[-87.79719,42.01875],[-87.79737,42.01884],[-87.79735,42.01899],[-87.7963,42.019],[-87.79634,42.01757],[-87.7967,42.01756]]]}},{"type":"Feature","properties":{"name":"","kind":"woodland","areaKm2":0.0523,"osmId":1553783928},"geometry":{"type":"Polygon","coordinates":[[[-87.84473,41.71871],[-87.84488,41.71872],[-87.8449,41.72006],[-87.84497,41.72006],[-87.84498,41.72021],[-87.84215,41.72027],[-87.8422,41.71915],[-87.84206,41.7187],[-87.84218,41.71822],[-87.84293,41.71825],[-87.84321,41.71821],[-87.84321,41.71816],[-87.84468,41.71813],[-87.8448,41.71815],[-87.84473,41.71871]]]}},{"type":"Feature","properties":{"name":"","kind":"woodland","areaKm2":0.0522,"osmId":1408440438},"geometry":{"type":"Polygon","coordinates":[[[-87.904,41.73135],[-87.90381,41.73154],[-87.90367,41.73202],[-87.9034,41.73247],[-87.90342,41.73264],[-87.90377,41.73285],[-87.90375,41.73293],[-87.90351,41.73308],[-87.90308,41.73304],[-87.90314,41.73337],[-87.90352,41.73369],[-87.90324,41.73377],[-87.90277,41.73359],[-87.9024,41.73375],[-87.90223,41.73396],[-87.90235,41.73411],[-87.90229,41.73434],[-87.9019,41.73442],[-87.90133,41.73475],[-87.9009,41.7355],[-87.9009,41.73566],[-87.90147,41.73607],[-87.90149,41.73615],[-87.90119,41.73621],[-87.90106,41.73643],[-87.90106,41.73651],[-87.90132,41.73667],[-87.90133,41.73684],[-87.90127,41.73692],[-87.90063,41.73695],[-87.90049,41.73688],[-87.90051,41.73544],[-87.90035,41.73537],[-87.90043,41.73506],[-87.89972,41.73491],[-87.89962,41.73483],[-87.89965,41.73466],[-87.89982,41.73454],[-87.90002,41.73467],[-87.90023,41.73466],[-87.90037,41.73432],[-87.90053,41.73419],[-87.90155,41.73374],[-87.9018,41.73376],[-87.90198,41.73359],[-87.90197,41.73339],[-87.90239,41.73312],[-87.9025,41.73263],[-87.90268,41.7323],[-87.90272,41.73172],[-87.90284,41.73141],[-87.90392,41.73129],[-87.904,41.73135]]]}},{"type":"Feature","properties":{"name":"","kind":"woodland","areaKm2":0.0516,"osmId":1389589760},"geometry":{"type":"Polygon","coordinates":[[[-87.87856,41.89692],[-87.87834,41.89696],[-87.87818,41.89519],[-87.87762,41.89517],[-87.87536,41.89554],[-87.87489,41.89548],[-87.87492,41.89532],[-87.87408,41.8953],[-87.8739,41.89498],[-87.87221,41.89477],[-87.87133,41.89488],[-87.87061,41.89514],[-87.87028,41.89536],[-87.8703,41.89508],[-87.87132,41.89466],[-87.8717,41.89457],[-87.87386,41.89481],[-87.87385,41.89465],[-87.87286,41.89421],[-87.87302,41.89401],[-87.87283,41.89377],[-87.87299,41.89365],[-87.87263,41.89313],[-87.8723,41.89311],[-87.87201,41.89321],[-87.8716,41.89316],[-87.87112,41.89256],[-87.87073,41.89242],[-87.87048,41.89212],[-87.87052,41.89175],[-87.87005,41.89169],[-87.86996,41.89158],[-87.87147,41.89149],[-87.87129,41.89163],[-87.87084,41.89165],[-87.8708,41.89208],[-87.8711,41.89227],[-87.87188,41.89252],[-87.87217,41.89249],[-87.87249,41.89277],[-87.87265,41.89279],[-87.87312,41.89307],[-87.8733,41.89332],[-87.8734,41.89369],[-87.8737,41.89412],[-87.87405,41.89444],[-87.87417,41.895],[-87.87435,41.89507],[-87.87591,41.8951],[-87.87677,41.89494],[-87.8775,41.89494],[-87.87799,41.89481],[-87.87862,41.89484],[-87.87871,41.89667],[-87.87933,41.89683],[-87.87969,41.89685],[-87.87963,41.89704],[-87.87923,41.89709],[-87.87856,41.89692]]]}},{"type":"Feature","properties":{"name":"","kind":"woodland","areaKm2":0.0506,"osmId":1079344551},"geometry":{"type":"Polygon","coordinates":[[[-87.7631,41.8113],[-87.76329,41.81115],[-87.76573,41.81033],[-87.76583,41.81037],[-87.7667,41.81014],[-87.77421,41.80782],[-87.77421,41.80798],[-87.77216,41.80886],[-87.76926,41.80985],[-87.76307,41.81181],[-87.7631,41.8113]]]}},{"type":"Feature","properties":{"name":"","kind":"woodland","areaKm2":0.0503,"osmId":178115308},"geometry":{"type":"Polygon","coordinates":[[[-87.55022,41.71368],[-87.55024,41.7138],[-87.54992,41.71396],[-87.54987,41.71408],[-87.55001,41.71427],[-87.54994,41.71439],[-87.54984,41.71439],[-87.5496,41.7148],[-87.55007,41.71515],[-87.55009,41.71542],[-87.54999,41.71562],[-87.5498,41.71568],[-87.54971,41.71581],[-87.54981,41.71616],[-87.54994,41.71622],[-87.55021,41.71617],[-87.55024,41.71676],[-87.54978,41.71679],[-87.54979,41.71709],[-87.54958,41.71714],[-87.54962,41.71725],[-87.54919,41.71729],[-87.54924,41.71761],[-87.5489,41.7178],[-87.54887,41.71858],[-87.54833,41.71863],[-87.54819,41.71885],[-87.54831,41.71904],[-87.54822,41.71916],[-87.54825,41.72096],[-87.54737,41.72094],[-87.54711,41.72068],[-87.54997,41.71357],[-87.55022,41.71368]]]}},{"type":"Feature","properties":{"name":"","kind":"woodland","areaKm2":0.0503,"osmId":1055553008},"geometry":{"type":"Polygon","coordinates":[[[-87.7885,41.80576],[-87.79121,41.80488],[-87.79243,41.80456],[-87.79358,41.80417],[-87.79354,41.8041],[-87.79372,41.80404],[-87.7938,41.80419],[-87.79397,41.80414],[-87.79419,41.80471],[-87.79391,41.80505],[-87.79262,41.80546],[-87.79183,41.80581],[-87.79058,41.80657],[-87.78935,41.80615],[-87.7885,41.80576]]]}},{"type":"Feature","properties":{"name":"","kind":"woodland","areaKm2":0.0501,"osmId":229031944},"geometry":{"type":"Polygon","coordinates":[[[-87.61777,41.6585],[-87.61759,41.65845],[-87.61756,41.65824],[-87.61738,41.65822],[-87.61736,41.65613],[-87.61753,41.65607],[-87.61756,41.6559],[-87.61751,41.6558],[-87.61735,41.65576],[-87.61734,41.65447],[-87.61834,41.65446],[-87.6196,41.6523],[-87.61981,41.65236],[-87.61995,41.65222],[-87.61916,41.65415],[-87.6187,41.65568],[-87.61837,41.65575],[-87.61833,41.65549],[-87.61808,41.65567],[-87.61807,41.65577],[-87.61788,41.65577],[-87.61772,41.65595],[-87.61817,41.65614],[-87.61831,41.65606],[-87.61844,41.6561],[-87.61828,41.65744],[-87.61794,41.65902],[-87.61776,41.65899],[-87.61777,41.6585]]]}},{"type":"Feature","properties":{"name":"","kind":"woodland","areaKm2":0.0493,"osmId":1546597742},"geometry":{"type":"Polygon","coordinates":[[[-87.93862,41.82607],[-87.93881,41.82602],[-87.93894,41.82622],[-87.93918,41.82622],[-87.93925,41.8261],[-87.93913,41.82588],[-87.9388,41.82572],[-87.93855,41.82546],[-87.93859,41.82488],[-87.93883,41.82488],[-87.9387,41.82443],[-87.9389,41.82445],[-87.93893,41.82423],[-87.9384,41.82421],[-87.93833,41.82434],[-87.93798,41.8243],[-87.93793,41.82354],[-87.9385,41.82359],[-87.93871,41.82357],[-87.93886,41.82345],[-87.939,41.82257],[-87.9386,41.82257],[-87.93848,41.82245],[-87.9381,41.82247],[-87.93789,41.82256],[-87.93787,41.82214],[-87.93798,41.82213],[-87.93803,41.82236],[-87.93811,41.8224],[-87.93857,41.82237],[-87.93858,41.82206],[-87.93848,41.82198],[-87.93787,41.82198],[-87.93786,41.82191],[-87.93939,41.82188],[-87.9388,41.82197],[-87.93875,41.82231],[-87.93915,41.82245],[-87.93915,41.82278],[-87.93922,41.82296],[-87.93935,41.82303],[-87.9396,41.82295],[-87.93963,41.82264],[-87.93994,41.82241],[-87.93994,41.82185],[-87.93974,41.82164],[-87.93945,41.82177],[-87.93895,41.82177],[-87.93889,41.8216],[-87.93872,41.82156],[-87.93836,41.82156],[-87.9383,41.82179],[-87.93791,41.82179],[-87.93782,41.82176],[-87.93781,41.82145],[-87.93798,41.82144],[-87.93809,41.82153],[-87.9395,41.82154],[-87.93964,41.82137],[-87.93977,41.82137],[-87.93973,41.82094],[-87.93999,41.82095],[-87.93999,41.82533],[-87.93934,41.82534],[-87.93946,41.82662],[-87.93857,41.82615],[-87.93862,41.82607]]]}},{"type":"Feature","properties":{"name":"","kind":"woodland","areaKm2":0.0491,"osmId":224809066},"geometry":{"type":"Polygon","coordinates":[[[-87.59772,41.74186],[-87.59755,41.74088],[-87.5974,41.74052],[-87.5976,41.74052],[-87.59766,41.74019],[-87.59766,41.73995],[-87.59749,41.7397],[-87.59757,41.73901],[-87.59751,41.73878],[-87.5983,41.73877],[-87.59832,41.73922],[-87.59845,41.73926],[-87.59832,41.73983],[-87.59789,41.73973],[-87.59798,41.73996],[-87.59781,41.73998],[-87.59782,41.74023],[-87.59807,41.74046],[-87.59806,41.74063],[-87.59794,41.74064],[-87.59795,41.74093],[-87.59819,41.74092],[-87.5983,41.74005],[-87.59889,41.74006],[-87.59909,41.73902],[-87.59926,41.73898],[-87.59979,41.73684],[-87.59994,41.73684],[-87.59858,41.74231],[-87.59826,41.74395],[-87.59763,41.74396],[-87.59772,41.74186]]]}},{"type":"Feature","properties":{"name":"","kind":"woodland","areaKm2":0.0484,"osmId":214357456},"geometry":{"type":"Polygon","coordinates":[[[-87.70471,41.67916],[-87.70461,41.67898],[-87.70443,41.67903],[-87.70414,41.67893],[-87.70395,41.67908],[-87.70388,41.67904],[-87.70373,41.67913],[-87.70364,41.6794],[-87.70336,41.67938],[-87.70324,41.67915],[-87.70336,41.67886],[-87.70313,41.67868],[-87.70341,41.67859],[-87.70354,41.67842],[-87.70311,41.6781],[-87.70296,41.67806],[-87.70306,41.67774],[-87.70296,41.67761],[-87.70291,41.67701],[-87.70517,41.67695],[-87.70523,41.68025],[-87.70501,41.68031],[-87.70495,41.68042],[-87.7043,41.68038],[-87.70459,41.67991],[-87.70471,41.67916]]]}},{"type":"Feature","properties":{"name":"","kind":"woodland","areaKm2":0.0472,"osmId":692101707},"geometry":{"type":"Polygon","coordinates":[[[-87.82896,41.68279],[-87.82075,41.68161],[-87.82088,41.68154],[-87.82123,41.68158],[-87.82118,41.67988],[-87.82176,41.68035],[-87.82169,41.68045],[-87.82153,41.68044],[-87.8215,41.68063],[-87.82217,41.68081],[-87.82233,41.68066],[-87.82322,41.68104],[-87.82445,41.68131],[-87.82455,41.68174],[-87.8244,41.68183],[-87.82454,41.68205],[-87.82535,41.68214],[-87.82544,41.68197],[-87.82543,41.68174],[-87.82487,41.68164],[-87.82481,41.68154],[-87.82463,41.68151],[-87.82464,41.68133],[-87.82488,41.68136],[-87.82502,41.68146],[-87.8255,41.68145],[-87.82569,41.68158],[-87.82613,41.68159],[-87.82634,41.68152],[-87.82643,41.68211],[-87.82681,41.68235],[-87.82846,41.68262],[-87.83134,41.68293],[-87.83135,41.68307],[-87.82896,41.68279]]]}},{"type":"Feature","properties":{"name":"","kind":"woodland","areaKm2":0.0471,"osmId":1150800490},"geometry":{"type":"Polygon","coordinates":[[[-87.82683,41.77048],[-87.82687,41.77273],[-87.82597,41.77268],[-87.82532,41.77254],[-87.82465,41.77229],[-87.8247,41.77202],[-87.82426,41.77129],[-87.82455,41.77124],[-87.82502,41.77166],[-87.82544,41.77166],[-87.82576,41.77155],[-87.82604,41.77123],[-87.82583,41.77073],[-87.82549,41.77045],[-87.82527,41.77046],[-87.82511,41.7707],[-87.82433,41.77081],[-87.82379,41.77107],[-87.82266,41.7706],[-87.82282,41.77032],[-87.82659,41.77026],[-87.82674,41.77031],[-87.82683,41.77048]]]}},{"type":"Feature","properties":{"name":"","kind":"woodland","areaKm2":0.047,"osmId":1078710441},"geometry":{"type":"Polygon","coordinates":[[[-87.93584,41.67347],[-87.93562,41.67355],[-87.93534,41.67355],[-87.93509,41.67372],[-87.93398,41.67374],[-87.93354,41.67358],[-87.93367,41.67333],[-87.93404,41.67306],[-87.93409,41.67287],[-87.93399,41.67266],[-87.93378,41.67255],[-87.93376,41.67243],[-87.93398,41.67219],[-87.93481,41.67224],[-87.935,41.67205],[-87.9349,41.67163],[-87.93459,41.67123],[-87.93428,41.67106],[-87.93432,41.67091],[-87.9346,41.67073],[-87.93491,41.67067],[-87.93506,41.67073],[-87.93536,41.67095],[-87.93603,41.67171],[-87.93635,41.6727],[-87.93638,41.67303],[-87.93624,41.6731],[-87.93618,41.67325],[-87.93635,41.67346],[-87.93622,41.67353],[-87.93584,41.67347]]]}},{"type":"Feature","properties":{"name":"","kind":"woodland","areaKm2":0.0454,"osmId":219747913},"geometry":{"type":"Polygon","coordinates":[[[-87.60089,41.71974],[-87.60051,41.71916],[-87.60052,41.72004],[-87.6004,41.72034],[-87.59959,41.72036],[-87.59977,41.71989],[-87.59948,41.71974],[-87.59927,41.71999],[-87.59929,41.72022],[-87.59907,41.72031],[-87.59896,41.72009],[-87.5989,41.71875],[-87.60015,41.71873],[-87.60016,41.71864],[-87.59994,41.71853],[-87.60038,41.71827],[-87.60074,41.71784],[-87.60138,41.71759],[-87.60138,41.7177],[-87.60151,41.71777],[-87.60149,41.71834],[-87.60215,41.71851],[-87.60229,41.71877],[-87.60222,41.71883],[-87.60159,41.7186],[-87.60111,41.7186],[-87.60107,41.71866],[-87.60132,41.71896],[-87.60131,41.71908],[-87.60112,41.71903],[-87.60088,41.71882],[-87.60072,41.71894],[-87.6005,41.71883],[-87.60033,41.71884],[-87.60041,41.71896],[-87.60099,41.71927],[-87.60115,41.71918],[-87.60147,41.71924],[-87.60169,41.71919],[-87.60183,41.71936],[-87.60181,41.71983],[-87.6016,41.71979],[-87.60172,41.72008],[-87.60155,41.72055],[-87.60083,41.72042],[-87.60089,41.71974]]]}},{"type":"Feature","properties":{"name":"Mittal Woods","kind":"woodland","areaKm2":0.0449,"osmId":229477037},"geometry":{"type":"Polygon","coordinates":[[[-87.62546,41.66218],[-87.62728,41.6608],[-87.62862,41.66148],[-87.62867,41.6633],[-87.62775,41.66331],[-87.62782,41.66228],[-87.62734,41.66229],[-87.62734,41.66183],[-87.626,41.66188],[-87.62523,41.66262],[-87.62494,41.6627],[-87.62498,41.66284],[-87.62516,41.66294],[-87.62572,41.66278],[-87.62688,41.66277],[-87.62688,41.66334],[-87.62428,41.66336],[-87.62447,41.66298],[-87.62433,41.66274],[-87.62546,41.66218]]]}},{"type":"Feature","properties":{"name":"","kind":"woodland","areaKm2":0.0446,"osmId":1079669239},"geometry":{"type":"Polygon","coordinates":[[[-87.7775,41.80998],[-87.77734,41.80992],[-87.77704,41.80994],[-87.77458,41.81069],[-87.7727,41.81141],[-87.77233,41.81076],[-87.77266,41.81065],[-87.77271,41.81073],[-87.77578,41.80975],[-87.77601,41.80961],[-87.77987,41.80853],[-87.77991,41.80926],[-87.7775,41.80998]]]}},{"type":"Feature","properties":{"name":"","kind":"woodland","areaKm2":0.0441,"osmId":1178017681},"geometry":{"type":"Polygon","coordinates":[[[-87.68683,41.64319],[-87.69028,41.64299],[-87.69129,41.64325],[-87.68965,41.64459],[-87.68885,41.64415],[-87.68815,41.64418],[-87.68814,41.64362],[-87.68505,41.64374],[-87.68495,41.64317],[-87.68535,41.64321],[-87.68605,41.64315],[-87.68683,41.64319]]]}},{"type":"Feature","properties":{"name":"","kind":"woodland","areaKm2":0.0438,"osmId":1059020147},"geometry":{"type":"Polygon","coordinates":[[[-87.93421,41.7077],[-87.93277,41.70831],[-87.93277,41.70845],[-87.93389,41.70811],[-87.93355,41.70833],[-87.93197,41.70902],[-87.93112,41.70928],[-87.92964,41.71009],[-87.92928,41.71017],[-87.92877,41.70969],[-87.931,41.70901],[-87.93469,41.70711],[-87.93525,41.70692],[-87.93608,41.7065],[-87.93802,41.70529],[-87.93932,41.70474],[-87.93944,41.70458],[-87.94,41.70431],[-87.94,41.70484],[-87.93421,41.7077]]]}},{"type":"Feature","properties":{"name":"","kind":"woodland","areaKm2":0.0436,"osmId":176141152},"geometry":{"type":"Polygon","coordinates":[[[-87.66747,41.65438],[-87.66762,41.6544],[-87.66795,41.6542],[-87.66822,41.65419],[-87.66841,41.65461],[-87.66837,41.65522],[-87.66771,41.6551],[-87.66711,41.65526],[-87.66694,41.65515],[-87.66675,41.65518],[-87.66638,41.65499],[-87.66623,41.65515],[-87.66634,41.65529],[-87.66619,41.65542],[-87.66633,41.65562],[-87.66575,41.65562],[-87.66553,41.65569],[-87.6648,41.65566],[-87.66436,41.65574],[-87.66436,41.65632],[-87.66453,41.65689],[-87.66443,41.65691],[-87.66441,41.65676],[-87.66433,41.65675],[-87.66403,41.65703],[-87.66392,41.65704],[-87.66361,41.65691],[-87.66351,41.65694],[-87.66345,41.65722],[-87.66291,41.65734],[-87.66296,41.65657],[-87.66287,41.65607],[-87.66296,41.65572],[-87.66309,41.65563],[-87.66329,41.65557],[-87.66355,41.65562],[-87.6638,41.6555],[-87.66408,41.65553],[-87.66431,41.65524],[-87.66479,41.65511],[-87.6654,41.65512],[-87.66733,41.65454],[-87.66747,41.65438]]]}},{"type":"Feature","properties":{"name":"","kind":"woodland","areaKm2":0.0436,"osmId":1150750919},"geometry":{"type":"Polygon","coordinates":[[[-87.8805,41.75329],[-87.88083,41.75275],[-87.88141,41.75285],[-87.88188,41.75254],[-87.88206,41.752],[-87.88259,41.75195],[-87.88298,41.75228],[-87.88325,41.75229],[-87.8835,41.75255],[-87.88371,41.75242],[-87.8836,41.7523],[-87.88416,41.75202],[-87.88456,41.75213],[-87.885,41.75189],[-87.88624,41.75178],[-87.88624,41.75236],[-87.88608,41.75245],[-87.88561,41.75233],[-87.88506,41.75248],[-87.88494,41.75223],[-87.8853,41.75211],[-87.88533,41.75203],[-87.88517,41.75197],[-87.88473,41.7521],[-87.88427,41.75254],[-87.88437,41.75265],[-87.88455,41.75259],[-87.88466,41.75292],[-87.88494,41.75306],[-87.88496,41.75329],[-87.8806,41.75338],[-87.8805,41.75329]]]}},{"type":"Feature","properties":{"name":"","kind":"woodland","areaKm2":0.0435,"osmId":219747949},"geometry":{"type":"Polygon","coordinates":[[[-87.59327,41.7137],[-87.59345,41.71366],[-87.59371,41.71375],[-87.59429,41.71372],[-87.59444,41.71378],[-87.59457,41.71368],[-87.59678,41.71362],[-87.59725,41.71378],[-87.59979,41.71364],[-87.60153,41.71372],[-87.60166,41.71378],[-87.59819,41.71388],[-87.5982,41.71409],[-87.59771,41.71408],[-87.59777,41.71435],[-87.59806,41.71458],[-87.59801,41.71475],[-87.5977,41.71454],[-87.59752,41.71452],[-87.59745,41.71439],[-87.59706,41.7143],[-87.59701,41.71414],[-87.59684,41.7141],[-87.59681,41.714],[-87.59643,41.71402],[-87.59611,41.71428],[-87.5959,41.71425],[-87.59578,41.7141],[-87.59567,41.71409],[-87.59549,41.71435],[-87.59528,41.71438],[-87.59521,41.71462],[-87.59508,41.71461],[-87.59503,41.71449],[-87.59487,41.71465],[-87.59457,41.71455],[-87.59446,41.71475],[-87.59452,41.71491],[-87.59326,41.71494],[-87.59322,41.71511],[-87.59298,41.71519],[-87.59283,41.71512],[-87.59283,41.71504],[-87.59327,41.7137]]]}},{"type":"Feature","properties":{"name":"","kind":"woodland","areaKm2":0.0435,"osmId":1083665149},"geometry":{"type":"Polygon","coordinates":[[[-87.82767,41.73418],[-87.82536,41.73416],[-87.82528,41.73309],[-87.829,41.73304],[-87.82903,41.73461],[-87.82773,41.73463],[-87.82767,41.73418]]]}},{"type":"Feature","properties":{"name":"","kind":"woodland","areaKm2":0.0433,"osmId":1150750930},"geometry":{"type":"Polygon","coordinates":[[[-87.88656,41.75405],[-87.88659,41.7546],[-87.88586,41.75448],[-87.88589,41.75495],[-87.88556,41.75494],[-87.88553,41.75524],[-87.88498,41.75529],[-87.885,41.7549],[-87.88522,41.75488],[-87.88516,41.7541],[-87.88449,41.7541],[-87.88439,41.75376],[-87.88398,41.75377],[-87.88381,41.75398],[-87.88382,41.75458],[-87.88359,41.75459],[-87.88356,41.75452],[-87.88328,41.75456],[-87.88328,41.75445],[-87.88361,41.75436],[-87.88357,41.75412],[-87.88326,41.75413],[-87.88305,41.75386],[-87.88285,41.75391],[-87.88303,41.7545],[-87.88284,41.75467],[-87.88281,41.75493],[-87.88248,41.7551],[-87.8827,41.75532],[-87.88318,41.75529],[-87.88282,41.7555],[-87.88273,41.75583],[-87.8828,41.75616],[-87.88267,41.75648],[-87.88209,41.75647],[-87.88191,41.7564],[-87.88189,41.75617],[-87.88198,41.75618],[-87.882,41.75633],[-87.88248,41.75627],[-87.88232,41.75578],[-87.88193,41.75574],[-87.88174,41.75553],[-87.88166,41.75372],[-87.88525,41.75366],[-87.88528,41.75404],[-87.88656,41.75405]]]}},{"type":"Feature","properties":{"name":"","kind":"woodland","areaKm2":0.0432,"osmId":1088964813},"geometry":{"type":"Polygon","coordinates":[[[-87.91058,41.69257],[-87.92141,41.69429],[-87.88905,41.68952],[-87.88168,41.68834],[-87.88569,41.68884],[-87.91058,41.69257]]]}},{"type":"Feature","properties":{"name":"","kind":"woodland","areaKm2":0.0429,"osmId":401441116},"geometry":{"type":"Polygon","coordinates":[[[-87.56709,41.72322],[-87.56694,41.72291],[-87.56674,41.72286],[-87.56641,41.72295],[-87.5663,41.72315],[-87.56578,41.72328],[-87.56217,41.72336],[-87.56084,41.72316],[-87.56084,41.72298],[-87.56181,41.72296],[-87.56182,41.7231],[-87.56228,41.72309],[-87.56228,41.72275],[-87.56381,41.72273],[-87.56396,41.72279],[-87.56424,41.72277],[-87.56433,41.72285],[-87.5664,41.72268],[-87.56864,41.72271],[-87.56883,41.72265],[-87.57011,41.72263],[-87.57037,41.72317],[-87.57038,41.72322],[-87.56709,41.72322]]]}},{"type":"Feature","properties":{"name":"","kind":"woodland","areaKm2":0.0421,"osmId":1489545554},"geometry":{"type":"Polygon","coordinates":[[[-87.83132,41.76475],[-87.83078,41.76471],[-87.83023,41.76477],[-87.83016,41.7647],[-87.83015,41.76446],[-87.83,41.76432],[-87.83031,41.76393],[-87.83035,41.76369],[-87.8306,41.76333],[-87.83062,41.76316],[-87.83045,41.76277],[-87.8308,41.76245],[-87.83106,41.76249],[-87.83134,41.76265],[-87.83183,41.76301],[-87.83205,41.76302],[-87.83247,41.76291],[-87.83291,41.7629],[-87.833,41.76295],[-87.8331,41.76393],[-87.83253,41.76414],[-87.83216,41.76443],[-87.83171,41.76446],[-87.83132,41.76475]]]}},{"type":"Feature","properties":{"name":"","kind":"woodland","areaKm2":0.0418,"osmId":1112397411},"geometry":{"type":"Polygon","coordinates":[[[-87.74494,41.69355],[-87.74481,41.69339],[-87.7446,41.69338],[-87.74454,41.69326],[-87.74453,41.6927],[-87.74783,41.69268],[-87.7479,41.69365],[-87.74946,41.69362],[-87.74964,41.69392],[-87.74945,41.6943],[-87.7503,41.69474],[-87.75031,41.69526],[-87.74936,41.69526],[-87.74872,41.69461],[-87.74791,41.69415],[-87.7478,41.69369],[-87.74764,41.69352],[-87.74716,41.69325],[-87.74668,41.69316],[-87.74637,41.69299],[-87.74553,41.69315],[-87.74515,41.69311],[-87.74487,41.69322],[-87.74489,41.69327],[-87.74526,41.69328],[-87.74582,41.69343],[-87.74579,41.69354],[-87.74501,41.69416],[-87.74494,41.69355]]]}},{"type":"Feature","properties":{"name":"South Kiwanis Park","kind":"woodland","areaKm2":0.0408,"osmId":180110642},"geometry":{"type":"Polygon","coordinates":[[[-87.83865,41.82064],[-87.83995,41.82059],[-87.84066,41.82141],[-87.84115,41.82253],[-87.8388,41.82305],[-87.83865,41.82064]]]}},{"type":"Feature","properties":{"name":"","kind":"woodland","areaKm2":0.0407,"osmId":1152590903},"geometry":{"type":"Polygon","coordinates":[[[-87.68923,41.65283],[-87.68924,41.65258],[-87.69195,41.65237],[-87.69202,41.65358],[-87.69081,41.65356],[-87.69045,41.65427],[-87.69064,41.65443],[-87.69164,41.65459],[-87.69141,41.65488],[-87.69044,41.65443],[-87.6892,41.65361],[-87.68883,41.65325],[-87.68836,41.65254],[-87.68906,41.65257],[-87.68907,41.65282],[-87.68923,41.65283]]]}},{"type":"Feature","properties":{"name":"","kind":"woodland","areaKm2":0.0402,"osmId":1152590870},"geometry":{"type":"Polygon","coordinates":[[[-87.76484,41.67541],[-87.76483,41.6753],[-87.76541,41.67521],[-87.76532,41.67325],[-87.76707,41.67408],[-87.76692,41.6742],[-87.76702,41.67589],[-87.76679,41.67589],[-87.76667,41.67611],[-87.7664,41.67619],[-87.76627,41.67639],[-87.7661,41.67648],[-87.76543,41.67638],[-87.76542,41.6757],[-87.76484,41.67541]]]}},{"type":"Feature","properties":{"name":"","kind":"woodland","areaKm2":0.04,"osmId":176094367},"geometry":{"type":"Polygon","coordinates":[[[-87.68709,41.6536],[-87.6869,41.65386],[-87.68692,41.65392],[-87.68714,41.65393],[-87.6872,41.65403],[-87.68737,41.65475],[-87.68734,41.65524],[-87.68725,41.65524],[-87.68708,41.65486],[-87.68662,41.65482],[-87.68662,41.65437],[-87.68672,41.65419],[-87.68661,41.65412],[-87.68605,41.654],[-87.6857,41.654],[-87.68511,41.65355],[-87.68467,41.65341],[-87.68442,41.65347],[-87.68433,41.65334],[-87.6842,41.65335],[-87.68412,41.65372],[-87.68418,41.65391],[-87.68408,41.65394],[-87.684,41.65385],[-87.68401,41.65328],[-87.68371,41.65326],[-87.68361,41.65293],[-87.68325,41.65278],[-87.68322,41.65263],[-87.68664,41.65262],[-87.68687,41.65286],[-87.68709,41.6536]]]}},{"type":"Feature","properties":{"name":"","kind":"woodland","areaKm2":0.04,"osmId":13051617},"geometry":{"type":"MultiPolygon","coordinates":[[[[-87.8831,41.69734],[-87.87993,41.69702],[-87.87922,41.69689],[-87.8831,41.69734]]],[[[-87.88527,41.69751],[-87.88414,41.69745],[-87.8831,41.69734],[-87.88527,41.69751]]],[[[-87.89706,41.69801],[-87.89913,41.698],[-87.91464,41.69643],[-87.91631,41.69636],[-87.89963,41.69807],[-87.89823,41.69809],[-87.8965,41.69805],[-87.88527,41.69751],[-87.89706,41.69801]]],[[[-87.91802,41.69629],[-87.91976,41.69639],[-87.92191,41.69663],[-87.93115,41.69776],[-87.9317,41.6978],[-87.93367,41.6977],[-87.93592,41.69803],[-87.93599,41.69821],[-87.93378,41.69978],[-87.93378,41.69971],[-87.93589,41.69821],[-87.93582,41.69804],[-87.9332,41.69777],[-87.93179,41.69792],[-87.93097,41.69787],[-87.91926,41.69642],[-87.91631,41.69636],[-87.91802,41.69629]]],[[[-87.93376,41.69933],[-87.93379,41.69911],[-87.93378,41.69971],[-87.93376,41.69933]]]]}},{"type":"Feature","properties":{"name":"","kind":"woodland","areaKm2":0.0398,"osmId":387026069},"geometry":{"type":"Polygon","coordinates":[[[-87.68888,41.84231],[-87.68892,41.84287],[-87.69019,41.84289],[-87.69022,41.84379],[-87.69033,41.84396],[-87.69028,41.84403],[-87.6901,41.84404],[-87.69021,41.84406],[-87.69016,41.84429],[-87.68988,41.84431],[-87.68999,41.84446],[-87.69034,41.84441],[-87.6914,41.84459],[-87.6914,41.84444],[-87.69166,41.84444],[-87.69168,41.84461],[-87.68811,41.84463],[-87.68807,41.84232],[-87.68888,41.84231]]]}},{"type":"Feature","properties":{"name":"","kind":"woodland","areaKm2":0.0387,"osmId":230283116},"geometry":{"type":"Polygon","coordinates":[[[-87.64896,41.65181],[-87.65635,41.65046],[-87.65641,41.65058],[-87.6565,41.6505],[-87.65721,41.65043],[-87.65789,41.65024],[-87.65808,41.6503],[-87.65843,41.6502],[-87.6586,41.65057],[-87.65856,41.6508],[-87.65841,41.65087],[-87.65818,41.65074],[-87.65814,41.65043],[-87.65759,41.65067],[-87.65721,41.65055],[-87.65691,41.65081],[-87.65661,41.65093],[-87.65668,41.65106],[-87.65654,41.65124],[-87.65667,41.65141],[-87.65661,41.65161],[-87.65648,41.65157],[-87.65635,41.65124],[-87.65602,41.65142],[-87.65585,41.65137],[-87.65569,41.65144],[-87.65556,41.65136],[-87.65575,41.6512],[-87.65623,41.65113],[-87.65628,41.6509],[-87.65618,41.65081],[-87.65477,41.65092],[-87.65442,41.65109],[-87.6542,41.65102],[-87.65319,41.65117],[-87.65213,41.65148],[-87.65164,41.65149],[-87.65074,41.65171],[-87.65027,41.65173],[-87.65012,41.65184],[-87.6501,41.65204],[-87.64973,41.65212],[-87.64933,41.65199],[-87.64884,41.65209],[-87.64866,41.652],[-87.64833,41.65206],[-87.6481,41.652],[-87.64798,41.65206],[-87.64777,41.65198],[-87.64767,41.65203],[-87.64744,41.65197],[-87.64611,41.65203],[-87.64583,41.65194],[-87.6453,41.6519],[-87.64391,41.65193],[-87.6437,41.65212],[-87.64338,41.65203],[-87.64226,41.65294],[-87.64184,41.65314],[-87.64181,41.65326],[-87.64153,41.6535],[-87.64135,41.65379],[-87.6414,41.6547],[-87.64123,41.65474],[-87.64119,41.65354],[-87.64345,41.65187],[-87.64896,41.65181]]]}},{"type":"Feature","properties":{"name":"","kind":"woodland","areaKm2":0.0384,"osmId":1059020132},"geometry":{"type":"Polygon","coordinates":[[[-87.88854,41.72543],[-87.89124,41.72303],[-87.89238,41.72379],[-87.89236,41.72409],[-87.89196,41.72409],[-87.89195,41.7243],[-87.89182,41.72442],[-87.89099,41.72473],[-87.89035,41.72486],[-87.88911,41.72534],[-87.88912,41.72564],[-87.88857,41.72633],[-87.88782,41.72674],[-87.88765,41.72665],[-87.88798,41.72608],[-87.88854,41.72543]]]}},{"type":"Feature","properties":{"name":"","kind":"woodland","areaKm2":0.0383,"osmId":1079669241},"geometry":{"type":"Polygon","coordinates":[[[-87.76651,41.81331],[-87.76308,41.81445],[-87.76306,41.81363],[-87.76375,41.81349],[-87.76775,41.81231],[-87.76789,41.81219],[-87.76887,41.81188],[-87.76922,41.81245],[-87.76651,41.81331]]]}},{"type":"Feature","properties":{"name":"","kind":"woodland","areaKm2":0.038,"osmId":1413124762},"geometry":{"type":"Polygon","coordinates":[[[-87.91695,41.72536],[-87.91678,41.72534],[-87.91656,41.72536],[-87.9163,41.72568],[-87.91609,41.72574],[-87.91606,41.72583],[-87.916,41.72573],[-87.91628,41.72557],[-87.91616,41.7253],[-87.91566,41.72531],[-87.91555,41.72526],[-87.91532,41.72527],[-87.91513,41.72551],[-87.91499,41.72554],[-87.91494,41.72568],[-87.91517,41.72583],[-87.91487,41.72583],[-87.91477,41.72575],[-87.91477,41.72535],[-87.91499,41.7252],[-87.91498,41.72509],[-87.91477,41.72514],[-87.91472,41.72398],[-87.9151,41.72399],[-87.91516,41.72452],[-87.91695,41.72452],[-87.91699,41.72397],[-87.91938,41.72391],[-87.91938,41.724],[-87.91903,41.7241],[-87.91906,41.72435],[-87.91891,41.72441],[-87.91841,41.72431],[-87.91845,41.7241],[-87.91826,41.72408],[-87.91822,41.72398],[-87.9179,41.72406],[-87.91788,41.72488],[-87.91805,41.72485],[-87.91807,41.72499],[-87.91774,41.72542],[-87.91776,41.72565],[-87.9172,41.7258],[-87.91695,41.72536]]]}},{"type":"Feature","properties":{"name":"","kind":"woodland","areaKm2":0.0372,"osmId":1408440440},"geometry":{"type":"Polygon","coordinates":[[[-87.90294,41.72865],[-87.90273,41.72883],[-87.90275,41.72918],[-87.90288,41.72934],[-87.90258,41.72987],[-87.90273,41.73008],[-87.90273,41.73136],[-87.90229,41.73162],[-87.90221,41.73193],[-87.90204,41.73204],[-87.90181,41.73202],[-87.90141,41.73167],[-87.90169,41.73126],[-87.90166,41.73111],[-87.90146,41.73117],[-87.9009,41.73114],[-87.90046,41.73107],[-87.90043,41.73091],[-87.90052,41.73076],[-87.90108,41.73053],[-87.90127,41.73034],[-87.90167,41.73039],[-87.90156,41.73004],[-87.90166,41.72972],[-87.90223,41.72859],[-87.90269,41.7284],[-87.90294,41.72846],[-87.90294,41.72865]]]}},{"type":"Feature","properties":{"name":"","kind":"woodland","areaKm2":0.0371,"osmId":232525728},"geometry":{"type":"Polygon","coordinates":[[[-87.80136,41.67953],[-87.80101,41.67961],[-87.80084,41.68003],[-87.80114,41.68109],[-87.80102,41.6812],[-87.8008,41.68119],[-87.80069,41.68112],[-87.80073,41.68086],[-87.80059,41.68078],[-87.8005,41.68058],[-87.80036,41.67988],[-87.8,41.6797],[-87.79992,41.6795],[-87.79956,41.67918],[-87.79898,41.67893],[-87.79877,41.67894],[-87.79857,41.67863],[-87.79834,41.67854],[-87.79765,41.67847],[-87.79751,41.67851],[-87.79749,41.67864],[-87.79774,41.67894],[-87.7975,41.67902],[-87.79752,41.67926],[-87.79734,41.67929],[-87.79724,41.67885],[-87.79726,41.67829],[-87.79713,41.67816],[-87.79715,41.67806],[-87.80212,41.67906],[-87.8023,41.67905],[-87.80228,41.67929],[-87.80255,41.67963],[-87.80136,41.67953]]]}},{"type":"Feature","properties":{"name":"","kind":"woodland","areaKm2":0.0371,"osmId":1144179992},"geometry":{"type":"Polygon","coordinates":[[[-87.76697,41.67016],[-87.76899,41.67095],[-87.77146,41.6718],[-87.77309,41.67227],[-87.77765,41.67338],[-87.77801,41.67352],[-87.77799,41.67363],[-87.77464,41.67292],[-87.77275,41.67244],[-87.77008,41.6716],[-87.7664,41.67016],[-87.7647,41.66939],[-87.76229,41.66808],[-87.76249,41.66791],[-87.76697,41.67016]]]}},{"type":"Feature","properties":{"name":"","kind":"woodland","areaKm2":0.0365,"osmId":1079344548},"geometry":{"type":"Polygon","coordinates":[[[-87.78665,41.80125],[-87.79279,41.79997],[-87.78175,41.80349],[-87.78665,41.80125]]]}},{"type":"Feature","properties":{"name":"","kind":"woodland","areaKm2":0.0363,"osmId":585746759},"geometry":{"type":"Polygon","coordinates":[[[-87.72702,41.67214],[-87.72589,41.67199],[-87.72448,41.67148],[-87.72328,41.67113],[-87.72101,41.67122],[-87.72093,41.66982],[-87.72126,41.67002],[-87.72129,41.67099],[-87.72189,41.67098],[-87.72189,41.67027],[-87.72198,41.67025],[-87.72589,41.67168],[-87.72596,41.67179],[-87.7283,41.67202],[-87.72846,41.67155],[-87.72913,41.67182],[-87.72915,41.67237],[-87.72863,41.67296],[-87.72824,41.6724],[-87.72701,41.67225],[-87.72702,41.67214]]]}},{"type":"Feature","properties":{"name":"","kind":"woodland","areaKm2":0.0362,"osmId":1116155703},"geometry":{"type":"Polygon","coordinates":[[[-87.71257,41.65549],[-87.71228,41.65529],[-87.71153,41.65523],[-87.71128,41.65559],[-87.71078,41.65593],[-87.71068,41.65609],[-87.7109,41.65646],[-87.71117,41.65652],[-87.71179,41.65637],[-87.71264,41.65636],[-87.71268,41.65742],[-87.71102,41.65762],[-87.71048,41.6576],[-87.7104,41.65499],[-87.71284,41.65494],[-87.71257,41.65549]]]}},{"type":"Feature","properties":{"name":"","kind":"woodland","areaKm2":0.0353,"osmId":1078710439},"geometry":{"type":"Polygon","coordinates":[[[-87.93525,41.6706],[-87.93509,41.67047],[-87.93551,41.67011],[-87.93555,41.66995],[-87.93577,41.66974],[-87.93573,41.6696],[-87.93489,41.66989],[-87.93462,41.67009],[-87.93431,41.67011],[-87.93382,41.67029],[-87.9337,41.67055],[-87.93348,41.67071],[-87.93305,41.67065],[-87.93235,41.6707],[-87.93235,41.66928],[-87.93253,41.6691],[-87.93344,41.66908],[-87.93348,41.6695],[-87.93341,41.66979],[-87.93351,41.66987],[-87.93484,41.66976],[-87.93512,41.6696],[-87.93539,41.66915],[-87.93596,41.66914],[-87.93616,41.6692],[-87.93632,41.67041],[-87.93614,41.67062],[-87.93577,41.67074],[-87.93525,41.6706]]]}},{"type":"Feature","properties":{"name":"","kind":"woodland","areaKm2":0.0349,"osmId":12390309},"geometry":{"type":"Polygon","coordinates":[[[-87.9398,41.8329],[-87.93999,41.83304],[-87.93999,41.83517],[-87.93967,41.83575],[-87.93903,41.83548],[-87.93909,41.83536],[-87.939,41.83529],[-87.9386,41.83526],[-87.93855,41.83509],[-87.93837,41.83508],[-87.93838,41.83536],[-87.93821,41.83535],[-87.9383,41.83521],[-87.93818,41.83487],[-87.93825,41.83456],[-87.93808,41.83438],[-87.93834,41.83402],[-87.93861,41.83399],[-87.93864,41.83383],[-87.93856,41.8338],[-87.9388,41.8336],[-87.9387,41.83292],[-87.93848,41.83289],[-87.9398,41.8329]],[[-87.93929,41.83326],[-87.93918,41.83322],[-87.93921,41.83314],[-87.93897,41.83309],[-87.93886,41.83314],[-87.93895,41.83333],[-87.93912,41.83341],[-87.93928,41.83338],[-87.93962,41.83314],[-87.93952,41.8331],[-87.93929,41.83326]]]}},{"type":"Feature","properties":{"name":"","kind":"woodland","areaKm2":0.0348,"osmId":229031953},"geometry":{"type":"Polygon","coordinates":[[[-87.61314,41.65267],[-87.61298,41.65275],[-87.61292,41.65267],[-87.61268,41.65267],[-87.61275,41.6528],[-87.61264,41.653],[-87.61287,41.65302],[-87.61288,41.65288],[-87.61295,41.653],[-87.61316,41.653],[-87.61319,41.65356],[-87.61256,41.65357],[-87.61258,41.65547],[-87.61236,41.65526],[-87.6123,41.65478],[-87.61216,41.65262],[-87.61214,41.65055],[-87.6123,41.65045],[-87.61385,41.65069],[-87.61509,41.65069],[-87.61497,41.65088],[-87.61465,41.65088],[-87.61465,41.65111],[-87.61494,41.65111],[-87.61521,41.65127],[-87.61252,41.6513],[-87.61254,41.65248],[-87.61293,41.6525],[-87.61314,41.65267]]]}},{"type":"Feature","properties":{"name":"","kind":"woodland","areaKm2":0.0346,"osmId":1489526505},"geometry":{"type":"Polygon","coordinates":[[[-87.83067,41.77561],[-87.83022,41.77617],[-87.82947,41.77686],[-87.82826,41.77828],[-87.82759,41.77884],[-87.82723,41.77934],[-87.82547,41.78128],[-87.82538,41.78124],[-87.8254,41.78068],[-87.82551,41.78045],[-87.82601,41.78001],[-87.82638,41.7795],[-87.82841,41.77737],[-87.82993,41.7756],[-87.83025,41.77538],[-87.83039,41.77533],[-87.8306,41.77538],[-87.83067,41.77561]]]}},{"type":"Feature","properties":{"name":"","kind":"woodland","areaKm2":0.0344,"osmId":1309156579},"geometry":{"type":"Polygon","coordinates":[[[-87.87186,41.88992],[-87.87187,41.89049],[-87.87169,41.89033],[-87.87145,41.89027],[-87.87113,41.89031],[-87.87083,41.89047],[-87.87084,41.89064],[-87.871,41.89074],[-87.8716,41.89085],[-87.87161,41.89113],[-87.87085,41.89122],[-87.87017,41.89105],[-87.87005,41.89088],[-87.87004,41.89049],[-87.86962,41.89049],[-87.86946,41.89026],[-87.87024,41.89024],[-87.87036,41.89002],[-87.8706,41.89001],[-87.871,41.88954],[-87.87077,41.88787],[-87.87048,41.88726],[-87.87071,41.88723],[-87.87086,41.88744],[-87.87111,41.88756],[-87.8712,41.88916],[-87.87132,41.88932],[-87.87316,41.88927],[-87.87317,41.8898],[-87.87186,41.88992]]]}},{"type":"Feature","properties":{"name":"","kind":"woodland","areaKm2":0.0344,"osmId":1358495727},"geometry":{"type":"Polygon","coordinates":[[[-87.91557,41.74498],[-87.91657,41.74481],[-87.91627,41.74442],[-87.91643,41.74421],[-87.91551,41.74419],[-87.91551,41.74354],[-87.91735,41.74351],[-87.91737,41.7438],[-87.91775,41.7441],[-87.91799,41.7441],[-87.91797,41.74349],[-87.91822,41.74349],[-87.91823,41.74388],[-87.91888,41.74388],[-87.91891,41.7446],[-87.91801,41.74462],[-87.91795,41.74476],[-87.91768,41.74476],[-87.91768,41.7449],[-87.91708,41.74492],[-87.91708,41.74505],[-87.91609,41.74505],[-87.91612,41.74562],[-87.9156,41.74558],[-87.91557,41.74498]]]}},{"type":"Feature","properties":{"name":"","kind":"woodland","areaKm2":0.034,"osmId":1116155717},"geometry":{"type":"Polygon","coordinates":[[[-87.70501,41.65919],[-87.70664,41.65922],[-87.70696,41.65932],[-87.70696,41.65947],[-87.70708,41.66041],[-87.70749,41.66088],[-87.7075,41.66109],[-87.7066,41.6611],[-87.70588,41.66097],[-87.70503,41.6604],[-87.70476,41.66004],[-87.70473,41.65979],[-87.70466,41.65818],[-87.7048,41.65818],[-87.70501,41.65919]],[[-87.7059,41.65939],[-87.70501,41.65952],[-87.7048,41.65961],[-87.70684,41.65966],[-87.70696,41.65947],[-87.7059,41.65939]]]}},{"type":"Feature","properties":{"name":"","kind":"woodland","areaKm2":0.034,"osmId":15823733},"geometry":{"type":"Polygon","coordinates":[[[-87.79517,42.01303],[-87.79528,42.01325],[-87.7971,42.01418],[-87.79746,42.01449],[-87.79785,42.01529],[-87.79788,42.01582],[-87.79769,42.01682],[-87.79747,42.01708],[-87.79715,42.01727],[-87.79634,42.01741],[-87.79643,42.01509],[-87.79747,42.01462],[-87.79732,42.01443],[-87.79509,42.0133],[-87.79521,42.01239],[-87.79545,42.01237],[-87.79536,42.01241],[-87.79517,42.01303]]]}},{"type":"Feature","properties":{"name":"","kind":"woodland","areaKm2":0.0338,"osmId":1078710438},"geometry":{"type":"Polygon","coordinates":[[[-87.9392,41.66547],[-87.93872,41.66587],[-87.93828,41.66739],[-87.93798,41.66774],[-87.9379,41.66796],[-87.93792,41.66817],[-87.93818,41.66825],[-87.93868,41.66747],[-87.93877,41.66747],[-87.93917,41.66767],[-87.93927,41.66781],[-87.93926,41.66806],[-87.93902,41.66813],[-87.93889,41.66848],[-87.93871,41.66865],[-87.93802,41.669],[-87.93791,41.66898],[-87.93765,41.66805],[-87.93774,41.6674],[-87.93762,41.66727],[-87.93725,41.66725],[-87.93716,41.66716],[-87.93718,41.66701],[-87.93792,41.66712],[-87.93803,41.66707],[-87.93828,41.66634],[-87.9381,41.66623],[-87.93686,41.6661],[-87.93669,41.6659],[-87.9367,41.66541],[-87.93709,41.66533],[-87.93729,41.6654],[-87.93723,41.66574],[-87.93704,41.66585],[-87.93705,41.66593],[-87.93718,41.66593],[-87.93778,41.66585],[-87.93776,41.66567],[-87.93795,41.66532],[-87.94,41.66527],[-87.94,41.66537],[-87.9392,41.66547]]]}},{"type":"Feature","properties":{"name":"","kind":"woodland","areaKm2":0.0317,"osmId":1413124902},"geometry":{"type":"Polygon","coordinates":[[[-87.91317,41.72733],[-87.91274,41.72739],[-87.91213,41.72759],[-87.91211,41.72714],[-87.91313,41.7271],[-87.91366,41.72721],[-87.91369,41.72713],[-87.91343,41.72696],[-87.91341,41.72673],[-87.91307,41.72666],[-87.91225,41.72669],[-87.9121,41.72701],[-87.91189,41.72701],[-87.91183,41.72679],[-87.91148,41.72663],[-87.91148,41.72569],[-87.91198,41.72568],[-87.9121,41.72593],[-87.91381,41.72594],[-87.91353,41.72637],[-87.91351,41.72662],[-87.91359,41.72668],[-87.91453,41.72661],[-87.9146,41.72805],[-87.91415,41.7279],[-87.91413,41.72759],[-87.91317,41.72733]]]}},{"type":"Feature","properties":{"name":"","kind":"woodland","areaKm2":0.0316,"osmId":229477616},"geometry":{"type":"Polygon","coordinates":[[[-87.64906,41.6574],[-87.64918,41.65721],[-87.64946,41.65707],[-87.65238,41.65664],[-87.65247,41.65668],[-87.65249,41.65689],[-87.65239,41.65703],[-87.65172,41.65711],[-87.65137,41.65729],[-87.65135,41.6574],[-87.6515,41.65745],[-87.65169,41.65738],[-87.65207,41.65751],[-87.65235,41.65735],[-87.65265,41.65739],[-87.65308,41.65733],[-87.65317,41.65741],[-87.65313,41.65749],[-87.65095,41.65782],[-87.64852,41.65791],[-87.64806,41.65789],[-87.64794,41.65782],[-87.6479,41.65756],[-87.64823,41.65743],[-87.64906,41.6574]]]}},{"type":"Feature","properties":{"name":"","kind":"woodland","areaKm2":0.0316,"osmId":1336078448},"geometry":{"type":"Polygon","coordinates":[[[-87.82767,41.7622],[-87.82704,41.76209],[-87.82734,41.76191],[-87.82786,41.76213],[-87.83786,41.76192],[-87.83792,41.76186],[-87.83776,41.76175],[-87.83777,41.76046],[-87.8382,41.76043],[-87.83839,41.76053],[-87.83846,41.76069],[-87.83815,41.76064],[-87.83816,41.76084],[-87.83787,41.76081],[-87.83792,41.76174],[-87.83834,41.76178],[-87.83846,41.76164],[-87.83911,41.76162],[-87.83918,41.76137],[-87.83937,41.76136],[-87.83954,41.76151],[-87.8403,41.7614],[-87.84034,41.7613],[-87.8399,41.76079],[-87.83971,41.76041],[-87.83995,41.76042],[-87.83977,41.76015],[-87.84003,41.76015],[-87.84012,41.76065],[-87.84042,41.76096],[-87.84085,41.76079],[-87.84088,41.76088],[-87.84075,41.76098],[-87.84083,41.76117],[-87.84094,41.76118],[-87.84127,41.76089],[-87.84134,41.76093],[-87.84092,41.76154],[-87.84084,41.76186],[-87.8415,41.76184],[-87.84173,41.76177],[-87.84187,41.76189],[-87.84174,41.76198],[-87.83819,41.76198],[-87.82767,41.7622]]]}},{"type":"Feature","properties":{"name":"","kind":"woodland","areaKm2":0.031,"osmId":221027509},"geometry":{"type":"Polygon","coordinates":[[[-87.83037,41.91655],[-87.83035,41.9164],[-87.83015,41.91632],[-87.82992,41.91634],[-87.82949,41.91602],[-87.82807,41.91605],[-87.82744,41.91594],[-87.82672,41.91602],[-87.82645,41.91597],[-87.82596,41.91601],[-87.82583,41.91598],[-87.82579,41.91587],[-87.8295,41.91583],[-87.83034,41.91596],[-87.83078,41.91615],[-87.83118,41.91647],[-87.83151,41.91695],[-87.83225,41.91996],[-87.83082,41.92006],[-87.83089,41.91993],[-87.83084,41.91975],[-87.83132,41.9194],[-87.83163,41.9195],[-87.83164,41.91958],[-87.83178,41.91952],[-87.83181,41.91928],[-87.83168,41.91913],[-87.83178,41.91878],[-87.83165,41.91855],[-87.83165,41.918],[-87.83155,41.91755],[-87.83121,41.91715],[-87.83107,41.91681],[-87.83091,41.91683],[-87.83068,41.91673],[-87.83053,41.9168],[-87.83042,41.9173],[-87.83025,41.91745],[-87.82969,41.91754],[-87.82937,41.91736],[-87.82981,41.91716],[-87.82985,41.91698],[-87.82974,41.91687],[-87.82989,41.91668],[-87.83037,41.91655]]]}},{"type":"Feature","properties":{"name":"","kind":"woodland","areaKm2":0.0309,"osmId":1058981198},"geometry":{"type":"Polygon","coordinates":[[[-87.84655,41.68737],[-87.84679,41.68717],[-87.8483,41.68766],[-87.84833,41.68805],[-87.84858,41.68828],[-87.8484,41.68868],[-87.84571,41.68875],[-87.84592,41.68755],[-87.84655,41.68737]]]}},{"type":"Feature","properties":{"name":"","kind":"woodland","areaKm2":0.0305,"osmId":1293308053},"geometry":{"type":"Polygon","coordinates":[[[-87.6033,41.64158],[-87.60379,41.64458],[-87.60314,41.64458],[-87.60314,41.64274],[-87.60128,41.64274],[-87.60128,41.64178],[-87.60164,41.64164],[-87.6033,41.64158]]]}},{"type":"Feature","properties":{"name":"","kind":"woodland","areaKm2":0.0304,"osmId":925258397},"geometry":{"type":"Polygon","coordinates":[[[-87.88189,41.95849],[-87.88178,41.95864],[-87.88024,41.95828],[-87.88006,41.95785],[-87.88032,41.9575],[-87.88062,41.95759],[-87.88164,41.95712],[-87.8836,41.95763],[-87.88225,41.95863],[-87.88189,41.95849]]]}},{"type":"Feature","properties":{"name":"","kind":"woodland","areaKm2":0.0303,"osmId":1489618728},"geometry":{"type":"Polygon","coordinates":[[[-87.82289,41.76411],[-87.82289,41.76427],[-87.82163,41.76548],[-87.82126,41.76606],[-87.82072,41.76658],[-87.82029,41.76715],[-87.82022,41.76674],[-87.8203,41.7665],[-87.82005,41.76509],[-87.82009,41.76493],[-87.82027,41.76484],[-87.82068,41.76491],[-87.82071,41.76533],[-87.82095,41.76549],[-87.82147,41.76537],[-87.82157,41.76523],[-87.8215,41.76507],[-87.82119,41.76482],[-87.82037,41.76459],[-87.8202,41.76438],[-87.82027,41.76432],[-87.82289,41.76411]]]}},{"type":"Feature","properties":{"name":"","kind":"woodland","areaKm2":0.0302,"osmId":1147472745},"geometry":{"type":"Polygon","coordinates":[[[-87.7402,41.67988],[-87.7404,41.67988],[-87.74034,41.67885],[-87.73989,41.67885],[-87.73987,41.67862],[-87.73935,41.67862],[-87.73932,41.67822],[-87.73967,41.67821],[-87.73969,41.67845],[-87.74043,41.67843],[-87.74045,41.67879],[-87.74059,41.67892],[-87.74108,41.67891],[-87.74112,41.67985],[-87.74169,41.67983],[-87.74172,41.68],[-87.74183,41.68],[-87.74187,41.68038],[-87.74239,41.68038],[-87.74247,41.68193],[-87.73927,41.67918],[-87.7402,41.67988]]]}},{"type":"Feature","properties":{"name":"","kind":"woodland","areaKm2":0.0302,"osmId":1178017726},"geometry":{"type":"Polygon","coordinates":[[[-87.71612,41.6465],[-87.71524,41.6465],[-87.71485,41.647],[-87.71441,41.64702],[-87.71456,41.64662],[-87.71501,41.6463],[-87.71501,41.64601],[-87.71457,41.64588],[-87.7138,41.64579],[-87.71375,41.64485],[-87.71596,41.64482],[-87.71612,41.6465]]]}},{"type":"Feature","properties":{"name":"","kind":"woodland","areaKm2":0.0301,"osmId":1126736645},"geometry":{"type":"Polygon","coordinates":[[[-87.81483,41.82437],[-87.81376,41.82341],[-87.81306,41.8226],[-87.81275,41.82212],[-87.81234,41.82184],[-87.81232,41.82137],[-87.81282,41.82136],[-87.81293,41.82198],[-87.81329,41.82242],[-87.81419,41.82229],[-87.81422,41.82295],[-87.81531,41.82293],[-87.8153,41.82256],[-87.81544,41.82302],[-87.81553,41.82475],[-87.81483,41.82437]]]}},{"type":"Feature","properties":{"name":"","kind":"woodland","areaKm2":0.03,"osmId":186386250},"geometry":{"type":"Polygon","coordinates":[[[-87.90753,41.84696],[-87.90761,41.84729],[-87.9075,41.84733],[-87.9074,41.84719],[-87.90723,41.84716],[-87.90709,41.84695],[-87.9071,41.84718],[-87.90686,41.84713],[-87.90677,41.84726],[-87.90665,41.84439],[-87.90784,41.84436],[-87.90796,41.8469],[-87.90753,41.84696]]]}},{"type":"Feature","properties":{"name":"","kind":"woodland","areaKm2":0.03,"osmId":1116155720},"geometry":{"type":"Polygon","coordinates":[[[-87.70641,41.66119],[-87.71058,41.66115],[-87.71063,41.66176],[-87.71052,41.66184],[-87.71052,41.6621],[-87.70805,41.66213],[-87.70626,41.66127],[-87.70641,41.66119]]]}},{"type":"Feature","properties":{"name":"","kind":"woodland","areaKm2":0.0299,"osmId":544582352},"geometry":{"type":"Polygon","coordinates":[[[-87.76838,41.7576],[-87.76795,41.75763],[-87.76796,41.7577],[-87.76747,41.7579],[-87.76707,41.7579],[-87.76709,41.75721],[-87.76737,41.75681],[-87.76764,41.75663],[-87.76807,41.7565],[-87.76995,41.75646],[-87.76999,41.75715],[-87.76982,41.75715],[-87.76984,41.75763],[-87.76839,41.75766],[-87.76838,41.7576]]]}},{"type":"Feature","properties":{"name":"","kind":"woodland","areaKm2":0.0296,"osmId":1077799546},"geometry":{"type":"Polygon","coordinates":[[[-87.76224,41.81071],[-87.7506,41.81452],[-87.74784,41.81528],[-87.74374,41.81659],[-87.74359,41.81655],[-87.74359,41.81649],[-87.76252,41.81053],[-87.76224,41.81071]]]}},{"type":"Feature","properties":{"name":"","kind":"woodland","areaKm2":0.0296,"osmId":1178017629},"geometry":{"type":"Polygon","coordinates":[[[-87.67802,41.64417],[-87.67804,41.64466],[-87.6771,41.64468],[-87.67672,41.64487],[-87.67636,41.64487],[-87.67637,41.64507],[-87.67521,41.64507],[-87.6752,41.64447],[-87.67741,41.64404],[-87.67738,41.64361],[-87.67815,41.64359],[-87.67815,41.64307],[-87.67883,41.64306],[-87.67885,41.6437],[-87.67985,41.64361],[-87.67991,41.6439],[-87.67802,41.64417]]]}},{"type":"Feature","properties":{"name":"","kind":"woodland","areaKm2":0.0295,"osmId":1054879952},"geometry":{"type":"Polygon","coordinates":[[[-87.84767,41.75788],[-87.84761,41.75806],[-87.84802,41.75807],[-87.84871,41.75767],[-87.84899,41.75721],[-87.84945,41.75709],[-87.84772,41.75899],[-87.84619,41.76047],[-87.84539,41.76005],[-87.84739,41.75787],[-87.84767,41.75788]]]}},{"type":"Feature","properties":{"name":"","kind":"woodland","areaKm2":0.0295,"osmId":1178010847},"geometry":{"type":"Polygon","coordinates":[[[-87.65242,41.65594],[-87.6514,41.65606],[-87.65129,41.65595],[-87.65157,41.65564],[-87.65256,41.65494],[-87.65308,41.65523],[-87.65176,41.65569],[-87.65144,41.65595],[-87.65267,41.65581],[-87.65438,41.65549],[-87.65438,41.65526],[-87.65395,41.65529],[-87.65387,41.65516],[-87.65391,41.65498],[-87.65439,41.65479],[-87.65484,41.65488],[-87.65641,41.6548],[-87.65642,41.65492],[-87.6573,41.65493],[-87.65894,41.65481],[-87.66048,41.65459],[-87.66048,41.65475],[-87.65242,41.65594]]]}},{"type":"Feature","properties":{"name":"","kind":"woodland","areaKm2":0.0294,"osmId":1054873912},"geometry":{"type":"Polygon","coordinates":[[[-87.81141,41.79574],[-87.81123,41.79605],[-87.81032,41.79597],[-87.80927,41.79599],[-87.80936,41.79529],[-87.81114,41.79428],[-87.81252,41.79333],[-87.81269,41.79337],[-87.81115,41.79443],[-87.8111,41.79486],[-87.81142,41.79504],[-87.8119,41.79476],[-87.81221,41.79496],[-87.81245,41.79481],[-87.81265,41.79492],[-87.81141,41.79574]]]}},{"type":"Feature","properties":{"name":"","kind":"woodland","areaKm2":0.0286,"osmId":1359072961},"geometry":{"type":"Polygon","coordinates":[[[-87.91413,41.74423],[-87.91394,41.74411],[-87.91348,41.74404],[-87.91347,41.7439],[-87.91356,41.74371],[-87.91396,41.74354],[-87.91393,41.74305],[-87.91514,41.74299],[-87.9153,41.74554],[-87.9147,41.74559],[-87.91502,41.74524],[-87.9148,41.74505],[-87.91446,41.74517],[-87.91432,41.74535],[-87.91433,41.74561],[-87.91372,41.74561],[-87.91377,41.74523],[-87.91415,41.74522],[-87.91413,41.74423]]]}},{"type":"Feature","properties":{"name":"","kind":"woodland","areaKm2":0.0285,"osmId":1112563779},"geometry":{"type":"Polygon","coordinates":[[[-87.71954,41.65989],[-87.72148,41.65964],[-87.7215,41.6594],[-87.72419,41.65927],[-87.72432,41.65935],[-87.72422,41.65996],[-87.72554,41.66006],[-87.72579,41.6601],[-87.72579,41.66017],[-87.72401,41.66019],[-87.72354,41.66005],[-87.72303,41.66005],[-87.72303,41.65977],[-87.72283,41.65978],[-87.72269,41.65969],[-87.72195,41.65997],[-87.72092,41.6601],[-87.72079,41.66031],[-87.72093,41.66195],[-87.72083,41.66195],[-87.72063,41.66021],[-87.71924,41.66022],[-87.71924,41.66002],[-87.71954,41.65989]]]}},{"type":"Feature","properties":{"name":"","kind":"woodland","areaKm2":0.0284,"osmId":1493547243},"geometry":{"type":"Polygon","coordinates":[[[-87.93754,41.85476],[-87.93725,41.85459],[-87.93638,41.85436],[-87.93602,41.85451],[-87.93602,41.85467],[-87.93538,41.85467],[-87.93501,41.85439],[-87.93425,41.85442],[-87.93455,41.85366],[-87.9352,41.85307],[-87.93563,41.85336],[-87.93694,41.85377],[-87.93717,41.85406],[-87.93753,41.85427],[-87.93786,41.85434],[-87.93754,41.85476]]]}},{"type":"Feature","properties":{"name":"","kind":"woodland","areaKm2":0.0281,"osmId":1144179994},"geometry":{"type":"Polygon","coordinates":[[[-87.76502,41.66732],[-87.77067,41.66932],[-87.77067,41.66938],[-87.77057,41.66954],[-87.76963,41.66926],[-87.76897,41.66897],[-87.76837,41.66895],[-87.76577,41.66801],[-87.76515,41.66786],[-87.76364,41.66789],[-87.76318,41.66801],[-87.76259,41.66783],[-87.76315,41.66753],[-87.76486,41.6675],[-87.76502,41.66732]]]}},{"type":"Feature","properties":{"name":"","kind":"woodland","areaKm2":0.028,"osmId":1149515914},"geometry":{"type":"Polygon","coordinates":[[[-87.82693,41.65524],[-87.82692,41.65543],[-87.82673,41.65549],[-87.82673,41.65559],[-87.82686,41.65584],[-87.82761,41.65603],[-87.82761,41.65622],[-87.82775,41.65624],[-87.82781,41.65649],[-87.82816,41.65637],[-87.82859,41.65646],[-87.82872,41.65637],[-87.82893,41.65637],[-87.82893,41.65629],[-87.82997,41.65629],[-87.82999,41.65667],[-87.82622,41.65676],[-87.82619,41.65653],[-87.82592,41.6563],[-87.82637,41.65629],[-87.8264,41.65623],[-87.82632,41.65471],[-87.82754,41.65466],[-87.82755,41.65544],[-87.82693,41.65524]]]}},{"type":"Feature","properties":{"name":"","kind":"woodland","areaKm2":0.0279,"osmId":1134999819},"geometry":{"type":"Polygon","coordinates":[[[-87.77351,41.68111],[-87.77339,41.6811],[-87.7733,41.679],[-87.77341,41.67858],[-87.77358,41.67953],[-87.77505,41.67954],[-87.7762,41.68069],[-87.77382,41.68073],[-87.77351,41.68111]]]}},{"type":"Feature","properties":{"name":"","kind":"woodland","areaKm2":0.0275,"osmId":1069648708},"geometry":{"type":"Polygon","coordinates":[[[-87.86155,41.74842],[-87.86131,41.74833],[-87.87214,41.74061],[-87.87234,41.74058],[-87.87256,41.7409],[-87.87216,41.74109],[-87.87191,41.74102],[-87.86155,41.74842]]]}},{"type":"Feature","properties":{"name":"","kind":"woodland","areaKm2":0.0273,"osmId":1116408736},"geometry":{"type":"Polygon","coordinates":[[[-87.75174,41.66429],[-87.75278,41.66479],[-87.75301,41.66507],[-87.75341,41.6653],[-87.75338,41.66539],[-87.75385,41.66568],[-87.75463,41.66509],[-87.75461,41.66497],[-87.75224,41.66358],[-87.7523,41.66353],[-87.75315,41.66397],[-87.75325,41.66389],[-87.75366,41.66408],[-87.75504,41.66484],[-87.75552,41.66517],[-87.75537,41.6653],[-87.75503,41.66504],[-87.75405,41.6659],[-87.75487,41.66642],[-87.75482,41.66645],[-87.74871,41.66265],[-87.74859,41.66253],[-87.74857,41.66197],[-87.74956,41.66204],[-87.74983,41.66219],[-87.74939,41.66255],[-87.74911,41.66262],[-87.74941,41.6629],[-87.75174,41.66429]]]}},{"type":"Feature","properties":{"name":"","kind":"woodland","areaKm2":0.0272,"osmId":217698930},"geometry":{"type":"Polygon","coordinates":[[[-87.7506,41.69774],[-87.7508,41.69789],[-87.75125,41.69797],[-87.75187,41.69792],[-87.75199,41.69804],[-87.75217,41.69799],[-87.75295,41.69826],[-87.75313,41.69873],[-87.75332,41.69893],[-87.75359,41.69912],[-87.75408,41.69926],[-87.75451,41.69959],[-87.75565,41.70016],[-87.75593,41.70035],[-87.7564,41.70093],[-87.75711,41.70145],[-87.75848,41.70217],[-87.75893,41.70229],[-87.75942,41.70228],[-87.75948,41.70243],[-87.75892,41.70244],[-87.75844,41.70233],[-87.75688,41.70158],[-87.75661,41.70127],[-87.75595,41.70112],[-87.75525,41.70081],[-87.75501,41.70057],[-87.75486,41.6999],[-87.75282,41.699],[-87.75285,41.69877],[-87.753,41.69875],[-87.75278,41.6985],[-87.75212,41.69824],[-87.75048,41.69805],[-87.7503,41.69792],[-87.75037,41.69774],[-87.75025,41.69724],[-87.75048,41.69744],[-87.7506,41.69774]]]}},{"type":"Feature","properties":{"name":"","kind":"woodland","areaKm2":0.0266,"osmId":1095002957},"geometry":{"type":"Polygon","coordinates":[[[-87.93974,41.71185],[-87.93979,41.71173],[-87.93976,41.71125],[-87.93964,41.71112],[-87.93921,41.71133],[-87.93912,41.71169],[-87.93964,41.71237],[-87.93856,41.7124],[-87.93855,41.71199],[-87.93817,41.71191],[-87.93794,41.71241],[-87.93686,41.71246],[-87.94,41.71008],[-87.94,41.71238],[-87.93979,41.71239],[-87.93946,41.71198],[-87.93974,41.71185]]]}},{"type":"Feature","properties":{"name":"","kind":"woodland","areaKm2":0.0266,"osmId":1413124903},"geometry":{"type":"Polygon","coordinates":[[[-87.91942,41.72215],[-87.91946,41.72109],[-87.91915,41.72101],[-87.91926,41.72078],[-87.91893,41.72072],[-87.91877,41.72121],[-87.91869,41.72097],[-87.91857,41.72098],[-87.91856,41.72091],[-87.91833,41.72092],[-87.91793,41.72111],[-87.91793,41.72145],[-87.91733,41.72171],[-87.91726,41.72192],[-87.91683,41.72196],[-87.91681,41.72147],[-87.91671,41.7215],[-87.91666,41.72177],[-87.91645,41.72176],[-87.91641,41.72188],[-87.91625,41.72189],[-87.9162,41.72272],[-87.9161,41.72219],[-87.91614,41.72176],[-87.91739,41.72111],[-87.91946,41.72026],[-87.91956,41.72031],[-87.91945,41.72061],[-87.92002,41.72127],[-87.92025,41.72202],[-87.92006,41.72237],[-87.91988,41.72249],[-87.91885,41.72283],[-87.91882,41.72217],[-87.91942,41.72215]]]}},{"type":"Feature","properties":{"name":"","kind":"woodland","areaKm2":0.0261,"osmId":1493547245},"geometry":{"type":"Polygon","coordinates":[[[-87.93837,41.85283],[-87.93843,41.85315],[-87.93883,41.85345],[-87.93892,41.85394],[-87.93885,41.85427],[-87.9375,41.85405],[-87.9371,41.85364],[-87.93646,41.85342],[-87.93591,41.85308],[-87.93601,41.85294],[-87.93622,41.85287],[-87.93822,41.85272],[-87.93837,41.85283]]]}},{"type":"Feature","properties":{"name":"","kind":"woodland","areaKm2":0.026,"osmId":1054879950},"geometry":{"type":"Polygon","coordinates":[[[-87.84181,41.76399],[-87.84261,41.76444],[-87.84036,41.76679],[-87.84,41.7666],[-87.84005,41.76578],[-87.84181,41.76399]]]}},{"type":"Feature","properties":{"name":"","kind":"woodland","areaKm2":0.026,"osmId":1054879975},"geometry":{"type":"Polygon","coordinates":[[[-87.85934,41.75587],[-87.85984,41.75548],[-87.86073,41.75455],[-87.86133,41.75409],[-87.86182,41.75355],[-87.86228,41.75398],[-87.86227,41.75415],[-87.85853,41.75722],[-87.85813,41.75706],[-87.85934,41.75587]]]}},{"type":"Feature","properties":{"name":"","kind":"woodland","areaKm2":0.0258,"osmId":1084521055},"geometry":{"type":"Polygon","coordinates":[[[-87.80859,41.72496],[-87.80831,41.72373],[-87.8077,41.72262],[-87.80695,41.7218],[-87.80749,41.72152],[-87.80971,41.7258],[-87.80891,41.7258],[-87.80898,41.72721],[-87.80884,41.72722],[-87.80888,41.72824],[-87.80872,41.72824],[-87.80859,41.72496]]]}},{"type":"Feature","properties":{"name":"","kind":"woodland","areaKm2":0.0258,"osmId":1106762029},"geometry":{"type":"Polygon","coordinates":[[[-87.80248,41.68792],[-87.80264,41.68839],[-87.80285,41.6887],[-87.80273,41.68939],[-87.80232,41.68944],[-87.80224,41.68724],[-87.80209,41.68724],[-87.80137,41.6878],[-87.80126,41.68771],[-87.79853,41.68977],[-87.79829,41.68977],[-87.80206,41.68689],[-87.80381,41.68545],[-87.80371,41.68537],[-87.8044,41.6847],[-87.80487,41.68447],[-87.80516,41.68458],[-87.8028,41.68651],[-87.8025,41.68684],[-87.80248,41.68792]]]}},{"type":"Feature","properties":{"name":"","kind":"woodland","areaKm2":0.0258,"osmId":1147775364},"geometry":{"type":"Polygon","coordinates":[[[-87.73245,41.64437],[-87.73246,41.64508],[-87.73455,41.64505],[-87.73501,41.64527],[-87.73537,41.64559],[-87.73592,41.64574],[-87.73192,41.64585],[-87.73188,41.64438],[-87.73245,41.64437]]]}},{"type":"Feature","properties":{"name":"","kind":"woodland","areaKm2":0.0256,"osmId":176597471},"geometry":{"type":"Polygon","coordinates":[[[-87.59339,41.65388],[-87.59331,41.65385],[-87.59324,41.65197],[-87.59483,41.65196],[-87.59485,41.6537],[-87.59375,41.65371],[-87.59339,41.65388]]]}},{"type":"Feature","properties":{"name":"","kind":"woodland","areaKm2":0.0255,"osmId":766351081},"geometry":{"type":"Polygon","coordinates":[[[-87.93636,41.69663],[-87.93657,41.69787],[-87.93613,41.69796],[-87.93621,41.6974],[-87.93336,41.69718],[-87.93336,41.6976],[-87.93314,41.6976],[-87.9331,41.69645],[-87.93636,41.69663]]]}},{"type":"Feature","properties":{"name":"","kind":"woodland","areaKm2":0.0255,"osmId":1146143732},"geometry":{"type":"Polygon","coordinates":[[[-87.74569,41.65828],[-87.74601,41.65853],[-87.74629,41.6586],[-87.7465,41.65884],[-87.74769,41.65947],[-87.74789,41.65948],[-87.74803,41.65909],[-87.74822,41.65907],[-87.74831,41.65912],[-87.74837,41.65946],[-87.75121,41.66107],[-87.75108,41.6611],[-87.75097,41.66105],[-87.75077,41.66112],[-87.75087,41.66129],[-87.75097,41.66134],[-87.75133,41.6613],[-87.75155,41.66137],[-87.7507,41.66143],[-87.74456,41.6579],[-87.74481,41.65787],[-87.74569,41.65828]]]}},{"type":"Feature","properties":{"name":"","kind":"woodland","areaKm2":0.0252,"osmId":17940658},"geometry":{"type":"Polygon","coordinates":[[[-87.85936,42.01157],[-87.85791,42.0116],[-87.85772,42.01138],[-87.85761,42.01137],[-87.85737,42.01157],[-87.85696,42.0116],[-87.85665,42.01152],[-87.85633,42.0116],[-87.85631,42.01063],[-87.85882,42.01055],[-87.85895,42.01061],[-87.85936,42.01157]]]}},{"type":"Feature","properties":{"name":"","kind":"woodland","areaKm2":0.0251,"osmId":214357418},"geometry":{"type":"Polygon","coordinates":[[[-87.70734,41.67781],[-87.70722,41.6783],[-87.70764,41.67873],[-87.70793,41.67949],[-87.7088,41.68053],[-87.70725,41.68055],[-87.70715,41.67828],[-87.7069,41.67829],[-87.70687,41.67693],[-87.70797,41.67691],[-87.70734,41.67781]]]}},{"type":"Feature","properties":{"name":"","kind":"woodland","areaKm2":0.0246,"osmId":1116155695},"geometry":{"type":"Polygon","coordinates":[[[-87.71526,41.65178],[-87.71823,41.65174],[-87.71814,41.65192],[-87.71789,41.65192],[-87.7179,41.65217],[-87.71829,41.65217],[-87.7183,41.65253],[-87.71871,41.65251],[-87.71872,41.65264],[-87.71532,41.65267],[-87.71526,41.65178]]]}},{"type":"Feature","properties":{"name":"","kind":"woodland","areaKm2":0.0244,"osmId":176142422},"geometry":{"type":"Polygon","coordinates":[[[-87.66732,41.65338],[-87.6672,41.65318],[-87.66723,41.65304],[-87.66698,41.65298],[-87.66691,41.65288],[-87.66701,41.65259],[-87.66696,41.65224],[-87.66959,41.65218],[-87.66967,41.65226],[-87.66958,41.65244],[-87.66977,41.6527],[-87.6696,41.65295],[-87.66732,41.65338]]]}},{"type":"Feature","properties":{"name":"","kind":"woodland","areaKm2":0.0244,"osmId":279672527},"geometry":{"type":"Polygon","coordinates":[[[-87.79677,41.79949],[-87.7936,41.7997],[-87.78705,41.80102],[-87.78704,41.8008],[-87.79063,41.80003],[-87.79062,41.79958],[-87.79677,41.79949]]]}},{"type":"Feature","properties":{"name":"","kind":"woodland","areaKm2":0.0242,"osmId":1144179977},"geometry":{"type":"Polygon","coordinates":[[[-87.77755,41.67316],[-87.7773,41.67319],[-87.77716,41.67245],[-87.77612,41.67162],[-87.77126,41.66985],[-87.7712,41.66976],[-87.77127,41.66964],[-87.77137,41.66957],[-87.77153,41.66961],[-87.77657,41.67143],[-87.77779,41.67247],[-87.77776,41.67283],[-87.77755,41.67316]]]}},{"type":"Feature","properties":{"name":"","kind":"woodland","areaKm2":0.0236,"osmId":1489252795},"geometry":{"type":"Polygon","coordinates":[[[-87.84946,41.76649],[-87.8485,41.76741],[-87.8464,41.77011],[-87.84407,41.7728],[-87.84343,41.77342],[-87.84318,41.7738],[-87.84237,41.77438],[-87.84358,41.7732],[-87.84451,41.77205],[-87.84486,41.77174],[-87.84715,41.76864],[-87.84788,41.76783],[-87.84928,41.76598],[-87.8499,41.7654],[-87.85055,41.76505],[-87.84946,41.76649]]]}},{"type":"Feature","properties":{"name":"","kind":"woodland","areaKm2":0.0234,"osmId":229339893},"geometry":{"type":"Polygon","coordinates":[[[-87.60249,41.70211],[-87.6022,41.7021],[-87.60202,41.70236],[-87.60162,41.70237],[-87.60146,41.70249],[-87.60031,41.70387],[-87.6002,41.70412],[-87.59947,41.7049],[-87.59942,41.70515],[-87.59994,41.70539],[-87.60002,41.70563],[-87.59889,41.70565],[-87.59854,41.70555],[-87.60076,41.70278],[-87.60158,41.70141],[-87.60192,41.70175],[-87.60264,41.70187],[-87.60249,41.70211]]]}},{"type":"Feature","properties":{"name":"","kind":"woodland","areaKm2":0.0234,"osmId":1359710320},"geometry":{"type":"Polygon","coordinates":[[[-87.92048,41.8643],[-87.92044,41.864],[-87.92068,41.86354],[-87.92147,41.86326],[-87.92299,41.86296],[-87.92271,41.86317],[-87.92299,41.86353],[-87.92322,41.86343],[-87.9233,41.86348],[-87.92267,41.86422],[-87.92048,41.8643]]]}},{"type":"Feature","properties":{"name":"","kind":"woodland","areaKm2":0.0233,"osmId":1146143747},"geometry":{"type":"Polygon","coordinates":[[[-87.74784,41.65221],[-87.74799,41.6522],[-87.74793,41.65063],[-87.74816,41.65064],[-87.74841,41.65796],[-87.74829,41.65828],[-87.74844,41.65885],[-87.74815,41.65861],[-87.74804,41.65816],[-87.74775,41.65801],[-87.74745,41.65799],[-87.74738,41.65791],[-87.74796,41.65789],[-87.74802,41.65783],[-87.74788,41.6569],[-87.74814,41.65689],[-87.74784,41.65221]]]}},{"type":"Feature","properties":{"name":"","kind":"woodland","areaKm2":0.0232,"osmId":1147466512},"geometry":{"type":"Polygon","coordinates":[[[-87.82203,41.66743],[-87.82993,41.65942],[-87.83005,41.65964],[-87.82235,41.66742],[-87.82203,41.66743]]]}},{"type":"Feature","properties":{"name":"","kind":"woodland","areaKm2":0.023,"osmId":1058981206},"geometry":{"type":"Polygon","coordinates":[[[-87.80747,41.6838],[-87.80748,41.68404],[-87.80736,41.68421],[-87.80703,41.68428],[-87.80698,41.68462],[-87.80839,41.68454],[-87.80881,41.68458],[-87.80869,41.68473],[-87.80687,41.68485],[-87.80669,41.68461],[-87.80663,41.68348],[-87.80672,41.68323],[-87.80745,41.68255],[-87.80769,41.68246],[-87.80948,41.68278],[-87.80933,41.68383],[-87.80915,41.68382],[-87.80935,41.68314],[-87.80793,41.68308],[-87.80772,41.68336],[-87.80685,41.68332],[-87.80684,41.68386],[-87.80747,41.6838]]]}},{"type":"Feature","properties":{"name":"","kind":"woodland","areaKm2":0.0229,"osmId":1152754585},"geometry":{"type":"Polygon","coordinates":[[[-87.88598,41.79509],[-87.88629,41.79503],[-87.88635,41.79459],[-87.88636,41.79511],[-87.88666,41.7951],[-87.88666,41.79485],[-87.88648,41.79475],[-87.88649,41.79458],[-87.88659,41.79457],[-87.88677,41.7947],[-87.88684,41.79508],[-87.88712,41.79517],[-87.88727,41.79509],[-87.88729,41.79489],[-87.88754,41.79505],[-87.88762,41.79478],[-87.88823,41.79466],[-87.88824,41.79486],[-87.88794,41.79518],[-87.88529,41.79525],[-87.88504,41.79517],[-87.88565,41.79515],[-87.88566,41.79504],[-87.88584,41.79505],[-87.8859,41.79488],[-87.8858,41.79463],[-87.88548,41.79489],[-87.88544,41.79509],[-87.88521,41.79511],[-87.88537,41.79498],[-87.88537,41.79483],[-87.88522,41.79477],[-87.88389,41.79485],[-87.88375,41.79504],[-87.88413,41.79506],[-87.88419,41.79514],[-87.88369,41.79511],[-87.88363,41.79467],[-87.88528,41.79458],[-87.88531,41.79439],[-87.88487,41.79435],[-87.88501,41.79415],[-87.88498,41.79387],[-87.88394,41.79387],[-87.88395,41.79412],[-87.88406,41.79422],[-87.88475,41.79429],[-87.88474,41.79436],[-87.88382,41.79437],[-87.88368,41.79394],[-87.88373,41.79375],[-87.88531,41.7938],[-87.88554,41.79368],[-87.88564,41.79376],[-87.88622,41.79375],[-87.8862,41.79333],[-87.88629,41.79333],[-87.88632,41.79394],[-87.88596,41.79386],[-87.886,41.79454],[-87.88617,41.79465],[-87.88618,41.79486],[-87.88597,41.79485],[-87.88598,41.79509]]]}},{"type":"Feature","properties":{"name":"","kind":"woodland","areaKm2":0.0227,"osmId":1489526496},"geometry":{"type":"Polygon","coordinates":[[[-87.82405,41.78458],[-87.82375,41.78443],[-87.82328,41.78488],[-87.82282,41.7846],[-87.82318,41.78411],[-87.82378,41.78356],[-87.82455,41.78263],[-87.82465,41.78262],[-87.82486,41.78265],[-87.82519,41.78286],[-87.82558,41.78293],[-87.82405,41.78458]]]}},{"type":"Feature","properties":{"name":"","kind":"woodland","areaKm2":0.0226,"osmId":1332918276},"geometry":{"type":"Polygon","coordinates":[[[-87.90857,41.80349],[-87.90823,41.8032],[-87.90823,41.80283],[-87.90809,41.8028],[-87.90814,41.80244],[-87.90886,41.80246],[-87.90939,41.80222],[-87.90941,41.80235],[-87.9093,41.80244],[-87.90952,41.80326],[-87.90968,41.8034],[-87.91018,41.80335],[-87.91052,41.80403],[-87.90837,41.80405],[-87.9084,41.80397],[-87.90859,41.80396],[-87.90857,41.80349]]]}},{"type":"Feature","properties":{"name":"","kind":"woodland","areaKm2":0.0221,"osmId":229031054},"geometry":{"type":"Polygon","coordinates":[[[-87.61706,41.65902],[-87.61552,41.65903],[-87.61691,41.65671],[-87.61704,41.65628],[-87.6172,41.65628],[-87.61719,41.65893],[-87.61706,41.65902]]]}},{"type":"Feature","properties":{"name":"","kind":"woodland","areaKm2":0.0221,"osmId":1059020140},"geometry":{"type":"Polygon","coordinates":[[[-87.91748,41.71991],[-87.91862,41.7197],[-87.91863,41.72011],[-87.91647,41.72092],[-87.91586,41.72102],[-87.91526,41.72071],[-87.91498,41.72071],[-87.91509,41.72021],[-87.91748,41.71991]]]}},{"type":"Feature","properties":{"name":"","kind":"woodland","areaKm2":0.0221,"osmId":1106762031},"geometry":{"type":"Polygon","coordinates":[[[-87.80835,41.68896],[-87.80821,41.68897],[-87.80824,41.68953],[-87.80718,41.68957],[-87.80717,41.68919],[-87.80725,41.68925],[-87.8074,41.68922],[-87.80799,41.68879],[-87.80774,41.68849],[-87.80812,41.68776],[-87.80812,41.6876],[-87.80789,41.68731],[-87.80799,41.68688],[-87.80822,41.6868],[-87.80843,41.68682],[-87.80856,41.68747],[-87.80868,41.68761],[-87.80884,41.68756],[-87.8088,41.68725],[-87.80928,41.68724],[-87.80929,41.68838],[-87.80831,41.6884],[-87.80835,41.68896]]]}},{"type":"Feature","properties":{"name":"","kind":"woodland","areaKm2":0.0219,"osmId":1095283054},"geometry":{"type":"Polygon","coordinates":[[[-87.54799,41.73737],[-87.54742,41.73738],[-87.54734,41.73477],[-87.54759,41.7329],[-87.54757,41.73207],[-87.54783,41.73206],[-87.54799,41.73737]]]}},{"type":"Feature","properties":{"name":"","kind":"woodland","areaKm2":0.0218,"osmId":1413124860},"geometry":{"type":"Polygon","coordinates":[[[-87.91721,41.72751],[-87.91707,41.72759],[-87.91688,41.72752],[-87.91677,41.7276],[-87.91684,41.72768],[-87.91678,41.72787],[-87.91671,41.72781],[-87.91651,41.72792],[-87.91628,41.72825],[-87.91629,41.72861],[-87.91643,41.72871],[-87.91672,41.72836],[-87.9169,41.72768],[-87.91702,41.72773],[-87.91712,41.72816],[-87.91737,41.72823],[-87.91736,41.72835],[-87.91705,41.72835],[-87.91684,41.72847],[-87.91693,41.72867],[-87.91686,41.72882],[-87.91626,41.72882],[-87.91619,41.72906],[-87.91625,41.72916],[-87.91652,41.72926],[-87.91496,41.72928],[-87.91492,41.72852],[-87.9152,41.72857],[-87.91528,41.72879],[-87.91546,41.72882],[-87.91559,41.72912],[-87.91584,41.72911],[-87.91587,41.72875],[-87.91551,41.72857],[-87.91559,41.72843],[-87.91549,41.72834],[-87.91543,41.72796],[-87.91517,41.72799],[-87.91513,41.72816],[-87.91492,41.72816],[-87.91492,41.7279],[-87.91527,41.72788],[-87.9154,41.72778],[-87.91541,41.72791],[-87.91595,41.72784],[-87.91591,41.72756],[-87.91532,41.72756],[-87.9153,41.72747],[-87.91696,41.72739],[-87.91696,41.72727],[-87.91714,41.72735],[-87.91711,41.72745],[-87.91721,41.72751]]]}},{"type":"Feature","properties":{"name":"","kind":"woodland","areaKm2":0.0213,"osmId":1359710355},"geometry":{"type":"Polygon","coordinates":[[[-87.92878,41.8588],[-87.9293,41.85822],[-87.92943,41.85819],[-87.92955,41.85825],[-87.92971,41.85879],[-87.92979,41.85952],[-87.92959,41.85987],[-87.92886,41.86042],[-87.92835,41.86094],[-87.92807,41.86097],[-87.92878,41.8588]]]}},{"type":"Feature","properties":{"name":"","kind":"woodland","areaKm2":0.0212,"osmId":1086538685},"geometry":{"type":"Polygon","coordinates":[[[-87.8101,41.70994],[-87.8101,41.70984],[-87.8107,41.70936],[-87.81094,41.70929],[-87.81151,41.70881],[-87.81141,41.70881],[-87.81135,41.7062],[-87.8112,41.70621],[-87.81119,41.70425],[-87.81158,41.70424],[-87.81173,41.70886],[-87.80886,41.71108],[-87.80858,41.71112],[-87.80858,41.71104],[-87.80876,41.71099],[-87.8101,41.70994]]]}},{"type":"Feature","properties":{"name":"","kind":"woodland","areaKm2":0.0212,"osmId":1436561164},"geometry":{"type":"Polygon","coordinates":[[[-87.93064,41.77954],[-87.931,41.77959],[-87.93102,41.77977],[-87.93095,41.77978],[-87.9308,41.7796],[-87.9288,41.77974],[-87.92885,41.78004],[-87.92899,41.78014],[-87.92918,41.78011],[-87.92935,41.78019],[-87.92967,41.78008],[-87.92976,41.78013],[-87.92973,41.78029],[-87.93003,41.78025],[-87.93,41.78044],[-87.93107,41.78043],[-87.93107,41.78055],[-87.93058,41.78058],[-87.93051,41.78085],[-87.93062,41.78101],[-87.93035,41.7811],[-87.9302,41.78094],[-87.93002,41.78095],[-87.93005,41.78133],[-87.92965,41.78121],[-87.92948,41.78103],[-87.92933,41.78109],[-87.92895,41.781],[-87.92884,41.78116],[-87.92886,41.78178],[-87.9287,41.78178],[-87.92868,41.78118],[-87.92877,41.78095],[-87.92868,41.77963],[-87.92654,41.77966],[-87.92645,41.77972],[-87.92646,41.77909],[-87.92689,41.7792],[-87.92681,41.77928],[-87.92664,41.77924],[-87.92655,41.7793],[-87.92667,41.7796],[-87.92993,41.77954],[-87.93005,41.77932],[-87.93028,41.77946],[-87.93052,41.77945],[-87.93064,41.77954]]]}},{"type":"Feature","properties":{"name":"","kind":"woodland","areaKm2":0.021,"osmId":1054879976},"geometry":{"type":"Polygon","coordinates":[[[-87.86451,41.75101],[-87.86515,41.75132],[-87.86277,41.75369],[-87.86268,41.7537],[-87.86217,41.75327],[-87.86451,41.75101]]]}},{"type":"Feature","properties":{"name":"","kind":"woodland","areaKm2":0.0209,"osmId":818891346},"geometry":{"type":"Polygon","coordinates":[[[-87.61205,41.66469],[-87.61196,41.6645],[-87.61205,41.66438],[-87.61202,41.6619],[-87.61197,41.66077],[-87.61182,41.66046],[-87.61184,41.65929],[-87.61226,41.65931],[-87.61236,41.66641],[-87.61208,41.66641],[-87.61205,41.66469]]]}},{"type":"Feature","properties":{"name":"","kind":"woodland","areaKm2":0.0206,"osmId":229477043},"geometry":{"type":"Polygon","coordinates":[[[-87.61913,41.66255],[-87.62048,41.66322],[-87.62316,41.66322],[-87.62348,41.66314],[-87.62365,41.66331],[-87.62338,41.66338],[-87.62006,41.66343],[-87.61865,41.66332],[-87.61864,41.66269],[-87.61835,41.66258],[-87.61847,41.66232],[-87.61835,41.66216],[-87.61833,41.66193],[-87.61865,41.66131],[-87.61877,41.66133],[-87.61913,41.66255]]]}},{"type":"Feature","properties":{"name":"","kind":"woodland","areaKm2":0.0206,"osmId":1168807348},"geometry":{"type":"Polygon","coordinates":[[[-87.8094,41.77099],[-87.80876,41.77065],[-87.80712,41.76999],[-87.8101,41.76994],[-87.81036,41.77159],[-87.8094,41.77099]]]}}]}