GEOID,population,households,housingUnits,poverty150,poverty150Pct,unemployed,unemployedPct,noVehicle,noVehiclePct,age65,age65Pct,age17,disability,disabilityPct,uninsured,uninsuredPct,noHighSchool,housingBurdened,limitedEnglish,hispanic,nhWhite,nhBlack,nhAsian,nhOther,perCapitaIncome,medianHouseholdIncome,obesity,diabetes,asthma,depression,noLeisureActivity,highBloodPressure,heartDisease,poorMentalHealth,poorPhysicalHealth,noHealthInsurance1864,smoking,bingeDrinking,natureObs2023,birdObs2023,plantObs2023,insectObs2023,fungiObs2023,introducedObs2023,speciesRichness2023,jobsWac2021,residentWorkers2021,areaKm2,communityArea
17031010100,4284,2322,2942,1154,27.6,292,9.8,885,38.1,551,12.9,407,597,14.3,629,15,362,897,85,920,1762,1347,94,161,45573,74145,35.7,12.4,11.3,20.3,24.2,32.6,5,17.3,12.4,10.9,13.7,18.2,7,0,6,1,0,1,7,302,1767,0.34241,1
17031010201,8210,3028,3280,3530,43,157,4.1,928,30.6,739,9,2395,762,9.3,842,10.3,887,1055,751,2003,1557,2931,279,1440,31992,63056,38.4,13.9,11.2,20.6,30.6,33.1,5.4,18.9,14.4,17.1,17.3,17.6,57,4,6,7,33,9,34,63,2466,0.501893,1
17031010202,2865,1223,1318,893,34.8,133,8.9,411,33.6,385,13.4,491,415,16,506,19.6,274,507,163,556,860,945,312,192,42710,53220,33.9,12.6,10.2,19.2,23.8,32.6,5.5,15.5,12.2,11.9,12.6,18.3,92,7,14,64,4,21,73,734,1101,0.350082,1
17031010300,6237,3047,3320,1136,21.3,142,4,1179,38.7,1518,24.3,536,530,9.9,1101,20.7,513,1152,224,1056,3164,1459,338,220,43852,73105,32,11.9,10.2,19.2,22,32.2,5.5,15,11.5,9.9,11.2,18.4,32,6,16,6,1,10,30,1000,2518,0.459429,1
17031010400,4473,2058,2397,904,29.6,76,3.2,831,40.4,348,7.8,115,619,13.8,410,9.2,16,828,0,378,3351,354,213,177,36728,54083,28.9,7.6,10.6,23.5,18.9,22.5,3.3,18.4,10,8.4,10.7,21.7,150,28,70,30,6,32,115,3931,1659,0.497095,1
17031010501,3913,2417,2669,972,24.8,211,7.5,1179,48.8,420,10.7,405,687,17.6,296,7.6,10,979,196,230,2632,789,216,46,45408,48833,29.8,8.2,9.9,20.4,16.8,25.3,3.6,15.3,9,7.3,8.8,21.7,25,0,12,6,7,6,25,161,1782,0.20847,1
17031010502,3407,1582,1831,1067,32.3,99,4.5,567,35.8,126,3.7,562,482,14.1,405,11.9,67,639,52,571,1862,537,150,287,41263,63125,27.5,6.8,10,21.7,16.2,21.2,2.9,16.5,8.6,7.8,8.7,22.9,19,2,14,1,2,7,19,167,1295,0.174373,1
17031010503,2417,1315,1459,1469,60.8,43,3.9,769,58.5,594,24.6,175,565,23.4,79,3.3,195,552,121,30,1753,382,137,115,28555,32443,30.4,14.7,10.9,22.9,28,33.2,7.4,18.8,13.6,11.1,13.1,16.6,13,1,11,1,0,1,13,228,777,0.193651,1
17031010600,6379,2943,3173,1246,20,101,2.5,1178,40,598,9.4,912,148,2.4,809,13,258,1058,157,890,3540,1285,236,428,43955,72500,29.3,8.2,9.9,20.8,17.8,24.4,3.6,15.8,9.5,8.8,9.8,22,102,5,75,9,8,26,79,822,2749,0.494755,1
17031010701,3590,1603,1749,771,21.5,80,3.3,196,12.2,448,12.5,702,270,7.5,613,17.1,411,618,123,1097,1366,748,225,154,57217,74813,31.6,10.3,9.8,18.9,20.7,28,4.2,14.8,10.7,11.3,10.8,19.9,47,1,20,12,9,14,41,192,1570,0.430765,1
17031010702,5148,1915,2138,1827,35.5,244,9.5,638,33.3,138,2.7,1649,327,6.4,635,12.4,725,891,694,1779,1218,1881,119,151,32790,61724,35.1,11.4,10.4,20.5,26.5,28.1,4.4,17.8,12.6,16.2,14.5,19.7,35,0,7,15,7,4,32,1428,1926,0.355912,1
17031020100,3927,1679,1717,1052,26.8,229,9.4,172,10.2,456,11.6,624,284,7.2,692,17.6,386,732,474,1027,965,1521,169,245,34005,64904,33.1,13.1,10.4,18.4,26.7,32.6,5.3,16,12.7,13.6,13,16.8,8,0,1,5,1,1,8,350,1719,0.40766,2
17031020200,7203,1989,2178,607,8.4,153,4.6,39,2,986,13.7,2487,444,6.2,1096,15.2,677,336,533,2142,3280,494,921,366,45854,120625,25.2,9.8,9,17.8,18.9,27.4,4.5,13.3,9.8,8.3,8.9,18.6,19,1,14,1,3,5,18,1134,2651,1.2404,2
17031020301,5432,2215,2247,1182,21.8,201,8.5,366,16.5,1370,25.2,1537,904,16.7,490,9,179,747,386,347,4251,99,502,233,48617,78385,26.1,11.5,9.3,18.9,20.4,33.1,6.7,13,11.1,6.5,8.9,16.4,3,0,0,2,0,1,3,574,1899,0.831744,2
17031020302,5201,1736,1829,1350,28,265,10.5,166,9.6,972,18.7,1408,279,5.8,270,5.6,153,553,99,652,3659,365,427,98,47333,71250,30.4,12.6,9.6,19.1,23.4,32.9,6.2,14.4,12,10.1,11.1,17.1,24,3,13,5,2,5,22,714,1889,0.639275,2
17031020400,4256,1669,1885,1221,28.8,157,6.4,199,11.9,534,12.5,921,363,8.5,928,21.9,400,629,283,1503,1433,808,373,139,44687,73790,30.4,11.8,9.6,18.1,22.5,30.7,5.1,14.3,11.3,10.7,11,17.6,8,0,4,4,0,3,8,146,1705,0.558685,2
17031020500,6646,2221,2490,2989,46.6,207,7.1,521,23.5,838,12.6,1558,702,11,1272,19.8,895,972,966,1059,1353,1044,2302,888,24127,37819,33.5,15.9,10,18.5,33.8,34.4,6.5,17.5,14.7,16.7,17.7,14.9,21,0,4,12,1,2,16,437,1898,0.77114,2
17031020601,5868,2058,2271,2285,39,178,6.8,430,20.9,725,12.4,1993,584,10,484,8.3,662,794,326,809,2882,135,1279,763,29833,64127,29.6,13,9.7,19.8,27.3,30.4,5.8,16.3,13,12.8,14.3,16.7,2,0,2,0,0,0,2,366,2050,0.580789,2
17031020602,5343,1602,1741,1070,20,70,2.4,223,13.9,646,12.1,1380,293,5.5,785,14.7,503,403,543,1387,1967,473,1387,129,38748,89663,25.8,10.5,8.6,16.6,21.5,26.5,4.3,13.4,10.2,11.1,9.5,17.5,5,1,2,2,0,1,5,1586,1591,0.491592,2
17031020701,1728,764,811,249,14.4,77,8.4,35,4.6,528,30.6,299,114,6.6,87,5,135,270,91,263,1071,175,173,46,60896,108568,23.9,10.2,8.5,16.8,18.7,28.5,5,11.9,9.7,7.5,8.2,17.1,73,4,5,24,36,5,63,1029,815,0.592041,2
17031020702,8412,2483,2569,2100,25.5,306,8.4,237,9.5,1308,15.5,2999,644,7.8,421,5.1,1165,925,1404,1974,3481,298,2541,118,27761,63906,25.8,11.7,9.1,17.7,25.5,28.6,5.2,15,11.8,12.5,12.4,16.8,10,3,0,5,1,2,10,761,2559,0.699237,2
17031020801,5990,2175,2343,1098,18.3,101,2.6,250,11.5,694,11.6,1109,666,11.1,1027,17.1,565,797,629,1933,2149,770,877,261,37778,74931,27.5,11.2,8.8,17.6,23.1,28.4,4.8,14,11,11.1,10.8,17.8,109,4,61,13,18,18,92,661,2078,0.655368,2
17031020802,8715,2131,2375,2948,33.9,348,10,271,12.7,570,6.5,2860,777,8.9,1598,18.4,1350,837,596,2216,2227,582,2810,880,22497,68725,27.8,13.4,9.1,17.3,30.2,29,5.1,15.9,12.8,15.8,14.9,15.4,14,2,11,0,1,5,12,1505,2275,0.643436,2
17031020901,6179,2197,2473,2557,41.4,112,3.2,254,11.6,527,8.5,1582,321,5.2,1453,23.5,880,981,734,1586,1374,1489,1385,345,28005,56291,32.1,13.8,9.8,18.3,30.4,30.8,5.2,17,13.3,15.8,15.8,15.9,9,1,7,0,1,1,9,196,1923,0.482934,2
17031020902,4365,1597,1774,1465,36,47,2.7,372,23.3,706,16.2,792,632,15.5,471,11.6,466,652,527,642,1414,840,1431,38,26315,45547,31.1,14.7,9.7,18.5,29.9,33.4,6.1,16.1,13.5,13,15.2,15.6,371,3,33,26,289,21,180,1707,1502,0.507702,2
17031030101,3517,2047,2361,1098,31.2,429,21.2,1078,52.7,763,21.7,495,555,15.8,308,8.8,189,943,314,354,1320,910,761,172,41209,48929,30,11.7,9.7,19.1,21.8,31.5,5.7,14.7,11.3,9.3,10.8,18,6,1,4,0,1,1,6,334,1474,0.124282,77
17031030102,3052,1878,2145,894,29.5,157,7.9,795,42.3,658,21.6,197,316,10.4,254,8.4,377,822,368,368,1087,452,1083,62,47653,59826,30.5,11.1,9.9,20,22.3,29.9,5.2,15.7,11.5,10.5,12.4,19.2,5,1,0,3,1,1,5,163,1409,0.10782,77
17031030103,2297,1030,1158,481,31.4,113,8.8,588,57.1,159,6.9,122,310,13.5,215,9.4,114,431,165,449,1123,319,294,112,46363,49545,29.2,9.3,10.5,22.9,21.9,24.7,4,18.7,11,9.8,12.3,20,9,0,8,1,0,3,7,434,867,0.0887791,77
17031030104,3106,991,1173,533,31.6,153,12.2,425,42.9,440,14.2,119,221,7.1,251,8.1,86,477,29,465,1812,266,500,63,21169,41823,25.7,7.6,10.6,23.7,19.4,21.1,3.4,19.6,9.7,8.5,9.9,20.9,13,4,5,1,1,3,12,49,903,0.0901974,77
17031030200,5554,2575,2739,752,13.6,227,6,540,21,593,10.7,767,237,4.3,832,15,235,685,36,1284,3577,90,361,242,72224,108466,26.7,7.3,9.3,20.3,15.1,23.3,3.5,14.1,8.8,7,8.5,22.9,87,8,22,23,31,7,70,947,2662,0.660621,77
17031030300,3642,1490,1511,891,24.5,109,5.1,586,39.3,543,14.9,655,490,13.6,475,13.2,282,350,411,1058,1028,745,555,256,52157,68933,29.7,11.3,9.2,18.1,22.6,29,4.9,14.5,11.1,12.1,10.9,19.2,45,7,8,6,22,5,40,179,1328,0.312596,77
17031030400,2822,1278,1352,665,23.6,64,3.5,319,25,306,10.8,534,241,8.5,329,11.7,60,271,88,710,1644,152,231,85,69586,98909,29.2,9.6,9.1,19,18.6,27.3,4.4,13.6,9.9,8.3,9.4,20.6,41,15,12,10,2,8,33,557,1261,0.347996,77
17031030500,6344,2983,3294,779,12.7,85,1.8,725,24.3,527,8.3,784,454,7.3,618,10,332,529,321,1290,3788,420,190,656,70375,127055,26.5,6.7,9,19.7,13.8,21.7,3,13.5,7.9,6.6,7.4,24,51,4,24,16,5,7,44,594,3007,0.622652,77
17031030601,3771,1883,2165,1064,29.7,106,4.8,840,44.6,516,13.7,645,417,11.6,235,6.6,343,915,183,241,1541,949,805,235,35693,52917,29.8,11.8,9.5,18.8,21.9,31.3,5.5,14.6,11.1,9.3,11,18.1,13,2,10,1,0,4,13,219,1366,0.149101,77
17031030603,2305,1360,1560,516,22.4,106,6.8,741,54.5,281,12.2,327,242,10.5,238,10.3,123,504,39,276,1068,551,338,72,47670,49674,28.4,7,9.4,20.1,17.3,21.8,2.8,15.9,8.6,9,9.7,22.8,5,2,0,1,2,2,5,119,954,0.115972,77
17031030604,2921,2109,2469,613,21,63,3.2,906,43,697,23.9,154,557,19.1,135,4.6,146,784,129,251,1551,514,371,234,49365,51688,26.8,10.1,8.9,18,18.9,28.5,4.8,13.3,9.6,8,9,18.7,26,5,17,2,2,6,24,111,1635,0.13765,77
17031030701,1509,877,984,488,36,119,12.9,496,56.6,206,13.7,162,199,14.8,125,9.3,64,351,69,184,670,529,104,22,39124,44948,32.4,10,9.9,20,19.9,28.5,4.4,15.9,10.6,9.3,11.8,21.2,3,0,0,0,0,3,3,393,811,0.0698113,77
17031030702,2266,1514,1655,473,20.9,167,11.5,472,31.2,666,29.4,200,234,10.3,155,6.8,71,573,67,292,1222,90,629,33,58249,60603,25.8,11.3,8.5,16.4,18,32.2,5.7,11.2,9.8,6.1,7.8,16.7,2,0,1,1,0,1,2,241,971,0.0166405,77
17031030703,3093,1914,2079,1054,34.1,183,9.5,998,52.1,901,29.1,133,606,19.6,159,5.1,204,652,471,546,1705,432,271,139,53780,74702,29.1,10.6,9.5,19.1,20.6,30,5.3,14.4,10.5,9.1,10.1,19.1,15,1,11,0,2,3,15,417,1517,0.192803,77
17031030706,2588,1882,2137,253,9.8,170,11.4,1012,53.8,747,28.9,83,514,19.9,47,1.8,150,835,160,106,1573,370,425,114,65190,52167,25.2,10.3,9,16.9,18.3,31.9,6,11.9,9.8,7.4,7.5,17,40,0,29,7,1,11,36,517,1190,0.361616,77
17031030800,4236,2167,2308,458,11.2,111,3.8,617,28.5,600,14.2,609,213,5.2,169,4.1,99,579,55,440,3006,190,227,373,77598,105585,25.6,7.3,8.9,19.6,13.7,23.7,3.6,12.9,8.3,5.8,7.5,23.1,151,1,68,51,25,33,119,787,2195,0.567236,77
17031030900,3076,1481,1673,388,12.7,103,4.6,278,18.8,287,9.3,383,248,8.1,133,4.3,124,378,54,381,2210,100,249,136,66294,87485,26.2,7.4,9,19.7,14.6,23.2,3.4,13.1,8.5,6.4,7.7,22.9,188,2,35,137,6,34,147,936,1605,0.408074,77
17031031000,3652,1984,2189,231,6.4,106,3.8,425,21.4,222,6.1,368,260,7.1,281,7.7,47,488,66,606,2552,31,343,120,82370,132147,25.3,6,8.9,20.1,13,20.3,2.8,13.4,7.5,6.2,6.8,24.5,72,3,50,6,11,32,58,689,2094,0.425451,3
17031031100,4898,2861,2995,1018,21.1,110,2.9,1249,43.7,513,10.5,531,435,9,293,6.1,107,869,58,358,3367,614,257,302,67570,92717,27.2,6.8,9.3,21.3,15.4,21.3,3,15.2,8.4,7.1,8.7,24.1,194,22,111,18,31,76,101,1135,2538,0.549566,3
17031031200,5936,3457,3587,3345,59.1,183,5.6,2149,62.2,462,7.8,947,1482,26.2,900,15.9,1148,1769,433,1368,1472,2245,686,165,32825,25713,36.9,17,10.5,20.3,32.8,37.2,7.5,18.1,15.5,15.3,19.2,16.3,15,0,8,1,5,6,14,989,1973,0.326427,3
17031031300,6853,4502,4871,1631,25.4,120,3,1519,33.7,1963,28.6,413,1355,21.1,785,12.2,593,1442,377,909,3736,995,879,334,54096,68942,29.1,13,9.4,18.3,23,34.4,6.7,13.8,11.7,8.9,10.5,16.8,39,3,21,7,5,23,31,1003,2713,0.559522,3
17031031400,4685,3087,3659,441,9.7,54,1.6,1416,45.9,960,20.5,194,451,9.9,232,5.1,89,1099,33,347,3415,220,490,213,76423,93026,24.6,7.4,8.9,19,13.4,24.8,3.9,12.3,7.9,5.3,6.1,21.4,4119,2455,1020,373,51,300,819,1356,2420,1.51695,3
17031031501,4640,1996,2101,2402,52.1,121,5.3,629,31.5,688,14.8,912,860,18.7,352,7.6,521,874,474,548,1608,1662,700,122,31244,52250,35.7,15.5,10.9,20.8,31.7,35.5,6.9,18.5,14.8,14.9,17.9,16.4,6,1,2,1,2,0,6,306,1549,0.159573,3
17031031502,4622,2445,2672,1841,39.8,211,8.3,1481,60.6,456,9.9,859,622,13.5,782,16.9,462,909,513,773,1818,1590,199,242,38270,49684,36.1,12.6,10.9,20.9,25.7,31.9,5.1,18.1,12.5,12.2,14.9,19.1,45,0,2,3,35,9,33,359,2098,0.161286,3
17031031700,6119,3107,3730,1128,18.8,214,4.4,970,31.2,337,5.5,640,628,10.4,361,6,240,859,53,608,4115,919,348,129,62755,79867,27.3,6.3,9.4,20.6,13.8,20.8,2.7,14.7,7.8,6.7,7.7,24.6,150,6,23,43,67,31,98,797,2873,0.476544,3
17031031800,2114,1041,1096,453,21.5,106,6.8,255,24.5,146,6.9,220,140,6.6,163,7.7,27,243,52,386,1121,97,248,262,61182,82313,27,6.3,9.2,21.2,14.6,20.3,2.8,14.4,8.2,7,7.8,23.9,38,0,18,1,17,12,28,778,1001,0.235105,3
17031031900,2417,1338,1399,132,5.5,27,1.5,519,38.8,124,5.1,351,106,4.4,95,3.9,96,386,69,232,1753,233,66,133,72923,94107,24.9,5.6,9.2,20.9,12,19.2,2.5,13.6,7.2,5.6,6.5,25.1,33,1,2,17,11,9,26,543,1268,0.257577,3
17031032100,7279,4207,4591,1529,21.4,294,5.4,2002,47.6,594,8.2,484,705,9.9,708,9.9,625,1127,423,1388,3920,869,911,191,54197,72515,28.3,7.3,9.7,21.1,17.3,22.8,3.4,16,9.1,9,9.7,23.2,32,9,4,7,9,13,26,2063,3382,0.426876,3
17031040100,4011,1875,1954,482,12.4,35,1.4,331,17.7,464,11.6,732,217,5.6,175,4.5,156,563,90,734,2596,341,122,218,80821,90952,26.9,7.8,9.2,19.8,15.2,23.9,3.6,13.4,8.7,7,7.8,22,2810,158,667,1621,191,233,1059,1077,1798,1.99933,4
17031040201,6688,3012,3133,512,7.7,240,5.2,535,17.8,715,10.7,1005,381,5.7,366,5.5,216,767,230,1023,4904,103,544,114,54354,104484,25.9,6.8,9.1,20.4,14.9,21.6,3.2,14,8.3,6.9,7.7,23.1,133,9,7,113,2,13,67,3644,2846,0.720098,4
17031040202,7965,2908,3133,3004,38.5,466,10.6,830,28.5,800,10,1865,532,6.8,1812,23.2,880,1295,1413,2760,2391,336,1578,900,35301,67832,30.5,13.1,9.5,19.5,26.9,31,5.8,15.6,12.8,12.7,13.9,16.9,4,1,0,2,0,0,4,476,2557,0.588676,4
17031040300,3063,1149,1149,684,23.1,178,10.4,78,6.8,555,18.1,724,164,5.5,408,13.7,217,266,258,752,1329,139,792,51,57698,78879,27.6,12.3,9.1,18.5,22.9,31.5,6,13.6,11.7,9.2,11.3,16.8,168,37,86,33,4,30,124,313,1183,0.764009,4
17031040401,3431,1469,1589,185,5.4,65,3.1,166,11.3,415,12.1,650,184,5.4,214,6.2,240,271,117,794,1978,97,299,263,64792,108899,26.4,6.7,9.3,20.7,14.9,21.8,3.2,14.1,8.6,7.3,8.5,23.5,22,4,1,6,4,6,22,285,1616,0.380265,4
17031040402,4581,2533,2748,518,11.3,218,6,448,17.7,289,6.3,404,344,7.6,305,6.7,31,542,256,749,3384,123,158,167,78908,99201,25.2,4.6,9.3,22.1,11.8,16.8,2,14.5,7,5.8,6.7,26.4,195,9,147,22,13,42,138,836,2607,0.607057,4
17031040600,2785,1283,1358,301,10.8,51,2.5,343,26.7,232,8.3,358,182,6.5,230,8.3,62,383,100,426,2094,139,26,100,85767,89091,25.7,5.5,9.4,22,13,19,2.6,14.6,7.8,6.3,7.5,25.5,24,0,13,9,2,4,19,685,1330,0.330735,4
17031040700,3749,1676,1758,412,11.1,164,6.3,403,24,280,7.5,813,212,5.7,156,4.2,96,371,54,291,2666,123,424,245,63754,105365,25.6,5.9,9.1,20.7,12.9,19.8,2.7,13.5,7.6,6,6.9,24.3,131,5,23,92,7,22,80,579,1738,0.35657,4
17031040800,1577,768,893,93,6,36,3,100,13,122,7.7,174,67,4.3,61,3.9,37,134,11,299,1107,28,76,67,80804,114397,25.5,5.8,9.2,20.8,12.3,20.3,2.7,13.3,7.6,5.4,6.9,24.6,252,0,225,24,1,22,190,805,878,0.229406,4
17031040900,2006,1167,1191,122,6.1,104,6.8,444,38,219,10.9,229,147,7.3,260,13,25,447,52,265,1643,2,62,34,71730,86359,24.7,5.7,9,20.5,11.9,19.9,2.8,13.2,7.3,5.3,6.3,24.9,48,1,24,20,3,7,46,524,1085,0.32182,4
17031050100,2513,1160,1218,186,7.4,67,3.5,238,20.5,115,4.6,477,107,4.3,102,4.1,29,213,18,148,2189,71,39,66,80992,116438,25.9,5.5,9.4,22.1,12.7,19.2,2.7,14.5,7.7,5.9,7.3,25.4,6,1,1,3,0,1,5,812,1359,0.334099,5
17031050200,5546,2061,2295,417,7.5,130,4.3,331,16.1,704,12.7,1622,635,11.4,133,2.4,266,318,132,791,4160,54,302,239,79799,133708,25.1,6.6,9,19.9,13.3,22.2,3.3,12.7,7.9,5.7,6.7,22.9,10,0,2,6,0,4,10,1344,2333,0.651962,5
17031050300,2829,1086,1174,166,5.9,42,2.4,77,7.1,349,12.3,710,227,8,100,3.5,26,170,61,493,1625,29,483,199,81763,151630,25.8,6.7,8.9,19.7,13.7,21.7,3,13,8,6.2,7.3,23.5,218,20,161,28,2,23,162,580,1336,0.40514,5
17031050500,5199,1996,2368,271,5.2,75,2.4,162,8.1,379,7.3,1508,221,4.3,153,2.9,42,323,48,271,4377,2,351,198,96416,141563,24.1,5.4,9,20.4,11.1,19.8,2.7,12.7,7,4.5,5.9,24.6,11,1,9,1,0,3,11,477,2344,0.652085,5
17031050600,2232,1151,1159,214,9.6,62,3.9,210,18.2,177,7.9,366,136,6.1,33,1.5,0,222,0,163,1888,16,90,75,96473,137083,24.5,4.6,9.1,21.7,11.1,17.4,2.2,13.8,6.7,4.9,6.2,26.2,26,0,18,1,4,6,24,3448,1349,0.331933,5
17031050700,1456,671,745,176,12.1,54,5.1,89,13.3,102,7,260,76,5.2,107,7.3,4,92,0,163,1245,0,7,41,85061,135653,25.1,5,9.1,21.3,11.1,18.5,2.4,13.4,6.9,4.8,6.3,26.1,16,0,7,1,7,3,14,195,822,0.164985,5
17031050800,1398,513,581,137,9.8,34,4,76,14.8,57,4.1,426,55,3.9,15,1.1,31,84,0,319,856,54,58,111,77614,190469,25.4,5.4,9.2,21.7,12.4,18.9,2.5,14.3,7.6,5.3,7.4,25.7,6,0,4,0,1,0,6,302,695,0.162802,5
17031050900,1388,608,700,135,9.7,9,1.1,127,20.9,165,11.9,287,74,5.3,39,2.8,49,83,37,239,1014,27,39,69,92671,132258,25.2,5.8,9.4,21.4,12.8,20,2.9,13.9,7.8,6,7.1,24.3,1,1,0,0,0,0,1,81,711,0.162606,5
17031051000,1707,718,778,92,5.4,25,2.2,33,4.6,92,5.4,446,42,2.5,18,1.1,26,49,5,203,1231,33,158,82,111493,186458,24.5,4.9,8.8,20.2,11.5,17.8,2.2,13,6.8,5.5,6.3,25.5,1,0,0,0,1,0,1,246,825,0.166098,5
17031051100,1905,727,826,191,10,36,3.1,30,4.1,67,3.5,598,36,1.9,52,2.7,43,113,52,378,1283,21,80,143,83665,161900,25.8,4.8,9.2,21.8,11.9,17.5,2.1,14.2,7.2,5.7,7.2,26.6,5,0,1,0,3,0,5,302,822,0.162585,5
17031051200,1576,637,666,120,8,51,5,96,15.1,85,5.4,311,69,4.5,61,4,14,91,5,153,1155,45,90,133,99340,176571,23.9,4.4,9,21.5,10.7,16.6,2.1,13.8,6.5,5.3,5.9,27,12,0,7,0,5,3,9,109,795,0.164266,5
17031051300,3077,1072,1118,152,4.9,99,5.5,64,6,81,2.6,1015,130,4.2,9,0.3,28,113,28,527,2043,237,45,225,97104,147386,24,4.6,8.9,20.6,10.4,17.3,2,12.8,6.4,4.5,5.7,26.1,20,0,8,3,8,0,20,197,1488,0.322225,5
17031051400,2535,1029,1192,322,12.7,72,4.6,137,13.3,92,3.6,657,127,5,154,6.1,65,132,26,299,1569,223,385,59,89126,167194,25.9,5.3,9.3,21.1,12.8,18,2.2,14.4,7.3,6.6,7.1,25.7,17,9,5,2,0,0,15,186,1251,0.368862,5
17031060100,3178,1273,1362,216,6.8,37,1.8,249,19.6,272,8.6,792,97,3.1,74,2.3,50,301,74,360,2377,7,259,175,104763,157917,23.8,4.7,9,21,10.5,17.6,2.2,13.2,6.6,4.7,5.5,26.2,17,1,7,4,4,2,15,278,1439,0.327626,6
17031060200,2147,1140,1183,217,10.1,67,4.2,266,23.3,152,7.1,289,141,6.6,87,4.1,25,316,19,373,1572,103,33,66,80426,85417,24.5,4.9,9,21.1,11.3,17.7,2.3,13.7,6.7,5.4,5.8,25.9,33,2,24,4,3,6,29,727,1151,0.318173,6
17031060300,2821,1181,1248,209,7.4,49,2.7,368,31.2,263,9.3,473,254,9,26,0.9,15,167,5,420,2109,54,168,70,96723,173125,24.2,4.9,9.1,21.6,11.8,17.7,2.3,14.3,7,5.5,6.7,26.4,131,3,82,37,6,26,86,447,1554,0.319719,6
17031060400,3691,1613,1698,165,4.5,103,4.1,391,24.2,93,2.5,866,82,2.2,57,1.5,20,218,20,357,2965,45,162,162,97277,153625,22.7,3.7,9,21.7,9.3,14.8,1.7,13.5,5.9,4.2,5,27.8,7,0,3,0,3,2,7,723,1698,0.324847,6
17031060500,1287,695,765,434,33.7,27,4.1,336,48.3,336,26.1,225,225,17.5,37,2.9,152,192,95,108,939,60,180,0,93948,52143,28,12.7,9.4,19.9,23.1,33.2,7.2,14.3,11.8,9.9,10.5,17.9,4,0,2,1,1,1,4,183,626,0.227894,6
17031060800,5319,3598,3859,600,11.3,126,3,1515,42.1,695,13.1,319,826,15.5,280,5.3,58,844,144,637,3421,194,766,301,73466,90174,24.5,6.3,9,20.4,13.5,20.9,3.1,14,7.6,6,6.6,23.7,18,4,6,3,2,4,16,537,2725,0.182327,6
17031060900,6943,4795,5161,670,9.7,382,7.2,1975,41.2,1111,16,434,701,10.1,421,6.1,107,1414,281,654,5368,142,475,304,75172,79016,24.1,6,8.9,19.9,12,20.9,3,13,7.1,5.3,5.7,24,451,242,133,39,8,41,198,683,3326,0.531996,6
17031061000,2324,1109,1205,443,19.1,70,3.7,376,33.9,107,4.6,166,88,3.8,27,1.2,131,241,18,226,1580,49,394,75,79646,121332,23.8,3.8,9.3,22.8,11.8,14.8,1.8,16,6.8,6.8,6.9,28.4,63,9,4,37,9,12,52,570,1157,0.172868,6
17031061100,1436,724,794,131,9.1,9,0.7,268,37,7,0.5,120,81,5.6,102,7.1,0,148,0,215,1108,48,27,38,85993,117330,21.2,2.7,9,22.6,8.5,12,1.3,14.9,5.4,4.5,4.6,30.8,8,2,0,3,1,5,8,1398,699,0.1729,6
17031061200,2052,869,957,201,9.8,17,1.1,253,29.1,156,7.6,266,83,4,67,3.3,67,205,25,261,1556,74,69,92,83484,122857,22.6,3.5,9.4,23.2,10.5,14.1,1.7,15.5,6.3,5.4,5.9,28.4,1,0,1,0,0,0,1,212,1030,0.174465,6
17031061500,2023,894,971,199,9.8,25,1.6,188,21,124,6.1,206,47,2.3,57,2.8,7,191,27,117,1636,83,81,106,92402,128958,22.3,3.5,9.1,22.6,10,14.2,1.8,14.8,6.1,5,5.5,28.6,14,1,3,5,2,5,14,682,1023,0.162951,6
17031061800,1204,735,775,220,20,81,8.9,452,61.5,70,5.8,72,112,9.3,115,9.6,0,316,0,150,830,28,153,43,64307,85139,24.4,4.9,9.1,21.5,12,17.7,2.5,14.7,6.9,5.8,6.3,26.2,0,0,0,0,0,0,0,255,610,0.0825121,6
17031061901,3517,2593,2692,837,23.8,93,4,1774,68.4,614,17.5,232,592,16.8,74,2.1,51,1087,78,484,2427,276,214,116,68212,73769,25.5,5.8,9.3,22,13.7,19.8,2.9,14.9,7.6,6.2,7,24.2,7,2,4,0,1,3,7,369,1749,0.163459,6
17031062000,2890,1644,1764,223,7.7,33,1.4,782,47.6,82,2.8,243,104,3.6,52,1.8,0,489,0,237,2241,125,108,179,97391,121375,23,3.6,8.9,22,10,14.5,1.7,14.3,5.9,5.1,5.3,28.2,16,3,0,4,9,1,15,451,1630,0.22395,6
17031062100,3646,2009,2072,426,11.7,110,3.5,915,45.5,205,5.6,196,217,6,209,5.8,19,484,0,355,2818,139,293,41,87790,103462,21.9,3.5,8.9,22.1,10.1,14,1.8,14.8,5.8,5.3,5.1,28.6,14,2,6,1,4,7,13,899,2100,0.24432,6
17031062200,3152,1274,1321,265,8.4,99,4.4,221,17.3,69,2.2,693,74,2.3,77,2.4,37,125,0,439,2410,29,189,85,118022,197159,21.7,2.9,8.8,22.2,8.8,12.7,1.4,14.3,5.4,4.4,4.8,29.8,15,1,4,5,3,5,15,331,1664,0.24345,6
17031062300,1609,609,697,102,6.3,6,0.6,106,17.4,40,2.5,428,23,1.4,31,1.9,6,46,0,104,1313,15,83,94,136312,250001,22.6,3.7,9,21.8,9.5,14.9,1.8,13.8,5.9,4.5,5,28.1,7,0,2,3,1,2,7,305,880,0.163254,6
17031062400,1799,762,789,115,6.4,52,4.3,126,16.5,115,6.4,386,131,7.3,24,1.3,47,141,12,155,1442,95,46,61,106959,152361,23.7,5,9.2,21.9,12.1,18.5,2.8,14.3,7.1,5.7,6.4,26,16,1,7,4,2,5,16,438,902,0.162783,6
17031062500,1420,681,773,314,22.1,79,7.2,142,20.9,83,5.8,215,65,4.6,45,3.2,32,130,0,173,1014,50,169,14,121346,203333,26.2,5.4,9.2,21.8,12.4,19.1,2.6,14.5,7.4,5.6,7.2,25.6,9,0,2,0,6,0,7,853,928,0.160935,6
17031062600,2371,934,960,76,3.2,49,3.5,117,12.5,94,4,749,19,0.8,67,2.8,33,138,0,219,1772,40,207,133,126626,210536,23.5,4.5,8.9,20.6,10.3,16.8,2,13,6.4,4.5,5.7,26,6,1,2,0,3,4,5,903,1185,0.329693,6
17031062700,3046,1331,1402,277,9.1,89,4.1,332,24.9,212,7,510,156,5.1,66,2.2,31,224,9,156,2474,43,181,192,94345,146979,23.2,4.5,8.9,21.1,10.4,16.9,2.2,13.5,6.4,4.8,5.4,27.2,21,2,4,3,8,4,21,1051,1425,0.324835,6
17031062800,3682,1504,1668,332,9.1,34,1.3,156,10.4,140,3.8,666,146,4,97,2.6,33,152,21,324,2953,55,181,169,125634,190139,22.3,3.3,9,22.1,9,13.9,1.6,13.9,5.7,4.3,4.9,29.1,41,1,18,12,9,9,35,557,1958,0.325236,6
17031062900,4138,1901,1988,313,7.6,83,2.6,419,22,111,2.7,560,197,4.8,53,1.3,9,284,27,415,2916,259,228,320,104849,169906,21.8,3.2,8.9,22.3,9.3,13.4,1.6,14.5,5.7,4.7,4.9,29.4,97,1,1,2,91,16,41,717,2068,0.325557,6
17031063000,3280,1836,2000,326,10,140,5.4,695,37.9,112,3.4,297,96,2.9,72,2.2,81,461,18,274,2529,126,126,225,88310,102040,21.6,2.9,9,22.6,9.4,12.4,1.4,14.8,5.5,5.1,4.8,29.1,41,1,0,14,24,12,33,3963,1838,0.324025,6
17031063100,2352,1386,1406,217,9.2,37,1.8,759,54.8,64,2.7,201,102,4.3,140,6,43,284,15,125,1997,0,113,117,90866,94948,22.6,3.2,9.2,22.9,10.3,13.5,1.6,15.2,6,5.4,5.7,28.5,13,0,1,3,8,1,13,1514,1425,0.159862,6
17031063200,6380,4413,4741,261,4.1,151,3,2399,54.4,1020,16,339,517,8.2,0,0,46,1385,7,425,5073,374,263,245,91213,79782,21.3,5,8.6,19.9,10.5,19.3,3,12.4,6.3,4.5,4.3,24.3,60,4,7,8,36,11,43,627,3084,0.449753,6
17031063301,2992,2032,2151,868,29,47,2.4,1341,66,463,15.5,168,430,14.4,122,4.1,81,750,89,439,1946,182,237,188,59159,66901,25.1,5.9,9.8,23.2,14,20.1,3.1,15.4,7.7,6.1,6.5,23.4,9,1,0,1,5,1,7,283,1292,0.0941725,6
17031063302,4102,2769,3147,208,5.1,162,5,1472,53.2,408,9.9,373,274,6.7,202,4.9,39,647,77,175,3378,135,339,75,88418,98219,21.5,3.9,9.1,21.7,10,15.4,2,13.8,5.9,4.6,4.6,26.1,14,2,1,1,10,3,8,293,2382,0.122744,6
17031063303,1198,866,1042,151,12.7,60,8.9,413,47.7,603,50.3,57,216,18.1,0,0,6,245,0,24,929,13,211,21,107189,107639,21.6,10,8.3,16.4,16.2,34.4,7.2,9.6,9.3,4.9,4.9,14.6,19,1,3,8,4,3,17,790,573,0.23779,6
17031063400,2435,1334,1418,190,7.8,31,1.6,616,46.2,46,1.9,324,111,4.6,246,10.1,0,342,0,220,1909,103,177,26,86189,86979,22.1,3.6,9.1,22.2,9.7,14.2,1.7,14.5,5.8,4.8,5,28.1,14,0,0,1,13,2,4,658,1237,0.15926,6
17031070101,4583,2689,2810,623,13.6,84,2.8,1203,44.7,849,18.5,505,356,7.8,72,1.6,110,671,0,480,3594,94,180,235,100805,83614,23.1,6.7,9.2,20.8,13,23.3,4,13.1,7.8,5.3,5.8,21.9,2720,591,1146,623,95,436,798,570,1868,0.702839,7
17031070102,2980,1902,2150,250,8.6,24,1,799,42,235,7.9,205,71,2.4,99,3.4,17,498,63,167,2241,170,245,157,152519,110577,22.2,4.4,9.1,21.6,10.3,16.6,2.2,13.8,6.2,4.7,5,26.2,19,1,0,0,17,3,13,646,1492,0.122546,7
17031070103,1439,1129,1235,235,16.3,11,0.9,698,61.8,51,3.5,0,121,8.4,32,2.2,0,318,0,120,1046,107,117,49,85603,73581,21.7,2.8,9.4,23.7,9.7,12.1,1.3,15.6,5.6,4.8,4.7,28,83,12,37,27,3,21,77,217,942,0.0694973,7
17031070200,4019,2107,2321,435,11.2,170,5.4,721,34.2,271,6.7,411,248,6.4,94,2.4,62,334,40,415,3036,118,276,174,86512,109000,22.8,4.2,9.3,22.5,11,16.2,2.2,14.9,6.5,5.1,5.6,26.8,158,4,20,5,124,30,77,3292,2052,0.341773,7
17031070300,3818,1667,1827,514,13.6,58,2.1,434,26,87,2.3,546,146,3.8,156,4.1,0,279,0,185,3277,70,134,152,104561,156898,21.6,2.9,9,22.8,9.5,12.6,1.4,15.1,5.7,5,5.1,29.5,167,0,14,2,148,26,62,854,2113,0.324345,7
17031070400,3421,1457,1589,461,13.5,21,1,389,26.7,301,8.8,642,139,4.1,25,0.7,94,260,91,177,2832,9,272,131,132225,192955,24.7,6.5,9.4,22,14,21.4,3.4,14.8,8,6.4,7.3,24.2,77,2,1,1,68,10,38,654,1487,0.324023,7
17031070500,3185,1266,1422,141,4.8,23,1.1,279,22,464,14.6,557,99,3.4,0,0,52,265,37,140,2720,119,75,131,132950,207076,22.7,5.4,8.9,20.6,11.5,19.7,2.9,13.2,6.9,4.9,5.7,25.3,15,0,7,1,6,4,15,1282,1559,0.30527,7
17031070600,3194,1201,1365,295,9.2,19,1,136,11.3,190,5.9,818,73,2.3,64,2,48,117,12,176,2620,23,255,120,123609,249531,22.9,4.7,8.7,20.6,10.3,17.3,2.2,12.9,6.4,4.4,5.4,26.4,17,0,3,1,13,5,14,476,1635,0.342869,7
17031070700,3741,1692,2241,320,8.6,45,1.9,345,20.4,339,9.1,864,147,3.9,71,1.9,137,174,121,536,2330,314,482,79,102082,143955,24.3,5.6,8.9,20.6,13.2,18.6,2.5,14.1,7.3,6.2,7,25.1,39,24,6,4,1,4,26,1961,1761,0.702066,7
17031071000,4525,996,1019,298,11.5,262,10.8,223,22.4,177,3.9,550,268,5.9,130,2.9,9,168,6,293,3655,225,241,111,84668,179438,20.1,2.9,10,24.5,11,11.9,1.5,18.4,6.4,5.8,5.7,28.1,20,4,6,1,8,6,18,354,1306,0.324324,7
17031071100,3186,1091,1335,165,6,55,2.4,365,33.5,239,7.5,316,110,3.5,97,3,0,73,15,318,2476,40,244,108,116939,204609,21.3,3.6,9.8,23.9,10.2,14.5,2,16,6.3,4.7,5,26.9,15,1,3,1,10,1,13,1464,1254,0.325216,7
17031071200,2386,1118,1240,349,14.6,114,7.5,433,38.7,256,10.7,403,160,6.7,56,2.3,32,258,77,197,1849,52,238,50,95709,131383,23.5,5,9.4,22.5,11.8,17.9,2.6,14.7,6.9,5.2,5.9,25.5,33,2,7,7,15,4,29,1091,1420,0.324685,7
17031071300,4129,2152,2250,698,16.9,137,4.9,633,29.4,445,10.8,600,117,2.8,63,1.5,9,374,72,220,3109,29,559,212,113759,129486,23.9,5.2,9.4,22.4,11.3,18.7,2.7,14.1,6.9,4.5,5.6,25.1,10,1,2,2,4,0,10,411,1858,0.308162,7
17031071400,4763,2951,3269,928,19.5,110,3.3,1178,39.9,614,12.9,336,307,6.4,34,0.7,158,889,0,204,3985,248,181,145,125834,113581,24.9,6.6,9.5,21.7,13.5,22.4,3.6,14,7.9,5.5,6.5,22.6,1166,292,459,213,101,154,476,1626,2112,0.733387,7
17031071500,5991,3678,4294,376,6.3,185,4.2,1569,42.7,733,12.2,571,274,4.6,208,3.5,16,695,73,236,5149,114,389,103,108293,119024,22.1,4.4,9.2,21.8,9.4,17.3,2.3,13.3,6.1,4,4.5,26.4,914,121,528,112,78,105,413,1033,3109,0.987083,7
17031071600,1903,742,807,155,8.1,31,3,134,18.1,221,11.6,497,31,1.6,5,0.3,15,107,0,77,1542,95,143,46,149795,204375,24.1,6.8,9.1,19.7,12,23.2,3.5,12.4,7.5,4.6,6.1,22.8,5,0,0,0,5,0,5,148,834,0.161658,7
17031071700,1485,585,702,131,8.8,19,2.6,81,13.8,214,14.4,348,135,9.1,32,2.2,17,84,29,27,1084,165,165,44,116909,202500,24.3,6.5,9.1,19.7,11.6,22.5,3.2,12.4,7.2,4.2,5.6,23,16,1,1,2,9,5,12,70,767,0.160293,7
17031071800,2726,1083,1128,136,5,39,2.3,153,14.1,311,11.4,566,123,4.5,76,2.8,103,130,22,200,2153,203,145,25,139027,241228,24.4,6.5,9.3,19.4,11.7,22.4,3,12.4,7.1,4.4,5.5,22.6,17,2,1,0,13,1,15,599,1208,0.32312,7
17031080100,6607,4209,4949,588,8.9,186,5.1,1623,38.6,2079,31.5,393,609,9.2,99,1.5,57,1020,0,272,5601,47,425,262,128919,105000,22.9,7.6,9,19.5,12.7,27,4.8,11.4,8,4.4,4.9,19.6,16,3,3,6,3,5,16,788,2741,0.260692,8
17031080201,3236,2330,2644,174,5.4,177,7.5,971,41.7,1058,32.7,99,331,10.2,73,2.3,15,382,0,65,2879,0,143,149,133687,120409,22.8,7.4,9.1,19.9,12.8,26.4,4.7,11.9,8.1,4.6,5.3,20.3,15,0,9,2,3,5,14,1006,1598,0.135173,8
17031080202,3800,2649,2902,436,11.6,19,0.7,1345,50.8,776,20.4,134,586,15.4,234,6.2,14,668,20,307,3181,60,211,41,157172,106071,23.6,6,9.2,21.4,11.9,21.3,3.4,13.2,7.3,4.8,5.4,23.3,8,2,4,1,0,3,7,719,2028,0.155448,8
17031080300,5836,3063,3401,671,11.5,93,2.1,1119,36.5,365,6.3,732,222,3.8,170,2.9,76,497,13,628,4058,33,904,213,107707,151830,23.4,4,9.1,22.2,10.2,15.8,1.9,14.3,6.2,4.7,5.4,27.9,9,1,1,2,4,1,9,2059,2944,0.3613,8
17031080400,4888,2110,2188,1809,37.3,205,6.9,930,44.1,380,7.8,1134,773,15.8,34,0.7,186,584,15,158,1531,2310,508,381,80630,68270,35.9,10.8,12.1,22.8,24.4,29.5,4.2,19.7,12.1,10.4,14.3,19.1,7,0,4,3,0,3,6,786,1728,0.326858,8
17031081000,8150,5052,6158,1755,25.8,92,1.6,3450,68.3,1257,15.4,396,1062,13.4,353,4.4,289,1640,187,658,5316,862,1115,199,85239,79465,24.7,7.1,9.8,22.2,16.1,22.4,3.8,16,8.6,7,7.4,22.1,21,6,9,0,6,4,21,3259,3357,0.298525,8
17031081100,4455,2999,3207,1115,25,55,1.7,1665,55.5,455,10.2,245,275,6.2,159,3.6,71,1111,0,161,3317,370,324,283,82307,79561,25.4,6.7,9.5,21.8,13.8,22,3.3,14.6,7.9,5.5,6.8,22.8,7,2,4,0,1,2,7,2463,1801,0.103065,8
17031081201,4428,2881,3747,217,5.2,57,1.9,1337,46.4,1141,25.8,135,399,9,107,2.4,11,538,0,222,3572,77,530,27,112597,122659,22.1,7.2,8.8,18.8,12.3,26,4.5,11.3,7.5,4.2,4.6,20,29,3,22,2,1,7,23,7937,1812,0.184262,8
17031081202,3437,2038,2451,151,4.4,20,1.1,594,29.1,1478,43,330,177,5.1,61,1.8,9,282,34,132,2876,115,75,239,176824,154569,22,8.4,8.6,17.5,12.1,30.4,5.5,9.6,7.9,3.3,4,17.2,6,2,4,0,0,3,6,908,1413,0.188369,8
17031081300,6014,3783,4303,580,9.6,74,2.2,1696,44.8,2008,33.4,296,555,9.2,154,2.6,45,950,37,371,4196,353,958,136,117457,108625,22.6,8.6,8.7,18,13.9,28.9,5.3,10.8,8.3,4.6,5.1,17.7,8,5,3,0,0,0,6,5771,2199,0.194609,8
17031081401,2171,1452,1819,369,17.3,5,0.4,797,54.9,669,30.8,124,229,10.5,36,1.7,0,517,65,166,1416,57,483,49,88843,83292,22.3,8,8.8,18.6,14.1,26.2,4.6,11.8,7.9,4.9,5,18.6,29,14,8,4,1,12,20,29502,1013,0.274619,8
17031081402,5942,3462,4344,809,13.6,144,3.8,1110,32.1,834,14,617,548,9.2,144,2.4,76,839,50,685,3051,334,1718,154,145514,170333,22.5,6.1,8.6,19,11.8,21.2,3.1,12,6.9,4.3,5.2,21.9,64,41,15,6,0,19,38,1388,2999,0.489092,8
17031081403,8987,6371,7496,1241,13.8,196,2.7,3579,56.2,806,9,289,196,2.2,83,0.9,34,1568,29,397,4937,146,3186,321,113931,110327,23,5.3,8.7,19.9,12.2,18.5,2.5,13.1,6.8,5.1,5.6,23,43,19,7,11,3,23,28,17449,4482,0.362647,8
17031081500,4906,3365,4496,388,8,38,1,1354,40.2,599,12.2,158,128,2.6,87,1.8,18,382,0,254,2711,216,1626,99,152787,134320,22.6,5.8,8.7,19.6,11.3,20.5,3,12.3,6.8,4.3,5.1,23.1,41,30,1,6,1,24,21,23978,2649,0.296086,8
17031081600,3725,2521,3213,229,6.1,98,3.2,1471,58.3,254,6.8,169,65,1.7,51,1.4,0,345,15,172,2874,87,430,162,121613,145500,21.4,4.2,8.4,19.9,9.6,16.3,2.1,12.5,5.7,4.2,4.5,26,24,14,7,1,0,18,12,3687,2057,0.132372,8
17031081700,5217,3535,3927,552,10.6,100,2.2,2052,58,309,5.9,98,242,4.6,160,3.1,11,827,33,642,3465,189,729,192,140960,142821,21.6,3.2,8.7,21.2,9.4,13.4,1.5,13.7,5.4,4.6,4.6,27.9,26,15,1,4,3,8,21,23747,3026,0.371529,8
17031081800,12213,7384,7957,1015,8.3,339,3.4,2463,33.4,849,7,714,289,2.4,156,1.3,73,1124,29,1441,8918,249,863,742,133566,147354,23.1,3.6,8.9,21.9,9.8,14.8,1.7,13.9,6,4.5,5.4,27.8,39,22,8,4,2,5,27,31564,6439,0.749796,8
17031081900,1111,635,1034,241,21.7,21,2.5,144,22.7,94,8.5,121,87,7.8,21,1.9,59,193,2,108,717,167,76,43,147257,225694,25.8,5.9,9.4,19.8,12.1,20.9,2.6,13.2,7,5.2,6,23.6,9,1,0,8,0,0,7,112,721,0.135689,8
17031090100,3526,1386,1475,405,11.5,131,6.7,78,5.6,539,15.3,763,351,10,82,2.3,62,237,34,502,2828,10,94,92,70099,140194,27.3,8.9,9.5,20.3,16.5,28.5,5,13.4,10.2,6.2,9,20.5,21,2,2,17,0,5,16,299,2025,0.925908,9
17031090200,6505,2619,2854,418,6.4,41,1.1,206,7.9,938,14.4,1456,465,7.1,121,1.9,138,620,84,971,5195,40,84,215,65532,127384,26.1,7.8,9.4,20.6,15,26.1,4.4,13.5,9.4,5.8,8.2,21.8,15,0,2,11,0,2,14,816,3452,1.52376,9
17031090300,1371,510,553,165,12.2,32,4.2,9,1.8,185,13.5,322,11,0.8,22,1.6,5,100,38,201,1143,0,0,27,64116,116438,27.1,8.8,9.4,20.2,16.2,28.8,5.1,13.1,10,5.5,8.7,20.4,11,1,2,3,3,2,11,1196,852,0.477246,9
17031100100,5890,2145,2379,701,11.9,103,3,0,0,667,11.3,1371,252,4.3,113,1.9,241,507,26,1358,3914,0,433,185,48385,114536,27.7,9.4,9.4,20,17.8,27.8,4.8,13.9,10.5,7.8,9.4,20.5,8,3,3,1,1,0,8,1805,2551,1.17877,10
17031100200,7564,2851,2909,808,11,254,6.3,281,9.9,1314,17.4,1866,729,9.9,220,3,246,579,120,2103,4743,162,414,142,45673,94167,26.7,8.9,9.4,20,17.9,27.9,5,13.8,10.5,7.7,9.7,20.8,58,6,31,6,10,20,52,1133,3455,2.03951,10
17031100300,6447,2659,2890,966,15.6,43,1.5,520,19.6,2151,33.4,1338,1033,16.7,388,6.3,341,841,183,863,5144,49,208,183,50460,95441,26.7,11.4,9.5,19.2,21.6,34.9,7.5,13,12.3,7.9,9.7,16.6,59,2,40,12,2,6,55,684,2775,2.33359,10
17031100400,3325,1276,1276,165,5,61,3.5,48,3.8,588,17.7,892,333,10,37,1.1,154,118,69,431,2492,5,281,116,59883,142123,26.5,8.8,9.6,20.2,16.8,28.1,5,13.5,10.3,6.8,9.1,20.4,3,0,0,1,0,0,2,4191,1808,0.96438,10
17031100500,5814,2357,2383,227,3.9,64,2.2,107,4.5,1316,22.6,1359,701,12.1,264,4.5,324,491,86,692,4225,49,591,257,68694,128688,25.4,8.9,9.2,19,17.2,27.8,4.9,12.9,10,7.4,8.8,20,3,1,2,0,0,2,3,1280,3063,1.99897,10
17031100600,4914,1870,1933,684,13.9,82,3.1,139,7.4,664,13.5,1181,641,13,282,5.7,328,473,254,1563,2754,0,455,142,41214,78689,29,10.8,9.5,20.2,21.7,30.1,5.6,14.6,11.8,10,11.6,19.2,4,0,3,0,0,2,4,835,2620,1.27998,10
17031100700,5372,1885,1925,795,14.8,262,9.7,77,4.1,1093,20.3,1162,469,8.7,234,4.4,353,354,203,802,4005,106,404,55,48294,134767,27.7,10.5,9.4,19.8,20.7,30,5.6,14,11.5,9,10.6,19,6,0,5,1,0,2,6,232,2607,1.21533,10
17031110100,5776,2252,2413,893,15.5,143,4.2,104,4.6,740,12.8,1317,537,9.3,466,8.1,320,471,333,1143,3238,34,1126,235,49168,97743,27.2,9.7,9.3,19.4,18.7,28.3,5,13.5,10.6,8.6,9.4,19.6,230,4,128,36,47,45,174,1763,2620,1.87939,11
17031110200,2821,1302,1455,455,16.1,242,14.4,334,25.7,479,17,455,286,10.1,138,4.9,188,515,93,1012,1456,201,147,5,43226,76563,30,11.3,9.7,20.4,23.9,30.1,5.8,15.3,12.6,12.5,12.4,19.1,2,1,0,1,0,0,2,1076,1312,0.595925,11
17031110300,5304,1774,1960,561,10.6,226,8.4,44,2.5,834,15.7,1313,481,9.1,244,4.6,218,346,494,1248,3500,11,390,155,45408,119750,27,9.6,9.1,19,18.9,27.9,4.8,13.7,10.5,8.6,9.6,20,7,3,1,2,0,0,7,197,2574,1.20767,11
17031110400,4501,1925,2093,406,9.1,114,4.5,240,12.5,806,17.9,820,397,8.8,547,12.2,247,533,407,1084,2732,39,437,209,57810,92315,26.5,8.9,9,18.8,18.4,26.5,4.5,13.5,10.1,9.4,9.2,20.7,7,2,1,1,2,1,7,440,1979,0.932558,11
17031110501,5097,1939,2064,736,14.5,99,3.3,60,3.1,763,15,848,680,13.4,294,5.8,383,470,688,1555,2328,269,808,137,48887,105568,27.7,10.2,9.2,19.4,20.2,27.7,4.8,14.2,10.8,9.5,10.2,19.7,6,1,2,2,1,2,6,961,2186,0.799444,11
17031110502,3533,1549,1631,586,16.6,70,3.8,270,17.4,563,15.9,746,463,13.1,427,12.1,236,551,234,752,2114,105,474,88,52818,71992,27.2,9.1,9.1,19.2,19.7,25.8,4.3,14.2,10.2,10,9.9,20.3,8,1,2,3,1,1,8,1340,1550,0.650937,11
17031120100,4400,1491,1616,283,6.5,226,9.5,31,2.1,869,19.8,979,261,5.9,292,6.6,78,179,73,329,3691,4,270,106,72249,163007,25.4,8.6,9.2,19.3,14.5,28,4.8,12.1,9.2,4.9,7.3,20.2,835,35,491,110,136,104,485,644,2146,2.75433,12
17031120200,4573,1746,1830,230,5,30,1.4,82,4.7,1015,22.2,1130,445,9.7,213,4.7,107,274,185,172,3788,60,414,139,65305,141458,24.5,9,8.8,18,15.6,28.7,5,11.5,9.3,5.5,7.4,18.7,247,2,212,4,15,59,143,1439,2143,2.4063,12
17031120300,7046,2542,2542,431,6.1,86,2.6,126,5,1350,19.2,1947,716,10.2,394,5.6,227,562,121,679,5226,19,888,234,86015,139338,24.6,9.7,8.8,17.9,17,28.9,5,11.9,9.6,5.7,8,18.1,75,2,37,22,3,18,71,1866,3199,2.02487,12
17031120400,3836,1254,1336,458,11.9,137,6.4,110,8.8,372,9.7,949,296,7.7,362,9.4,209,284,223,959,1898,110,616,253,47856,108145,26.8,10.1,9,18.4,20.5,27.8,4.8,13.6,10.8,10.1,9.9,19.2,324,5,131,88,67,50,246,541,1557,1.05111,12
17031130100,4895,1752,1938,1351,28.8,60,4.1,458,26.1,1849,37.8,1000,810,17.3,238,5.1,360,565,527,284,3022,101,1307,181,30026,34565,24.1,16.1,8.6,16.5,26.8,38.8,8.7,11.9,12.6,8.4,9.9,12.7,363,47,110,73,90,35,231,2408,1785,1.84632,13
17031130200,1545,711,757,170,11.2,0,0,19,2.7,336,21.7,312,191,12.4,76,4.9,70,173,90,524,787,15,184,35,68142,120625,26.4,11.8,8.8,17.6,21.3,31.7,5.9,12.5,11.1,9.2,9.3,16.8,2523,132,750,1284,209,312,1076,1571,753,2.10349,13
17031130300,5040,1792,2025,832,16.5,132,4.8,229,12.8,549,10.9,1119,449,8.9,748,14.8,469,660,464,1192,1715,159,1808,166,36259,67833,25.4,11.1,8.7,17.3,22,27.6,4.7,13.6,10.5,10.1,10.1,17.5,19,10,2,3,0,4,16,327,1990,0.719702,13
17031140100,3520,1195,1314,784,22.3,45,2.2,226,18.9,236,6.7,812,319,9.1,415,11.8,326,395,455,1361,1631,125,193,210,33070,78686,29,8.4,8.9,19.1,22.3,21.2,3.1,15.9,10.1,15.9,10.4,21.9,184,63,87,20,5,23,147,239,1336,0.289818,14
17031140200,6603,1953,2158,1718,30.5,278,7.8,399,20.4,563,8.5,1384,545,8.4,988,15.3,866,580,890,2732,1837,571,1259,204,31486,75067,28.9,10.4,9.3,19.7,25.8,24,4.1,17.2,11.5,16.9,11.3,19.8,6,2,3,1,0,0,6,1264,1744,0.397633,14
17031140301,2908,905,948,955,32.9,123,7.2,222,24.5,223,7.7,607,241,8.3,897,30.8,819,271,844,1643,311,52,819,83,28398,75616,32.3,14.8,9.4,18.7,37,28.9,5.5,18.2,15.4,26.1,17.8,16.4,0,0,0,0,0,0,0,146,920,0.163836,14
17031140302,3311,1323,1484,797,26.6,91,4.7,255,19.3,586,17.7,544,206,6.9,438,14.7,572,406,522,1129,1327,210,501,144,48321,97574,28,11.7,8.9,17.6,26.1,28.3,5.2,14.6,11.8,16,11.2,17.9,49,4,29,6,4,14,46,515,1442,0.411802,14
17031140400,5911,2100,2229,811,13.7,129,4.5,260,12.4,1183,20,1216,311,5.3,319,5.4,483,710,635,1820,2492,97,1408,94,50439,110306,26.6,11.1,8.7,17.5,21.8,27.8,4.9,13.4,10.7,11.1,9.6,18.1,19,0,15,2,1,6,17,1525,2461,1.17551,14
17031140500,3171,1322,1456,518,16.4,75,3.7,131,9.9,458,14.4,578,246,7.8,577,18.2,296,402,252,1155,1181,111,409,315,45611,73889,30.4,12,8.9,18.1,26.2,28.3,5.1,15,12.3,16.4,11.8,18.9,19,1,16,2,0,6,19,521,1370,0.45247,14
17031140601,2762,826,895,774,28.2,175,11.2,131,15.9,360,13,635,290,10.5,612,22.2,488,273,580,1196,793,294,450,29,40447,85375,30.2,13.2,8.7,17.2,28.5,28.5,5.1,14.7,12.7,19.3,11.8,17.5,4,0,3,0,1,0,3,161,906,0.28304,14
17031140602,4703,1723,1886,1992,43.3,268,10.2,343,19.9,298,6.3,1216,438,9.3,1145,24.3,515,657,813,2832,841,387,517,126,32627,62033,34.1,12.1,9.2,19,28.4,27,4.5,16.4,12.7,19.7,13,19.3,2,0,0,1,0,1,2,117,1622,0.37302,14
17031140701,2990,1087,1162,561,18.8,91,4.2,268,24.7,273,9.1,456,145,4.8,910,30.4,547,268,544,1552,641,108,584,105,37719,97500,29.2,9.9,8.8,18.2,25.3,23.4,3.7,15.6,11.2,18.3,11.5,20.4,8,1,1,4,2,0,7,265,1079,0.224407,14
17031140702,5572,2106,2245,1409,25.4,168,4.7,526,25,498,8.9,1104,636,11.4,1254,22.5,853,761,874,3664,1388,69,402,49,49692,76392,31.3,10.5,9,18.8,25.3,24.3,3.9,15.6,11.8,19,11.4,20.7,23,3,9,8,2,10,22,465,1944,0.430516,14
17031140800,6212,2538,2844,819,13.2,375,9.2,497,19.6,647,10.4,1120,276,4.4,1372,22.1,475,515,262,1999,3595,0,502,116,60475,108958,26.9,8,9,19.3,16.7,23,3.5,13.6,9,9.1,8.1,21.9,70,5,56,6,0,29,56,539,2698,0.725519,14
17031150200,7263,2684,3321,1688,23.3,264,6.5,464,17.3,1028,14.2,1316,770,10.6,868,12,756,743,528,2204,3904,175,538,442,50271,105145,29.5,9.8,9.4,20,21.5,26.3,4.5,15.1,11.2,12.6,11.1,20.5,9,1,6,1,1,2,9,1024,3052,1.3326,15
17031150300,7272,3077,3364,797,11,298,6.3,212,6.9,914,12.6,1403,813,11.2,285,3.9,321,726,147,1703,4718,119,372,360,55673,89097,28.3,9.2,9.3,19.8,19.3,26.7,4.6,14.2,10.6,10,9.8,20.8,63,9,25,19,2,9,51,1053,2939,1.31545,15
17031150401,5146,1824,1924,927,18,196,6.9,136,7.5,998,19.4,1109,580,11.3,578,11.2,385,605,628,1495,2981,48,518,104,36336,86563,29.3,10.7,9.6,20,22.7,28.6,5.3,15,12,12.3,11.6,19.4,7,1,3,2,0,1,7,500,1951,0.73994,15
17031150402,3945,1348,1438,654,16.6,80,3.8,144,10.7,542,13.7,998,420,10.6,399,10.1,294,274,333,1645,1826,201,185,88,42414,103939,30.6,10.9,9.4,19.9,23.5,28.4,5.1,15.2,12.2,13.6,11.9,19.9,8,0,4,3,0,2,8,476,1750,0.659414,15
17031150501,3854,1496,1590,212,5.5,135,6,29,1.9,794,20.6,555,489,12.7,189,4.9,178,193,151,937,2209,11,444,253,52414,126471,26.3,9.2,8.8,18.4,17.9,26.9,4.6,12.8,9.8,8.6,8.2,19.8,0,0,0,0,0,0,0,131,1636,0.698497,15
17031150502,3953,1536,1665,779,19.7,26,1.2,189,12.3,735,18.6,798,628,15.9,542,13.7,268,589,268,1415,1967,106,429,36,35627,79659,29.2,10.3,9.3,19.6,22.3,27.2,4.8,14.9,11.5,12.8,10.7,19.7,7,1,2,1,3,1,7,344,1695,0.684943,15
17031150600,4223,1432,1599,607,14.5,135,5.4,109,7.6,507,12,910,457,10.8,380,9,210,446,203,1883,1996,77,186,81,50935,102399,29.9,10.1,9.2,19.1,21,27.1,4.6,14.3,11.2,12.3,10.1,20.4,4,0,1,2,0,1,4,320,1676,0.655766,15
17031150700,4453,1382,1564,355,8.1,106,4.8,11,0.8,557,12.5,1195,457,10.3,569,12.8,380,398,430,2221,2009,57,166,0,46735,132361,28.2,9.4,8.8,18.1,19.3,25.7,4.2,13.3,10.2,11.8,8.6,20.7,12,1,5,1,5,2,11,238,1962,0.661991,15
17031150800,4668,1618,1777,937,20.1,190,6.5,78,4.8,556,11.9,694,455,9.7,1108,23.7,755,493,809,2476,1669,119,55,349,40607,92443,30.8,10.6,9.2,19.2,24.1,26.4,4.6,15.3,11.9,16.7,11.2,20.3,22,1,7,12,0,4,22,559,1980,0.66078,15
17031151001,2816,886,988,470,16.7,93,6.2,64,7.2,229,8.1,720,191,6.8,478,17,362,237,275,2048,651,0,104,13,34211,94435,32.1,11.5,9.1,18.6,26.4,26.8,4.8,15.3,12.7,20.3,11.2,19.8,0,0,0,0,0,0,0,74,1094,0.32976,15
17031151002,4892,1572,1732,1094,22.4,223,8.3,318,20.2,437,8.9,1168,401,8.2,1293,26.4,483,518,650,3494,1192,70,80,56,35651,75875,32.7,11.6,9.2,18.9,27.1,26.9,4.7,15.7,12.7,19.7,11.7,19.6,1,0,0,1,0,0,1,945,1747,0.636723,15
17031151100,5447,1855,1958,1272,23.5,104,3.4,196,10.6,634,11.6,1174,487,8.9,1228,22.5,521,566,699,3198,1882,59,245,63,32257,62717,32.2,11.7,9.2,19.1,25.8,28.5,5.1,15.2,12.6,16.9,11.8,19.4,1,0,1,0,0,1,1,289,1924,0.660362,15
17031151200,4057,1334,1378,550,13.6,69,3.1,123,9.2,592,14.6,625,361,8.9,644,15.9,330,395,723,1783,1980,0,239,55,32208,69776,30,11.2,9,18.4,23.9,28.3,5.1,14.4,11.9,15,10.6,19.4,2,1,0,0,1,1,2,1036,1610,0.655116,15
17031160100,2757,1024,1082,730,26.5,54,3.6,83,8.1,485,17.6,631,257,9.3,154,5.6,200,312,211,654,1500,0,531,72,51086,111250,29.5,10.6,9.3,20,21.1,28.2,5,14.6,11.2,10.1,10.9,19.9,14,2,3,8,0,4,14,236,1165,0.592301,16
17031160200,3356,1276,1338,116,3.5,94,4.7,42,3.3,453,13.5,762,226,6.8,76,2.3,98,177,108,886,2114,86,171,99,77861,132599,27.4,8.8,9.1,19.2,16.9,25.9,4.2,13.2,9.5,7.7,8.5,20.7,8,0,5,2,0,5,8,1895,1543,0.954773,16
17031160300,3685,1883,2082,739,20.6,220,9.3,453,24.1,455,12.3,664,208,5.8,262,7.3,457,373,112,550,2095,200,667,173,53476,68887,28.8,9.2,9.2,19.4,19.9,25.2,4,14.7,10.2,10.8,10.3,20.8,26,5,5,8,2,2,24,251,1648,0.426585,16
17031160400,5171,2101,2232,1136,22,203,6.2,352,16.8,328,6.3,1188,555,10.7,804,15.5,415,781,361,1758,2683,178,340,212,63382,81375,31,10.1,9.5,20.1,22.9,26.2,4.3,15.7,11.5,13.6,11.9,20.6,43,0,38,4,1,8,38,1358,1960,0.656779,16
17031160501,3270,1312,1467,489,15,183,9.4,203,15.5,280,8.6,654,139,4.3,486,14.9,369,395,251,1583,937,479,240,31,43237,80179,31.7,10.7,9.3,19.4,25.6,25.3,4.2,15.8,12,18.1,12,20.1,64,1,21,36,2,16,53,203,1455,0.346291,16
17031160502,4012,1542,1617,858,21.4,85,3.8,229,14.9,483,12,1063,308,7.7,657,16.4,503,523,343,2205,1123,91,383,210,49371,114719,31,10.7,9.1,19.1,24.8,25.8,4.3,15.4,11.7,16.3,11.8,20.1,5,1,3,0,0,2,5,147,1426,0.30938,16
17031160601,3003,1488,1619,201,6.7,62,3.1,280,18.8,316,10.5,645,131,4.4,124,4.1,106,455,124,829,1748,34,293,99,51795,75536,28.1,7.7,8.9,19.1,17.2,21.9,3.1,13.8,8.9,10.2,8.2,22.5,14,0,8,3,3,3,14,441,1513,0.327402,16
17031160602,3757,1576,1657,706,18.8,63,2.6,241,15.3,317,8.4,746,258,6.9,269,7.2,228,425,253,1435,1693,70,271,288,68652,99531,29.3,8.9,9,19.3,20.4,23.6,3.6,14.6,10.1,12.4,9.8,21.4,140,6,104,26,1,18,93,243,1564,0.576778,16
17031160700,6265,2460,2627,550,9,208,5.1,270,11,845,13.5,1120,915,15,390,6.4,694,606,695,2454,2409,234,1004,164,52398,93750,28.9,10.7,8.9,18.3,23.4,27.1,4.8,14.4,11.4,14.6,10.6,19.7,24,1,15,2,1,8,21,1937,2264,0.796165,16
17031160800,5236,1863,2045,1539,29.5,271,9.4,131,7,389,7.4,1208,417,8,993,19,862,598,736,3185,1619,34,205,193,46826,87676,33.3,12.5,9.5,20,28.8,28.1,5.2,16.6,13.6,19.8,14.1,19.3,15,0,6,6,2,1,14,723,1873,0.656956,16
17031160900,2420,1089,1130,221,9.1,84,5.5,70,6.4,275,11.4,440,70,2.9,124,5.1,51,237,83,525,1451,59,290,95,54962,109598,27,8.2,8.9,19.2,16,24.2,3.8,13.2,9,8,7.8,21.8,351,10,144,64,75,72,188,952,1259,0.657634,16
17031161000,1986,800,876,259,13,71,5.9,83,10.4,179,9,467,156,7.9,199,10,64,133,44,440,1348,35,141,22,68347,109524,26.3,7.2,9,19.7,14.9,23,3.5,13.3,8.5,7.5,7.6,22.6,26,1,9,14,0,3,22,466,950,0.426096,16
17031161100,2024,758,799,174,8.6,64,5.1,43,5.7,157,7.8,523,99,4.9,33,1.6,72,139,35,363,1368,129,53,111,81810,149722,26.1,7.3,8.9,19.3,15,23.4,3.5,13.1,8.6,7,8.1,22.6,9,0,6,2,1,2,9,366,1076,0.576132,16
17031161200,2873,1097,1141,570,19.8,123,7.5,166,15.1,376,13.1,673,119,4.1,329,11.5,285,345,94,1614,800,85,269,105,42577,80132,31.9,12,8.8,18.2,25.5,27.6,4.8,14.5,12.1,17,11.1,19,14,2,2,10,0,0,12,979,1139,0.517671,16
17031161300,3769,1557,1655,1117,30,129,6.1,377,24.2,478,12.7,901,512,13.7,504,13.5,501,704,570,2172,1314,25,147,111,38308,59353,31.7,10.4,9.3,19.7,24.9,25.8,4.4,15.8,11.9,17.2,11.4,20.3,6,0,3,2,0,2,6,685,1553,0.497208,16
17031170100,2030,1146,1146,641,33.1,53,6,178,15.5,834,41.1,63,355,18.3,121,6.3,208,521,228,196,1678,79,77,0,41258,51944,32.6,17.4,10.3,20.1,31,43.1,10.5,14.6,16.8,11.6,15,13.6,158,6,79,44,13,37,124,2610,871,1.01403,17
17031170200,3752,1216,1266,427,11.4,86,4.4,55,4.5,613,16.3,841,349,9.3,211,5.6,178,244,450,1726,1888,4,82,52,40314,110602,29.1,10.8,9,18.6,21.5,28.2,5,13.8,11.2,12.1,9.6,19.5,1,1,0,0,0,0,1,161,1794,0.653455,17
17031170300,4981,1821,1947,320,6.4,98,3.8,70,3.8,904,18.1,1000,661,13.3,509,10.2,405,439,384,1739,2753,0,357,132,45799,82203,28.3,9.8,9.2,19.3,21.3,27.4,4.8,14.6,11.3,12.2,10.4,20.3,0,0,0,0,0,0,0,784,2391,1.3974,17
17031170400,3989,1666,1733,467,11.7,178,7.3,47,2.8,588,14.7,666,479,12,412,10.3,288,345,351,1191,2281,201,187,129,48442,110800,28.5,10.4,9.3,19.5,21.4,28.6,5.3,14.4,11.6,11.6,10.5,19.7,0,0,0,0,0,0,0,172,1911,0.769978,17
17031170500,5161,2066,2120,570,11,77,2.7,106,5.1,849,16.5,1157,431,8.4,255,4.9,334,519,388,1462,3081,85,361,172,46947,85250,29.2,9.9,9.6,20.5,20.5,28.3,5.1,15,11.4,10.5,10.9,20.5,1,0,1,0,0,0,1,345,2355,1.53669,17
17031170600,2490,948,974,346,13.9,65,5.1,63,6.6,555,22.3,547,221,8.9,275,11,184,268,153,556,1665,33,232,4,42681,81004,29.5,11.3,9.7,20.5,23.1,31,6,15.3,12.6,10.8,12.3,19.1,3,0,2,0,1,1,3,117,1222,0.570177,17
17031170700,3260,1167,1211,456,14,86,5.3,78,6.7,505,15.5,672,264,8.1,228,7,308,282,361,1038,2069,12,70,71,33767,90611,30.8,11.5,9.8,20.6,25,30.5,5.9,15.9,13.3,13.8,13.4,19.5,0,0,0,0,0,0,0,83,1477,0.576643,17
17031170800,4009,1461,1542,459,11.5,145,6.1,78,5.3,724,18.1,768,314,7.8,504,12.6,302,583,444,1365,2280,65,210,89,42720,80446,30.3,11,9.7,20.3,23.5,29.5,5.5,15.4,12.5,12.8,12.2,19.5,3,1,1,0,1,1,3,263,1793,0.729699,17
17031170900,1970,652,704,644,32.7,171,14.4,70,10.7,245,12.4,350,206,10.5,581,29.5,136,232,299,1020,929,0,21,0,41054,64202,34.4,13.4,10,21.2,28.9,32.7,6.5,16.9,14.6,15.3,15.4,18.1,2,0,0,0,1,0,2,126,900,0.320777,17
17031171000,6829,2751,3099,837,12.3,225,5.6,185,6.7,791,11.6,1289,552,8.1,492,7.2,301,540,442,2296,3368,389,555,221,46073,86597,29.3,10.5,9.2,19,21.2,28.8,5.2,14.1,11.3,11.6,10,19.6,2,1,1,0,0,1,2,653,3136,1.3933,17
17031171100,4103,1305,1331,725,17.7,64,2.8,97,7.4,449,10.9,911,367,8.9,436,10.6,509,333,507,2031,1616,122,268,66,36371,95781,31.7,12.2,9.6,19.7,27.5,29.4,5.6,16.1,13.6,18.1,13.3,18.9,3,0,1,0,0,0,3,257,2045,0.664237,17
17031180100,6544,2198,2362,1503,23.4,62,1.8,172,7.8,922,14.1,1433,575,8.9,428,6.6,603,876,639,3469,2429,350,231,65,35158,86632,31.3,11.7,9.2,18.7,25.4,28.8,5.3,14.9,12.4,16.5,11.1,19,30,0,24,5,0,13,29,578,2761,1.06571,18
17031190100,2338,808,888,498,21.3,57,4.4,218,27,327,14,501,126,5.4,386,16.5,442,277,505,2052,164,68,24,30,28979,56713,34.5,14,9.1,18.1,33,28.5,5.4,16,14.7,27.7,12.8,18.3,3,0,0,1,1,0,3,596,877,0.316808,19
17031190200,5858,1599,1713,1716,29.5,255,8,251,15.7,587,10,1381,537,9.2,1251,21.4,797,554,718,4415,794,325,206,118,28821,80380,35.4,14.4,8.9,17.8,32.2,29.5,5.5,15.6,14.4,25.2,12.6,18.2,13,0,13,0,0,4,13,336,1954,0.659715,19
17031190300,5289,2008,2146,1019,19.3,115,3.9,333,16.6,810,15.3,911,427,8.1,764,14.4,1113,701,1033,3223,1540,178,206,142,30229,78750,32.9,12.5,9.1,18.3,28.5,28,5.1,15.3,13.4,21.9,11.8,19.2,9,0,5,2,1,1,9,466,1924,0.65995,19
17031190401,4119,1278,1358,685,16.7,132,5.5,94,7.4,388,9.4,799,415,10.1,601,14.6,603,397,434,2608,940,201,344,26,40568,115000,30.4,11.5,8.9,17.6,25.6,26.6,4.7,14.4,12.2,19.8,10,19.2,1,0,1,0,0,0,1,175,1682,0.655082,19
17031190402,4896,1783,1914,1269,25.9,101,3.7,251,14.1,535,10.9,1139,403,8.2,677,13.8,952,815,765,3331,1315,31,110,109,30703,63140,33.4,13.1,9.3,18.6,31.3,28.4,5.4,16.1,14.4,25.2,13.3,18.5,0,0,0,0,0,0,0,276,1853,0.653549,19
17031190601,3986,998,1151,523,13.1,239,10.6,73,7.3,414,10.4,834,470,11.8,764,19.2,942,423,1115,3336,576,74,0,0,26622,77316,33,12.4,9,17.7,30.6,25.9,4.6,15.9,13.8,27.6,11.6,19.5,8,3,3,0,0,1,8,51,1421,0.694471,19
17031190602,5554,1587,1664,1315,24.8,76,3,149,9.4,718,12.9,1505,481,9,704,13.2,685,576,800,4269,1055,89,11,130,23325,82232,33.6,12.7,8.6,17,29.5,27.2,4.8,14.9,13,24.4,10.8,19.2,0,0,0,0,0,0,0,701,1930,0.615871,19
17031190701,2835,866,988,574,20.2,34,2.5,123,14.2,286,10.1,862,313,11,367,12.9,459,358,490,2036,636,54,28,81,25382,68810,32.9,11.6,8.8,17.4,27.6,25.4,4.2,15,12.3,22.8,10.1,19.7,0,0,0,0,0,0,0,191,987,0.272437,19
17031190702,4707,1505,1540,1742,37.2,68,3.1,242,16.1,659,14,1342,468,9.9,970,20.6,1257,695,1006,3889,495,323,0,0,23213,62813,37.1,14.5,9.4,18.9,36.5,28,5.3,17.7,16.1,32.8,14.9,18.4,3,0,3,0,0,1,3,280,1478,0.388339,19
17031190800,6049,1974,2141,1734,29.8,181,5.9,346,17.5,719,11.9,1307,804,13.3,1244,20.6,953,991,892,4801,755,264,107,122,23876,52880,35.6,13.8,9,18,33.6,27.7,5.1,16.4,14.6,28.5,12.8,18.7,2,0,1,1,0,1,2,492,1998,0.660679,19
17031190900,1869,616,672,427,23,46,5.7,72,11.7,351,18.8,481,243,13,213,11.4,214,209,385,1387,222,152,108,0,25934,77778,32.1,13,8.3,16.1,28.3,28.2,5.2,13.6,12.6,22.5,9.8,18.3,0,0,0,0,0,0,0,204,805,0.314357,19
17031191000,2556,766,798,362,14.2,46,3.7,91,11.9,403,15.8,580,273,10.7,435,17,581,307,379,2373,128,50,5,0,21793,58182,33.9,13.1,8.7,17,32.6,26.6,4.7,15.8,14,29.8,11.9,19.3,2,0,2,0,0,1,2,700,832,0.434224,19
17031191100,6651,1950,2092,2505,37.8,37,1.4,292,15,563,8.5,2487,604,9.1,1075,16.2,1109,951,1028,5573,482,239,178,179,22053,51958,38.5,15.7,9.6,19.1,38.2,29.4,5.7,17.9,16.8,32.8,15.6,17.8,1,0,0,1,0,0,1,1138,2411,0.82202,19
17031191200,3775,1099,1145,1201,32,108,6.4,95,8.6,302,8,1234,378,10,870,23,932,372,899,3624,150,0,1,0,18383,51449,37.1,13.6,9.4,19.1,36.8,26.1,4.7,18.2,15.9,34.9,14.9,19,1,0,0,1,0,0,1,149,1148,0.70634,19
17031191301,5211,1617,1668,1202,23.1,16,0.6,258,16,913,17.5,1473,556,10.7,885,17,972,663,1192,4314,186,163,390,158,27055,69783,35.5,13.9,9.2,17.7,33.4,28,5,16.5,14.6,28.5,12.8,18.6,0,0,0,0,0,0,0,427,1732,0.675225,19
17031191302,4439,1207,1305,1175,26.8,107,4.6,257,21.3,486,10.9,1150,781,17.6,751,16.9,1170,535,1116,4185,229,25,0,0,21971,62146,36.9,14.3,9.3,18.4,36.7,27.8,5.1,17.6,15.8,32.9,14.7,18.5,0,0,0,0,0,0,0,467,1579,0.63111,19
17031200100,3666,1298,1440,724,20.2,150,7.5,141,10.9,528,14.4,916,330,9,328,8.9,418,414,447,2746,467,40,356,57,33425,81131,33.8,13.2,9,18,29.1,28.1,5,15.2,13.4,22.2,11.6,18.9,15,0,6,6,0,2,14,346,1538,0.584008,20
17031200200,4435,1638,1727,1142,25.7,66,2.8,229,14,802,18.1,904,460,10.4,869,19.6,855,738,1184,3470,667,124,163,11,29628,69335,35,13.2,9.1,18.4,31.8,26.8,4.8,16.3,14.1,26.7,12.3,19.1,1,0,0,1,0,0,1,1268,1673,0.818917,20
17031200300,1866,693,731,470,25.2,53,5.3,44,6.3,141,7.6,326,133,7.1,384,20.6,264,252,208,1525,167,139,0,35,25030,48977,34.4,12.9,8.7,17.7,29.5,26.5,4.6,15.4,13,23.5,10.8,19.5,1,0,1,0,0,1,1,210,760,0.250807,20
17031200401,3408,957,1026,988,29.3,97,5.7,156,16.3,510,15,937,252,7.4,549,16.2,604,324,727,2854,228,265,0,61,29144,69046,35.5,13.3,8.9,17.7,32.6,26.9,4.6,16.2,14,28.1,12.3,19.2,0,0,0,0,0,0,0,1067,1134,0.403513,20
17031200402,5072,1319,1406,845,16.7,122,4.3,52,3.9,408,8,1235,547,10.8,884,17.4,1213,327,1000,3825,958,64,179,46,28870,80784,33.8,12.7,8.9,17.6,31.3,25.8,4.5,15.8,13.8,28.2,11.8,19.3,3,0,1,0,2,0,3,294,1409,0.384167,20
17031210100,4194,1714,1821,430,10.3,50,1.7,172,10,293,7,662,253,6,430,10.3,400,350,346,1771,1989,105,233,96,70063,115018,27.5,7.3,8.7,19.3,17.5,20.5,2.9,14.3,8.9,11.1,8.6,23.7,35,17,12,1,0,5,28,2260,1820,0.85797,21
17031210400,2491,856,1048,1036,43.3,162,12.2,151,17.6,220,8.8,631,134,5.5,426,17.6,352,370,437,1824,502,83,54,28,32271,71183,35.6,12.8,9.6,20.4,32,28.1,5.3,17.9,14.4,24.2,14.6,19.3,24,0,19,4,0,16,21,626,1194,0.420612,21
17031210501,2866,1450,1629,866,30.2,110,5.5,250,17.2,229,8,379,274,9.6,495,17.3,494,598,490,1549,906,82,223,106,45425,76379,33.2,10,9.7,21.4,25.9,24.5,4.1,17.7,12.4,18.9,13.3,21.7,10,0,6,2,2,3,10,796,1453,0.308215,21
17031210502,4412,1528,1738,910,20.6,80,2.8,257,16.8,291,6.6,816,289,6.6,808,18.3,552,372,694,2623,1225,88,114,362,37355,78881,30.3,8.2,9.3,20.6,22.6,21.2,3.3,16.8,10.7,17,10.8,23,11,1,5,4,0,4,11,356,1538,0.350287,21
17031210601,2818,1110,1178,696,24.7,221,10.8,190,17.1,235,8.3,409,246,8.7,234,8.3,333,284,274,1141,1067,54,461,95,56560,84271,30.3,10,9.1,19.5,23.2,24.2,4,15.3,11.1,16.1,10.6,21,12,1,3,5,2,2,12,114,1148,0.267717,21
17031210602,4362,1643,1818,930,21.3,110,3.8,372,22.6,213,4.9,989,242,5.5,426,9.8,327,368,425,2449,1328,156,194,235,44980,87571,30.2,8.3,8.9,19.6,22.3,21.3,3.2,16,10.5,17.2,10.5,23.2,16,0,5,7,2,3,16,1128,1651,0.385781,21
17031210700,3724,1470,1582,341,9.2,127,5.3,253,17.2,340,9.1,636,309,8.3,495,13.3,94,492,321,1881,1629,36,106,72,52411,89196,27.2,6.7,8.6,19.5,16.9,19,2.6,14.5,8.4,11.2,7.8,24.5,17,0,13,4,0,7,16,533,1796,0.500624,21
17031210800,1142,440,470,66,5.8,74,8.8,46,10.5,45,3.9,203,72,6.4,238,21,107,115,191,537,495,21,2,87,52303,104701,28.8,7.5,8.9,19.8,19.4,20,2.8,15.4,9.6,14.1,9.4,24.1,1,1,0,0,0,1,1,270,549,0.159296,21
17031210900,3174,1487,1545,355,11.2,242,10.3,106,7.1,337,10.6,407,322,10.1,170,5.4,183,250,143,1229,1495,100,123,227,69613,101288,28,7.3,8.7,19.5,17.1,20.7,2.9,14.4,8.7,10.3,8.4,23.8,23,1,20,1,0,13,21,534,1478,0.566593,21
17031220300,1998,897,1027,250,12.7,32,2.2,68,7.6,143,7.2,264,110,5.6,65,3.3,54,194,73,507,1162,85,165,79,70548,101875,25.5,5.4,9,21.2,13.5,17.9,2.4,14.5,7.4,7.2,7,26,27,2,12,3,9,12,27,83,1177,0.325803,22
17031220400,2670,1199,1277,397,15,97,5.4,246,20.5,421,15.8,368,70,2.6,50,1.9,112,370,228,593,1682,117,154,124,84170,126273,26.3,6.5,8.9,20.7,14.9,20,2.9,14.2,8,8,7.4,24.6,38,2,19,12,5,14,34,327,1257,0.32925,22
17031220500,2810,1331,1452,452,16.2,120,6.1,279,21,315,11.2,361,262,9.3,60,2.1,80,380,45,728,1666,143,109,164,68680,102552,26,5.2,9.1,21.5,13.2,17.3,2.2,14.7,7.2,7.3,6.7,25.9,46,1,34,4,4,25,38,597,1553,0.347241,22
17031220601,1538,738,786,124,8.1,13,1.3,149,20.2,154,10,281,62,4,41,2.7,8,159,38,506,826,79,59,68,82613,134000,24.8,5.5,8.6,19.7,12.8,17.5,2.3,13.5,7,7.7,6,26.2,18,1,13,2,0,10,14,215,811,0.188443,22
17031220602,4316,2587,2843,759,17.6,132,4.7,1151,44.5,581,13.5,563,252,5.8,214,5,177,781,452,1064,2491,300,332,129,66211,77650,26.9,6.3,9.3,21.3,15.7,18.8,2.6,15.4,8.2,9.2,7.7,24.8,23,1,12,6,4,8,21,634,2333,0.452105,22
17031220701,3077,1167,1243,477,15.5,127,6.1,217,18.6,193,6.3,470,320,10.4,421,13.7,340,416,290,1796,1075,75,52,79,50334,77904,28.8,7.8,8.9,19.5,19.9,20.1,2.9,15.3,9.6,15,8.7,23.3,8,2,6,0,0,6,8,256,1184,0.260239,22
17031220702,3959,1645,1700,1121,28.3,139,5.4,244,14.8,199,5,719,187,4.7,475,12.1,365,543,674,2029,1596,165,139,30,44852,84167,32.1,8.8,9.3,20.9,23.6,22.1,3.3,17.1,10.9,16.5,11.5,22.6,82,5,58,14,1,35,71,998,1579,0.580256,22
17031220901,3090,1077,1182,934,30.4,148,7.8,224,20.8,291,9.4,587,219,7.1,434,14,374,499,633,2086,515,441,8,40,37963,96458,33.4,11.5,9.4,19.5,26.8,25.4,4.2,16.3,12.3,19.4,11.1,20,2,0,1,1,0,2,2,88,1076,0.292884,22
17031220902,3194,994,1123,916,28.7,77,4.5,125,12.6,182,5.7,914,185,5.8,258,8.1,288,402,369,2179,863,62,59,31,38804,82104,33.8,10.9,9.1,19.7,26.8,24.5,4,16.5,12.2,20,11.6,21.2,2,0,1,1,0,0,2,436,1152,0.330211,22
17031221000,2571,1079,1184,606,23.6,115,6.5,213,19.7,75,2.9,276,202,7.9,573,22.3,283,291,266,1333,1009,128,39,62,41180,91914,31.5,8.1,9.4,21.1,22.8,21,3,17.2,10.6,16.7,11.4,23.2,7,0,2,3,1,1,7,150,1111,0.219692,22
17031221100,4542,1979,2208,948,22,155,5.3,436,22,597,13.1,588,344,8,415,9.7,399,603,404,1743,2074,289,163,273,69198,104342,28.6,8,9,20.4,19,21.7,3.4,15.4,9.3,11.8,9,23.5,30,2,17,4,5,17,29,445,1899,0.440047,22
17031221200,2865,1250,1348,460,16.1,68,3.4,308,24.6,159,5.5,463,103,3.6,113,3.9,72,291,49,380,1761,369,133,222,69072,127795,27.5,5.6,9.4,22.1,15.2,17.7,2.3,15.8,8.1,9.3,8.1,25.5,67,7,22,24,4,23,62,399,1482,0.329873,22
17031221300,3011,1460,1628,741,24.8,88,4.4,459,31.4,369,12.3,345,174,5.8,367,12.2,305,437,207,1271,1337,112,166,125,70878,89158,27.4,5.5,9.3,22.4,16.1,17.2,2.3,16.6,8.3,10.6,8.8,26.2,11,0,6,3,0,6,11,561,1612,0.329952,22
17031221400,3083,1515,1690,475,15.4,91,3.9,506,33.4,136,4.4,461,233,7.6,211,6.8,135,499,131,855,1557,93,255,323,83541,100565,26.8,5.6,8.8,21,15.2,17,2.2,15.2,7.7,9.5,7.6,25.9,33,3,18,5,3,17,26,901,1680,0.355018,22
17031221500,2767,1344,1634,641,23.2,15,1,492,36.6,450,16.3,556,192,6.9,221,8,281,481,310,955,1392,348,8,64,68208,92193,28.3,8.4,9.1,20.2,19.5,22.9,3.7,15.1,9.7,11.7,9.2,22.4,15,1,8,3,1,7,13,418,1337,0.304648,22
17031221600,3389,1423,1586,301,8.9,90,3.9,226,15.9,270,8,719,108,3.2,84,2.5,98,264,25,718,2165,37,329,140,96650,145625,24.7,4.6,9,21.5,12.1,16.4,2,14.3,6.9,6.3,6.7,26.6,27,11,5,1,6,4,21,1467,1618,0.327633,22
17031222200,2243,1001,1047,104,4.6,43,2.5,195,19.5,67,3,443,61,2.7,148,6.6,16,125,100,188,1824,91,78,62,111662,176711,23.5,3.9,8.8,21.2,10,15.2,1.7,13.4,6,4.8,5.4,27.9,3,0,1,0,1,1,3,398,1168,0.230874,22
17031222500,1468,563,642,152,10.4,28,2.8,64,11.4,52,3.5,348,91,6.2,62,4.2,33,72,33,439,874,89,41,25,80069,159468,25.8,5.1,8.9,20.6,13,16.4,2,14.3,7,8.1,6.4,26.6,23,10,10,2,1,6,18,68,783,0.160714,22
17031222600,1608,767,829,241,15,67,5.8,160,20.9,101,6.3,259,109,6.8,197,12.3,126,192,93,500,854,81,84,89,61419,97632,28.3,6.4,9.2,21.4,17,18.8,2.5,15.8,8.6,10.6,9,25,16,1,10,1,4,4,16,89,802,0.16053,22
17031222700,2202,812,869,626,28.7,32,2.6,106,13.1,170,7.7,575,150,6.8,356,16.2,194,212,417,1181,752,139,42,88,47525,88158,31.9,8.5,9.8,21.6,22.4,22.4,3.4,17.3,10.8,14.5,11.6,22.4,13,3,5,2,1,4,12,138,1001,0.224511,22
17031222800,1052,452,476,296,28.2,75,11.9,56,12.4,31,2.9,223,120,11.4,109,10.4,76,155,100,671,197,168,4,12,44290,73403,34.5,9.8,9.8,21.3,27.1,23.3,3.4,18.5,12.4,20,13.6,21.9,6,0,6,0,0,3,6,73,458,0.111607,22
17031222900,986,375,440,199,20.2,58,9.1,90,24,43,4.4,150,86,8.7,70,7.1,99,103,97,612,316,50,0,8,49496,92386,30.4,8.3,8.8,18.4,20.4,21,3,15.1,9.8,15.5,8.9,23.2,5,0,5,0,0,2,4,143,560,0.21909,22
17031230100,1636,624,711,613,37.8,63,6.3,102,16.3,111,6.8,267,87,5.3,182,11.1,121,212,77,694,526,238,51,127,68352,84453,31.8,9.1,9.5,20.5,21.6,23.5,3.5,15.8,10.4,13.4,10.3,21.5,17,1,13,2,1,5,17,33,740,0.167349,23
17031230200,1977,680,737,362,18.3,33,2.9,82,12.1,106,5.4,378,150,7.6,113,5.7,274,225,146,1092,640,176,64,5,50297,96471,30.2,8.6,8.9,18.7,22,21.5,3.1,15.4,10.2,16.7,9.6,22.2,18,0,11,4,1,7,15,198,858,0.213371,23
17031230300,905,252,283,272,30.1,26,5.2,6,2.4,70,7.7,277,53,5.9,116,12.8,129,126,169,713,95,97,0,0,25427,68229,35,11.2,9.2,19.1,30.5,24.3,3.8,17.3,13.3,26.1,13.6,20.7,2,0,2,0,0,2,2,134,419,0.106514,23
17031230400,2116,739,777,810,38.3,35,4,65,8.8,268,12.7,524,242,11.4,182,8.6,218,347,277,1617,355,20,46,78,38436,104050,35.4,13.3,9,18.2,29.8,27.6,4.8,15.4,13.3,22.4,11.6,18.7,6,0,2,1,3,0,6,159,805,0.339248,23
17031230500,3080,1258,1350,1188,38.6,129,8.8,447,35.5,326,10.6,728,444,14.4,548,17.8,682,640,539,2466,140,229,243,2,22442,48371,38.4,16.2,9.4,18.2,37.1,30.7,5.8,17.1,16.2,30.2,14.5,17.5,1,0,0,1,0,0,1,654,975,0.529921,23
17031230600,8977,2037,2123,3979,44.7,559,13.1,441,21.6,532,5.9,3172,1031,11.5,2618,29.2,1791,700,1001,5606,942,2429,0,0,18308,59351,41.3,17.8,10.6,19.1,40.6,34.3,6.5,19.1,17.6,31,18.5,16.2,2,2,0,0,0,2,2,882,1920,1.00906,23
17031230700,5773,2005,2079,3211,56.7,280,11.3,456,22.7,577,10,1920,707,12.2,1224,21.2,793,1165,838,4336,427,527,416,67,23766,36820,43.2,19.8,10.1,20.1,43.6,35.3,7.5,19.3,19.2,32.6,19.4,16,1,0,0,1,0,1,1,403,1836,0.64721,23
17031230800,1029,362,387,291,28.3,38,7.4,15,4.1,82,8,218,136,13.2,173,16.8,173,167,72,823,126,55,0,25,30614,65648,33.9,12.8,9,17.8,28.6,27.2,4.7,15.3,13,22.2,11.1,19.1,0,0,0,0,0,0,0,185,535,0.203673,23
17031230900,4903,2024,2201,1233,25.3,189,6.3,394,19.5,341,7,995,402,8.2,603,12.3,583,700,359,2674,1542,509,136,42,38851,71224,32.4,10.4,9.5,19.4,24.3,24.8,3.9,16,11.4,17.3,10.7,20.8,32,1,10,19,1,9,29,254,2097,0.451062,23
17031231100,1362,418,461,373,27.4,35,4.9,90,21.5,218,16,305,196,14.4,297,21.8,204,138,131,477,28,850,7,0,36549,60859,40.2,16.3,11.5,18.6,33.8,36.2,5.8,18.4,15.2,20.4,15.9,15.9,0,0,0,0,0,0,0,161,453,0.179055,23
17031231200,5957,2078,2293,2722,45.7,279,11.1,651,31.3,779,13.1,1716,1040,17.5,565,9.5,892,1245,152,979,118,4556,2,302,16562,40122,45,19.5,11.7,19.7,41.6,39.2,7.2,20.7,18,26.2,21,15,1,0,0,0,0,0,1,465,1487,0.656092,23
17031231500,5809,2220,2581,2227,38.3,643,24.4,856,38.6,691,11.9,1452,1408,24.2,992,17.1,1074,977,252,1429,424,3827,129,0,23069,30637,44,18.9,12.8,19,37,41.7,7,20.1,16.6,18.9,19.6,14.2,2,0,1,1,0,1,2,2915,1573,0.998489,23
17031240200,1966,811,811,101,5.1,40,3.5,129,15.9,306,15.6,423,239,12.2,84,4.3,132,115,127,394,1288,35,106,143,99158,168862,25.1,5.9,9,20.9,14.1,19.6,2.8,14.3,7.8,7,7.9,25.1,8,0,6,1,0,3,7,244,853,0.165877,24
17031240300,1272,607,707,90,7.1,8,0.9,133,21.9,120,9.4,226,63,5,13,1,23,76,5,68,977,21,122,84,145927,171528,24,4.3,8.9,21.5,10.7,16.2,2,13.9,6.5,5.1,6.1,27.5,7,0,5,2,0,2,7,482,697,0.166372,24
17031240500,2515,1322,1322,126,5,25,1.2,134,10.1,44,1.7,294,80,3.2,0,0,27,96,0,186,1983,26,221,99,129229,184580,22.7,3,8.8,21.8,9.5,13,1.3,14,5.6,4.7,5.5,29.1,15,1,6,3,0,2,14,551,1662,0.23512,24
17031240600,1639,713,713,272,16.9,39,3.5,95,13.3,74,4.5,347,53,3.2,105,6.4,48,135,31,336,1036,74,147,46,101192,170625,26.6,5.3,9.1,21.6,14.1,17.1,2.1,15,7.5,7.9,7.6,25.8,30,4,10,4,11,10,28,183,849,0.16543,24
17031240700,1634,717,717,298,18.2,22,2,190,26.5,120,7.3,282,126,7.7,88,5.4,134,215,169,599,818,133,61,23,81375,95921,28.3,7.5,9,19.2,17.5,20.6,2.8,14.4,8.6,11.1,7.9,23.1,9,0,8,1,0,4,9,122,778,0.166241,24
17031240800,1480,654,721,198,13.7,28,2.7,92,14.1,68,4.6,269,115,7.8,57,3.9,29,160,65,380,766,53,91,190,57586,79643,28.9,7.4,9,20.2,17.2,20.4,2.8,14.7,8.7,10.7,7.9,23.5,39,7,24,3,4,16,36,108,831,0.165672,24
17031240900,1093,536,600,188,17.3,17,2.4,67,12.5,130,11.9,196,94,8.6,68,6.2,79,118,107,406,393,108,135,51,56888,100854,27.6,8.6,8.6,17.9,17.4,23.6,3.6,13,8.8,10.5,7.2,21.9,1162,657,247,147,33,101,406,1595,577,0.999629,24
17031241000,1792,826,937,360,22.1,56,4.3,193,23.4,210,11.7,182,157,9.6,195,11.9,139,260,174,766,746,75,103,102,65112,98304,29,7.7,9.3,20.1,19.3,21.6,3.3,15.5,9.3,11.9,8.6,22.5,18,3,13,2,0,10,16,788,1094,0.206943,24
17031241100,3650,1544,1753,793,21.8,121,4.7,327,21.2,248,6.8,495,232,6.4,254,7,117,280,194,1067,2056,277,89,161,67014,101016,30,6.2,9.5,22.2,18.5,19.1,2.4,17.2,9.1,11.3,10.7,25,21,0,11,4,5,7,19,261,1735,0.330639,24
17031241200,1698,869,924,224,13.2,37,2.8,235,27,133,7.8,140,143,8.4,27,1.6,84,151,31,223,1112,118,178,67,110888,151891,23.8,5.2,9,21.3,12.9,17.4,2.4,14.4,7,6.6,6.2,25.8,25,2,16,5,0,16,19,554,957,0.327941,24
17031241300,1888,767,819,244,13.9,31,2.4,142,18.5,168,8.9,289,94,5.4,0,0,34,113,45,292,1293,123,147,33,111321,173929,25,4.9,9.2,21.7,11.9,17.3,2.1,14.6,6.8,5.7,6.3,26.4,58,9,6,31,0,12,40,363,995,0.163871,24
17031241400,5584,2480,2539,440,7.9,163,3.8,511,20.6,318,5.7,661,206,3.7,139,2.5,197,361,202,397,4165,341,365,316,119183,186537,23.3,4.2,9,21.5,10.6,15.8,2,14.1,6.2,5.4,5.5,27.7,72,5,55,9,1,27,63,1882,2681,0.51902,24
17031241500,2823,1295,1501,202,7.2,95,4.2,246,19,35,1.2,332,110,3.9,116,4.1,110,104,51,332,2056,26,152,257,127754,190000,22.3,3,8.6,21.2,9.5,12.5,1.3,13.9,5.5,5.3,4.9,29.3,13,3,9,1,0,7,10,1469,1669,0.301014,24
17031241600,3397,1702,1760,544,16,83,3,419,24.6,78,2.3,195,97,2.9,173,5.1,16,456,68,650,2389,32,167,159,78286,117027,25.1,3.3,9.1,23.1,12.3,13.2,1.4,16.3,6.5,7.5,6.9,28.6,93,1,23,45,11,22,78,1295,1997,0.287198,24
17031242000,4378,2232,2459,330,7.5,166,5.1,744,33.3,638,14.6,332,411,9.4,47,1.1,227,235,130,420,2148,1008,516,286,88277,137333,25.1,6.1,8.9,19.4,13.5,20,2.7,13.7,7.2,7.3,6.3,24.7,17,0,10,3,1,9,15,823,2224,0.326301,24
17031242100,3817,2000,2125,566,14.8,112,3.9,351,17.6,56,1.5,505,253,6.6,179,4.7,66,400,112,723,2429,18,218,429,142691,219385,24.5,3.6,9,22.4,11.1,14.2,1.6,14.9,6.3,5.9,6.3,28.1,18,2,15,0,1,13,15,727,2166,0.327585,24
17031242200,4014,1911,2077,311,7.7,6,0.2,330,17.3,60,1.5,547,92,2.3,114,2.8,80,156,111,450,3144,148,96,176,97592,162976,24,3.5,9,22.2,10.8,14,1.6,14.7,6.3,6,6.3,28.5,29,1,23,4,1,19,24,811,2166,0.326839,24
17031242300,3805,1724,1877,434,11.7,51,1.9,183,10.6,335,8.8,641,143,3.8,145,3.8,145,535,108,639,2731,80,149,206,87227,116094,25.9,4.8,9.5,22.9,13,17.3,2.3,15.5,7.5,6.7,7.8,26.5,28,4,21,0,0,18,20,401,1772,0.328063,24
17031242400,2705,1492,1644,302,11.2,44,2,327,21.9,181,6.7,199,127,4.7,173,6.4,63,314,11,246,2218,47,145,49,71733,110795,24.7,4.5,9.3,22.7,11.5,17.1,2.3,14.6,6.9,5.4,6.4,26.4,34,4,21,4,0,18,31,1385,1518,0.327819,24
17031242500,3255,1537,1702,703,21.7,77,3.1,354,23,159,4.9,392,148,4.5,471,14.5,193,488,266,929,1902,234,133,57,63172,97438,28.7,6.8,9.3,21.5,17.1,20.7,3,15.6,9,9.8,9.6,24.5,46,4,34,7,0,26,33,228,1676,0.319651,24
17031242600,5512,2596,2670,1486,27,213,6.5,761,29.3,691,12.5,939,697,12.6,301,5.5,635,947,511,2153,2438,626,0,295,62177,96607,29.9,7.8,9.7,21.7,19.5,21.8,3.3,16.5,10,12.1,10.4,23.4,70,5,51,8,1,45,47,739,2413,0.464988,24
17031242700,1837,795,845,571,31.1,17,1.6,165,20.8,145,7.9,368,234,12.7,94,5.1,170,244,89,665,869,227,13,63,51088,82351,32.6,9.2,9.8,20.6,21.6,24.6,3.5,16.2,10.6,13,11,21.6,34,2,7,17,3,6,30,177,800,0.173778,24
17031242800,1450,670,724,104,7.2,23,2.3,67,10,153,10.6,210,93,6.4,47,3.2,76,128,92,316,1105,6,23,0,110212,180750,27,6.9,9.5,21.4,15.1,22.3,3.4,14.5,9,7.6,8.9,23.7,12,1,10,1,0,6,11,560,868,0.439417,24
17031242900,2032,851,961,108,5.3,38,2.7,98,11.5,108,5.3,384,180,8.9,67,3.3,88,115,103,420,1288,67,141,116,79517,141645,25.9,5.7,9.4,21.4,13.8,19.4,2.7,14.5,8,7.2,7.8,25,4,0,3,0,1,2,4,577,1033,0.323982,24
17031243000,2223,1059,1126,229,10.3,66,4.2,174,16.4,219,9.9,264,94,4.2,162,7.3,56,137,75,545,1260,21,220,177,73819,149280,26.5,5.4,9.1,21,13.6,18.1,2.3,14.4,7.6,7.2,7.4,25.4,13,3,7,3,0,6,13,1112,1236,0.32431,24
17031243100,2159,947,1037,197,9.1,66,4.3,140,14.8,205,9.5,340,52,2.4,62,2.9,95,262,187,814,1052,45,101,147,109887,125000,26.6,6.1,8.9,20.3,15.3,18.7,2.5,14.3,8,9.1,7.8,24.5,6,1,3,1,1,2,6,1745,1120,0.323707,24
17031243200,2329,1069,1162,173,7.5,38,2.2,115,10.8,82,3.5,337,104,4.5,114,4.9,71,293,74,507,1315,170,254,83,87291,123750,26.5,5.5,8.9,20.8,13.3,17.8,2.3,14,7.4,7.5,7.1,25.5,10,0,8,2,0,6,8,1810,1237,0.324293,24
17031243300,2285,1317,1381,242,10.6,51,2.8,400,30.4,28,1.2,291,57,2.5,265,11.6,141,324,60,444,1464,51,122,204,106901,128000,25,4.2,9.1,22,12.6,15.4,1.9,15.1,7.1,7.8,7.4,27.6,3,0,1,1,1,1,3,8640,1457,0.328832,24
17031243400,2931,1424,1565,510,17.4,79,3.5,447,31.4,196,6.7,284,94,3.2,141,4.8,156,391,215,765,1812,73,156,125,84738,125278,27.2,5.7,8.9,20.9,14.7,18.4,2.4,14.7,7.7,8.4,7.6,25.2,3,0,3,0,0,2,3,704,1541,0.326511,24
17031243500,4567,2315,2497,574,12.6,165,4.5,454,19.6,92,2,502,15,0.3,196,4.3,9,350,29,618,2962,598,245,144,117730,157283,23.7,3.5,8.9,21.3,10.1,14.4,1.5,14.1,5.9,5.1,5.6,28.1,9,1,7,1,0,4,8,3807,2695,0.655378,24
17031250200,3051,901,918,799,26.2,169,12.7,175,19.4,310,10.2,741,220,7.2,470,15.4,452,457,193,1607,82,1349,0,13,19105,45956,41.2,17.7,11.1,18,34.8,37.6,6.2,17.7,15.5,21.6,16,15.6,0,0,0,0,0,0,0,197,1102,0.499172,25
17031250300,4844,1604,1780,1960,40.8,211,8.9,262,16.3,841,17.4,1183,745,15.4,650,13.4,821,661,378,1253,292,3055,142,102,23736,60573,40.8,17.3,11.9,18.3,34.7,38,6.2,18.5,15.6,21.5,16.8,15.2,2,0,2,0,0,1,2,198,1708,0.61756,25
17031250400,5513,2030,2280,2125,38.5,415,16.5,552,27.2,1074,19.5,1002,1103,20,398,7.2,693,1144,211,1160,193,4160,0,0,24616,47723,42.8,19,12.2,18,34.9,42.2,6.8,18.4,15.8,17.6,17.4,14.3,2,0,2,0,0,1,2,537,2042,1.30561,25
17031250500,6903,2805,3059,978,14.2,182,4.7,288,10.3,952,13.8,1484,607,8.8,462,6.7,506,761,294,2393,2592,1599,84,235,45969,102237,31.7,12.1,9.8,17.3,21.1,32.4,5.1,13.3,11,10.4,9.3,17.6,13,0,12,1,0,6,13,1467,3526,2.06034,25
17031250600,4542,1290,1433,1553,34.8,180,9.6,206,16,899,19.8,1253,870,19.2,292,6.4,472,547,116,967,18,3556,0,1,32183,,41.2,18.4,11.9,16.7,31.7,42.9,6.6,16.9,14.2,14.4,15.1,14,1,0,1,0,0,1,1,173,1693,0.648431,25
17031250700,6466,2239,2520,2739,43.3,296,10.5,569,25.4,772,11.9,1531,1080,16.7,814,12.6,726,1301,77,1465,109,4778,0,114,22584,50858,45,21,12.9,18.4,39.4,45.3,7.7,19.9,17.4,19.2,20.9,13.2,0,0,0,0,0,0,0,98,1945,0.660818,25
17031250800,2693,787,881,770,28.6,131,9.5,212,26.9,393,14.6,499,538,20,294,10.9,291,325,59,358,9,2286,6,34,24341,77414,42,18.2,12.1,17.9,34.1,40.8,6.5,18.3,15.2,18,16.3,14.7,0,0,0,0,0,0,0,629,938,0.574133,25
17031251000,1380,426,434,709,51.4,110,20.6,115,27,124,9,424,160,11.6,218,15.8,187,238,9,404,0,976,0,0,19921,40625,44.3,19.4,12.9,18.8,39.5,42.7,7.3,20.6,17.3,20.4,21,13.8,0,0,0,0,0,0,0,412,416,0.468199,25
17031251100,4544,1754,1850,1772,39.1,156,7.5,452,25.8,1006,22.1,1073,945,20.8,256,5.6,852,873,241,1294,7,3165,2,76,24878,43370,43.8,19.7,12.9,18.7,38,43.2,7.3,19.7,16.8,19.2,19.2,13.4,0,0,0,0,0,0,0,99,1434,0.496154,25
17031251200,3840,1200,1348,1203,31.3,324,19,323,26.9,664,17.3,691,1203,31.3,999,26,540,467,289,1288,13,2539,0,0,27047,60064,39.7,16.9,12.1,17,32.6,40.1,6.1,17.8,14.4,16.8,15.5,14.7,0,0,0,0,0,0,0,120,1394,0.661822,25
17031251300,4915,1498,1747,1671,34,181,9,249,16.6,925,18.8,998,1435,29.2,369,7.5,535,703,21,559,127,4148,0,81,23987,43138,41.8,16.9,12.4,17.8,32.3,40.4,5.9,18.6,14.3,14.7,16.4,14.5,0,0,0,0,0,0,0,152,1653,0.653021,25
17031251400,3712,2130,2258,1228,33.2,244,14,1002,47,1043,28.1,603,910,24.5,199,5.4,263,975,63,166,385,3134,0,27,26739,24160,45.2,21.6,13,18.5,39,47.3,8.3,19.7,17.2,15.7,20.8,12.5,5,1,3,0,0,2,5,120,1312,0.687643,25
17031251500,4324,1357,1528,1692,39.4,519,26.2,600,44.2,445,10.3,1088,873,20.2,600,13.9,830,766,270,920,43,3245,42,74,22725,54938,42.6,16.6,12.8,18.5,33.5,40.1,5.8,19.6,14.8,15.5,17.9,14.7,0,0,0,0,0,0,0,193,1250,0.684223,25
17031251600,4456,1240,1430,2593,58.2,208,13.2,431,34.8,457,10.3,1599,807,18.1,514,11.5,409,652,140,1243,343,2755,0,115,17716,46869,45.9,20.2,13.2,19.2,39.1,44.1,7.4,20.9,17.2,18.3,21.3,13.5,0,0,0,0,0,0,0,169,1087,0.480408,25
17031251700,1291,422,483,378,29.3,54,7.8,37,8.8,185,14.3,225,333,25.8,137,10.6,158,147,97,303,32,956,0,0,45537,55750,40.7,15.6,11.6,17.8,32.8,36.9,5.6,18.7,14.2,18.5,16,16.1,0,0,0,0,0,0,0,93,465,0.482258,25
17031251800,5399,1740,2018,3509,66.2,434,18.9,814,46.8,469,8.7,1641,793,14.7,430,8,506,1227,24,323,8,4960,0,108,16367,34220,48.5,20.6,13.9,19.9,41.5,45.8,7.4,22.7,17.9,17.1,24.4,12.9,1,0,0,1,0,0,1,681,1477,0.99681,25
17031251900,5086,2344,2570,2925,57.5,454,18.4,1255,53.5,569,11.2,1184,658,12.9,626,12.3,297,1371,18,217,84,4646,0,139,24161,42677,48.7,19,14,20.8,39.8,43.4,6.6,23.4,17.4,16.6,24.4,13.6,1,0,1,0,0,1,1,258,1581,0.631476,25
17031252000,6308,2584,2799,2351,38.1,787,27.5,1239,47.9,917,14.5,1616,1187,19.2,283,4.6,872,1266,114,379,439,5386,5,99,21004,36645,45.4,19.6,13.7,19.1,37.4,44.8,7,20.8,16.6,14.8,21,12.9,0,0,0,0,0,0,0,871,1708,0.624629,25
17031252101,1492,683,781,500,33.9,81,14.3,177,25.9,363,24.3,243,331,22.2,210,14.1,159,311,10,27,16,1375,0,74,26163,51250,41,15.7,12.4,17.1,28.6,40.8,5.5,17.9,12.8,10.5,14.8,14.7,154,68,30,34,14,10,104,231,578,0.849927,25
17031252102,7020,2203,2416,3003,42.8,330,11.7,946,42.9,843,12,2251,960,13.7,1473,21,684,1273,254,1357,0,5295,0,368,21807,52049,45.4,19.5,13.6,18.8,36.6,45,7,20.6,16,13.7,19.5,13,0,0,0,0,0,0,0,227,1927,0.670254,25
17031252201,3258,1063,1237,1138,39.7,428,29,253,23.8,515,15.8,723,361,12.6,128,4.5,322,511,12,67,116,3062,7,6,23838,49100,43.9,21.1,12.8,17.4,36,47.1,8.1,18.3,16.1,14,17.7,12.5,0,0,0,0,0,0,0,404,855,0.386474,25
17031252202,4945,1828,1958,2226,45.2,480,20.4,466,25.5,514,10.4,1502,871,17.6,459,9.3,418,933,0,76,40,4717,99,13,23383,46875,44.9,18.4,13.1,18.5,35.3,43.7,6.6,20.2,15.3,13.6,19.1,13.6,0,0,0,0,0,0,0,732,1360,0.637137,25
17031260100,1016,592,754,461,45.4,66,16,435,73.5,262,25.8,114,281,27.7,135,13.3,244,298,0,54,22,928,3,9,22863,15817,46,25.1,13.5,18.1,40.6,51.9,10.1,19.4,18.8,15.6,21.8,11.1,0,0,0,0,0,0,0,183,439,0.325284,26
17031260200,1232,372,469,471,38.4,25,4.3,83,22.3,138,11.2,278,236,19.2,90,7.3,283,175,32,149,6,1064,0,13,23371,49250,43.3,17.7,13.4,18.8,36.6,41.6,6.3,20.9,16.2,17.1,20.7,14.1,1,0,1,0,0,0,1,2035,382,0.328067,26
17031260300,1878,574,657,1137,60.6,101,14.9,195,34,143,7.6,651,344,18.3,209,11.1,419,309,28,223,45,1607,0,3,16585,,45.1,19.1,13.2,18.6,37.7,43.9,6.9,20.9,16.5,16.7,21.3,13.7,0,0,0,0,0,0,0,198,445,0.329396,26
17031260400,939,455,588,527,56.1,75,25.4,169,37.1,154,16.4,138,326,34.7,40,4.3,321,328,12,109,0,810,0,20,11257,,51.5,24.6,14.7,20.9,48,50.2,9.4,24.4,21.3,21.1,30.1,11.9,2,0,0,2,0,1,2,144,460,0.32763,26
17031260500,1767,623,764,1030,58.4,157,19.1,221,35.5,278,15.7,430,385,21.8,110,6.2,238,509,0,36,4,1727,0,0,23999,54417,47.8,20.3,13.7,19.7,37.9,45.4,7.1,21.5,16.7,14.8,21.7,13.1,0,0,0,0,0,0,0,164,459,0.336928,26
17031260600,2398,691,933,1251,53.8,326,32.4,180,26,313,13.1,731,547,22.8,228,9.5,387,450,8,62,30,2297,9,0,20971,50368,47,20.5,14.3,20.5,41,44.7,7.9,23.1,18.5,18.8,23.9,13,0,0,0,0,0,0,0,74,592,0.312705,26
17031260700,1524,555,694,600,39.4,71,12.2,118,21.3,291,19.1,214,508,33.3,100,6.6,383,274,13,43,14,1467,0,0,28087,67986,45,19.5,13.6,19.5,38.9,43.8,7.4,21.4,17.5,17.8,22.6,13.5,0,0,0,0,0,0,0,54,542,0.329035,26
17031260800,2001,673,961,1013,50.6,309,38.2,311,46.2,232,11.6,568,426,21.3,327,16.3,165,377,0,9,118,1851,0,23,21180,35462,48.8,22.3,14.2,20.2,40.7,47.8,8.1,22.4,18.4,15.4,24.1,12.6,0,0,0,0,0,0,0,80,688,0.327433,26
17031260900,1351,426,590,863,69.3,94,20.6,189,44.4,73,5.4,265,233,18.7,154,12.4,97,283,0,58,108,1165,0,20,17939,23495,50.5,22.1,14.2,20.7,41,47.4,7.9,23,18.7,15.8,26,13.1,0,0,0,0,0,0,0,155,458,0.227926,26
17031261000,2268,949,1141,843,37.4,133,12,384,40.5,321,14.2,508,427,18.8,60,2.6,211,434,72,137,0,2131,0,0,24727,47708,44.8,19,13.7,19.1,35.8,43.7,6.7,20.7,16.1,14.3,19.7,13.3,0,0,0,0,0,0,0,201,716,0.505857,26
17031270500,1380,625,716,990,71.7,78,19.9,315,50.4,286,20.7,480,311,22.5,38,2.8,295,484,0,0,14,1366,0,0,15601,24181,51.4,25,15.1,21.4,47.1,50.2,9.7,24.4,21.5,20.1,29.5,11.4,0,0,0,0,0,0,0,185,477,0.562314,27
17031271200,1384,393,467,636,46,124,22.5,141,35.9,143,10.3,284,160,11.6,127,9.2,195,143,0,34,118,1219,13,0,17795,32905,45,17.9,13.4,19.4,34.1,41.9,6.3,20.5,15.5,14.3,19.4,13.9,0,0,0,0,0,0,0,231,410,0.329083,27
17031271300,964,360,402,510,52.9,79,15.3,102,28.3,155,16.1,203,140,14.5,47,4.9,106,208,0,34,7,854,3,66,23654,45488,43.3,14.8,13.6,20.1,32.1,37.6,5,21.4,14.2,13.4,18,14.8,1,0,1,0,0,1,1,0,366,0.327643,27
17031271400,1359,515,581,568,42.1,133,24.6,230,44.7,139,10.2,358,260,19.1,199,14.6,83,255,0,49,213,993,0,104,27495,41591,44.7,18.4,13.3,19.5,35.5,42.6,6.6,20.5,15.8,13.9,19.2,13.5,3,0,2,0,0,2,3,455,511,0.32798,27
17031271500,1470,528,546,383,26.1,36,5.8,130,24.6,193,13.1,275,346,23.5,152,10.3,245,197,13,115,40,1215,0,100,24804,52390,42.1,17.2,13.1,18.2,31.4,41.6,6,18.9,14.4,12.5,16.7,13.9,0,0,0,0,0,0,0,67,533,0.162807,27
17031271800,656,236,328,128,19.5,20,6.9,47,19.9,55,8.4,194,67,10.2,56,8.5,40,105,0,14,16,626,0,0,23917,90331,36.8,10.9,12.5,17.6,23.8,32.1,3.4,18.4,10.6,9.7,12,16.8,0,0,0,0,0,0,0,125,322,0.205957,27
17031280100,7730,5289,5464,419,5.4,147,2.1,2499,47.2,275,3.6,350,259,3.4,207,2.7,26,755,103,528,5334,165,1415,288,163960,146383,21.6,3.3,8.5,20.6,9,13.8,1.5,13.1,5.3,4.2,4.6,28.1,41,16,15,4,1,11,33,23824,4078,0.612148,28
17031280400,1423,544,592,507,35.9,6,0.8,209,38.4,205,14.4,386,270,19,64,4.5,177,201,0,97,174,1128,24,0,24901,40699,41.6,15.6,13.4,20.1,31.8,38.3,5.2,20.4,14.4,13,17.7,14.7,14,0,10,4,0,5,12,2288,499,0.501074,28
17031280800,852,387,464,422,50.3,53,12.6,168,43.4,101,11.9,168,213,25.4,26,3.1,84,202,0,68,61,660,0,63,24573,30231,42.3,16.6,13.3,19.4,32.1,39.9,6.1,20.1,14.3,12.9,17.1,13.9,0,0,0,0,0,0,0,55,428,0.237729,28
17031280900,1122,379,426,512,45.6,14,2.7,97,25.6,67,6,393,165,14.7,218,19.4,36,139,43,27,105,866,103,21,90052,46471,37.4,10.1,12.5,20.3,22.3,29.6,3.3,18.7,10.4,8.6,11.8,17.1,0,0,0,0,0,0,0,60,410,0.114688,28
17031281900,6749,4133,4691,426,6.4,166,3,1679,40.6,180,2.7,525,238,3.5,71,1.1,53,811,19,830,3251,351,2099,218,98303,121838,19.8,3.5,8,18.5,10.9,13.4,1.4,13.1,5.4,4.9,4.9,24.3,11,7,2,0,0,4,9,34577,3171,0.438089,28
17031282700,2243,957,1147,524,23.6,119,7.7,147,15.4,166,7.4,334,203,9.1,132,5.9,63,402,57,540,637,785,192,89,59072,103942,29.5,7.4,9.7,18.6,18.4,22,2.6,15.8,8.5,9.9,8.7,20.9,0,0,0,0,0,0,0,383,1056,0.438564,28
17031282800,1498,562,743,633,42.3,77,9.3,134,23.8,92,6.1,283,32,2.1,202,13.5,69,113,45,721,451,85,203,38,51662,110313,28.6,8.3,9.3,19.8,21.9,22.8,3.4,16.6,9.8,11.8,10.5,20,0,0,0,0,0,0,0,245,711,0.16452,28
17031283100,2729,1353,1519,1300,47.6,149,10.7,535,39.5,423,15.5,200,400,14.7,277,10.2,278,741,267,530,630,572,890,107,39162,,26.9,8.9,9.7,19.5,22.4,24.1,3.5,16.7,9.7,9.8,10.4,17.9,6,1,1,1,2,2,6,328,878,0.216578,28
17031283200,1727,778,840,494,28.6,103,10.2,278,35.7,79,4.6,388,137,7.9,16,0.9,33,374,24,85,459,895,194,94,53234,66404,28.2,8.5,9.8,18.9,18.4,24.6,3.2,15.4,8.9,7.5,8.9,19.6,9,1,3,1,3,3,9,63,654,0.236,28
17031283800,3504,1631,1683,1289,36.8,84,4.2,344,21.1,272,7.8,840,274,7.8,209,6,195,408,50,200,900,2080,315,9,53322,85972,34.5,11.4,10.9,20,23.4,30.4,4.2,16.9,11.3,9.8,12.5,17.9,3,0,2,0,0,2,3,272,1402,0.376377,28
17031290900,4241,1388,1729,2210,52.1,391,21.1,632,45.5,323,7.6,1236,980,23.1,304,7.2,619,773,19,19,64,4138,0,20,16945,57753,46.8,18.5,14,20.3,38.1,42.4,6.2,22.5,16.7,16.1,22.3,13.7,3,0,2,1,0,1,3,336,1197,0.995522,29
17031291200,1312,659,951,739,57.4,61,8.7,279,42.3,203,15.5,234,235,17.9,143,10.9,224,345,0,54,1,1257,0,0,17836,,46.4,16.9,14.4,21,35.8,40.3,5.5,23,15.9,15.1,21.1,13.9,2,0,1,1,0,1,2,61,691,0.328873,29
17031291600,1429,562,653,220,15.6,70,10.4,80,14.2,251,17.6,326,202,14.1,81,5.7,365,111,89,1021,263,145,0,0,29536,118906,34.4,11.6,9.8,19,28,26.4,4.3,17,12.9,22.6,13.3,20.1,1,0,0,1,0,0,1,169,446,0.220307,29
17031292200,2540,975,1237,1176,46.3,132,11.4,387,39.7,226,8.9,612,443,17.4,354,13.9,289,484,0,343,72,1889,21,215,31965,50547,44.4,17.3,13.4,19.5,34.9,40.9,6,21.2,15.5,15.1,19.6,14.3,0,0,0,0,0,0,0,8,843,0.394768,29
17031292400,1765,693,932,816,46.2,54,6.6,240,34.6,194,11,387,255,14.4,275,15.6,203,398,8,52,346,1366,1,0,37714,41733,44.7,17.9,13.4,19.4,35.1,41.7,6.3,20.9,15.6,15.1,19.4,14.1,0,0,0,0,0,0,0,580,714,0.331327,29
17031292500,3461,1518,1792,1244,35.9,291,18.9,462,30.4,549,15.9,731,892,25.8,841,24.3,361,737,0,590,29,2642,0,200,29740,56283,41.7,17.7,12.9,17.7,32.2,42.6,6.5,18.4,14.6,13.2,16.3,13.5,0,0,0,0,0,0,0,1468,1108,0.984414,29
17031300500,3240,954,1025,1371,42.3,120,7.7,152,15.9,508,15.7,721,173,5.3,777,24,806,327,839,3029,148,63,0,0,23730,87721,38.2,15.8,9.3,17.9,37.4,30.4,5.8,17,16,32.4,14.9,17.7,0,0,0,0,0,0,0,271,749,0.269874,30
17031300600,2844,943,1004,1012,37,145,11.5,213,22.6,240,8.4,638,431,15.8,675,24.8,806,394,445,2334,115,359,0,36,25271,59097,39.8,17,10.1,19.3,41.7,31.7,6.4,19.1,18,35.5,17.6,16.9,0,0,0,0,0,0,0,324,818,0.327806,30
17031300700,4791,1668,1810,1591,33.2,311,12.2,312,18.7,421,8.8,1193,396,8.3,1185,24.7,1158,933,1344,4545,21,0,225,0,23469,48435,36.2,14,8.9,17.7,35.4,27.1,5,16.7,14.9,31.9,13.1,18.7,0,0,0,0,0,0,0,269,1136,0.33011,30
17031300800,4192,1207,1299,2458,58.6,80,5.5,207,17.1,428,10.2,1620,252,6,1313,31.3,802,775,1075,4112,57,0,0,23,19827,36349,42.4,19.5,9.5,19.3,46.5,33.4,7.3,19.1,19.8,40.5,19.3,16.4,1,0,1,0,0,0,1,195,1003,0.325634,30
17031300900,3937,1582,1767,1747,44.4,58,3.9,194,12.3,922,23.4,865,758,19.3,701,17.8,1035,982,940,3817,119,1,0,0,18541,32378,39.1,16.5,9.2,18.8,40.3,29.9,6,18,17.2,35.9,15.9,17.7,1,0,1,0,0,1,1,445,1085,0.32686,30
17031301100,2409,769,845,709,29.4,55,5.4,122,15.9,303,12.6,599,318,13.2,317,13.2,829,350,575,2010,304,95,0,0,19987,52881,37.2,14.4,9.7,19.5,37.8,27.7,5.4,18.6,16.4,34.7,16,18.5,1,0,1,0,0,1,1,72,656,0.217731,30
17031301200,5209,1510,1673,2217,42.6,422,17.6,382,25.3,583,11.2,1410,756,14.5,649,12.5,962,677,863,3930,335,786,43,115,26217,48160,37.5,14.5,9.5,18.5,35,29.1,5.3,17.4,15.1,28,14,18.3,1,0,1,0,0,0,1,401,1068,0.48704,30
17031301600,3247,1420,1512,1293,39.8,277,21.2,453,31.9,1081,33.3,427,825,25.4,505,15.6,1067,883,1321,2989,121,104,1,32,27593,43077,39.6,17.7,9.2,18.5,42.7,31.1,6.6,18,18.2,38.3,16.7,17.2,0,0,0,0,0,0,0,147,1094,0.329339,30
17031301701,4205,1406,1456,1303,31,136,6.6,348,24.8,856,20.4,766,822,19.5,857,20.4,1375,538,1122,3702,409,0,94,0,26073,58678,35.8,14.7,8.7,17.1,35.5,27.9,5.3,16,15.3,32.9,12.8,18.6,0,0,0,0,0,0,0,323,993,0.330665,30
17031301702,4086,1283,1301,2007,49.9,175,9.8,219,17.1,510,12.5,1187,281,6.9,1018,24.9,986,273,887,4011,75,0,0,0,26951,76579,40.1,17.3,9.3,18.9,43,30.4,6.2,18.5,18.2,38.8,17.1,17.2,0,0,0,0,0,0,0,113,965,0.330747,30
17031301801,4086,1185,1246,1711,41.9,184,12.5,300,25.3,550,13.5,1088,210,5.1,691,16.9,661,553,687,4010,74,2,0,0,17733,51235,36.4,14.5,8.6,17.4,34.5,27.6,5.1,16.1,14.7,30.3,12.2,18.8,2,1,1,0,0,2,2,263,997,0.689674,30
17031301802,2623,849,970,1096,41.8,71,7.1,242,28.5,481,18.3,817,201,7.7,380,14.5,548,428,436,2534,78,11,0,0,23521,32165,38.7,16.3,8.9,18,39.1,29.9,6,17.1,16.5,34.3,14.9,17.8,0,0,0,0,0,0,0,378,796,0.347841,30
17031301803,3168,1203,1347,694,21.9,184,13,283,23.5,837,26.4,624,251,7.9,342,10.8,592,491,396,3131,37,0,0,0,27747,62102,34.9,12.8,8.7,17.4,33.3,25.1,4.3,16.2,14.1,31.2,11.8,19.6,0,0,0,0,0,0,0,378,1100,0.35063,30
17031310200,1824,750,822,163,9,84,5.7,114,15.2,103,5.6,175,70,3.8,121,6.6,144,143,30,730,647,92,271,84,65896,104167,26.3,6.6,8.6,18.5,15.2,19.2,2.6,13.6,7.7,9.8,6.6,24,0,0,0,0,0,0,0,932,746,0.319821,31
17031310300,1836,784,848,435,23.7,2,0.2,184,23.5,262,14.3,362,185,10.1,184,10,431,269,432,1399,319,54,33,31,44835,78906,31.7,11.1,9.4,19.6,26.2,25.3,4.6,16.2,12.2,19.1,11.1,20,36,3,17,14,1,9,33,784,711,0.323557,31
17031310400,1456,660,730,410,28.2,102,10.7,111,16.8,79,5.4,223,107,7.3,194,13.3,164,208,199,986,334,6,39,91,62893,83271,30.1,8.1,9,20.1,21.9,20.4,3.2,16.2,10.2,16.7,9.4,22.6,2,0,1,1,0,1,2,108,618,0.123076,31
17031310500,1599,618,673,514,32.1,97,10.7,170,27.5,220,13.8,210,158,9.9,409,25.6,337,166,367,1362,214,12,11,0,37812,63070,34.1,10.8,9.4,20.4,29.7,23.7,4.1,18.2,13.1,25.4,13,20.9,6,0,5,0,0,1,6,674,535,0.1576,31
17031310600,5542,2349,2584,1516,27.4,197,5.8,545,23.2,639,11.5,786,571,10.3,538,9.7,891,665,797,3364,1557,116,386,119,45300,86938,30.8,9.7,8.8,18.8,23.9,22.9,3.7,15.6,10.7,18.1,9.5,21.5,8,0,7,1,0,3,8,1255,1921,0.543087,31
17031310700,1354,600,681,584,43.1,116,14.1,272,45.3,135,10,208,194,14.3,259,19.1,243,275,410,836,254,91,127,46,29892,76111,33.4,11.2,9,19,27.2,24.9,4.3,16.1,12.1,21.9,11.3,20.6,5,0,4,0,0,2,5,127,582,0.160078,31
17031310800,4633,1739,1888,1594,34.4,213,7.9,354,20.4,389,8.4,915,369,8,770,16.6,822,624,1055,3392,921,15,231,74,38094,69435,31.3,9.9,8.9,19,26,22.4,3.8,16.1,11.6,21.9,10.2,21.2,4,3,0,1,0,3,2,504,1380,0.332087,31
17031310900,4914,1847,2093,1859,37.8,247,8.6,404,21.9,687,14,995,648,13.2,635,12.9,748,528,757,3724,894,121,14,161,40927,84571,34.5,12.4,9.2,19.2,30.1,26,4.8,16.7,13.5,24.7,12.2,19.7,15,1,9,5,0,7,15,1051,1614,0.484612,31
17031320101,8705,5038,6279,413,4.8,279,5.2,1645,32.7,2011,23.1,760,789,9.1,748,8.6,350,926,678,890,4602,485,1963,765,134160,125862,22.3,7.2,8.6,18,13.4,24,3.8,11.6,7.7,5.3,5.9,20.2,104,37,27,22,0,26,73,14813,4090,0.460646,32
17031320102,5429,2548,2657,1297,23.9,54,1.4,2035,79.9,35,0.6,404,233,4.3,135,2.5,0,556,0,618,3180,52,1391,188,83678,97725,22.6,5.1,8.6,19.9,13.7,17.6,2.5,14.2,6.9,6.4,6.3,23.2,398,145,95,113,9,116,198,64597,2116,0.470042,32
17031320400,3004,812,1086,139,10.8,206,11.5,266,32.8,362,12.1,68,216,7.2,377,12.5,20,107,29,252,1747,407,494,104,55986,145278,22.7,6,10,22.6,15.4,18.7,3,17.9,8.2,6.6,7.3,22.9,519,112,251,81,34,150,219,39384,941,0.799793,32
17031320600,6116,3653,4102,816,13.7,208,4.9,1794,49.1,516,8.4,427,529,8.6,193,3.2,0,599,2,871,3297,630,1138,180,87717,118670,22.6,5.2,8.9,19.5,12,17.9,2.2,13.6,6.4,4.9,5.3,22.9,149,50,29,27,19,44,88,3484,2871,0.592536,32
17031330101,5011,2740,3004,333,6.6,66,1.9,165,6,1007,20.1,499,140,2.8,377,7.5,100,266,276,465,2774,145,1243,384,125138,171388,23.1,7.6,8.5,17,13.2,23.8,3.2,11.1,7.4,4.5,6,19.3,1852,261,576,866,54,340,693,4340,2169,2.28913,33
17031330102,9617,6171,6620,511,5.3,210,3.1,1893,30.7,1191,12.4,1002,864,9,164,1.7,343,1626,35,669,4418,2569,1404,557,87026,120182,23,5.5,8.8,18.5,11.7,19.1,2.3,12.7,6.4,5.1,5.5,23.3,31,4,7,12,6,7,29,2696,5123,0.414111,33
17031330103,8471,4812,4812,1457,17.5,0,0,960,20,505,6,965,600,7.2,351,4.2,289,635,49,150,4930,2462,747,182,82058,97758,27.1,6.8,9.5,18.7,13.7,22.2,2.5,13.4,7.2,5.4,6.4,21.4,52,2,24,21,0,13,50,1542,3785,0.503375,33
17031330200,3969,1786,1978,720,18.1,73,3.6,421,23.6,564,14.2,1014,324,8.2,82,2.1,195,311,32,147,1842,1142,569,269,100159,143558,26.6,11.7,9.3,16.2,18.4,32,4.8,11.8,9.2,5.8,7.7,15.9,51,4,36,7,2,17,49,636,1833,0.794373,33
17031340300,1698,693,738,526,31,32,4.4,179,25.8,399,23.5,337,123,7.2,130,7.7,349,307,538,261,221,0,1210,6,35313,53030,20.1,17.1,7.5,13.4,31.3,33.7,6.8,12.1,12,10.8,11.5,10.9,0,0,0,0,0,0,0,44,761,0.208103,34
17031340400,1630,685,719,725,44.9,68,9,164,23.9,369,22.6,269,109,6.7,257,15.8,251,307,479,64,401,123,901,141,22571,40583,23.9,18.6,7.9,15,35.6,34.1,6.8,14.5,13.5,12.2,15.9,11.3,0,0,0,0,0,0,0,149,699,0.290493,34
17031340500,1558,955,1049,609,39.1,21,2.9,392,41,649,41.7,84,287,18.4,116,7.4,247,237,362,132,729,94,559,44,54205,62288,24.8,19.1,8.4,16.4,32.2,39.4,9.3,13.3,13.6,12.6,12.2,13.2,1,0,0,1,0,0,1,158,595,0.432251,34
17031340600,1317,474,489,987,75.3,182,31.4,259,54.6,128,9.7,440,244,18.5,98,7.4,149,203,38,0,92,1083,77,65,11095,21279,49.2,24.1,15.2,21.5,43.9,49.5,9.2,23.4,19.9,15.4,24.7,11,0,0,0,0,0,0,0,610,362,0.491817,34
17031350100,2439,1509,1696,392,16.1,115,7.2,763,50.6,261,10.7,58,173,7.1,95,3.9,0,712,80,0,152,714,1468,105,52939,58295,25.2,7.8,8.9,15.1,16.4,23.6,2.7,13.1,6.9,5.8,5.9,16.9,28,1,22,2,2,10,28,40,794,0.582378,35
17031350400,1777,674,735,1014,57.1,143,21.8,419,62.2,106,6,644,341,19.2,195,11,291,255,13,87,9,1681,0,0,14201,20515,49.3,18.9,15.4,22.8,41,42.3,6,25.2,18.5,17.4,25.8,13,4,1,0,0,0,1,4,16,432,0.201209,35
17031351000,3526,2419,2565,688,19.5,141,6.7,779,32.2,785,22.3,174,651,18.5,344,9.8,88,1008,21,180,123,2775,284,164,43416,61736,31.7,10.9,10.7,16.3,20.4,31.4,3.9,14.9,9.2,7.4,8.5,16.2,46,4,35,6,1,7,44,1033,1306,0.849594,35
17031351100,2160,1069,1089,1523,70.5,352,41.2,596,55.8,128,5.9,910,499,23.1,148,6.9,162,466,5,224,0,1871,0,65,15768,15921,49.3,18.8,15.5,23.5,40.5,42.7,6.6,25.3,17.9,15.3,23.8,12.3,0,0,0,0,0,0,0,353,542,0.34744,35
17031351400,1569,815,927,999,63.7,71,13.6,597,73.3,167,10.6,384,521,33.2,180,11.5,74,347,15,198,118,1095,0,158,22962,,46.1,20.8,13.7,19.6,36.1,46.4,7.6,20,16.7,12.9,19.7,12.6,2,0,1,1,0,0,2,444,440,0.324294,35
17031351500,946,380,411,392,41.4,108,17.9,144,37.9,55,5.8,181,125,13.2,44,4.7,55,154,5,76,121,629,89,31,39768,77206,39,13,12.5,19.7,28.6,33.3,4,19.9,12.4,11,15.1,15.1,0,0,0,0,0,0,0,44,300,0.167426,35
17031360200,1672,757,807,1029,61.5,277,36.6,261,34.5,197,11.8,660,216,12.9,276,16.5,20,562,7,0,0,1633,36,3,15664,26143,47,19.3,14.2,20.2,36.4,44.6,6.4,21.3,16,12,19.8,12.4,0,0,0,0,0,0,0,15,541,0.230711,36
17031380100,1928,1121,1244,751,39,107,11,439,39.2,275,14.3,368,437,22.9,69,3.6,183,428,1,38,30,1789,1,70,68490,80216,40.5,17.4,12.4,17.2,27.3,43,6.4,16.3,13.2,9.5,13.7,13.5,4,1,1,2,0,0,4,87,801,0.448189,38
17031380200,1723,1236,1277,835,48.5,0,0,723,58.5,888,51.5,158,571,33.1,0,0,240,562,0,18,150,1437,0,118,26290,17138,42.8,22.5,13.4,18.3,37.4,49,9.8,18.8,16.6,13.8,16.4,11.1,1,0,0,0,0,0,1,80,587,0.215528,38
17031380600,4025,2006,2125,1689,42.4,337,16.6,773,38.5,682,16.9,938,844,21,153,3.8,328,1008,20,132,451,3300,81,61,33367,49134,42.6,16.6,13.4,19,32.1,41,5.9,19.7,14.3,12.4,17,13.6,0,0,0,0,0,0,0,435,1173,0.8383,38
17031381200,1906,1023,1206,339,17.8,81,9,152,14.9,211,11.1,316,288,15.1,131,6.9,210,438,0,0,55,1783,0,68,43864,46407,38.9,13.6,12.6,17.3,24.1,37.3,4.4,16.8,11.4,8.9,12.1,15,0,0,0,0,0,0,0,76,719,0.262713,38
17031381400,1615,756,855,809,50.1,228,26.1,222,29.4,119,7.4,381,256,15.9,289,17.9,212,338,45,145,23,1358,63,26,28172,47931,44.4,15,13.6,20,32.5,38.4,4.9,21.6,14.4,13.5,19.7,15.1,0,0,0,0,0,0,0,37,610,0.31196,38
17031381500,670,422,422,438,65.4,84,29.8,172,40.8,211,31.5,123,206,30.7,46,6.9,62,271,0,0,12,632,6,20,30870,26738,49.5,23.8,14.3,20.2,40,49.7,8.3,21.2,18.4,13.9,23,11.6,0,0,0,0,0,0,0,60,233,0.108715,38
17031381700,0,0,0,0,,0,,0,,0,,0,0,,0,,0,0,0,0,0,0,0,0,,,,,,,,,,,,,,,0,0,0,0,0,0,0,72,63,0.194313,38
17031381800,1483,765,855,335,23.1,117,13.7,209,27.3,146,9.8,308,165,11.2,165,11.2,78,306,1,35,89,1281,21,57,30475,43281,37.8,12.6,12,16.9,22.2,36,4.4,16.2,10.5,8.4,11.3,15.7,1,0,0,0,1,0,1,134,480,0.318324,38
17031381900,1348,587,647,371,27.9,190,26.2,106,18.1,235,17.4,268,271,20.1,131,9.7,133,190,27,33,124,1155,0,36,33715,73750,39.6,15.4,12.6,17.2,27.5,40.5,5.5,17,12.6,10.3,13.7,13.9,3,0,0,2,0,2,3,996,433,0.173526,38
17031390100,1854,774,793,239,13.2,109,12.1,284,36.7,130,7,601,314,16.9,280,15.1,72,326,11,84,162,1424,63,121,51240,55893,37.2,12.4,11.9,17.2,22.5,34.8,4.2,16.4,10.7,8.4,11.5,16.1,91,5,75,6,2,18,75,266,628,0.473256,39
17031390200,2178,889,967,346,15.9,111,9,58,6.5,240,11,615,138,6.3,141,6.5,58,167,43,91,328,1388,177,194,65175,110806,34.8,11.1,11.5,16.8,18,33.1,3.6,14.3,9.1,5.8,8.3,16.4,2,0,1,1,0,0,2,164,817,0.305123,39
17031390300,2664,1597,1803,1446,57.1,328,29.4,781,48.9,564,21.2,471,627,24.8,190,7.5,266,630,8,47,286,2222,46,63,30897,,44.7,19.5,13.2,18.6,34.3,45.3,7.2,19.2,15.3,12,18,12.7,5,0,2,3,0,1,5,254,737,0.326611,39
17031390400,2289,1414,1691,1057,46.2,139,13.8,654,46.3,527,23,534,519,22.7,147,6.4,165,542,0,39,127,2032,0,91,73418,38507,42.5,19.8,12.6,18.4,31.1,45.9,7.9,17.4,14.6,10.1,15.4,12.8,2,0,1,1,0,1,2,119,869,0.326146,39
17031390500,1766,885,914,294,16.6,50,5.3,239,27,278,15.7,363,192,10.9,141,8,21,352,0,117,444,1010,74,121,107008,83938,31.9,10.3,10.6,17.8,17.5,30.9,3.9,14.2,8.9,6,7.9,18,14,0,12,0,1,3,13,67,618,0.326196,39
17031390600,1824,884,991,451,24.7,66,5.8,175,19.8,266,14.6,387,377,20.7,171,9.4,35,299,7,22,783,838,91,90,78185,95542,32.3,11.9,10.7,18.4,19.6,34,5.1,14.1,10.3,6.3,9,16.8,12,2,8,0,2,4,11,113,885,0.323361,39
17031390700,6062,3541,3984,1280,21.1,156,5.3,1109,31.3,1519,25.1,789,895,14.8,241,4,129,1339,49,45,1743,3224,640,410,68220,73704,29.4,12.5,10.3,16,20.2,35,5.1,12.9,9.7,6.5,7.4,14.5,74,15,47,7,4,18,51,185,2102,0.592022,39
17031400300,1361,631,750,308,22.7,160,20.7,169,26.8,105,7.7,299,179,13.2,56,4.1,67,215,0,90,50,1193,0,28,39342,90716,40.8,13.5,12.9,18.2,26.3,36.4,4.2,18.6,12,9.9,14.2,15.3,556,411,70,42,14,22,210,133,504,1.46789,40
17031400400,2204,948,1051,999,45.6,148,16.5,335,35.3,192,8.7,687,435,19.8,142,6.5,193,492,72,31,54,2017,0,102,20415,32235,43.6,15.2,13.7,19.6,31.3,38.4,4.8,20.7,14.1,12.9,17.9,14.6,2,0,2,0,0,0,2,40,637,0.326607,40
17031400500,2634,1122,1247,1440,54.7,94,8.6,538,48,216,8.2,1076,398,15.1,320,12.1,129,661,0,38,55,2541,0,0,24627,38373,46.5,17.3,13.8,20.2,35.3,41.7,6,21.7,15.2,13.2,19.8,13.5,0,0,0,0,0,0,0,48,710,0.326189,40
17031400800,2768,1280,1461,1898,68.6,223,17.3,682,53.3,186,6.7,626,605,21.9,135,4.9,275,755,0,0,0,2744,0,24,13464,23059,52.8,23.9,15.6,22.7,46.2,49,8.7,25.6,21.2,18.8,30,11.8,0,0,0,0,0,0,0,253,834,0.493305,40
17031410100,2251,1424,1664,558,24.8,18,1.2,614,43.1,268,11.9,175,209,9.3,141,6.3,41,744,0,96,753,929,267,206,57785,63931,30.1,9.4,10.4,18.4,17.4,28.3,3.7,14.8,8.6,6.6,7.6,18.9,42,9,7,16,2,3,38,445,1038,0.220223,41
17031410200,1281,762,784,418,34.7,23,2.6,269,35.3,110,8.6,87,102,8,12,0.9,17,333,0,182,516,374,164,45,59891,56848,26.2,5.7,9.8,20.4,14,19.1,2.3,15.5,7.1,6.6,6.1,22.9,5,0,4,0,1,2,5,13,520,0.0646869,41
17031410500,3405,1660,1723,1214,36.3,67,3.3,533,32.1,262,7.7,734,292,8.6,260,7.6,112,676,40,219,727,1719,523,217,43964,65240,31.3,9.9,11,20.2,20.8,27.4,3.7,17.1,10,8.8,10.2,18.4,30,3,19,2,4,12,30,275,1009,0.262495,41
17031410600,2249,1141,1274,831,39.9,76,5.6,553,48.5,216,9.6,175,144,6.4,76,3.4,46,482,6,253,1107,408,341,140,63640,49475,28.6,9.6,10.4,20.9,21,26.1,4.2,17.1,10.2,8.3,10.2,18.5,20,3,7,3,5,4,20,597,791,0.25218,41
17031410700,2541,1254,1362,1150,45.3,84,5.9,665,53,202,7.9,290,377,14.8,93,3.7,152,621,23,170,1243,553,399,176,41152,45114,27.7,8.4,10.2,21.2,19.3,24,3.7,17,9.5,8,9.4,19.8,67,3,32,11,16,17,53,329,807,0.254537,41
17031410800,2890,1736,1866,754,26.3,39,2,1020,58.8,253,8.8,331,380,13.1,151,5.2,48,583,8,263,1307,562,524,234,59513,71989,25.4,8.3,9.2,17.7,16.2,24.8,3.4,13.5,7.8,6.3,6.5,19.2,91,19,17,37,8,21,78,990,1118,0.249897,41
17031410900,3527,1863,1948,877,24.9,241,10.8,726,39,636,18,426,464,13.2,131,3.7,126,719,8,277,1951,796,310,193,57431,73828,27.7,8.8,9.7,18.4,15.7,27,3.9,13.3,8.3,6.3,6.6,19.2,229,65,103,37,10,63,166,680,1560,0.391916,41
17031411000,3931,2406,2646,1093,29.2,153,10,1315,54.7,1043,26.5,615,456,11.7,166,4.3,50,884,0,199,1639,1270,497,326,101478,70893,27.8,10.5,9.8,18,18.9,30.8,5.2,13.6,9.5,6.5,7.4,16.9,968,528,174,184,27,84,390,536,1389,0.865225,41
17031411100,2388,984,1057,281,13.8,88,6.7,349,35.5,364,15.2,439,156,6.5,73,3.1,37,271,5,110,1381,102,503,292,69972,117500,21.2,6.3,9.1,19.4,13.3,20.5,3.3,13.9,7.3,5.2,5.5,21.3,57,13,25,5,10,21,50,173,934,0.28521,41
17031411200,1643,777,870,256,15.6,27,3.5,198,25.5,400,24.3,334,221,13.5,5,0.3,7,175,8,106,1012,105,274,146,113769,101071,23,8,9.1,18.8,14.5,25.1,4.2,12.7,8,4.7,5.9,18.8,117,6,45,16,3,27,86,255,691,0.402908,41
17031420100,1629,859,878,820,50.3,121,17.1,502,58.4,308,18.9,288,415,25.5,104,6.4,83,432,20,42,34,1500,5,48,21034,,44.9,20.9,13.7,18.9,34.9,47.3,7.7,19.2,16,11.3,17.4,11.8,1485,599,368,369,81,113,586,24,501,0.84326,42
17031420200,1796,664,754,796,49.8,108,15,298,44.9,190,10.6,485,276,16.9,58,3.5,129,329,20,64,381,1126,133,92,25601,44375,42.2,16.9,12.6,19.3,29.9,40.3,5.9,18.5,13.9,10.5,16.2,14.4,6,1,3,1,0,3,6,792,579,0.287677,42
17031420300,2495,675,791,734,49.6,140,13,306,45.3,190,7.6,263,273,10.9,135,5.4,65,384,11,175,958,789,434,139,21793,42973,30.2,7.6,11.6,23.6,23.1,21.8,2.9,22.5,10.6,10.4,11.5,20.1,44,2,15,21,0,14,37,52,981,0.24565,42
17031420400,1327,709,829,633,47.8,72,12.7,339,47.8,222,16.7,289,323,24.3,111,8.4,84,319,12,208,273,604,203,39,25685,37946,36.7,15.3,11.9,19.1,29.1,37,6,17.9,13.3,11.9,14.6,15,6,4,1,0,0,1,6,217,629,0.244921,42
17031420500,2040,1052,1303,1188,58.2,361,34.4,366,34.8,486,23.8,348,263,12.9,185,9.1,283,559,0,33,20,1978,0,9,23347,22309,49.2,24,14.4,20.3,40.9,49.7,9.2,21.6,19.1,15.6,24.2,11.7,5,1,4,0,0,2,5,188,598,0.245819,42
17031420600,2663,986,1225,1302,48.9,278,25.2,309,31.3,203,7.6,770,555,21.2,373,14.2,199,344,0,17,60,2339,0,247,23872,52989,46.1,18.2,14.3,20.8,36,42.4,6.3,22.2,16.2,14.2,20.9,13.4,3,0,3,0,0,0,3,130,709,0.243518,42
17031420700,2274,1165,1799,1397,61.4,238,19.6,441,37.9,209,9.2,531,465,20.4,227,10,339,720,13,53,3,2126,0,92,24800,38076,48.2,21.2,14.4,20.7,41.2,46.1,8,23,18.6,17.3,24.5,12.7,97,2,69,17,0,41,58,92,850,0.650021,42
17031420800,2322,943,1245,871,37.5,162,13.2,229,24.3,300,12.9,420,430,18.5,232,10,172,495,10,0,93,2044,0,185,28739,47540,42.1,14.2,13.3,19.3,28.7,37.4,4.7,19.9,13,11.1,15.9,15.2,10,1,8,1,0,4,9,130,837,0.347109,42
17031421200,1986,689,987,1341,68.5,95,10,227,32.9,174,8.8,331,228,11.5,439,22.1,131,419,0,6,4,1891,0,85,14817,45550,50,27,13.8,18.9,43.2,54.1,10.9,20.5,19.6,14.9,24.1,10.9,12,0,12,0,0,2,11,151,409,0.325593,42
17031430101,3468,1773,2095,1676,48.3,445,23.6,635,35.8,457,13.2,774,649,18.7,179,5.2,232,1142,0,95,11,3336,26,0,27870,31875,47.1,19.3,14.1,20,35.6,44.3,6.3,21.3,16.1,12.9,20.7,13.2,1,0,1,0,0,1,1,138,1084,0.326791,43
17031430102,3542,2428,2554,1228,34.7,228,10,909,37.4,884,25,388,451,12.7,356,10.1,174,555,13,63,137,3189,1,152,33599,52955,43,18.4,13,18,30,44.4,6.7,18,14.2,9.8,15.5,13.3,39,4,18,12,1,4,37,25,1146,0.444104,43
17031430200,5455,2703,2884,2098,38.5,616,18.9,1611,59.6,1062,19.5,833,699,12.8,573,10.5,679,1398,264,279,298,4761,37,80,44557,54479,43.9,19.2,13.2,18.6,32.3,44.8,7.1,18.7,15.1,11.5,17,13.1,5,1,4,0,0,0,4,252,1345,0.66063,43
17031430300,2611,1041,1271,1217,48.1,204,17.1,365,35.1,212,8.1,910,378,14.5,76,2.9,116,529,15,65,47,2498,1,0,22851,38542,44.1,15.8,13.7,19.6,31.3,39.6,5.2,20.7,14,11.5,17.4,14.1,1,0,1,0,0,0,1,118,655,0.420074,43
17031430400,2999,1342,1616,1084,36.7,105,7.7,454,33.8,466,15.5,597,665,22.5,272,9.2,109,691,0,60,106,2693,0,140,27259,41964,42.7,17.9,12.7,17.4,30.4,43.7,6.3,18.1,14.1,10.7,16.4,13.8,1,1,0,0,0,0,1,187,779,0.546075,43
17031430500,3882,1839,2325,1949,50.9,483,25.5,1011,55,517,13.3,937,883,22.7,360,9.3,683,954,3,49,12,3760,0,61,30630,33322,45.1,18.3,13.7,19.3,34.4,43.1,6.4,20.6,15.6,13.4,19.6,13.6,0,0,0,0,0,0,0,220,1033,0.342664,43
17031430600,2218,837,930,684,30.8,135,12.6,319,38.1,327,14.7,593,255,11.5,138,6.2,86,348,5,77,19,2021,7,94,35642,43479,42.5,18.3,13.2,18.2,30.1,44.1,6.5,18.1,14.3,9.7,15.5,13.2,4,1,3,0,0,3,4,266,557,0.333664,43
17031430700,2256,1281,1459,742,36.8,401,28.4,399,31.1,432,19.1,329,463,22.9,316,15.7,143,905,44,65,104,2078,0,9,26781,32786,40.7,16.2,12.5,17.5,27.5,41.3,6,17,12.7,9.7,13.5,13.7,4,2,2,0,0,0,4,271,722,0.190952,43
17031430800,2016,813,936,717,35.9,157,13.4,185,22.8,363,18,352,424,21,203,10.1,46,397,0,28,0,1988,0,0,37086,61750,40.9,17,12.4,16.8,27.6,43,6.1,16.6,12.6,8.7,13.1,13.4,0,0,0,0,0,0,0,40,591,0.327769,43
17031430900,1681,879,981,528,31.4,114,15.1,319,36.3,353,21,307,378,22.5,105,6.2,194,390,0,0,11,1642,1,27,32863,38824,43.6,19.6,13.1,17.4,32.7,46.1,7.1,18.2,15,11.2,16.7,12.6,0,0,0,0,0,0,0,33,612,0.336263,43
17031431200,2399,1278,1393,389,16.2,165,11.6,262,20.5,750,31.3,183,544,22.7,237,9.9,87,374,74,0,15,2351,0,33,33688,58661,37.9,15.2,12,15.7,24.4,41.2,5.4,15.3,11.5,7.7,10.9,14.1,0,0,0,0,0,0,0,173,1006,0.654816,43
17031431301,3555,1354,1996,1805,50.8,304,16.3,491,36.3,349,9.8,925,435,12.2,406,11.4,218,657,7,55,168,3274,33,25,20824,47235,49.8,20.4,14.8,21.6,41.1,45.3,7.2,24.1,18.4,16.6,25.4,12.9,0,0,0,0,0,0,0,51,895,0.40361,43
17031431302,3788,1677,2215,2130,56.2,428,23.5,776,46.3,443,11.7,1076,698,18.4,229,6,365,856,74,536,51,3201,0,0,29355,32083,48.9,19.3,14.5,21.2,37.5,43.9,6.6,23,17,14.3,22.7,13.2,1,0,1,0,0,0,1,128,1056,0.437269,43
17031431400,7565,3427,4149,3408,48.7,313,9.1,1546,45.1,1181,15.6,1929,1754,24.7,400,5.6,816,1629,28,271,408,6677,106,103,28668,48529,45.4,21.9,13.2,18,36,48.8,8.4,18.7,16.6,12.7,19.3,12.2,156,27,120,4,5,4,100,454,1984,1.03643,43
17031440101,3986,2388,2801,2127,53.5,412,18.8,1225,51.3,597,15,452,593,14.9,714,17.9,565,1335,0,30,3,3823,33,97,22501,31894,48.3,20.4,14.5,20.6,39.7,45.5,7.3,23,17.8,16.1,24,12.8,0,0,0,0,0,0,0,57,1045,0.382578,44
17031440102,3320,1987,2212,1292,38.9,291,15,653,32.9,360,10.8,415,685,20.6,597,18,320,894,0,26,41,3224,0,29,24739,31563,45.3,19.6,13.5,18.6,34.3,45.5,7,19.6,15.6,12,18.7,12.8,0,0,0,0,0,0,0,322,964,0.626316,44
17031440201,6096,2474,2891,2316,38,310,11.5,967,39.1,934,15.3,1331,1471,24.2,296,4.9,512,1100,0,0,0,6001,0,95,23411,39897,43.9,18.8,13.4,18.1,32.2,44.8,6.5,18.7,14.8,10.9,17,12.8,0,0,0,0,0,0,0,116,1361,0.523618,44
17031440202,2763,1595,1828,967,35.2,162,16.4,613,38.4,810,29.3,608,647,23.4,173,6.3,242,850,0,37,20,2613,0,93,39698,34651,40,19.4,12.6,15.8,27.8,48.2,7.3,14.8,13.4,7.6,11.7,11.5,0,0,0,0,0,0,0,262,1068,0.788486,44
17031440300,4650,2109,2372,1396,30,501,19.2,347,16.5,774,16.6,685,623,13.4,276,5.9,365,709,0,291,1,4197,0,161,41735,59227,38.4,17.2,12.2,15.6,24.7,44.6,6.3,14.5,12.1,7.2,10.6,12.7,3,0,3,0,0,0,3,278,1478,1.29544,44
17031440600,1612,709,800,544,33.7,90,10.9,77,10.9,352,21.8,340,296,18.4,124,7.7,154,276,33,65,9,1530,0,8,37151,68102,41.3,19,12.9,16.8,30,45.6,6.9,16.7,14.1,9.9,14.2,12.4,0,0,0,0,0,0,0,58,764,0.669492,44
17031440700,1453,544,701,501,34.5,51,8.8,105,19.3,212,14.6,474,256,17.6,77,5.3,74,190,0,215,0,1238,0,0,32412,81705,42.6,20,12.6,16.6,30.3,47.5,7.4,16.5,14.1,9.2,14.5,12.3,0,0,0,0,0,0,0,17,546,0.327238,44
17031440800,1877,687,853,1010,55.8,149,16,204,29.7,294,15.7,453,239,12.7,278,14.8,83,318,15,46,0,1804,0,27,18713,26890,50.4,23.7,14.6,20.4,41.3,49.7,8.4,22.4,18.7,14,24.1,11.7,0,0,0,0,0,0,0,23,480,0.27986,44
17031440900,2377,1029,1294,900,37.9,311,28,201,19.5,598,25.2,436,349,14.7,194,8.2,156,422,0,0,225,2129,0,23,32924,56875,41.1,18.1,12.5,16.4,28.4,44.7,6.5,16,13.1,9,13.2,12.6,0,0,0,0,0,0,0,106,810,0.739105,44
17031450300,3461,1526,1768,912,26.4,170,10.4,311,20.4,813,23.5,614,800,23.1,276,8,378,668,20,0,24,3305,8,124,30408,45869,40.7,18.9,12.8,16.3,30.7,46.4,7,16.6,14.2,10.1,14.4,12.4,0,0,0,0,0,0,0,2771,1128,1.36353,45
17031460100,2650,995,1550,1223,47.5,229,18.2,392,39.4,319,12,711,251,9.6,408,15.6,203,392,49,266,149,2073,70,92,20860,42434,42.1,18,12.3,18.2,31.6,41.6,6.7,18.1,14.7,13.6,15.8,14.4,362,189,78,68,2,40,190,130,842,2.99199,46
17031460200,1880,918,1240,835,44.4,98,10.3,392,42.7,373,19.8,358,341,18.1,172,9.1,417,464,256,1100,51,719,10,0,20276,29022,42.3,18.8,11.4,19.4,39,37.5,7.3,19.3,17.7,25.4,18.4,15.2,0,0,0,0,0,0,0,122,546,0.599353,46
17031460301,3189,1207,1448,1398,44.2,188,12.8,421,34.9,519,16.3,830,375,11.8,544,17.1,616,621,322,944,53,2137,9,46,26863,44464,42.4,19.1,12.5,18.7,37.1,41.2,7.2,19.5,16.9,19.8,18.8,14.2,0,0,0,0,0,0,0,207,815,0.485113,46
17031460302,4212,1250,1739,1517,36.2,471,22.9,209,16.7,439,10.4,1263,386,9.2,153,3.6,279,511,8,156,261,3447,0,348,23458,48263,42.5,16.8,12.8,18.4,31.3,40.8,6,19.1,14.2,13,16.5,14.5,0,0,0,0,0,0,0,58,946,0.645887,46
17031460400,3682,1314,1648,1114,30.3,304,16.3,307,23.4,531,14.4,798,401,10.9,227,6.2,136,515,13,0,27,3524,10,121,31298,70169,41.4,17.3,12.6,17.1,28.8,43.3,6.3,17.2,13.2,9.4,13.8,13.5,0,0,0,0,0,0,0,35,1023,0.652087,46
17031460500,6284,2771,3115,929,14.8,347,9.6,640,23.1,1241,19.7,1202,627,10,866,13.8,353,895,0,0,333,5934,0,17,45650,52768,38.6,17.7,12.2,15.5,26.8,45.3,6.7,14.9,12.7,8.3,11.6,12.5,2,0,2,0,0,1,2,508,1672,1.27664,46
17031460800,4376,1400,1691,2877,66.4,375,26,496,35.4,425,9.7,1687,446,10.2,517,11.8,720,634,417,1543,33,2783,13,4,15670,36812,47.6,21.9,13.2,21.5,47,42.2,8.5,23.2,20.9,27.9,25.2,13.2,0,0,0,0,0,0,0,57,949,0.682931,46
17031461000,1346,711,941,545,40.8,54,16.3,475,66.8,411,30.5,245,473,35.4,78,5.8,259,313,40,403,68,856,0,19,13956,14601,44.5,32.3,12.1,16.3,47.8,58.4,15.5,16.2,22.4,24.6,20.4,9.2,1,0,1,0,0,1,1,1077,324,0.631835,46
17031470100,2246,997,1254,844,37.6,163,16.2,386,38.7,548,24.4,454,552,24.6,362,16.1,211,239,3,109,40,2022,0,75,30131,47054,44.3,21.5,13.2,17.4,34.8,48.6,8.2,18.1,15.9,11.9,17.3,12,2,0,2,0,0,0,1,1647,757,1.58592,47
17031480100,2161,941,955,438,20.3,70,6.9,114,12.1,439,20.3,463,284,13.1,67,3.1,95,256,0,6,0,2127,0,28,43165,72625,39,19.2,12.1,15,28.2,48.5,7.5,14.4,13,7.4,11.1,11.3,3,0,3,0,0,0,3,271,737,0.661189,48
17031480200,1057,603,707,276,26.8,53,9.7,166,27.5,327,30.9,191,284,26.9,25,2.4,52,186,0,45,0,964,0,48,43939,52132,39.1,18.2,12.4,15.6,27.3,46.3,6.9,14.6,12.8,7.7,10.9,11.7,0,0,0,0,0,0,0,158,405,0.286673,48
17031480300,1131,483,565,334,29.5,26,4.7,94,19.5,156,13.8,251,165,14.6,32,2.8,52,145,12,63,4,1051,0,13,30896,55772,41.9,19.1,12.6,16.4,29.5,46.7,7.1,16.3,13.8,8.7,13.6,12.4,1,0,0,0,1,0,1,141,482,0.417101,48
17031480400,5013,2325,2570,343,6.9,182,7,275,11.8,1565,31.2,772,577,11.5,210,4.2,143,467,3,24,0,4961,17,11,48142,70232,35.5,16.1,11.4,14.2,23,44.3,6.2,13,10.9,6.4,8.5,12.5,0,0,0,0,0,0,0,1726,1911,1.80515,48
17031480500,2725,1177,1366,947,34.8,111,12.5,426,36.2,928,34.1,487,671,24.6,191,7,154,519,32,360,24,2301,0,40,30351,60700,41.3,19.5,12,16.6,31.4,45.4,7.3,16.2,14.2,11.4,13.7,12.6,2,0,2,0,0,1,2,214,977,1.36017,48
17031490200,2944,1387,1548,496,16.8,237,16.9,200,14.4,557,18.9,555,538,18.3,242,8.2,130,550,13,12,83,2704,29,116,36078,60741,38.5,17,12.2,15.6,26.5,44.2,6.3,15.3,12.4,7.9,11.6,13,1,0,1,0,0,0,1,100,967,0.869143,49
17031490500,1775,743,841,298,18.6,66,8,56,7.5,446,25.1,215,367,20.7,215,12.1,116,246,9,13,67,1664,24,7,41039,87917,35.7,14.1,12.1,16.1,23.3,38.6,5.2,15.8,11,7.7,9.9,14.5,1,0,0,0,0,0,1,34,689,1.41336,49
17031490600,1446,556,645,274,18.9,131,21.1,60,10.8,302,20.9,293,207,14.3,57,3.9,131,191,0,36,154,1241,15,0,32385,71498,39.7,18,12.3,16,28.2,45.2,6.8,15.7,13.2,8.9,12.5,12.6,0,0,0,0,0,0,0,11,473,0.68718,49
17031490700,2459,889,1034,861,35,216,20.5,70,7.9,442,18,589,440,17.9,185,7.5,160,319,0,69,5,2368,0,17,21515,41667,44.3,21.6,13,17.2,36,48.9,8.5,18.4,16.1,12,17.5,11.9,1,1,0,0,0,0,1,27,844,0.638491,49
17031490800,3705,1294,1584,1010,27.3,347,18.5,292,22.6,445,12,586,870,23.5,471,12.7,396,401,0,35,51,3568,7,44,25739,65929,41.9,20.5,12.7,16.4,32.4,48.3,7.9,16.7,14.9,10.2,15.1,11.8,0,0,0,0,0,0,0,306,1159,1.08814,49
17031490901,3084,1254,1664,1819,59,268,19.1,473,37.7,483,15.7,754,329,10.7,433,14,357,660,0,0,0,3084,0,0,19630,33398,46.2,22.1,13.4,18,36.2,49.3,8.2,19,16.6,11.7,19.1,12,25,5,20,0,0,4,22,81,1053,0.823279,49
17031490902,4697,1774,2114,1097,23.5,121,5.6,364,20.5,930,19.8,1015,590,12.6,514,10.9,353,471,0,201,0,4458,0,38,32783,76333,40.9,19.1,12.8,16.6,29.9,46.3,7.3,16.6,13.9,9.5,13.5,12.2,1,1,0,0,0,0,1,192,1503,1.21643,49
17031491000,3417,1167,1774,2184,64.3,479,34.7,581,49.8,498,14.6,744,743,21.7,480,14,542,673,0,89,1,3303,0,24,19261,36915,47.2,22.4,13.9,19.4,39.2,48.1,8.6,21.1,18,15.1,22,12.4,0,0,0,0,0,0,0,74,1068,1.28269,49
17031491100,4205,1368,1566,737,18.9,182,10.5,187,13.7,940,22.4,735,696,17.7,514,13.1,486,437,6,80,64,3929,0,132,32524,79444,38.3,18.6,12.2,15.3,28.8,46.7,7.4,15.1,13.4,9.3,12.3,12.1,0,0,0,0,0,0,0,298,1366,1.31527,49
17031491200,1932,669,822,689,36.5,121,15.4,133,19.9,580,30,255,492,25.5,243,12.6,211,201,2,127,77,1689,0,39,26130,57407,42.9,21.1,12.9,16.7,35.5,48.6,8.2,17.9,16,12.2,17.2,12,0,0,0,0,0,0,0,151,725,0.6488,49
17031491300,2131,602,925,1081,50.9,193,22.1,159,26.4,316,14.8,665,352,16.6,235,11.1,187,297,0,18,10,2103,0,0,18989,37745,46.2,21.3,13.5,18.6,38.2,47.5,7.9,20.4,16.8,13.8,20.4,12.3,0,0,0,0,0,0,0,456,628,0.645772,49
17031491400,2541,1033,1578,1113,44.4,403,32.1,613,59.3,337,13.3,575,624,24.6,273,10.8,407,540,30,20,16,2338,0,167,24994,27381,43.6,18.6,13.1,18,32.7,44.3,6.6,18.9,14.9,12.1,17.6,13.4,5,1,4,0,0,4,4,169,763,0.829937,49
17031500100,3231,1577,1756,642,19.9,246,12,112,7.1,671,20.8,323,469,14.5,39,1.2,177,384,0,59,44,3128,0,0,36979,73780,39,16.9,12.4,16.1,26.7,43.7,6.3,15.5,12.5,8.3,11.5,12.7,0,0,0,0,0,0,0,625,1349,2.6371,50
17031500200,1831,771,986,590,32.2,100,13.5,283,36.7,170,9.3,581,242,13.2,222,12.1,127,285,0,100,39,1563,0,129,21983,49028,43.9,17.7,13.5,18.8,34.1,43.1,6.4,20.2,14.9,12.2,18.1,13,8,0,6,2,0,6,7,1218,555,2.03556,50
17031500300,1794,920,1030,560,31.2,152,15.8,132,14.3,343,19.1,331,167,9.3,174,9.7,205,385,80,400,765,570,5,54,38934,52500,36.9,15.3,11.1,18.3,26.9,38,6.5,15.4,13.6,12.5,13.6,15.6,14,3,9,0,2,6,10,480,786,0.701251,50
17031510100,3639,1221,1475,1226,33.8,116,6.9,175,14.3,507,13.9,943,365,10,339,9.3,466,472,248,2834,365,438,0,2,30763,72543,35.1,14.3,9,17.4,31.9,29.6,5.7,15.5,14.3,25.5,11.6,18.1,1,0,1,0,0,0,1,349,1022,2.36267,51
17031510200,3714,1251,1385,1396,37.6,69,4.3,353,28.2,765,20.6,769,724,19.5,381,10.3,383,549,119,801,225,2687,1,0,30010,68056,41.8,19.5,12.1,17.4,34.2,43.9,7.4,17.5,15.4,14.9,16,13.4,12,0,8,3,0,0,11,107,989,1.27029,51
17031510300,4640,1908,2145,2239,48.7,700,29.4,449,23.5,1020,22,853,633,13.6,133,2.9,560,1000,0,0,34,4606,0,0,20146,36232,45.5,23.2,13.8,18.2,38.3,50.4,9,19.3,17.6,13.1,19.5,11.4,60,3,38,12,0,8,54,949,1458,2.96938,51
17031520100,2062,497,634,755,36.6,84,10.4,49,9.9,221,10.7,709,202,9.8,657,31.9,485,135,349,1932,121,0,0,9,17393,46786,37.7,16.3,9.8,19.1,39.2,31.3,6.7,18.1,17.4,34.6,16.2,17.3,35,24,8,2,0,6,25,358,476,2.50848,52
17031520200,3652,1198,1332,1144,31.3,221,12.8,177,14.8,297,8.1,1107,267,7.3,595,16.3,512,466,283,3208,334,42,0,68,21087,47436,36.7,14.6,9.4,18,33.9,29.7,5.5,16.7,14.8,27.2,13.2,17.9,8,5,0,3,0,5,4,186,932,1.22719,52
17031520300,5925,1991,2155,1655,27.9,245,8.2,234,11.8,671,11.3,1268,652,11.1,936,15.9,1102,722,1066,5234,556,115,0,20,23245,60639,35.9,14.7,9.1,18.1,34.2,29.1,5.5,16.4,15.2,28.7,13,18.2,4,0,1,3,0,3,4,491,1746,0.957192,52
17031520400,4393,1452,1524,1461,33.3,112,5.5,164,11.3,414,9.4,1477,435,9.9,587,13.4,404,412,205,3803,490,74,7,19,26548,50751,35.7,14.4,8.9,17.8,31.6,29.8,5.6,15.5,14.3,24.3,11.5,18.3,4,1,2,1,0,1,4,242,1335,0.715204,52
17031520500,5171,1512,1549,708,13.7,104,3.8,67,4.4,633,12.2,1272,417,8.1,632,12.2,976,329,482,4163,884,20,47,57,38116,90651,33.2,13.5,9.1,18,30,29.8,5.8,15.1,14.1,23,11.7,18.1,4,1,0,1,1,0,4,131,1628,1.04956,52
17031520600,2739,771,820,528,19.3,64,5.4,13,1.7,273,10,934,142,5.2,81,3,323,119,111,2451,288,0,0,0,27834,75417,34.5,14.6,9.2,18.1,33,30.5,6.2,15.8,15.1,26.3,12.6,17.7,0,0,0,0,0,0,0,224,863,1.08537,52
17031530100,1915,821,1027,951,49.7,176,18.8,284,34.6,267,13.9,461,371,19.4,345,18,440,390,291,950,11,819,0,135,20804,30283,45.4,23.4,12.3,19.7,45.6,43.9,9.6,20.7,20.9,29.6,23.6,13.6,0,0,0,0,0,0,0,136,650,0.648353,53
17031530200,4358,1454,2001,1568,36,462,26.9,378,26,754,17.3,1063,1037,23.8,487,11.2,325,669,0,587,157,3577,0,37,21262,43800,43.5,18.7,13.1,17.9,32.9,44.3,6.8,19,14.9,11.9,17,13.3,0,0,0,0,0,0,0,129,1161,1.2962,53
17031530300,3484,1528,1712,1119,32.1,229,13.8,181,11.8,694,19.9,834,718,20.6,193,5.5,246,491,0,0,20,3336,0,128,31476,69177,41.9,19.5,12.9,17.1,32.4,46.6,7.5,17.5,14.7,10.1,15.1,12.1,0,0,0,0,0,0,0,163,1352,1.30801,53
17031530400,2356,816,859,541,23,61,5.6,210,25.7,328,13.9,622,407,17.3,241,10.2,125,220,0,82,49,2178,0,47,27693,63750,40,17,12.8,17.1,28.5,42.6,6.2,17.3,13.2,10,13.3,13.6,1,0,1,0,0,0,1,407,788,1.31001,53
17031530501,5118,1805,2412,2470,48.3,845,31.1,609,33.7,735,14.4,1216,695,13.6,709,13.9,389,820,4,77,52,4876,0,113,21037,44292,47.1,23.4,13.8,18.8,40.5,49.8,9,20.6,18.2,14.9,22,11.6,2,0,1,1,0,0,2,89,1339,1.29544,53
17031530502,1464,584,639,273,18.6,87,12.6,27,4.6,275,18.8,326,218,14.9,190,13,90,260,0,39,0,1425,0,0,31980,76500,39.5,17.2,12.3,15.8,27.1,44.1,6.4,15.8,12.6,8.8,12.2,13.1,1,0,1,0,0,0,1,48,578,0.79802,53
17031530503,4369,1525,1693,1393,31.9,365,18.2,232,15.2,835,19.1,956,571,13.1,256,5.9,219,504,23,112,0,4116,0,141,26593,52857,41.5,18.3,12.6,16.6,29,45.3,6.7,16.7,13.3,9,13.5,12.8,7,0,5,0,1,0,7,133,1601,1.66425,53
17031530600,2385,954,1308,822,35,73,6.6,303,31.8,367,15.4,402,365,15.3,320,13.4,140,378,0,16,0,2295,0,74,28123,66974,41.9,17.1,12.9,17.5,29.7,42.6,6,18.1,13.4,10.3,14.9,13.5,8,8,0,0,0,0,7,22,860,1.02921,53
17031540101,4460,1647,1796,3177,71.2,445,28.9,598,36.3,162,3.6,1766,434,9.7,476,10.7,241,583,0,231,8,4107,0,114,12034,13585,51.3,18.4,15.8,24.1,43.2,42.2,5.9,27.2,18.7,17.8,27.3,12.8,27,0,19,4,1,6,25,81,1149,3.82456,54
17031540102,3357,1283,1383,1925,57.8,317,25.6,512,39.9,268,8,1350,209,6.2,181,5.4,302,494,0,24,10,3314,0,9,18841,21107,49.4,20,15.2,22.1,41.9,44.6,7.1,24.7,18.4,16.2,24.6,12.3,1,0,0,0,0,0,1,658,843,5.33791,54
17031550100,6201,2668,3122,1905,30.8,351,11.5,365,13.7,1130,18.2,1375,485,7.8,637,10.3,651,858,454,2654,2306,1129,60,52,32890,54605,35.8,14.6,10,19.8,32,33.1,6.7,17,15.4,21.5,14.8,17.5,496,275,75,59,64,26,254,1313,2461,8.2877,55
17031550200,2824,1057,1095,389,13.8,138,9.8,106,10,424,15,651,163,5.8,151,5.3,246,207,110,1739,977,108,0,0,35948,78357,31.8,11.8,9.3,18.6,25.1,29.6,5.6,14.8,12.7,17.2,10.7,19,235,46,120,41,7,19,192,131,1264,5.40046,55
17031560100,1284,342,368,172,16.8,41,9.4,15,4.4,380,29.6,242,188,18.3,54,5.2,152,114,73,666,153,227,232,6,40660,74318,32.2,15.3,8.7,15.5,30.4,33.8,6.6,13.7,13.6,21.8,10.7,16.7,1,0,1,0,0,0,1,555,570,0.744507,56
17031560200,1372,542,571,303,22.1,49,9.4,88,16.2,362,26.4,304,353,25.7,117,8.5,246,201,117,583,36,615,41,97,23418,58158,38.1,17.2,11.3,16.5,32.6,40.2,6.9,16.4,14.5,18,13.6,14.7,1,0,0,1,0,0,1,93,692,0.660232,56
17031560300,3079,1081,1098,612,19.9,164,10.8,210,19.4,646,21,609,369,12,269,8.7,501,354,447,2204,698,126,16,35,32308,75473,32.5,13.2,8.9,17.2,28.6,30.1,5.7,14.4,13.4,22,11.2,18.1,0,0,0,0,0,0,0,211,1234,0.653439,56
17031560400,1744,489,489,589,33.8,23,3.2,57,11.7,237,13.6,611,187,10.7,317,18.2,277,139,485,1476,252,0,16,0,25918,69148,34.6,15.1,9,18.1,34.7,30.9,6.3,16.2,15.4,27.1,14,17.6,1,0,0,0,0,0,1,247,571,0.338279,56
17031560700,3584,1289,1335,646,18,80,4.3,149,11.6,401,11.2,902,355,9.9,518,14.5,650,380,453,2268,1226,1,61,28,35224,89844,31.8,11.5,9.2,18.8,27.4,27.5,5.2,15.6,13.2,21.3,11.8,19.5,2,0,2,0,0,0,1,713,1423,0.661687,56
17031560800,6003,1932,2045,363,6.1,69,2.3,158,8.2,652,10.9,1785,435,7.2,524,8.7,577,367,442,3401,2530,0,18,54,43974,110417,29,9.8,9.1,18.6,21.7,26.8,4.8,14.1,11.3,15,9.7,20.4,5,0,3,2,0,3,5,927,2472,1.319,56
17031560900,5131,1849,1931,397,7.7,170,6,45,2.4,868,16.9,1133,632,12.3,218,4.2,360,253,162,2363,2552,2,70,144,45121,115216,29.8,10.4,9.3,19.4,21.8,29,5.4,14.3,11.8,12.8,10.5,19.9,8,0,7,1,0,2,7,685,2596,1.3194,56
17031561000,6040,2276,2334,425,7.1,145,4.3,93,4.1,1180,19.5,987,809,13.4,307,5.1,528,422,277,2593,3447,0,0,0,47106,89278,29.4,10.6,9.4,19.4,22.3,29.6,5.6,14.4,12.1,13.2,10.9,19.7,0,0,0,0,0,0,0,617,2508,1.32735,56
17031561100,5888,2276,2331,513,8.7,89,2.9,125,5.5,925,15.7,1348,442,7.5,373,6.3,617,387,356,3080,2668,12,59,69,45967,103878,29,9.8,8.9,18.5,21.4,26.8,4.8,13.9,11.2,14.8,9.6,20.6,1,0,1,0,0,0,1,244,2445,1.3219,56
17031570100,1421,455,465,574,40.4,75,11.3,38,8.4,137,9.6,315,157,11,69,4.9,160,152,152,1130,186,0,86,19,26821,76490,34.1,14.1,8.9,17.9,33.5,28.7,5.8,16,14.7,27.4,13.1,17.9,0,0,0,0,0,0,0,3972,490,1.51972,57
17031570200,2084,806,820,247,11.9,58,5.1,284,35.2,388,18.6,403,80,3.8,82,3.9,376,374,390,1558,273,0,253,0,32585,,30.1,11.2,8.2,16.3,27.7,25.1,4.4,14.3,12,23.5,10,19.6,1,0,1,0,0,0,1,3323,721,1.76357,57
17031570300,5951,1814,2020,1065,17.9,404,15,536,29.5,867,14.6,1673,366,6.2,824,13.8,811,688,968,4886,838,1,200,26,24962,57303,32.9,11.7,8.6,17.4,30,25.2,4.3,15.6,13.1,26.7,11.4,19.9,12,1,10,1,0,6,12,1574,2012,0.980663,57
17031570400,1712,600,623,370,21.6,69,7.3,116,19.3,288,16.8,378,114,6.7,357,20.9,348,181,369,1380,267,2,63,0,33251,73475,32.8,12.5,8.9,17.6,32.3,26.4,4.8,16.4,14,28.4,12.8,19.3,0,0,0,0,0,0,0,535,566,0.455996,57
17031570500,2699,775,845,122,4.5,274,23.1,80,10.3,375,13.9,655,127,4.7,322,11.9,510,214,395,2135,478,0,77,9,26910,81422,31.5,11.1,8.8,17.8,29.1,25,4.5,15.7,12.9,26.2,11.4,20,1,0,0,0,0,0,1,128,780,0.420117,57
17031580100,2662,946,1057,686,25.8,225,17,143,15.1,333,12.5,603,223,8.4,262,9.8,375,345,552,1120,401,110,1031,0,31028,40929,28.9,13,7.9,15.4,29.4,26.7,4.5,14,12,19.8,10.9,16.9,0,0,0,0,0,0,0,640,1070,0.76494,58
17031580200,2988,856,979,1322,44.2,104,8.4,120,14,294,9.8,945,288,9.6,360,12,340,464,468,2486,130,0,372,0,16820,38896,37.6,17.4,9.1,18.4,40.3,31.8,6.4,17.7,16.8,30.1,16.6,16.3,1,1,0,0,0,0,1,599,983,0.72996,58
17031580300,2569,790,797,633,24.6,78,6.3,51,6.5,152,5.9,745,265,10.3,408,15.9,387,260,546,1937,148,29,427,28,26992,82240,30.4,11.9,8.1,15.9,28.4,24.8,4.1,14.6,11.9,23.1,9.9,19.2,0,0,0,0,0,0,0,724,767,0.471658,58
17031580400,4672,1482,1562,1217,27,121,4.5,213,14.4,459,9.8,966,199,4.3,603,12.9,718,539,1055,3519,387,19,747,0,30403,58889,34.6,15.7,8.7,17.2,35.5,29.8,5.6,16,14.9,26,14,16.7,0,0,0,0,0,0,0,580,1516,1.31411,58
17031580501,4716,1594,1730,974,21.1,304,12.8,308,19.3,673,14.3,1042,570,12.1,765,16.2,662,605,912,3414,595,96,515,96,28132,74667,32.1,12.6,8.4,16.6,31,26,4.4,15.4,13,25.3,11.5,18.9,0,0,0,0,0,0,0,204,1345,0.490397,58
17031580502,4932,1487,1553,1611,32.7,119,5,371,24.9,478,9.7,1391,388,7.9,1163,23.6,942,551,1129,4231,333,11,333,24,24489,62552,35.4,15.2,8.9,17.7,36.1,28.6,5.3,16.6,15.3,29.1,14.2,17.4,0,0,0,0,0,0,0,1776,1396,0.494651,58
17031580600,5402,1676,1773,1679,31.1,246,9.5,312,18.6,559,10.3,1312,792,14.7,712,13.2,1184,564,1151,4200,324,219,580,79,26349,78798,33,13.2,8.7,17.3,32.8,26.3,4.8,15.9,14,28.1,12.5,18.4,0,0,0,0,0,0,0,221,1414,0.492051,58
17031580700,6137,1669,1848,2498,40.7,397,15.5,228,13.7,650,10.6,1762,789,12.9,1165,19.1,1505,485,1357,5372,392,124,227,22,22631,61616,36.2,16.2,9,18.1,39.4,30,5.9,17.5,16.5,32.4,16.2,17.1,0,0,0,0,0,0,0,115,1691,0.549887,58
17031580800,2096,558,596,285,13.6,112,9.5,40,7.2,130,6.2,440,116,5.5,580,27.7,617,197,646,2013,13,0,70,0,23684,62273,32.9,11.7,8.6,17,31,24.1,4.1,15.7,13.3,29.8,11.4,20.1,0,0,0,0,0,0,0,111,607,0.183242,58
17031590500,1672,740,809,329,20.1,50,5.6,137,18.5,243,14.5,266,253,15.1,130,7.8,259,287,237,696,357,99,432,88,47330,71042,28.1,11.2,8.2,16.4,23.1,25.8,4.2,13.2,10.4,14.4,9,18.6,1071,940,78,24,4,46,253,305,764,0.595471,59
17031590600,3813,1430,1465,915,24.3,88,4,211,14.8,373,9.8,774,584,15.3,518,13.6,698,419,659,2449,731,85,536,12,35941,95114,30.4,12,8.5,17.1,28.3,26,4.4,14.9,12.3,21.3,11.3,18.7,10,2,5,2,1,4,10,39,1108,0.348025,59
17031590700,2914,1018,1169,504,17.3,170,8.7,107,10.5,218,7.5,464,291,10,360,12.4,352,252,393,2016,347,25,455,71,41327,72355,29.3,11.2,8.6,17.3,27.7,24.1,4,15.4,12,20.9,11.2,18.7,0,0,0,0,0,0,0,660,1061,0.882113,59
17031600400,3963,1593,1638,1390,35.1,169,7.6,342,21.5,787,19.9,638,508,12.8,398,10,727,477,1093,244,1224,271,2196,28,30251,66964,23.8,15.4,8.1,15.6,31.6,31.5,6.1,14.1,12.6,12.9,14,13.1,4,1,2,0,0,1,4,660,1374,0.326978,60
17031600600,2953,1195,1255,967,32.7,108,6.9,161,13.5,435,14.7,446,339,11.5,111,3.8,558,497,569,594,931,0,1425,3,32517,65759,26.9,13.7,8.3,16.6,29.5,29,5.2,14.6,12.3,14.7,13.1,15.5,1,0,1,0,0,0,1,215,1148,0.405894,60
17031600700,2870,1207,1365,857,29.9,97,5.8,389,32.2,386,13.4,532,241,8.4,341,11.9,452,481,703,574,668,0,1512,116,33111,71382,26.3,13.3,8.6,17,29.1,28.6,5.1,15.2,12.3,14.5,13.8,15.9,31,0,24,4,1,11,28,140,1039,0.47694,60
17031600900,3733,1422,1517,1017,27.5,159,6.7,177,12.4,456,12.2,689,297,8,308,8.3,329,521,559,874,1112,247,1421,79,30311,54107,29.3,12.4,9.2,19.2,28.9,27.9,4.9,16.8,12.5,15.3,14.2,17.6,5,1,4,0,0,4,5,161,1387,0.369549,60
17031610300,5670,2134,2353,2864,50.6,584,21,593,27.8,320,5.6,1724,816,14.4,1200,21.2,1146,773,1150,4939,157,417,66,91,25306,44870,38.9,15.9,9.4,18.8,38.2,29.8,5.7,17.9,16.6,32.5,16.3,17.9,23,19,4,0,0,2,6,2297,1294,2.37811,61
17031610400,1888,585,674,520,27.5,122,12,150,25.6,200,10.6,575,121,6.4,426,22.6,369,339,383,1763,93,32,0,0,15349,50313,36.9,14,8.9,18.2,35.3,26.6,4.9,17.1,15.2,32.5,13.3,19.2,0,0,0,0,0,0,0,134,555,0.162629,61
17031610800,1521,559,638,230,15.2,64,7.6,56,10,176,11.6,364,163,10.7,166,10.9,186,147,79,334,954,0,175,58,50120,108750,29.1,9.4,9.9,21.4,22,26.6,4.6,16.4,11.7,11.8,12.5,21,0,0,0,0,0,0,0,52,691,0.336957,61
17031611200,2072,773,873,1000,48.4,102,10.1,147,19,233,11.2,459,343,16.6,447,21.6,406,385,540,1595,157,310,9,1,21757,,38.6,15,9.9,19,36.2,29.5,5.3,18.2,15.7,29.2,15.1,17.8,0,0,0,0,0,0,0,246,627,0.326947,61
17031611300,3409,1043,1147,1219,35.8,231,18.4,347,33.3,673,19.7,947,402,11.8,502,14.7,859,561,794,2981,131,297,0,0,19285,48484,38.3,15.8,9.3,18.2,38.2,30.2,5.9,17.5,16.2,33.6,15.1,17.8,3,0,3,0,0,2,3,286,855,0.326728,61
17031611400,3587,1003,1165,2195,61.2,234,14.4,178,17.7,379,10.6,987,395,11,623,17.4,848,438,970,3542,44,1,0,0,15780,36724,45.6,21.8,10,20.5,49.9,35.6,8.1,20.6,21.9,41.9,22.6,15.6,0,0,0,0,0,0,0,161,964,0.32631,61
17031611500,3273,961,1078,1311,42.4,124,10,195,20.3,578,17.7,953,316,10.2,944,30.5,871,436,628,2799,149,325,0,0,16598,55647,40.3,19.6,9.8,18.5,43.7,35.3,8,18.1,19,37,17.6,15.9,2,0,1,0,0,0,2,317,905,0.507991,61
17031611600,1995,536,582,970,48.6,241,32.4,65,12.1,183,9.2,840,175,8.8,371,18.6,209,274,281,827,0,1166,0,2,24125,81288,41.7,15.7,10.8,18.8,36.3,33.5,5.4,19.1,15.6,25.7,17,17.3,0,0,0,0,0,0,0,15,499,0.334184,61
17031611700,1847,759,849,1007,54.5,138,12.5,113,14.9,143,7.7,388,146,7.9,598,32.4,323,557,111,1281,0,566,0,0,25282,,41.6,15.5,10.9,19.8,39.1,31.8,5.2,20.3,16.7,30.3,18.4,17.4,0,0,0,0,0,0,0,333,531,0.32803,61
17031611800,2186,724,843,464,21.2,83,5.6,280,38.7,447,20.4,146,323,14.8,373,17.1,341,304,240,1542,0,626,18,0,23438,51875,39,14.5,11,18.3,33.8,32.3,5,18.7,14.7,24.6,15.8,17.3,2,0,2,0,0,0,2,50,619,0.327718,61
17031611900,1559,534,690,809,51.9,69,10.5,262,49.1,188,12.1,400,250,16,173,11.1,338,244,169,617,0,942,0,0,14820,47724,45.6,19,12.4,20.1,41.8,39.1,7,21.7,18.4,27.5,22.5,15.2,11,0,9,0,0,1,11,70,525,0.652927,61
17031612000,1317,516,626,556,42.2,96,13.3,183,35.5,138,10.5,271,245,18.6,549,41.7,213,239,82,497,0,812,8,0,22337,56667,38.9,14.9,11.8,17.5,29.9,36.5,5.4,17.8,13.2,15.4,14.3,15.5,14,0,9,3,2,4,14,6,477,0.325904,61
17031612100,1018,367,483,375,36.8,78,18.6,107,29.2,175,17.2,296,117,11.5,144,14.1,196,208,54,415,2,601,0,0,18667,26250,42.1,18.6,12.6,18,36,42.3,7.1,19.2,15.8,17.1,17.9,13.8,61,1,0,48,2,11,45,20,397,0.32611,61
17031612200,3687,1137,1350,1895,51.4,230,15.2,263,23.1,252,6.8,1283,337,9.1,634,17.2,807,565,514,2370,76,1137,104,0,20364,60256,41,17.1,10.7,19.4,40.8,33.1,6.3,19.6,17.9,33.1,18.9,16.7,2,0,1,1,0,0,2,373,999,0.897281,61
17031620100,4798,1215,1236,957,19.9,245,9.8,61,5,290,6,1176,589,12.3,725,15.1,882,301,846,3976,453,56,313,0,33059,113750,33.9,13.4,8.8,17.5,31.9,27.1,4.9,15.9,13.9,26.6,11.9,18.4,0,0,0,0,0,0,0,440,1685,0.846,62
17031620200,1948,760,821,353,18.1,90,9.3,124,16.3,390,20,432,173,8.9,36,1.8,332,319,149,1272,636,0,40,0,28193,63750,32.9,12,8.8,17.7,28.3,26.8,4.8,15.3,12.9,23.5,11.2,19.8,11,1,8,1,0,7,10,702,887,0.579188,62
17031620300,7080,2273,2339,1202,17,301,8.6,361,15.9,1133,16,1800,456,6.4,803,11.3,1297,653,853,5741,1181,37,121,0,37407,73804,32.1,11.6,8.7,17.5,28.4,25.9,4.6,15,12.8,24.7,10.8,19.6,0,0,0,0,0,0,0,270,2341,0.992021,62
17031620400,4540,1298,1385,1684,37.1,294,13.7,201,15.5,694,15.3,1327,477,10.5,257,5.7,665,511,755,3928,357,36,205,14,26723,56798,35,13.4,8.7,17.5,32.7,26.7,4.8,15.9,14.2,29.1,11.9,19.2,19,0,19,0,0,1,14,119,1719,0.655419,62
17031630300,4167,1419,1523,574,13.8,144,8.3,247,17.4,746,17.9,760,334,8,766,18.4,1151,503,825,3857,171,74,65,0,26975,63835,36.2,13.7,9.1,18.4,36.1,26.3,4.8,17.4,15.4,33.5,13.8,18.9,144,72,22,38,2,24,67,1573,1517,0.984475,63
17031630400,6003,1775,1862,2181,36.3,851,29.1,291,16.4,889,14.8,1575,535,8.9,1049,17.5,1092,906,1311,5741,118,107,37,0,21829,64736,36.3,13.8,9,18.3,35.8,26.6,4.9,17.2,15.3,33.4,13.6,19,0,0,0,0,0,0,0,275,1939,0.657636,63
17031630500,5989,1647,1825,1813,30.6,302,11.6,275,16.7,433,7.2,1695,463,7.7,1099,18.4,1178,648,1017,5837,112,2,38,0,18458,54846,36.6,14.4,9,18.1,35.6,27.5,5.2,16.9,15.4,32.2,13.2,18.8,0,0,0,0,0,0,0,205,1579,0.656943,63
17031630600,2746,856,902,957,34.9,193,14.5,193,22.5,357,13,732,257,9.4,404,14.7,435,295,527,2400,132,158,56,0,22817,61611,38.9,15.7,9.3,18.5,37.7,29.8,5.5,17.6,16.2,31.5,15.6,17.9,0,0,0,0,0,0,0,884,945,1.09724,63
17031630800,6361,1772,1876,1280,20.1,529,16.3,324,18.3,654,10.3,1692,460,7.2,996,15.7,1016,632,1125,6035,201,104,21,0,27217,75699,35.7,13.7,9,17.8,33.7,27,4.9,16.5,14.6,29.9,12.6,18.9,0,0,0,0,0,0,0,449,1997,0.655289,63
17031630900,4856,1500,1536,1404,29,315,17.2,466,31.1,792,16.3,1339,721,14.8,393,8.1,694,456,443,4319,150,349,5,33,25459,52873,33.9,12.4,8.5,16.9,30.9,25.6,4.4,15.5,13.1,27.5,10.7,19.7,4,0,1,1,0,1,3,284,1569,0.659824,63
17031640100,1348,470,502,313,23.2,34,5.4,118,25.1,283,21,196,173,12.8,233,17.3,266,166,150,1125,207,16,0,0,24510,57411,33.1,12.4,9.1,18.1,29.5,27.7,5.1,15.6,13.5,24.2,12,19.2,1,0,0,0,0,0,1,120,502,0.301476,64
17031640300,6897,2302,2466,1708,24.8,525,14.3,223,9.7,692,10,1829,578,8.4,245,3.6,605,482,640,4348,2218,211,0,120,35038,92568,33.2,12,9.4,19.5,27.2,29.1,5.5,15.8,13.4,18.9,12.4,19.3,2,0,0,1,1,0,2,465,2688,1.32429,64
17031640400,3309,1195,1260,238,7.2,74,4,69,5.8,487,14.7,764,392,11.8,227,6.9,338,285,234,1477,1770,50,0,12,41357,100192,30.3,10.4,9.4,19.4,23.5,28,5.1,15,12.2,15.5,11.4,20.2,0,0,0,0,0,0,0,1648,1605,1.33323,64
17031640500,4132,1606,1642,672,16.7,114,5.4,40,2.5,552,13.4,843,327,7.9,217,5.3,246,520,330,1714,2184,48,41,145,40076,72549,30.7,10.8,9.4,19.3,23.9,28.6,5.3,15.1,12.3,15.6,11.3,20,0,0,0,0,0,0,0,83,1743,0.663096,64
17031640600,4427,1762,1833,556,12.6,155,7,119,6.8,613,13.8,1162,266,6,292,6.6,323,462,300,2735,1537,63,92,0,36325,75461,30.9,10.5,9.2,18.9,22.6,27.3,4.7,14.5,11.6,15,10.1,20.3,3,0,0,3,0,0,3,413,1717,0.659756,64
17031640700,3110,1020,1076,425,13.7,82,5.5,72,7.1,382,12.3,823,239,7.7,501,16.1,292,390,239,2308,737,59,6,0,34291,77691,32.1,10.9,8.9,18.5,25.9,26.9,4.7,15.1,12.2,19.7,11.1,20.1,0,0,0,0,0,0,0,269,1281,0.656261,64
17031640800,1505,577,587,523,34.8,83,10.7,70,12.1,221,14.7,298,169,11.2,88,5.8,179,211,99,1175,286,14,30,0,31984,51833,36.3,13.9,9,18.6,32.8,28.3,5.2,16.4,14.6,26.7,13.1,18.7,0,0,0,0,0,0,0,594,695,0.326511,64
17031650100,4622,1434,1495,782,17.8,197,7.8,440,30.7,704,15.2,1093,436,9.4,657,14.2,409,619,301,4252,330,26,1,13,26171,68476,34.4,12.5,8.5,17.1,31.2,26.2,4.5,15.5,13.2,27,11.2,19.6,0,0,0,0,0,0,0,258,1687,0.673587,65
17031650200,7211,2193,2238,1536,21.3,458,12.8,159,7.3,976,13.5,1930,587,8.1,799,11.1,1460,712,658,5466,1574,0,171,0,31538,80335,33.4,11.7,8.5,17.3,28.5,25.7,4.4,14.9,12.6,24.3,10.4,19.8,0,0,0,0,0,0,0,1184,2322,0.989752,65
17031650301,4863,1560,1666,1259,25.9,345,14.6,246,15.8,660,13.6,1174,384,7.9,679,14,770,582,741,4032,710,37,34,50,30277,54770,36.7,14.3,9.2,18.8,34.1,28.7,5.5,16.8,15.2,28.5,13.6,18.5,1,0,1,0,0,0,1,427,1954,0.985028,65
17031650302,4945,1229,1246,1782,36,192,9.3,42,3.4,416,8.4,1513,216,4.4,680,13.8,685,270,593,4546,282,117,0,0,20567,65722,38,15.7,9.1,18.4,36.8,30,5.9,17,16.1,31.4,14.4,18.1,0,0,0,0,0,0,0,214,1527,0.663476,65
17031650400,6794,1636,1667,2012,29.7,421,15.2,38,2.3,362,5.3,2291,500,7.4,1226,18,1275,500,1351,6372,246,126,50,0,20950,76500,35.1,13.1,9,17.8,32.7,26.5,4.7,16.3,14.2,29.2,12.1,19,1,0,1,0,0,1,1,320,2309,1.10369,65
17031650500,4159,1572,1684,802,19.4,118,5.4,257,16.3,784,18.9,876,541,13.1,259,6.3,861,576,481,2729,854,509,0,67,31257,65833,34.8,13.7,9.4,17.5,32,29.7,5.3,15.9,14.2,26.7,12.3,18.1,5,0,3,2,0,1,5,4938,1632,3.23099,65
17031660301,1761,601,694,928,52.7,195,28.8,271,45.1,300,17,559,66,3.7,71,4,216,439,249,1214,34,513,0,0,33693,26538,40.5,15.9,10.3,18.7,37.1,32.3,5.5,18.7,15.8,27.4,16.4,17.2,0,0,0,0,0,0,0,100,571,0.163704,66
17031660302,4612,1441,1607,1226,26.6,490,23.1,311,21.6,757,16.4,1144,477,10.3,707,15.3,967,694,989,4032,21,559,0,0,22483,55430,35.8,12.7,9.4,17.5,32.6,27,4.3,17,13.8,28.4,13,19.2,0,0,0,0,0,0,0,192,1532,0.491591,66
17031660400,4719,1565,1672,1432,30.3,357,15,176,11.2,492,10.4,887,354,7.5,828,17.5,1154,832,627,4517,111,91,0,0,19526,47804,36.9,14.4,9.2,18.4,36.4,27.7,5.1,17.4,15.7,32.6,14.2,18.7,0,0,0,0,0,0,0,148,1750,0.643723,66
17031660500,4284,1398,1525,1008,23.5,356,16.8,260,18.6,802,18.7,874,533,12.4,1038,24.2,754,692,861,3833,255,182,14,0,22472,72238,35.3,13.5,9.1,17.5,33.1,28,5,16.4,14.3,29,12.5,18.9,0,0,0,0,0,0,0,201,1607,0.657562,66
17031660600,5849,2018,2318,2288,39.3,462,22,693,34.3,740,12.7,2112,446,7.6,745,12.7,557,1054,945,3293,68,2197,0,291,18023,45738,39.1,13.8,10.9,18.3,32.3,31.7,4.7,18.5,13.9,21.9,15,17.5,0,0,0,0,0,0,0,233,1799,0.657605,66
17031660700,1617,634,753,803,49.7,213,29.3,264,41.6,320,19.8,299,213,13.2,164,10.1,274,329,39,168,0,1444,5,0,21160,29577,44.5,19.4,12.6,18.6,37.6,42.6,7.1,20,16.5,18.4,19.3,14.1,2,0,0,2,0,0,2,377,664,0.481156,66
17031660800,5832,2212,2470,2076,35.8,332,11.7,638,28.8,721,12.4,1681,855,14.7,718,12.3,615,1159,290,2620,33,2988,49,142,24850,47248,42.3,17,11.6,19.2,37.4,36.1,5.9,19.7,16.3,24,18.1,15.8,0,0,0,0,0,0,0,78,1761,0.654609,66
17031660900,5631,1643,1935,2190,40.1,435,17.2,415,25.3,599,10.6,1751,683,12.1,1031,18.3,460,870,409,1520,144,3872,0,95,15531,43137,43.4,17.5,12.6,19.6,36.3,38.8,6.2,20.5,16.2,19.9,19.2,15.1,26,2,10,7,0,1,25,1078,1201,1.97065,66
17031661000,5424,2137,2323,2005,37,295,11.5,461,21.6,1033,19,1233,1146,21.1,731,13.5,641,890,269,1352,113,3548,36,375,30049,54665,42.8,18.2,12.5,18.6,34.3,41,6.6,19.1,15.5,17.1,17.2,14.5,0,0,0,0,0,0,0,559,1835,1.11748,66
17031661100,7186,1933,1949,1569,21.8,469,11.8,133,6.9,539,7.5,1326,701,9.8,1158,16.1,1109,598,883,4563,284,2045,24,270,28707,78587,36.9,13.6,10.4,17.6,30.2,31.2,4.7,17,13.4,21.6,13,17.9,0,0,0,0,0,0,0,149,2161,1.29294,66
17031670100,1472,447,647,974,66.2,112,24.7,102,22.8,201,13.7,357,241,16.4,332,22.6,320,204,79,505,18,949,0,0,16083,22697,47.7,22.6,13.7,20.5,44.8,45.8,8.9,22.5,20.4,23.9,26.1,12.9,0,0,0,0,0,0,0,7,381,0.326599,67
17031670200,724,356,496,311,43,53,18.5,67,18.8,227,31.4,116,144,19.9,61,8.4,51,190,0,9,0,715,0,0,20594,56563,39.9,15.8,12.4,18,32.8,37.7,5.8,18.9,14.6,18.2,16.6,15.1,0,0,0,0,0,0,0,29,336,0.326368,67
17031670300,1332,413,457,759,57.3,57,11.4,158,38.3,193,14.5,318,259,19.4,275,20.6,152,201,34,275,54,1001,0,2,16718,30000,48.7,23.3,12.7,19,42.2,47.1,8.6,20.7,18.8,20,23.3,13.1,0,0,0,0,0,0,0,264,392,0.32607,67
17031670400,1616,617,723,706,43.7,167,23.7,268,43.4,291,18,376,200,12.4,251,15.5,276,428,33,381,17,1205,0,13,25690,44543,42.8,19.8,12.4,18.1,37.4,43.4,7.5,18.9,16.5,18.8,18.5,13.4,0,0,0,0,0,0,0,12,499,0.326477,67
17031670500,1004,358,431,371,37,75,23.5,84,23.5,279,27.8,251,262,26.1,91,9.1,174,185,25,203,8,793,0,0,15506,35188,46.5,21.7,12.5,19.2,42.9,43.9,8.4,21,18.9,25.1,23.1,14,0,0,0,0,0,0,0,31,296,0.618012,67
17031670600,1174,367,518,643,54.8,73,14.2,95,25.9,164,14,328,108,9.2,274,23.3,143,138,114,389,4,769,0,12,26029,53472,46.7,21.5,13,19.3,42.9,44.8,8.3,21.5,18.9,22.9,23.8,13.4,1,0,1,0,0,0,1,4,408,0.326977,67
17031670700,1092,312,511,713,66.1,109,24.4,39,12.5,134,12.3,334,181,16.6,194,17.8,209,173,75,414,0,610,0,68,17592,43160,51.6,26.8,14.1,21,50.8,50.5,11,24.1,23.3,26.1,30.7,12,0,0,0,0,0,0,0,203,383,0.326224,67
17031670800,1022,425,615,452,44.8,107,21.7,157,36.9,239,23.4,131,202,19.8,181,17.7,252,231,0,22,7,988,0,5,26827,55850,45.1,19.4,13.3,18.9,39.3,43.8,7.1,21.1,17.2,18,21.9,13.5,0,0,0,0,0,0,0,64,465,0.326283,67
17031670900,1246,548,687,386,31,112,18.6,236,43.1,252,20.2,267,198,15.9,224,18,120,339,64,307,72,867,0,0,20936,30962,42.1,17.7,12.1,17.4,34,41.4,6.5,18.5,14.7,15.6,16.7,14.1,0,0,0,0,0,0,0,26,370,0.326106,67
17031671100,915,373,516,620,67.8,86,37.1,234,62.7,193,21.1,278,264,28.9,224,24.5,18,247,0,0,0,915,0,0,14829,17139,51.5,25.4,13.9,20.3,47.4,50.2,9.5,23.4,20.8,20.2,28.6,12.1,0,0,0,0,0,0,0,92,310,0.244775,67
17031671200,840,268,374,490,58.3,103,26,84,31.3,125,14.9,254,129,15.4,115,13.7,148,113,28,167,12,649,0,12,19524,39815,48,20.6,14,20.9,41.6,43.8,7.4,22.9,18.8,20.5,24.6,13.6,0,0,0,0,0,0,0,101,293,0.244474,67
17031671300,1657,742,841,852,51.5,160,30.2,187,25.2,488,29.5,200,356,21.5,223,13.5,310,390,17,214,0,1443,0,0,18023,38980,48.1,22.7,13.5,19.4,41.8,47.4,8.4,21.5,18.6,18,23.5,12.7,0,0,0,0,0,0,0,23,588,0.484694,67
17031671400,1299,565,627,743,57.3,75,13.7,100,17.7,424,32.6,325,174,13.4,311,24,225,374,132,295,0,772,0,232,19501,,46.7,22.8,13,19,43.8,46.9,8.9,21,19,21.3,22.7,12.7,0,0,0,0,0,0,0,19,518,0.495284,67
17031671500,2308,930,1114,814,35.3,112,10.9,351,37.7,505,21.9,322,526,22.8,159,6.9,353,443,51,286,9,2013,0,0,26500,63125,43.3,18.8,12.7,18.4,36.1,42.3,6.9,19.5,16.2,17.9,18.6,14.1,0,0,0,0,0,0,0,326,728,0.74041,67
17031671600,1709,707,995,839,49.1,253,34.5,361,51.1,252,14.7,426,420,24.6,215,12.6,168,497,28,30,38,1591,50,0,19972,45286,44.7,20.9,12.8,17.7,36.4,46.9,7.9,19.1,16.2,14,19,12.9,0,0,0,0,0,0,0,47,512,0.406802,67
17031671800,1128,378,481,536,47.5,141,33.2,105,27.8,228,20.2,235,192,17,144,12.8,121,136,71,113,6,957,0,52,26311,52535,44,18.9,13,18.5,35.5,43.6,7.1,20,15.8,15,18.7,13.6,0,0,0,0,0,0,0,13,430,0.323811,67
17031671900,1034,348,416,298,28.8,12,2.2,77,22.1,110,10.6,184,189,18.3,133,12.9,177,154,0,327,0,678,29,0,17293,37143,40.5,17.5,12.1,16.9,32.9,42.3,6.6,18.1,14.5,13.8,16.1,14.1,1,0,0,1,0,1,1,57,369,0.322329,67
17031672000,3295,1058,1364,1314,40,311,21.6,159,15,380,11.5,933,456,13.9,341,10.4,586,543,156,488,1,2719,0,87,20513,43846,42.9,19.9,13.1,18.3,37,44.1,7.7,19.5,16.6,17.7,18.4,13.2,0,0,0,0,0,0,0,119,1100,0.995061,67
17031680500,1474,553,619,517,35.4,51,7.2,119,21.5,140,9.5,414,291,19.7,169,11.5,178,230,51,384,54,1036,0,0,20606,46250,47.3,20.5,13.4,19.5,39.1,45.1,7.6,21.6,17.4,17,22.4,13.6,0,0,0,0,0,0,0,0,400,0.326551,68
17031680600,1178,443,691,347,29.5,187,27.3,97,21.9,109,9.3,354,120,10.2,36,3.1,49,158,0,0,3,1172,3,0,27208,55655,40,14.9,12.1,17.2,30.4,38.1,5.2,18.5,13.1,13.8,15.5,15.3,0,0,0,0,0,0,0,5,351,0.326359,68
17031680900,3560,1908,2137,1961,55.4,481,33.5,1137,59.6,610,17.1,665,738,20.8,984,27.8,731,899,11,31,54,3266,88,121,18578,22865,49.4,25.3,14.7,20.3,44.3,51,9.9,22.5,20.6,18,26.3,11.2,0,0,0,0,0,0,0,873,899,1.02766,68
17031681000,2297,1028,1497,1524,66.3,198,23.2,581,56.5,356,15.5,574,594,25.9,160,7,301,467,0,41,2,2185,0,69,18740,30556,47.5,22.5,13.9,19.4,39.9,48.1,8.5,21.3,18.3,15.7,22.7,12.4,0,0,0,0,0,0,0,175,739,0.652177,68
17031681100,1932,802,1325,1011,52.3,225,25.7,252,31.4,292,15.1,515,387,20,130,6.7,272,411,0,1,3,1910,1,17,17799,28827,46.6,20.3,13.9,19.5,37.2,45.7,7.4,21.1,17.1,14.7,21.3,13,0,0,0,0,0,0,0,107,750,0.651826,68
17031681200,1883,763,1158,1203,64.2,211,27,338,44.3,323,17.2,657,556,29.7,248,13.2,167,448,0,44,91,1580,0,168,16831,25703,48.8,21.2,14.5,20.6,42.2,46.2,7.4,23.1,18.7,17.3,25.2,12.4,0,0,0,0,0,0,0,37,629,0.794934,68
17031681300,2323,880,1310,1586,68.3,196,23.8,447,50.8,241,10.4,722,463,19.9,355,15.3,325,541,0,17,13,2223,70,0,18333,24113,50.5,24.7,14.5,20.4,45.2,50.3,9.5,23.1,20.4,18.5,27.2,11.7,0,0,0,0,0,0,0,20,585,0.716636,68
17031681400,1879,651,1260,609,32.4,45,5.9,164,25.2,382,20.3,431,334,17.8,326,17.3,225,167,20,81,2,1763,1,32,21965,50170,44.5,20.3,13.2,18.2,36,45.9,7.5,19.4,16.3,14.6,19,13,0,0,0,0,0,0,0,36,763,0.645799,68
17031690300,2303,736,886,538,28.4,118,10.9,343,46.6,452,19.6,381,347,18.3,252,13.3,231,273,7,32,90,2170,0,11,19385,33986,41.8,18.7,12.5,16.7,32.2,45.5,7.1,17.5,14.4,11.4,15.9,12.8,0,0,0,0,0,0,0,720,528,0.512039,69
17031690400,2908,1480,1954,1018,35.2,276,18.1,489,33,621,21.4,433,559,19.3,354,12.2,202,889,16,60,0,2827,0,21,36121,44878,41.4,16.1,13.1,17.9,30.3,40.6,5.6,18.8,13.6,11.7,15.9,14,1,0,1,0,0,0,1,137,919,0.650741,69
17031690500,742,333,492,193,26,118,26.8,86,25.8,125,16.8,104,125,16.8,73,9.8,68,66,11,0,0,742,0,0,30841,60104,44.1,17.3,13.8,19.2,33.8,41.9,6.1,21,15.4,13.8,19.2,14.1,0,0,0,0,0,0,0,56,275,0.322983,69
17031690900,3809,1744,2266,1279,33.6,345,18.6,588,33.7,887,23.3,717,1060,27.8,413,10.8,391,894,18,39,34,3627,0,109,23430,34330,43.8,18.5,13.3,18.3,32.6,44,6.5,19.2,14.7,11.4,17.2,13.2,0,0,0,0,0,0,0,140,1176,0.654705,69
17031691000,2655,1221,1465,831,31.3,126,11.3,317,26,491,18.5,711,356,13.4,53,2,118,471,0,17,28,2570,0,40,37693,77612,41.9,19.1,12.7,16.7,28.9,46.2,6.9,16.4,13.8,9,13.9,12.7,0,0,0,0,0,0,0,179,824,0.648461,69
17031691100,2883,1118,1510,995,34.6,128,9.4,365,32.6,352,12.2,491,693,24,178,6.2,280,317,0,5,6,2861,0,11,17547,25614,42.5,16.9,13.1,17.9,32.3,42,5.8,19.4,14.1,12.1,17.1,13.8,0,0,0,0,0,0,0,64,777,0.671921,69
17031691200,1984,870,1204,995,50.2,124,12.9,296,34,293,14.8,540,479,24.1,182,9.2,133,471,11,9,10,1938,0,27,23600,30054,46.1,19.8,13.5,18.7,35.3,45.8,7.1,20,15.7,12.4,19.2,12.8,0,0,0,0,0,0,0,286,681,1.01741,69
17031691300,2332,1093,1152,816,35,173,16.9,299,27.4,622,26.7,472,629,27,212,9.1,157,451,0,35,0,2289,0,8,38408,64940,42.6,19.5,12.8,16.7,30.5,46.9,7,16.7,14.3,9.4,14.8,12.4,0,0,0,0,0,0,0,154,785,0.646456,69
17031691400,2701,1310,1687,1224,45.3,164,15.6,568,43.4,554,20.5,751,475,17.6,123,4.6,145,587,55,113,1,2434,24,129,22183,31830,47.1,22,13.9,19,37.1,48.4,8,20.3,17.1,12.5,20.4,12.2,0,0,0,0,0,0,0,378,1014,0.65593,69
17031691500,1895,889,1138,1383,73,314,38.3,380,42.7,215,11.3,661,398,21,135,7.1,131,563,0,42,92,1760,0,1,18113,22846,48.9,22.6,13.8,19.3,40.2,48.9,8.3,21.3,17.9,14.5,23.3,12.1,0,0,0,0,0,0,0,268,497,0.692962,69
17031700100,3874,1081,1137,729,18.8,106,5.5,81,7.5,289,7.5,1045,279,7.2,562,14.6,442,306,283,1395,45,2290,8,136,28287,81091,39.8,15.3,11.3,17.8,30.9,35.5,5.3,17.6,14,17.8,14.4,16.4,0,0,0,0,0,0,0,1056,1296,2.31434,70
17031700200,6888,1884,1884,1928,28,322,9.6,109,5.8,690,10,1927,675,9.8,1144,16.6,896,657,491,5275,458,1015,126,14,24676,82451,36.4,13.8,9.5,18.2,32.7,29.3,5.2,16.7,14.4,26,13.4,18.3,4,0,1,0,0,0,4,1224,2466,1.60595,70
17031700301,6124,1895,1895,947,15.6,224,7.7,102,5.4,477,7.8,1777,678,11.1,716,11.7,1165,658,592,4597,1147,297,59,24,27067,95654,33.2,11.7,9.3,18.1,29,26.7,4.6,16,13.2,24.6,11.8,19.5,59,5,1,48,0,5,31,863,2246,1.29168,70
17031700302,6003,1805,1860,954,15.9,236,9.3,132,7.3,974,16.2,1715,712,11.9,686,11.4,953,503,592,3903,1295,757,0,48,34497,91693,33.8,12.8,9.8,18.3,28.6,30.6,5.5,15.9,13.7,21.1,12.4,18.3,6,0,5,1,0,2,6,188,2322,1.32066,70
17031700401,6218,1883,1964,1490,24,406,11.1,131,7,704,11.3,1267,499,8,819,13.2,722,714,373,2629,256,3161,57,115,32338,87824,37,13.7,11,17.2,27.4,33.4,4.7,16.5,12.6,16,12.3,17.1,1,0,0,0,1,0,1,192,2421,1.48127,70
17031700402,3417,1196,1231,549,16.1,120,7.2,153,12.8,381,11.2,923,292,8.5,280,8.2,278,210,129,1087,218,2043,4,65,37028,87232,36.6,13.5,11.2,17.2,26,34.1,4.7,16.2,12.2,13.7,12,16.6,0,0,0,0,0,0,0,289,1720,1.1474,70
17031700501,6565,2530,2576,1496,23.8,602,15.8,217,8.6,1237,18.8,918,1378,22,224,3.6,716,1071,101,582,191,5372,74,346,30915,66300,43,20.7,12.6,17.1,33.3,47.1,7.7,17.2,15.4,12.2,16.5,12.5,0,0,0,0,0,0,0,458,2628,1.66857,70
17031700502,3656,1191,1215,492,14.3,151,9,112,9.4,893,24.4,697,317,9.2,421,12.2,152,228,13,407,162,3031,0,56,37669,83125,36.4,16.1,11.6,15.1,24.9,42.7,6,14.2,11.7,8,10.2,13.2,9,0,7,2,0,1,9,236,1297,1.72513,70
17031710100,1026,518,670,646,63,138,29.9,217,41.9,86,8.4,262,199,19.4,46,4.5,24,191,0,87,0,931,8,0,26410,30795,46,21,12.6,17.5,34.2,47.2,7.8,18.7,15.6,12.3,18.9,13.4,0,0,0,0,0,0,0,26,339,0.215279,71
17031710200,4056,1739,2174,1924,47.4,240,15.6,764,43.9,1022,25.2,1039,953,23.5,514,12.7,821,786,0,0,95,3943,0,18,25114,37587,46.5,21.7,14.1,19.5,40.4,47.2,8.4,21.6,18.2,16.5,22.6,12.2,0,0,0,0,0,0,0,60,1219,0.741683,71
17031710300,1382,558,650,371,26.8,46,6.2,129,23.1,214,15.5,249,311,22.5,142,10.3,138,195,0,32,0,1300,0,50,32881,55536,41.5,16.9,12.8,17.5,32,41.7,6.1,18.8,14.2,12.5,16,13.9,0,0,0,0,0,0,0,387,479,0.327022,71
17031710400,5668,2229,2492,1992,35.1,478,19.5,570,25.6,1023,18,1464,1163,20.5,396,7,509,1050,0,183,79,5261,58,87,25365,46727,44.3,21.1,13.1,17.7,35.5,47.6,7.9,18.5,16,12.8,17.7,12.2,0,0,0,0,0,0,0,111,1774,1.00007,71
17031710500,4087,1511,1976,1651,40.8,283,15.1,468,31,593,14.5,941,695,17,492,12,368,725,55,204,7,3646,20,210,21952,38456,44.2,20.3,13.5,18.2,35.5,46.3,7.6,19.4,16.1,13.2,18.5,12.5,1,0,1,0,0,0,1,163,1289,0.750439,71
17031710600,1720,915,1029,687,39.9,133,16,423,46.2,437,25.4,227,369,21.5,287,16.7,259,365,0,54,106,1517,0,43,32051,52500,44.3,18.5,13.7,18.8,35.1,43.7,6.6,20.3,15.7,13.7,19.6,13.2,0,0,0,0,0,0,0,26,541,0.244752,71
17031710700,3412,1266,1626,1311,39.2,429,29,369,29.1,679,19.9,646,602,17.6,374,11,384,501,0,1,18,3344,1,48,26451,35946,43.4,20.5,12.9,17,34.8,47.6,7.7,18.1,15.6,12.3,17.5,12.4,0,0,0,0,0,0,0,205,1030,0.489659,71
17031710800,4536,1970,2287,2256,49.7,543,30.1,876,44.5,828,18.3,1335,1037,22.9,354,7.8,579,1134,0,4,19,4463,37,13,19654,40191,43.7,20.5,13.2,17.6,35.3,47.4,7.8,18.7,15.8,11.7,17.5,12.1,0,0,0,0,0,0,0,319,1379,0.815462,71
17031710900,2151,754,888,1108,51.5,150,15.6,231,30.6,223,10.4,725,355,16.5,81,3.8,127,255,0,137,0,1979,11,24,23807,54125,43.3,17.5,13.4,18.4,31.3,42.7,6.2,19.2,14.2,10.7,16,13.4,1,0,1,0,0,0,1,342,685,1.00021,71
17031711000,3779,1252,1471,1495,39.6,337,21.4,289,23.1,626,16.6,1150,765,20.2,284,7.5,338,406,69,91,94,3525,69,0,25385,51010,44,20,13.2,17.8,36,46.2,7.4,19.4,15.9,13,18.5,12.6,0,0,0,0,0,0,0,109,979,0.653944,71
17031711100,2808,1048,1098,782,27.8,439,30.3,200,19.1,445,15.8,613,422,15,370,13.2,206,357,0,81,0,2719,0,8,29223,50139,40.4,17.7,12.5,16.4,27.8,44.4,6.4,16.2,13.1,8.7,12.8,13.1,0,0,0,0,0,0,0,150,931,0.653587,71
17031711200,4869,1751,1965,1210,25.1,365,14.8,383,21.9,1018,20.9,955,999,20.5,478,9.8,504,569,243,538,34,4070,0,227,26801,62872,41.7,20.8,12.8,16.3,32.9,48.7,8.1,16.6,15.1,10.9,15,11.7,0,0,0,0,0,0,0,162,1707,1.09788,71
17031711300,1618,666,709,475,29.4,144,20,176,26.4,468,28.9,267,313,19.3,213,13.2,214,210,75,0,30,1492,96,0,31205,67478,42.7,19.9,13,17.1,32.7,46.8,7.3,17.8,15.1,11.1,16.5,12.5,0,0,0,0,0,0,0,179,566,0.34958,71
17031711400,2728,874,973,792,29,166,13,135,15.4,415,15.2,720,411,15.1,247,9.1,135,371,9,118,9,2543,0,58,25017,64615,40.6,17,12.5,16.6,28.9,43.1,6.2,17.1,13.1,9.7,13.5,13.5,0,0,0,0,0,0,0,198,904,0.735687,71
17031711500,2628,873,973,825,31.4,93,8.6,134,15.3,504,19.2,508,559,21.3,90,3.4,316,275,41,39,0,2521,68,0,27619,56677,43.5,19.8,13.4,17.9,35.2,46.1,7.4,19.1,15.9,12.8,17.9,12.6,0,0,0,0,0,0,0,11,831,0.646369,71
17031720100,3370,1114,1160,472,14.2,269,16.6,19,1.7,648,19.2,845,210,6.2,78,2.3,58,189,1,422,1764,1044,67,73,63017,149803,30.1,11.4,10.1,18.1,17.8,34.2,5.5,12.8,10.1,6,8.4,17.4,42,1,34,4,3,10,38,506,1598,1.96475,72
17031720200,4097,1579,1693,171,4.4,127,6.5,88,5.6,794,19.4,972,508,12.4,118,2.9,65,277,0,291,1747,1956,20,83,57397,125600,32,11.7,10.8,17.2,18.5,34.9,4.8,13.5,10,6,8.7,16.8,51,0,23,18,6,7,49,2429,1854,1.67233,72
17031720300,3614,1511,1556,113,3.1,136,6.5,66,4.4,951,26.3,550,460,12.7,114,3.2,78,190,8,200,2252,1032,11,119,74913,153048,27.7,9.7,9.7,17.5,14.6,31.4,4.6,11.8,8.8,4.6,6.6,18.3,9,0,5,3,0,1,8,1426,1694,1.26284,72
17031720400,1872,697,736,135,7.2,43,4.3,6,0.9,326,17.4,416,152,8.1,85,4.5,35,106,1,231,1450,155,8,28,63647,124625,29.9,9.5,10.3,21.8,18.2,29,4.9,15.1,11.1,7,10.8,20.8,21,0,7,14,0,3,20,352,1190,0.661288,72
17031720500,1833,720,823,51,2.8,29,2.8,4,0.6,289,15.8,374,143,7.8,30,1.6,37,120,0,182,1601,35,15,0,62210,120789,26,7.8,9.6,20.8,14.3,26.3,4.3,13.5,9.2,5.2,7.9,22,0,0,0,0,0,0,0,357,1178,1.04268,72
17031720600,1860,627,633,125,6.7,50,5.7,21,3.3,332,17.8,541,215,11.6,7,0.4,18,119,0,13,1436,395,0,16,66237,160489,26.9,9.2,9.7,18.9,14.3,30.4,4.8,12.1,9.1,4.3,7,19.4,2,0,1,0,1,1,2,273,879,0.581221,72
17031720700,3135,1164,1468,456,14.5,126,6.6,70,6,533,17,573,394,12.6,75,2.4,126,296,0,53,741,1870,55,416,52939,87188,33.3,11.8,11.1,17.7,19.4,34.6,4.6,14.3,10.3,6.4,9.4,16.8,10,0,4,5,1,3,10,156,1211,1.04935,72
17031730100,2669,979,1005,726,27.2,84,7.4,151,15.4,586,22,619,704,26.4,43,1.6,207,304,0,0,56,2533,0,80,32334,70000,41.2,18.3,12.7,16.6,30.4,45,6.7,17,13.8,10.2,14.3,12.6,0,0,0,0,0,0,0,57,919,0.655999,73
17031730201,5671,2177,2496,1009,17.9,365,11.9,501,23,935,16.5,793,815,14.4,450,7.9,369,885,0,158,105,5236,15,157,26675,39734,40.1,17,12.8,16.8,28.3,43.1,6.2,17,13.3,9.5,13.4,13.4,2,0,2,0,0,0,1,225,1900,0.993953,73
17031730202,3093,1027,1142,652,22.7,204,14.1,84,8.2,687,22.2,658,500,17.2,226,7.8,141,297,0,24,52,3017,0,0,31373,79824,38.8,16.8,12.1,15.6,26.7,43.9,6.2,15.5,12.3,8.3,11.8,13.1,0,0,0,0,0,0,0,230,1092,0.884954,73
17031730300,1042,367,442,287,27.5,137,27,87,23.7,207,19.9,197,239,22.9,97,9.3,84,118,5,0,0,1020,9,13,25015,63333,44.1,20,13,17.3,33.1,46.9,7.3,18,15,11,16.6,12.6,0,0,0,0,0,0,0,260,461,0.296906,73
17031730400,4070,1434,1476,751,18.5,152,7.5,157,10.9,641,15.7,834,897,22.1,340,8.4,449,347,0,43,127,3871,0,29,37192,82642,39,17.9,12.4,15.8,29.1,45.2,6.9,15.9,13.3,9.7,12.7,12.5,1,1,0,0,0,1,1,376,1316,1.28378,73
17031730500,4053,1777,2008,1090,26.9,235,12.4,314,17.7,1015,25,622,844,20.8,392,9.7,289,435,0,1,11,4041,0,0,36670,70082,40.1,17.7,12.5,16.4,28.6,44.2,6.6,16.3,13.2,9.2,13,12.9,0,0,0,0,0,0,0,133,1456,1.31526,73
17031730600,3570,1028,1265,729,20.4,239,16.3,149,14.5,696,19.5,1076,604,16.9,171,4.8,113,297,0,23,38,3486,0,23,31919,72583,37.2,16,11.8,15.1,25,43.1,6,14.6,11.6,7.5,10.4,13.1,0,0,0,0,0,0,0,65,1206,1.00435,73
17031730700,2288,789,891,628,27.4,156,14.1,168,21.3,369,16.1,581,378,16.5,178,7.8,190,283,0,0,0,2269,0,19,31494,54167,39.7,16.2,12.6,16.9,28.3,41.6,5.9,17.2,12.9,10,13.4,13.7,0,0,0,0,0,0,0,255,886,0.987516,73
17031740100,3075,1225,1346,637,20.7,81,5.2,65,5.3,398,12.9,892,521,16.9,27,0.9,135,248,37,501,2477,20,49,28,56899,107500,29.5,8.9,9.8,21.6,18.2,27.3,4.7,15.2,10.8,8.1,11.1,22.1,0,0,0,0,0,0,0,620,1700,0.882153,74
17031740200,6473,2138,2188,632,10.6,145,5,157,7.3,1032,15.9,1501,734,11.3,160,2.5,143,297,25,633,5194,76,63,507,48795,129207,27.7,8.6,9.9,21.7,17.3,27.6,4.9,15.1,10.6,6.7,9.9,21.4,40,0,36,4,0,7,34,1817,3008,1.97215,74
17031740300,5043,1933,1933,170,3.4,164,6.3,47,2.4,798,15.8,1295,440,8.7,103,2,196,212,3,442,4519,0,56,26,54717,118717,26.6,7.5,9.6,21.1,14.9,25.5,4.2,14.1,9.5,6.1,9,22.9,5,0,4,1,0,2,4,341,2609,1.31932,74
17031740400,4530,1873,1996,320,7.1,195,7.8,65,3.5,414,9.1,1192,397,8.8,212,4.7,43,421,28,260,3863,241,31,135,49388,89250,29.7,8.6,10.3,21.8,18.1,27.5,4.5,16.1,10.8,7.2,11.4,22,5,0,3,0,1,0,5,471,2504,2.8331,74
17031750100,3636,1514,1594,809,22.8,315,17.9,137,9,773,21.3,845,456,12.5,315,8.7,168,520,0,55,270,3291,20,0,37585,54443,38,16.4,12.1,15.7,25.6,43.2,6.2,15,12,7.9,10.7,12.9,0,0,0,0,0,0,0,158,1351,1.28854,75
17031750200,3141,1436,1508,510,16.2,180,11,150,10.4,596,19,705,309,9.8,43,1.4,45,506,1,138,944,1904,128,27,53472,87273,35.1,14.2,11.3,18.2,21.9,38.6,5.9,14.8,11.7,6.7,10.6,15.9,7,0,3,2,1,2,7,361,1454,1.31342,75
17031750300,2546,968,1019,101,4,43,3.1,51,5.3,427,16.8,778,183,7.2,19,0.7,8,90,15,87,2184,145,6,124,53179,102689,26.8,7.8,9.7,20.8,14.1,26.3,4.1,13.6,9.1,5,8.1,22,2,0,1,1,0,1,2,421,1276,0.661201,75
17031750400,2790,1247,1302,467,16.8,108,6.8,66,5.3,578,20.7,579,310,11.1,52,1.9,110,233,35,321,1558,673,43,195,48605,113088,30,9.8,10.3,19.1,16.9,30.8,4.6,13.8,9.9,5.9,8.9,19.3,1,0,0,0,1,0,1,605,1458,0.998409,75
17031750500,4761,1941,2148,1099,25.1,184,9.8,402,20.7,1314,27.6,975,943,21.5,472,10.8,275,714,4,53,1209,2984,14,501,32156,62500,36,15.7,11.6,16.5,25.3,42.2,6.8,14.9,12.5,7.8,11,13.6,246,4,70,47,87,23,206,1512,2209,2.63108,75
17031750600,3844,1301,1401,1262,33.1,40,2.8,144,11.1,620,16.1,1123,390,10.2,286,7.5,369,460,0,178,47,3591,0,28,23282,45682,41.8,19.6,12.8,16.7,32.6,46.7,7.5,17.2,14.8,11.2,15.5,12.3,0,0,0,0,0,0,0,572,1238,1.31006,75
17031760801,4718,2349,2464,875,18.5,160,5.5,272,11.6,387,8.2,950,327,6.9,578,12.3,267,692,572,420,2024,243,1837,194,43529,78618,25.8,8,8.7,18.9,19.2,23.4,3.6,14.6,9.4,8.6,10.5,20.2,11,0,1,5,3,0,10,12744,1579,1.29423,76
17031760802,2191,1170,1193,292,13.3,34,2.7,124,10.6,675,30.8,221,372,17,217,9.9,190,308,274,233,1905,42,11,0,50166,92069,27.5,10.6,9.8,20.4,20.5,32.9,6.7,14,12.2,7.9,10.8,18.3,340,16,181,38,77,27,220,887,1145,6.21117,76
17031760803,6862,3059,3151,1102,16.1,182,4.2,135,4.4,821,12,1094,309,4.5,1504,22.1,369,1248,962,1057,4542,666,254,343,52376,80625,28.8,8.5,9.8,21.8,19.4,25.8,4.4,16.1,10.8,8.8,11.8,22.1,14,0,1,1,11,0,14,735,2265,0.788921,76
17031830500,3948,1161,1218,1059,26.8,145,8.3,118,10.2,614,15.6,1037,483,12.2,703,17.8,1027,368,790,3896,20,32,0,0,24195,78347,35.2,14.3,8.8,17.3,34.3,27.2,5.1,15.9,14.9,32.1,12.2,18.7,22,2,14,4,0,11,22,3308,1285,4.10832,30
17031830600,4788,2108,2291,1238,25.9,287,9.6,748,35.5,264,5.5,1000,451,9.4,1047,21.9,551,839,595,1326,1939,852,503,168,36182,65599,31.2,9.1,9.6,19.7,21.6,24.5,3.6,16.1,10.6,13.6,11.2,21.5,47,8,19,12,7,14,41,2757,1866,0.660713,1
17031830700,4249,2015,2236,1573,37.2,168,6.3,862,42.8,285,6.7,696,516,12.1,537,12.6,329,725,259,561,1515,1685,380,108,56276,72050,34,11.1,10.4,20.9,22.5,29.7,4.6,16.9,11.4,10.2,13,20.1,158,66,19,21,31,21,107,2426,1776,0.871146,3
17031830800,2415,1528,1607,276,11.4,125,6.6,515,33.7,121,5,206,227,9.4,100,4.1,0,484,57,233,1738,107,279,58,72955,76768,25.5,4.4,9.4,22.5,12.3,16,1.9,15.2,7,6.5,7,26.7,353,2,302,38,7,66,167,575,1413,0.336199,4
17031830900,2957,1303,1441,172,5.8,94,4.3,54,4.1,152,5.1,427,110,3.7,81,2.7,209,167,186,935,1695,70,226,31,90281,150288,25.6,5.8,8.6,19.5,14.1,18.5,2.5,13.6,7.5,8.3,7.1,25.2,42,14,22,1,4,15,34,4007,1569,1.02279,22
17031831000,2224,1076,1207,122,5.5,77,4.8,87,8.1,142,6.4,296,127,5.7,9,0.4,14,112,0,176,1894,37,85,32,142484,209904,24.2,4.1,8.9,21.7,10.4,15.8,1.9,13.9,6.3,4.9,6,27.8,19,1,10,6,0,3,19,731,1411,0.27992,24
17031831100,7191,2745,3052,1516,21.1,160,3.7,614,22.4,789,11,1305,761,10.6,1576,21.9,600,792,676,3613,3092,104,211,171,51776,104399,30,8.7,9,19.7,21.5,22.5,3.5,15.4,10.3,14.8,10.1,22.2,33,5,7,15,1,7,27,2302,2809,1.31537,21
17031831200,4710,1502,1714,1255,26.6,194,7.5,307,20.4,638,13.5,1069,448,9.5,685,14.5,851,683,874,4126,375,173,0,36,26903,63628,35.4,13.5,9.2,18.3,33.2,27.2,4.9,16.7,14.5,28.6,12.7,18.7,1,0,1,0,0,0,1,559,1557,0.570033,20
17031831300,1176,399,426,650,55.3,23,5.1,86,21.6,332,28.2,256,298,25.3,272,23.1,391,217,233,860,6,254,12,44,17864,50134,44.4,21.6,11.7,19.7,44.8,40,8,20.3,20.3,32,22.6,14.5,0,0,0,0,0,0,0,1242,496,0.574917,25
17031831400,2962,1075,1193,1522,55.9,106,11.3,193,18,370,12.5,692,288,10.6,548,20.1,378,559,125,778,422,1505,249,8,24760,,45,22.4,12.5,18.8,38.9,47,8.9,19,18,16.8,20.8,12.7,1,0,0,0,0,1,1,3605,1070,2.10343,25
17031831500,3859,1407,1551,811,21,119,5.3,92,6.5,289,7.5,798,512,13.3,657,17,677,499,548,2126,1118,353,118,144,36678,87727,32.7,11.8,9.7,19.1,28.2,27.2,4.7,16.4,13.2,21.2,12.6,19.2,8,0,7,1,0,4,7,2064,1866,0.959511,19
17031831600,7221,2567,2788,1377,19.1,221,6.3,433,16.9,1468,20.3,1600,1344,18.6,442,6.1,1241,1129,566,4051,2257,573,201,139,27820,61781,32.7,13.4,9.3,17.7,29.8,30.1,5.7,15.3,13.8,22.6,11.8,18.1,1,0,1,0,0,0,1,1740,2638,1.49236,18
17031831700,2224,951,996,562,25.3,53,4.3,240,25.2,409,18.4,392,172,7.7,208,9.4,248,484,274,1024,978,61,136,25,50362,58875,32.6,12.4,9.3,19.2,26.8,29.4,5.3,15.3,13.1,16.9,12.6,19,0,0,0,0,0,0,0,825,1061,0.533227,15
17031831800,7918,2557,2798,1606,21.1,139,3.4,288,11.3,839,10.6,1960,700,8.8,822,10.4,612,613,458,1423,3109,262,2798,326,40914,87470,27.4,11,9,18.4,22.9,27.3,4.7,14.5,10.9,11.2,10.6,18.1,347,44,183,58,28,94,232,3055,2325,1.91021,13
17031831900,3074,1484,1690,489,15.9,59,2.6,317,21.4,320,10.4,283,123,4,50,1.6,88,235,25,357,2360,70,170,117,89090,132877,24.1,3.7,9.4,23.4,11.1,14.9,1.8,15.6,6.6,5.6,6.6,28.1,15,0,11,0,4,7,14,2299,1558,0.323402,6
17031832000,1701,1007,1161,225,13.2,57,3.8,348,34.6,47,2.8,51,139,8.2,42,2.5,23,221,1,139,1317,52,107,86,99797,155000,22,2.7,9,22.6,9.5,12.3,1.4,15.2,5.6,5.3,5.3,29.9,10,2,0,2,5,1,10,477,1170,0.166331,6
17031832100,3592,1809,2069,917,25.7,116,4.5,584,32.3,166,4.6,541,132,3.7,390,10.9,115,482,169,439,1823,1019,122,189,55656,96083,26.7,5.2,9.8,22.9,14.6,17.8,2.2,16.8,7.7,7.6,8.1,25.9,54,5,2,33,12,15,40,327,1674,0.221943,6
17031832200,3216,1624,1713,212,6.6,20,0.8,254,15.6,134,4.2,495,160,5,177,5.5,27,308,0,257,2389,93,271,206,111942,151894,23.9,3.9,9.1,22.2,10.6,15.1,1.8,14.4,6.4,5.5,6,28,10,0,10,0,0,6,8,900,1709,0.398819,22
17031832300,1938,1023,1133,153,7.9,33,2.2,121,11.8,72,3.7,206,102,5.3,98,5.1,9,252,43,251,1271,158,85,173,107547,110855,25,4.5,9,21.7,11.9,16.4,2,14.6,6.9,6.1,6.8,27,18,0,16,1,0,5,17,2876,1187,0.849972,22
17031832400,3558,1647,1797,200,5.7,106,4.1,254,15.4,184,5.2,463,148,4.2,208,5.8,153,275,220,936,2164,197,146,115,83437,137883,25.1,4.6,8.8,20.9,12.9,15.7,1.9,14.7,7,7.9,7.2,27.2,28,2,24,1,1,15,21,646,2033,0.322619,22
17031832500,3277,1438,1594,566,17.8,95,4.9,412,28.7,493,15,683,160,5,76,2.4,147,365,40,366,2440,143,164,164,96916,153839,25.9,6.8,9.5,21.3,14.3,22.7,3.5,14.4,8.4,6,7.6,23.2,17,3,6,7,1,3,17,2249,1376,0.767637,7
17031832600,4348,1722,1913,558,12.8,152,5.2,372,21.6,338,7.8,875,130,3,91,2.1,42,262,18,161,3771,40,156,220,139824,220875,23.4,4.2,9.3,22.7,10.5,16.5,2.2,14.5,6.6,4.6,5.8,27,17,2,2,9,1,7,15,3197,2013,0.727281,7
17031832900,2092,764,874,806,38.5,44,3.4,222,29.1,178,8.5,168,224,10.7,102,4.9,40,236,61,148,1007,54,883,0,50195,83149,23.6,7.4,8.8,19.6,19.3,21.2,3.5,15.8,8.9,8.4,8.8,19.5,19,0,4,2,12,3,19,1262,759,0.404054,28
17031833000,4677,2576,2694,350,7.5,188,5.3,479,18.6,19,0.4,747,460,9.8,50,1.1,0,327,0,83,3782,179,392,241,136610,192016,24.7,4.1,9,21.5,11.1,16,1.8,14.4,6.4,5.1,6.5,27.1,39,10,17,9,0,17,34,16859,3059,1.31182,28
17031833100,8469,4720,5341,836,10,128,1.9,982,20.8,384,4.5,916,513,6.1,215,2.6,171,979,72,611,5169,503,1909,277,141574,164825,23.4,4.4,8.8,20.2,11,16.6,1.9,13.2,6.2,4.7,5.7,25.4,57,22,23,6,1,11,43,8477,4872,0.920191,28
17031833300,2686,1215,1420,868,32.5,158,8.9,507,41.7,161,6,378,80,3,29,1.1,31,428,34,234,1107,113,987,245,65424,91500,21.5,5.4,8.4,19,15,17.4,2.5,14.6,7.1,6.6,6.6,21.4,26,3,6,4,13,2,25,971,1047,0.472202,28
17031833900,2696,763,1047,1666,61.8,262,24.3,249,32.6,316,11.7,930,287,10.6,345,12.8,330,322,254,1331,41,1269,45,10,13486,35583,46.2,20.1,12.4,20.8,44,39.9,7.4,21.9,19.2,26.7,23,14.3,1,0,1,0,0,1,1,190,611,0.709762,46
17031834000,3274,1118,1444,1421,43.4,383,25,405,36.2,357,10.9,1002,614,18.8,251,7.7,273,662,0,0,0,3046,0,228,19372,29728,45.9,19.2,13.9,19.5,35.8,44.3,6.7,21,16.1,13.5,20,13,1,0,0,0,0,0,1,26,1117,0.967993,49
17031834200,5689,2132,2605,1392,24.6,478,18.7,366,17.2,826,14.5,1671,648,11.4,351,6.2,194,821,1,21,5,5663,0,0,30272,60966,39.9,15.7,12.3,16.6,26.9,41.3,5.4,16.8,12.4,8.7,13.2,14.3,0,0,0,0,0,0,0,1265,1274,0.974365,43
17031834300,6186,2583,3038,1649,26.7,381,12.9,657,25.4,1633,26.4,1350,1078,17.4,778,12.6,244,930,0,49,3,5764,58,312,38425,68527,39.7,17.8,12.3,16,27.5,45,6.5,15.5,12.8,8.1,12.2,12.7,3,0,2,1,0,2,3,332,2082,1.88817,45
17031834400,4263,1912,2162,1008,23.6,327,13.9,751,39.3,383,9,918,750,17.6,270,6.3,152,851,36,123,482,3072,63,523,43885,37279,40,14.2,12.5,17.8,24.5,38.2,4.8,17.1,11.6,8.2,12.6,15,50,1,44,4,1,35,34,75,1363,0.585738,42
17031834500,1572,516,662,772,49.7,99,13.2,146,28.3,59,3.8,552,154,9.8,159,10.1,107,204,0,0,20,1462,0,90,22313,,48,17.7,14.7,21.5,36.8,42,6,23.4,16.5,14.3,22.5,13.6,1,0,1,0,0,1,1,285,469,0.461278,40
17031834600,1825,788,1079,906,49.6,198,24.3,396,50.3,344,18.8,358,562,30.8,67,3.7,330,392,10,228,21,1560,0,16,24610,26587,47.2,21.9,13.8,19.4,40.2,47.1,8.2,21.5,18.3,16.9,23.2,12.9,4,2,2,0,0,2,4,161,640,1.56717,68
17031834700,1344,642,976,458,34.4,87,14.9,247,38.5,189,14.1,240,381,28.3,214,15.9,206,305,33,196,15,1099,0,34,21705,40952,45.4,18.9,13.1,18.7,36.1,43.4,6.7,20.4,16.1,16.2,20.9,14,0,0,0,0,0,0,0,47,458,0.658079,68
17031834800,1683,731,1020,781,47.7,143,20.8,323,44.2,291,17.3,314,611,36.3,358,21.3,162,289,28,93,18,1549,4,19,17353,24207,45.3,21.2,13.4,18.4,37.2,47,7.9,19.9,16.9,14.6,20.4,12.6,0,0,0,0,0,0,0,242,476,0.603562,68
17031834900,905,612,826,459,50.7,73,29.3,344,56.2,289,31.9,75,265,29.3,70,7.7,207,352,0,1,9,874,0,21,19750,16250,45.5,20.7,13.5,18.9,40.1,45.7,7.8,21.3,17.7,17.8,22.3,13.1,0,0,0,0,0,0,0,18,541,0.652723,67
17031835000,5549,1980,2099,2724,49.1,576,24.1,643,32.5,966,17.4,1275,748,13.5,857,15.4,897,842,651,3433,87,1904,125,0,34482,56279,41,16.5,11.1,18.7,37.1,35,5.9,19.3,15.9,25.7,17.3,16.3,0,0,0,0,0,0,0,842,1712,1.00362,66
17031835100,4666,1332,1523,1408,30.2,173,8.4,312,23.4,470,10.1,1274,458,9.8,993,21.3,835,537,974,3928,112,583,2,41,24606,59174,36.3,13.6,9.3,17.6,32.7,28.1,4.8,16.8,14,27.2,12.6,18.8,0,0,0,0,0,0,0,366,1549,1.00674,63
17031835200,2276,657,683,195,8.6,99,7.7,65,9.9,383,16.8,460,293,12.9,347,15.2,269,157,384,1677,348,178,73,0,30401,72931,31.8,11.7,8.9,18.1,25.6,27.6,4.9,14.8,12.4,18.8,10.7,19.9,2,1,0,0,0,1,2,2248,899,0.989449,56
17031835500,1393,699,923,972,69.8,152,30.2,389,55.7,357,25.6,334,327,23.5,53,3.8,175,359,0,180,51,1128,0,34,16382,22639,49.8,28.7,13.3,18.6,44.6,54.9,11.9,19.7,20.9,17.8,25.4,11,2,0,0,2,0,1,2,350,473,0.915875,37
17031835600,749,420,583,528,70.5,69,39.4,271,64.5,285,38.1,92,284,37.9,0,0,196,215,7,41,0,697,1,10,15835,14184,51.1,29.1,13.8,19.8,51.7,53.3,12.2,22.6,23.8,26.2,30.5,11.2,3,0,3,0,0,1,3,530,280,0.918305,37
17031835800,1852,798,892,487,26.3,188,15.8,253,31.7,133,7.2,400,170,9.2,126,6.8,47,196,9,178,0,1642,0,32,38309,65536,39.3,11.1,12.7,18.5,22.7,32.8,3.4,17.9,10.4,8.1,12,16.4,0,0,0,0,0,0,0,32,604,0.284169,38
17031836000,3022,1126,1238,947,31.3,173,10.6,184,16.3,242,8,925,466,15.4,130,4.3,161,372,0,46,117,2752,19,88,53473,88000,40.9,14.2,12.7,18.1,25.2,37.8,4.6,17.5,11.9,8.9,13.2,14.9,0,0,0,0,0,0,0,260,925,0.505635,38
17031836100,1827,782,963,1026,56.2,182,20.2,391,50,271,14.8,587,364,19.9,119,6.5,211,430,0,12,51,1637,0,127,23735,24141,45.4,17.7,13.8,19.8,34.3,42.1,6.3,20.9,15.3,13.7,19.2,13.3,0,0,0,0,0,0,0,193,525,0.857142,40
17031836200,1709,107,143,43,14.1,20,3.9,21,19.6,99,5.8,70,92,5.7,50,3.1,0,20,22,156,986,153,338,76,16857,158889,16.5,2,9.6,22.6,12.7,9,1.1,20.5,6.2,7,4.7,26,475,61,69,221,17,123,243,23236,424,0.811678,41
17031836300,1744,688,754,596,34.2,140,12.4,163,23.7,190,10.9,231,224,12.8,101,5.8,31,263,48,57,651,798,114,124,41671,52917,32.5,10.8,11.1,20.3,20.9,29.5,4.1,16.9,10.2,8.2,10.2,18.8,25,0,24,1,0,14,20,77,562,0.137407,41
17031836400,3783,1891,2007,1598,42.2,390,20,737,39,493,13,920,429,11.3,200,5.3,222,612,0,246,108,3227,31,171,53321,25867,43,18,13,18.2,30.1,43.3,6.2,17.6,14,10.1,15.6,12.9,48,0,45,2,1,16,43,160,1275,0.780633,36
17031836500,1522,779,816,623,41.3,69,9.7,431,55.3,211,13.9,408,319,21,46,3,200,413,0,17,185,1315,0,5,30288,53750,45.3,17.6,14,19.9,34.2,42,5.8,20.8,15.4,13.2,19.4,13.3,17,3,14,0,0,5,16,15,542,0.460468,36
17031836600,2275,969,1114,299,13.2,60,3.9,223,23,290,12.7,301,459,20.3,54,2.4,208,248,148,978,826,332,32,107,41814,76250,31.9,9.7,9.5,18.3,22.3,25.1,3.6,15.5,10.4,15.9,9.9,21.2,3,0,2,1,0,0,3,747,1176,0.633174,23
17031836700,2507,1033,1175,1067,42.6,41,3.2,249,24.1,169,6.7,703,294,11.7,116,4.6,211,429,108,482,84,1941,0,0,24011,78081,42.8,16.4,12.6,20.1,35.2,38,6,20.8,15.7,18.5,19.3,15.6,92,6,73,9,3,23,76,1014,884,1.22738,23
17031836800,2635,949,1159,1958,74.3,213,17.9,410,43.2,193,7.3,679,716,27.2,528,20,536,527,0,22,97,2508,0,8,19592,30914,50.1,23,14.2,22,46.1,47.1,8.9,24.1,20.9,21.8,29.6,12.9,82,1,26,47,1,22,64,315,768,0.814917,27
17031836900,1994,609,676,1517,76.1,56,8.8,327,53.7,60,3,810,173,8.7,338,17,98,347,0,254,55,1604,0,81,18010,,49.6,18.8,14.2,22,38.5,42.5,6.1,23.3,17.2,16.2,23.5,13.6,0,0,0,0,0,0,0,157,526,0.164611,27
17031837000,1843,815,981,844,45.8,167,16.9,420,51.5,166,9,529,356,19.3,362,19.6,211,354,1,192,168,1453,9,21,24959,36607,42.3,15.3,12.7,18.7,28.6,38.8,5,18.5,13.1,10.8,15.4,14.9,0,0,0,0,0,0,0,402,753,0.412649,27
17031837100,1515,691,860,529,34.9,126,16.1,229,33.1,267,17.6,288,262,17.3,85,5.6,170,356,26,481,223,747,5,59,34678,49667,37.6,15.9,11.7,17.9,28.3,39.5,6.4,16.6,13.4,12.8,14,15.3,1,0,1,0,0,1,1,1427,631,0.748222,27
17031837300,2515,919,1038,1352,59.4,189,18.5,369,40.2,285,11.3,585,357,15.7,201,8.8,287,466,0,19,77,2371,5,43,23891,27431,47.7,19.4,13.7,20.2,38.6,43.9,6.8,22.3,17.3,16.7,23.9,14.3,0,0,0,0,0,0,0,384,822,0.368472,27
17031837400,2186,744,867,1000,45.7,261,24.4,234,31.5,174,8,643,377,17.2,96,4.4,167,249,25,333,108,1716,0,29,35238,41279,41.9,15.6,12.6,18.9,30,38.6,5.4,19.1,14,13,16.9,15.6,0,0,0,0,0,0,0,481,683,0.59119,27
17031837800,2875,1243,1375,1047,36.9,186,12.1,495,39.8,245,8.5,596,433,15.3,84,3,148,463,0,399,517,1794,165,0,35647,33159,38.3,11.9,11.8,19.6,23.7,32.3,3.9,17.9,11.3,9.8,13.1,17.9,3,0,1,1,0,0,3,2611,1127,0.999999,28
17031838000,2671,1423,1555,1218,45.6,256,20.7,495,34.8,302,11.3,638,427,16,87,3.3,249,520,19,342,436,1637,17,239,29188,,38.5,15.6,12.1,19.6,29.1,37.7,6,18.2,13.7,12.6,15.4,15.8,5,1,3,1,0,1,5,497,976,0.537923,28
17031838100,1501,1066,1347,623,41.5,57,7,549,51.5,320,21.3,90,424,28.2,133,8.9,272,480,0,82,526,827,66,0,75716,49458,37.2,17.8,11,18.8,27.2,41.2,7.6,15.8,13.4,11,14,15.6,11,2,1,7,0,2,10,12315,719,0.81855,28
17031838200,1834,372,428,146,14.1,84,10.4,96,25.8,111,6.1,275,134,8.1,22,1.3,29,85,0,355,599,492,320,68,52077,83911,19.7,5.2,8,16.5,15.2,16.4,2.2,14.6,6.7,7.9,6,21.5,44,6,19,13,3,12,39,7673,609,1.15533,28
17031838300,2483,1414,1594,299,12.4,42,2.2,527,37.3,213,8.6,196,236,9.8,60,2.5,132,301,13,74,1462,591,316,40,103799,114020,27.8,6,10,21.4,14.3,20.3,2.3,15.6,7.5,6.5,7.5,24.2,7,2,2,2,1,2,7,461,1595,0.347803,8
17031838600,1518,613,658,559,40.8,97,18.9,145,23.7,260,17.1,377,268,19.6,80,5.8,234,342,0,226,54,1108,3,127,27656,20725,44.5,18,13.4,19.8,37,41.7,6.7,21.9,16.6,17.1,21.6,14.6,1,0,1,0,0,1,1,61,404,0.245749,29
17031838700,3737,1565,1927,2546,68.1,141,12.9,661,42.2,403,10.8,1249,832,22.3,638,17.1,512,1092,304,615,245,2877,0,0,16194,34742,51.1,22.4,14.9,21.8,46,47,8.1,25,20.2,20.3,28.9,12.2,1,0,1,0,0,1,1,392,1132,0.657372,29
17031838800,3225,1132,1315,1571,49,180,12.2,345,30.5,352,10.9,805,472,14.6,362,11.2,361,392,341,1125,65,2015,0,20,16148,21576,44.4,21.6,12.1,19.5,42.7,42.2,8.5,20.1,19.1,24.3,20.6,13.4,1180,672,188,218,17,110,451,8959,930,21.6432,51
17031839000,10190,6110,6886,1992,20,818,10.7,3120,51.1,918,9,647,693,6.8,246,2.4,282,1783,120,987,6170,922,1774,337,83826,106650,23.9,5.6,9.2,20.6,14,18.6,2.5,14.8,7.2,6.4,6.8,23.3,34,5,15,12,0,12,27,2048,4749,0.517096,32
17031839100,8227,4727,5407,598,8.6,259,4.2,2701,57.1,297,3.6,275,339,4.5,299,3.9,284,1007,81,1183,3447,881,2478,238,116544,132361,22.1,4.1,8.5,19,11.6,15.3,1.7,14,6.1,6.1,6,25.8,185,111,20,34,3,60,88,314988,4347,1.18038,32
17031839200,2375,1476,1617,932,39.6,183,12.9,511,34.6,569,24,91,412,17.3,123,5.2,205,477,76,40,379,1337,314,305,42365,39924,35.3,17.9,11.3,16.6,27.7,42.2,7,14.9,12.8,8.8,11.9,12.6,9,0,7,1,0,4,8,1694,949,0.649934,35
17031839500,1804,794,852,392,23.3,59,7.5,334,42.1,450,24.9,359,433,24,87,4.8,169,188,32,345,225,952,90,192,41111,49769,34.4,16.2,11.1,16.2,24,41.3,6.7,14.3,11.5,8.7,10.1,14.3,0,0,0,0,0,0,0,42,483,0.261092,35
17031839600,1965,982,1091,587,30.1,81,9,461,46.9,583,29.7,182,510,26,129,6.6,291,324,11,114,158,1679,0,14,47506,68102,40.3,19.2,12.5,16.7,30.8,46.2,7.6,16.2,14.5,11.2,14.7,12.7,0,0,0,0,0,0,0,425,558,0.32694,35
17031839700,4753,1933,2013,586,12.4,79,2.8,387,20,576,12.1,761,417,8.8,354,7.4,468,484,364,1561,1671,170,1195,156,56788,85030,24.9,8.5,8.5,17.9,18.7,22.6,3.5,13.6,9.1,10.6,8.4,20.5,24,1,20,1,2,13,23,813,1826,0.647852,60
17031839800,2662,1121,1198,738,28,118,6.7,274,24.4,296,11.1,402,143,5.4,244,9.2,275,336,336,411,1258,119,866,8,42545,82361,25.2,10.2,8.5,18,22.4,25.3,4.3,14.2,10.3,10.9,10.5,18.2,1,0,1,0,0,0,1,241,1157,0.255807,60
17031839900,4558,2099,2198,641,14.1,132,4.4,194,9.2,649,14.2,692,492,10.8,98,2.2,361,415,115,1620,2350,81,490,17,64813,108194,27.1,9.5,8.9,19,20.7,25.4,4.1,14.5,10.3,10.2,10.5,19.8,7,0,0,2,3,0,7,2048,2110,1.16461,60
17031840000,2651,1067,1132,564,21.3,206,13.6,34,3.2,526,19.8,566,326,12.3,110,4.1,422,268,476,437,992,25,1154,43,48158,99013,24.7,12.1,8.4,16.9,25,28.1,4.9,13.8,11.1,11.3,11.6,16.2,3,0,3,0,0,3,3,198,1351,0.584388,60
17031840100,2880,1148,1211,510,17.7,163,10.3,302,26.3,617,21.4,469,528,18.3,193,6.7,315,320,547,196,777,20,1698,189,36708,77465,22.4,13.6,8.1,15.7,29.2,28.6,5,14.3,11.4,11.2,13.1,13.7,3,0,2,1,0,1,3,184,999,0.332334,60
17031840200,2198,827,864,1061,48.3,43,4.6,163,19.7,471,21.4,492,273,12.5,177,8.1,534,366,716,407,435,8,1334,14,30203,56944,25.4,17.7,8.4,15.9,36.5,32.9,6.5,15.4,14.3,15.8,17,12.3,123,10,100,8,0,18,92,436,930,0.864093,60
17031840300,3646,1258,1363,1215,33.3,277,14,129,10.3,463,12.7,808,404,11.1,457,12.5,719,463,557,2101,528,70,908,39,35111,71205,29.8,14.5,8.4,16.4,31.9,28.7,5.2,14.8,13.3,20.7,13.1,15.9,1,0,1,0,0,0,1,435,1417,0.826982,59
17031840400,3434,1168,1209,1030,30,120,5.7,101,8.6,529,15.4,705,303,8.8,526,15.3,571,417,972,1252,248,0,1934,0,37337,111481,26.3,13.9,7.9,15.3,29.2,28.8,5.1,13.7,12.1,16.2,11.9,15.7,4,2,2,0,0,2,3,3994,1237,1.00266,59
17031840700,3930,1256,1389,575,14.6,124,4.8,185,14.7,360,9.2,574,190,4.8,462,11.8,731,252,635,2970,653,147,118,42,34110,106840,30.3,9.4,8.3,16.9,23,21.3,3.3,14.2,10.3,20.6,8.1,21.8,3,0,0,2,0,2,3,1992,982,0.540367,30
17031840800,3258,932,977,1549,47.5,141,9.5,207,22.2,162,5,963,369,11.3,488,15,646,495,765,3169,37,52,0,0,21953,48750,39.1,16,9.1,18.6,40.1,29,5.6,17.9,17,36.7,15.9,18,0,0,0,0,0,0,0,176,839,0.328377,30
17031841000,1148,665,683,324,28.2,4,0.6,176,26.5,237,20.6,132,149,13,9,0.8,95,194,68,69,338,398,321,22,75200,113106,31.1,11.6,10.1,17,20.5,32.1,4.4,13.7,9.7,7.7,9.2,17,49,2,39,5,1,8,47,2346,584,1.01647,33
17031841100,6990,2838,2992,1986,28.4,219,6.3,1247,43.9,1553,22.2,1207,1375,19.7,630,9,2130,1037,2787,94,761,245,5661,229,29216,44083,20,19.6,7.6,12.8,37.9,35.2,7.2,13.2,13.6,13.4,15.1,9.4,75,20,42,7,5,34,55,2814,2348,1.15612,34
17031841200,4414,1727,1933,834,19,185,8.1,680,39.4,666,15.1,928,657,14.9,422,9.6,1013,565,490,3491,731,81,47,64,42849,71250,32.5,10.8,9.4,19.5,29.1,23.8,4.2,17.3,13,25.6,12.1,20.6,7,1,1,4,1,0,7,484,1624,0.625733,31
17031841300,4317,1916,1999,869,20.1,194,7,306,16,342,7.9,655,626,14.5,361,8.4,732,419,537,3116,686,206,141,168,45017,62214,32.2,10.8,8.7,18.1,24.4,24.5,4.1,14.7,11.4,19.4,9.5,20.7,4,1,1,2,0,0,4,3515,1401,1.41523,31
17031841500,1909,785,1094,1104,57.8,147,20.2,309,39.4,204,10.7,636,288,15.1,132,6.9,210,507,0,77,83,1744,0,5,15484,27029,46.5,17.7,14.4,21.1,38.3,41.1,6.1,23.5,17,17.3,23.1,13.7,0,0,0,0,0,0,0,101,813,0.428635,29
17031841700,1137,600,825,436,38.3,64,11.6,301,50.2,250,22,77,161,14.2,213,18.7,246,175,156,615,117,356,0,49,31022,67560,38.6,18.5,10.9,17.7,32.7,39.3,7.6,16.4,15.3,20.1,14.2,15.1,4,0,2,2,0,2,4,445,452,0.267204,30
17031841800,2330,894,1142,1047,45,241,22.6,343,38.4,283,12.1,660,307,13.2,179,7.7,201,330,14,324,41,1907,0,58,28649,60179,44.3,19,13.6,18.7,33.4,44.5,7,19.6,15.3,12,17.7,12.9,24,21,1,0,0,0,15,369,708,1.6296,69
17031841900,5983,1592,1784,678,19.6,422,13.8,382,24,299,5,356,531,8.9,227,3.8,195,268,135,718,2858,890,1281,236,53169,141017,21.7,4.4,9.5,20.5,15.1,14.6,1.7,17.7,7.2,7.9,7,22.8,247,15,103,108,13,53,174,23870,2062,2.56409,28
17031842000,2794,357,368,290,31.7,139,15.1,51,14.3,534,19.1,218,199,9.2,180,8.3,248,57,59,233,886,1024,577,74,29708,136667,26.3,10.6,9.9,17.7,20.7,27.8,4.4,16.9,9.7,8.8,8.5,19,10,0,5,0,5,0,10,2878,585,0.590061,35
17031842100,7110,2064,2186,2745,38.9,456,12,611,29.6,660,9.3,1853,638,9,2203,31,1062,938,625,3251,254,3369,106,130,25522,63304,40.7,16.8,11.1,18.6,35.4,35.6,5.9,18.2,15.7,23.7,16.3,16,0,0,0,0,0,0,0,1754,1940,2.03606,23
17031842200,3602,2351,2637,291,8.1,58,2.1,753,32,443,12.3,382,328,9.1,57,1.6,65,511,45,170,2565,286,332,249,108131,162736,25.8,6.1,9.4,20.2,13,20.8,2.6,13.9,7.1,5.6,6.5,24,112,31,58,6,3,15,73,19115,2204,1.53672,8
17031842300,3672,1703,1772,568,15.5,182,6.8,219,12.9,198,5.4,313,134,3.7,169,4.6,86,156,6,266,2410,525,265,206,99645,161957,26,5.9,9,20.2,12.7,20.1,2.6,13.7,7.2,5.9,6.8,25,19,5,7,6,0,5,19,7819,1926,1.88836,24
17031842400,3207,1473,1573,539,16.8,62,4.5,381,25.9,878,27.4,496,790,24.9,356,11.2,235,529,17,73,37,2976,78,43,43971,78494,35.5,13.7,11.5,14.7,21.3,39.5,4.9,14,10.2,6.5,8.9,14.4,0,0,0,0,0,0,0,3277,970,1.97699,44
17031842500,2449,930,1012,1225,50,141,14.6,526,56.6,115,4.7,1057,425,17.4,250,10.2,185,397,0,80,0,2291,49,29,16516,36925,43.5,13,15,22.3,34.4,34.4,4.2,24.6,14.6,16.1,19.9,14.5,0,0,0,0,0,0,0,312,536,1.06919,69
17031842600,4540,1551,1761,1025,22.6,88,3.9,208,13.4,609,13.4,1060,471,10.4,414,9.1,585,349,365,1703,1771,307,529,230,39881,92500,29.7,11.4,9.3,19.1,25.7,28.1,4.9,15.7,12.3,14.6,12.8,18.8,4,0,4,0,0,0,4,7427,1675,3.67387,61
17031842800,6069,2047,2285,2537,41.8,250,8.5,234,11.4,710,11.7,1567,565,9.3,1037,17.1,1137,868,976,5497,456,0,74,42,30923,67875,35.7,13.4,8.8,18.2,34.8,26.1,4.7,16.9,14.7,31.5,13.5,19,0,0,0,0,0,0,0,1147,1858,1.51881,58
17031842900,3216,1445,1522,2199,68.4,177,13.5,815,56.4,431,13.4,1036,553,17.2,596,18.5,405,806,56,129,445,1883,136,623,33908,29363,43.7,20.2,12.8,20.8,37,43.4,8.3,19.8,17.1,16.5,19.7,13.6,13,2,5,2,3,6,13,2882,1000,2.1932,28
17031843000,2399,1022,1223,1389,58,90,11.1,512,50.1,397,16.5,645,545,22.7,235,9.8,272,633,7,58,114,2227,0,0,22061,25483,47.2,19.7,14.2,20.3,38.4,44.6,7.1,22.2,17.1,15,22,12.9,1,0,0,0,1,0,1,1030,877,1.06448,29
17031843100,1564,481,576,762,48.7,43,6.6,167,34.7,106,6.8,439,301,19.2,257,16.4,161,220,0,174,194,1179,17,0,39082,51023,42.1,15.6,12.8,19.2,30.2,38.9,5.5,19.3,14,12.7,16.8,15.2,17,7,5,1,1,1,16,2137,571,1.01277,29
17031843200,2348,1015,1103,746,31.9,108,7,196,19.3,297,12.6,369,293,12.5,339,14.4,188,371,302,1426,751,72,35,64,47051,74764,33.6,11.4,8.7,18.1,26.6,25.4,4.3,15.2,11.9,20.5,10.4,20.2,190,5,128,49,0,26,105,7137,873,3.08319,31
17031843300,1572,393,476,806,53.4,196,28.9,126,32.1,142,9,441,168,11,154,10.1,203,188,21,335,99,1043,17,78,24136,83393,42.5,16.5,12.1,19,32.8,38.2,5.9,19.2,15,16.8,17.8,15.7,1,1,0,0,0,0,1,998,563,0.594471,29
17031843400,1209,490,545,437,36.1,52,12.9,131,26.7,344,28.5,263,242,20,188,15.6,209,316,103,508,15,686,0,0,18049,42813,39.9,16.5,11.3,17.2,32.9,38,6,17.7,14.4,18.7,15.5,15.9,0,0,0,0,0,0,0,392,509,0.651576,29
17031843500,9398,257,308,258,31.5,36,7.5,0,0,243,2.6,251,81,9.9,79,9.6,2991,97,198,2220,1037,6060,81,0,4297,70625,37.6,10.3,9.5,15.9,30.1,29.2,3.9,19.6,12.4,24.3,18.4,22.2,2,0,2,0,0,0,2,2161,697,2.02751,30
17031843600,2966,1478,1651,772,26.2,173,9,342,23.1,320,10.8,570,348,11.7,305,10.3,150,618,1,163,139,2517,0,147,43421,84403,40,13.9,12.5,17.9,24.4,37.4,4.5,16.9,11.4,8.3,12.2,14.9,2,0,0,0,2,0,2,362,1107,0.410581,38
17031843700,2453,1017,1051,231,9.4,46,3.3,151,14.8,205,8.4,693,142,5.8,65,2.6,153,132,88,374,1521,70,129,359,90330,150357,25.5,6.6,8.9,19.6,13.7,20.9,2.9,13,7.8,6.5,6.9,23.4,115,25,58,22,1,18,84,3069,1180,1.24611,5
17031843800,1479,719,875,647,43.7,63,9.9,255,35.5,389,26.3,261,245,16.6,135,9.1,159,194,79,221,549,603,79,27,28755,58846,37.5,15.4,10.9,19.1,32.4,34.9,5.9,18,14.7,17.9,16.4,16.3,2,0,1,1,0,0,2,261,752,1.30858,61
17031843900,3700,2201,2492,1373,37.1,44,2.2,458,20.8,617,16.7,720,794,21.5,334,9,492,1149,0,127,231,3190,50,102,37062,56923,42.3,19.1,13.1,18.4,31,44.9,7.2,17.6,14.9,10.9,15.9,12.9,312,289,3,6,1,3,69,815,1182,1.59298,42
17031844600,2275,828,938,647,30.9,343,29.6,102,12.3,250,11,308,317,15.1,153,7.3,225,314,26,21,106,2044,0,104,28451,58144,40.4,15.9,12.7,17.4,28.3,40.9,5.6,17.7,12.9,10,14.4,14.1,23,0,3,17,1,1,20,185,556,0.434643,38
17031844700,1753,647,832,552,31.5,145,15.8,174,26.9,137,7.8,291,279,15.9,386,22,172,316,69,361,39,1332,0,21,28447,60250,40.5,14.2,12.4,18.6,29.8,35.8,4.8,19.2,13.3,14.3,15.3,15.9,1,0,1,0,0,0,1,228,667,0.402254,29
17031980000,0,0,0,0,,0,,0,,0,,0,0,,0,,0,0,0,0,0,0,0,0,,,,,,,,,,,,,,,19,10,3,5,0,13,13,37139,159,19.9523,76
17031980100,0,0,0,0,,0,,0,,0,,0,0,,0,,0,0,0,0,0,0,0,0,,,,,,,,,,,,,,,1,0,1,0,0,1,1,6073,84,2.98213,64
