{
"type": "FeatureCollection",
"name": "tracts",
"crs": { "type": "name", "properties": { "name": "urn:ogc:def:crs:OGC:1.3:CRS84" } },
"xy_coordinate_resolution": 1e-06,
"features": [
{ "type": "Feature", "properties": { "GEOID": "17031010100", "population": 4284, "perCapitaIncome": 45573, "natureObs2023": 7, "communityArea": 1, "index": 0 }, "geometry": { "type": "Polygon", "coordinates": [ [ [ -87.671884, 42.022986 ], [ -87.671147, 42.023042 ], [ -87.666154, 42.02313 ], [ -87.665925, 42.022642 ], [ -87.664343, 42.019278 ], [ -87.668243, 42.019214 ], [ -87.669498, 42.019364 ], [ -87.67133, 42.019374 ], [ -87.67311, 42.019386 ], [ -87.67331, 42.019387 ], [ -87.677199, 42.022942 ], [ -87.671884, 42.022986 ] ] ] } },
{ "type": "Feature", "properties": { "GEOID": "17031010201", "population": 8210, "perCapitaIncome": 31992, "natureObs2023": 57, "communityArea": 1, "index": 1 }, "geometry": { "type": "Polygon", "coordinates": [ [ [ -87.680448, 42.019447 ], [ -87.676855, 42.019411 ], [ -87.676539, 42.0179 ], [ -87.676018, 42.015679 ], [ -87.675678, 42.012617 ], [ -87.68027, 42.012536 ], [ -87.682683, 42.012497 ], [ -87.683086, 42.012323 ], [ -87.683688, 42.014035 ], [ -87.684083, 42.015151 ], [ -87.684653, 42.019485 ], [ -87.680448, 42.019447 ] ] ] } },
{ "type": "Feature", "properties": { "GEOID": "17031010202", "population": 2865, "perCapitaIncome": 42710, "natureObs2023": 92, "communityArea": 1, "index": 2 }, "geometry": { "type": "Polygon", "coordinates": [ [ [ -87.67331, 42.019387 ], [ -87.67311, 42.019386 ], [ -87.67133, 42.019374 ], [ -87.671054, 42.018026 ], [ -87.670329, 42.017056 ], [ -87.670312, 42.015994 ], [ -87.670198, 42.012714 ], [ -87.675678, 42.012617 ], [ -87.676018, 42.015679 ], [ -87.676539, 42.0179 ], [ -87.676855, 42.019411 ], [ -87.67331, 42.019387 ] ] ] } },
{ "type": "Feature", "properties": { "GEOID": "17031010300", "population": 6237, "perCapitaIncome": 43852, "natureObs2023": 32, "communityArea": 1, "index": 3 }, "geometry": { "type": "Polygon", "coordinates": [ [ [ -87.669498, 42.019364 ], [ -87.668243, 42.019214 ], [ -87.664343, 42.019278 ], [ -87.663364, 42.017197 ], [ -87.662357, 42.015055 ], [ -87.661325, 42.012861 ], [ -87.663453, 42.01283 ], [ -87.665924, 42.012787 ], [ -87.666294, 42.01278 ], [ -87.670198, 42.012714 ], [ -87.670312, 42.015994 ], [ -87.670329, 42.017056 ], [ -87.671054, 42.018026 ], [ -87.67133, 42.019374 ], [ -87.669498, 42.019364 ] ] ] } },
{ "type": "Feature", "properties": { "GEOID": "17031010400", "population": 4473, "perCapitaIncome": 36728, "natureObs2023": 150, "communityArea": 1, "index": 4 }, "geometry": { "type": "Polygon", "coordinates": [ [ [ -87.661325, 42.012861 ], [ -87.661084, 42.012348 ], [ -87.658326, 42.008021 ], [ -87.657656, 42.006969 ], [ -87.656899, 42.004221 ], [ -87.656795, 42.003847 ], [ -87.656296, 42.002035 ], [ -87.655978, 42.000228 ], [ -87.655626, 41.998232 ], [ -87.660553, 41.998189 ], [ -87.660712, 42.000439 ], [ -87.660783, 42.002551 ], [ -87.660848, 42.004532 ], [ -87.660851, 42.004617 ], [ -87.66089, 42.005386 ], [ -87.661295, 42.006767 ], [ -87.661692, 42.007979 ], [ -87.662089, 42.009183 ], [ -87.662485, 42.010401 ], [ -87.662946, 42.011762 ], [ -87.663453, 42.01283 ], [ -87.661325, 42.012861 ] ] ] } },
{ "type": "Feature", "properties": { "GEOID": "17031010501", "population": 3913, "perCapitaIncome": 45408, "natureObs2023": 25, "communityArea": 1, "index": 5 }, "geometry": { "type": "Polygon", "coordinates": [ [ [ -87.663453, 42.01283 ], [ -87.662946, 42.011762 ], [ -87.662485, 42.010401 ], [ -87.662089, 42.009183 ], [ -87.661692, 42.007979 ], [ -87.661295, 42.006767 ], [ -87.661869, 42.006141 ], [ -87.665697, 42.006696 ], [ -87.665737, 42.007915 ], [ -87.665779, 42.009128 ], [ -87.665818, 42.010345 ], [ -87.665924, 42.012787 ], [ -87.663453, 42.01283 ] ] ] } },
{ "type": "Feature", "properties": { "GEOID": "17031010502", "population": 3407, "perCapitaIncome": 41263, "natureObs2023": 19, "communityArea": 1, "index": 6 }, "geometry": { "type": "Polygon", "coordinates": [ [ [ -87.665697, 42.006696 ], [ -87.661869, 42.006141 ], [ -87.661295, 42.006767 ], [ -87.66089, 42.005386 ], [ -87.660851, 42.004617 ], [ -87.660848, 42.004532 ], [ -87.660783, 42.002551 ], [ -87.665644, 42.002421 ], [ -87.665681, 42.003624 ], [ -87.665705, 42.004459 ], [ -87.665735, 42.005462 ], [ -87.665697, 42.006696 ] ] ] } },
{ "type": "Feature", "properties": { "GEOID": "17031010503", "population": 2417, "perCapitaIncome": 28555, "natureObs2023": 13, "communityArea": 1, "index": 7 }, "geometry": { "type": "Polygon", "coordinates": [ [ [ -87.660783, 42.002551 ], [ -87.660712, 42.000439 ], [ -87.660553, 41.998189 ], [ -87.665436, 41.998136 ], [ -87.665596, 42.00083 ], [ -87.665644, 42.002421 ], [ -87.660783, 42.002551 ] ] ] } },
{ "type": "Feature", "properties": { "GEOID": "17031010600", "population": 6379, "perCapitaIncome": 43955, "natureObs2023": 102, "communityArea": 1, "index": 8 }, "geometry": { "type": "Polygon", "coordinates": [ [ [ -87.669948, 42.005385 ], [ -87.670035, 42.007839 ], [ -87.670073, 42.009049 ], [ -87.670117, 42.010274 ], [ -87.670159, 42.01149 ], [ -87.670198, 42.012714 ], [ -87.666294, 42.01278 ], [ -87.665924, 42.012787 ], [ -87.665818, 42.010345 ], [ -87.665779, 42.009128 ], [ -87.665737, 42.007915 ], [ -87.665697, 42.006696 ], [ -87.665735, 42.005462 ], [ -87.665705, 42.004459 ], [ -87.665681, 42.003624 ], [ -87.665644, 42.002421 ], [ -87.665596, 42.00083 ], [ -87.665436, 41.998136 ], [ -87.667962, 41.998109 ], [ -87.668111, 42.003587 ], [ -87.670543, 42.003549 ], [ -87.670593, 42.005374 ], [ -87.669948, 42.005385 ] ] ] } },
{ "type": "Feature", "properties": { "GEOID": "17031010701", "population": 3590, "perCapitaIncome": 57217, "natureObs2023": 47, "communityArea": 1, "index": 9 }, "geometry": { "type": "Polygon", "coordinates": [ [ [ -87.68027, 42.012536 ], [ -87.675678, 42.012617 ], [ -87.675406, 42.011394 ], [ -87.675328, 42.008962 ], [ -87.675294, 42.007139 ], [ -87.675276, 42.006533 ], [ -87.675227, 42.005302 ], [ -87.680171, 42.005206 ], [ -87.681161, 42.00735 ], [ -87.681842, 42.008845 ], [ -87.682288, 42.010059 ], [ -87.682323, 42.010157 ], [ -87.683086, 42.012323 ], [ -87.682683, 42.012497 ], [ -87.68027, 42.012536 ] ] ] } },
{ "type": "Feature", "properties": { "GEOID": "17031010702", "population": 5148, "perCapitaIncome": 32790, "natureObs2023": 35, "communityArea": 1, "index": 10 }, "geometry": { "type": "Polygon", "coordinates": [ [ [ -87.670198, 42.012714 ], [ -87.670159, 42.01149 ], [ -87.670117, 42.010274 ], [ -87.670073, 42.009049 ], [ -87.670035, 42.007839 ], [ -87.669948, 42.005385 ], [ -87.670593, 42.005374 ], [ -87.674025, 42.005319 ], [ -87.675227, 42.005302 ], [ -87.675276, 42.006533 ], [ -87.675294, 42.007139 ], [ -87.675328, 42.008962 ], [ -87.675406, 42.011394 ], [ -87.675678, 42.012617 ], [ -87.670198, 42.012714 ] ] ] } },
{ "type": "Feature", "properties": { "GEOID": "17031020100", "population": 3927, "perCapitaIncome": 34005, "natureObs2023": 8, "communityArea": 2, "index": 11 }, "geometry": { "type": "Polygon", "coordinates": [ [ [ -87.690197, 42.017437 ], [ -87.690174, 42.019528 ], [ -87.684653, 42.019485 ], [ -87.684083, 42.015151 ], [ -87.683688, 42.014035 ], [ -87.683086, 42.012323 ], [ -87.690247, 42.01228 ], [ -87.690203, 42.016818 ], [ -87.690197, 42.017437 ] ] ] } },
{ "type": "Feature", "properties": { "GEOID": "17031020200", "population": 7203, "perCapitaIncome": 45854, "natureObs2023": 19, "communityArea": 2, "index": 12 }, "geometry": { "type": "Polygon", "coordinates": [ [ [ -87.708662, 42.019144 ], [ -87.701943, 42.019278 ], [ -87.69959, 42.019326 ], [ -87.694879, 42.019429 ], [ -87.690174, 42.019528 ], [ -87.690197, 42.017437 ], [ -87.690203, 42.016818 ], [ -87.690247, 42.01228 ], [ -87.694986, 42.012176 ], [ -87.697351, 42.012123 ], [ -87.699719, 42.012068 ], [ -87.704453, 42.011964 ], [ -87.709057, 42.011861 ], [ -87.708746, 42.0155 ], [ -87.708662, 42.019144 ] ] ] } },
{ "type": "Feature", "properties": { "GEOID": "17031020301", "population": 5432, "perCapitaIncome": 48617, "natureObs2023": 3, "communityArea": 2, "index": 13 }, "geometry": { "type": "Polygon", "coordinates": [ [ [ -87.709057, 42.011861 ], [ -87.704453, 42.011964 ], [ -87.699719, 42.012068 ], [ -87.699759, 42.009363 ], [ -87.699829, 42.004851 ], [ -87.704603, 42.004754 ], [ -87.704604, 42.002933 ], [ -87.70584, 42.001098 ], [ -87.705799, 41.999277 ], [ -87.708237, 41.999232 ], [ -87.709362, 41.999213 ], [ -87.709289, 42.006747 ], [ -87.709057, 42.011861 ] ] ] } },
{ "type": "Feature", "properties": { "GEOID": "17031020302", "population": 5201, "perCapitaIncome": 47333, "natureObs2023": 24, "communityArea": 2, "index": 14 }, "geometry": { "type": "Polygon", "coordinates": [ [ [ -87.699719, 42.012068 ], [ -87.697351, 42.012123 ], [ -87.694986, 42.012176 ], [ -87.690247, 42.01228 ], [ -87.690189, 42.009817 ], [ -87.690123, 42.007157 ], [ -87.690071, 42.005033 ], [ -87.693722, 42.004972 ], [ -87.694947, 42.004947 ], [ -87.697384, 42.004893 ], [ -87.699829, 42.004851 ], [ -87.699759, 42.009363 ], [ -87.699719, 42.012068 ] ] ] } },
{ "type": "Feature", "properties": { "GEOID": "17031020400", "population": 4256, "perCapitaIncome": 44687, "natureObs2023": 8, "communityArea": 2, "index": 15 }, "geometry": { "type": "Polygon", "coordinates": [ [ [ -87.683086, 42.012323 ], [ -87.682323, 42.010157 ], [ -87.682288, 42.010059 ], [ -87.681842, 42.008845 ], [ -87.681161, 42.00735 ], [ -87.680171, 42.005206 ], [ -87.683816, 42.005143 ], [ -87.690071, 42.005033 ], [ -87.690123, 42.007157 ], [ -87.690189, 42.009817 ], [ -87.690247, 42.01228 ], [ -87.683086, 42.012323 ] ] ] } },
{ "type": "Feature", "properties": { "GEOID": "17031020500", "population": 6646, "perCapitaIncome": 24127, "natureObs2023": 21, "communityArea": 2, "index": 16 }, "geometry": { "type": "Polygon", "coordinates": [ [ [ -87.683816, 42.005143 ], [ -87.680171, 42.005206 ], [ -87.677938, 42.000357 ], [ -87.676837, 41.997959 ], [ -87.682573, 41.997854 ], [ -87.683795, 41.997832 ], [ -87.686229, 41.997794 ], [ -87.689883, 41.99773 ], [ -87.689946, 42.000144 ], [ -87.689977, 42.001368 ], [ -87.690024, 42.003189 ], [ -87.690071, 42.005033 ], [ -87.683816, 42.005143 ] ] ] } },
{ "type": "Feature", "properties": { "GEOID": "17031020601", "population": 5868, "perCapitaIncome": 29833, "natureObs2023": 2, "communityArea": 2, "index": 17 }, "geometry": { "type": "Polygon", "coordinates": [ [ [ -87.705799, 41.999277 ], [ -87.70584, 42.001098 ], [ -87.704604, 42.002933 ], [ -87.704603, 42.004754 ], [ -87.699829, 42.004851 ], [ -87.697384, 42.004893 ], [ -87.697298, 42.001238 ], [ -87.697205, 41.997602 ], [ -87.699642, 41.997561 ], [ -87.70086, 41.997539 ], [ -87.704514, 41.997476 ], [ -87.708162, 41.99741 ], [ -87.708237, 41.999232 ], [ -87.705799, 41.999277 ] ] ] } },
{ "type": "Feature", "properties": { "GEOID": "17031020602", "population": 5343, "perCapitaIncome": 38748, "natureObs2023": 5, "communityArea": 2, "index": 18 }, "geometry": { "type": "Polygon", "coordinates": [ [ [ -87.694947, 42.004947 ], [ -87.693722, 42.004972 ], [ -87.690071, 42.005033 ], [ -87.690024, 42.003189 ], [ -87.689977, 42.001368 ], [ -87.689946, 42.000144 ], [ -87.689883, 41.99773 ], [ -87.693543, 41.997668 ], [ -87.694765, 41.997646 ], [ -87.697205, 41.997602 ], [ -87.697298, 42.001238 ], [ -87.697384, 42.004893 ], [ -87.694947, 42.004947 ] ] ] } },
{ "type": "Feature", "properties": { "GEOID": "17031020701", "population": 1728, "perCapitaIncome": 60896, "natureObs2023": 73, "communityArea": 2, "index": 19 }, "geometry": { "type": "Polygon", "coordinates": [ [ [ -87.704254, 41.990415 ], [ -87.699403, 41.990443 ], [ -87.699338, 41.988576 ], [ -87.699278, 41.986757 ], [ -87.699238, 41.985545 ], [ -87.699218, 41.984925 ], [ -87.699157, 41.983121 ], [ -87.704012, 41.983098 ], [ -87.70582, 41.983088 ], [ -87.706982, 41.98308 ], [ -87.709165, 41.990384 ], [ -87.707371, 41.990395 ], [ -87.704254, 41.990415 ] ] ] } },
{ "type": "Feature", "properties": { "GEOID": "17031020702", "population": 8412, "perCapitaIncome": 27761, "natureObs2023": 10, "communityArea": 2, "index": 20 }, "geometry": { "type": "Polygon", "coordinates": [ [ [ -87.709344, 41.997389 ], [ -87.709362, 41.999213 ], [ -87.708237, 41.999232 ], [ -87.708162, 41.99741 ], [ -87.704514, 41.997476 ], [ -87.70086, 41.997539 ], [ -87.699642, 41.997561 ], [ -87.699516, 41.993978 ], [ -87.699403, 41.990443 ], [ -87.704254, 41.990415 ], [ -87.707371, 41.990395 ], [ -87.709165, 41.990384 ], [ -87.709599, 41.99175 ], [ -87.71068, 41.997366 ], [ -87.709344, 41.997389 ] ] ] } },
{ "type": "Feature", "properties": { "GEOID": "17031020801", "population": 5990, "perCapitaIncome": 37778, "natureObs2023": 109, "communityArea": 2, "index": 21 }, "geometry": { "type": "Polygon", "coordinates": [ [ [ -87.69575, 41.990464 ], [ -87.694534, 41.990471 ], [ -87.689673, 41.9905 ], [ -87.689549, 41.986812 ], [ -87.689448, 41.983168 ], [ -87.693087, 41.983152 ], [ -87.694303, 41.983146 ], [ -87.696732, 41.983132 ], [ -87.697946, 41.983127 ], [ -87.699157, 41.983121 ], [ -87.699218, 41.984925 ], [ -87.699238, 41.985545 ], [ -87.699278, 41.986757 ], [ -87.699338, 41.988576 ], [ -87.699403, 41.990443 ], [ -87.69575, 41.990464 ] ] ] } },
{ "type": "Feature", "properties": { "GEOID": "17031020802", "population": 8715, "perCapitaIncome": 22497, "natureObs2023": 14, "communityArea": 2, "index": 22 }, "geometry": { "type": "Polygon", "coordinates": [ [ [ -87.697205, 41.997602 ], [ -87.694765, 41.997646 ], [ -87.693543, 41.997668 ], [ -87.689883, 41.99773 ], [ -87.689824, 41.995911 ], [ -87.689764, 41.994093 ], [ -87.689673, 41.9905 ], [ -87.694534, 41.990471 ], [ -87.69575, 41.990464 ], [ -87.699403, 41.990443 ], [ -87.699516, 41.993978 ], [ -87.699642, 41.997561 ], [ -87.697205, 41.997602 ] ] ] } },
{ "type": "Feature", "properties": { "GEOID": "17031020901", "population": 6179, "perCapitaIncome": 28005, "natureObs2023": 9, "communityArea": 2, "index": 23 }, "geometry": { "type": "Polygon", "coordinates": [ [ [ -87.686229, 41.997794 ], [ -87.683795, 41.997832 ], [ -87.682573, 41.997854 ], [ -87.682389, 41.994219 ], [ -87.681705, 41.994231 ], [ -87.682364, 41.993383 ], [ -87.681699, 41.991855 ], [ -87.683529, 41.991834 ], [ -87.683524, 41.990609 ], [ -87.687206, 41.990542 ], [ -87.689673, 41.9905 ], [ -87.689764, 41.994093 ], [ -87.689824, 41.995911 ], [ -87.689883, 41.99773 ], [ -87.686229, 41.997794 ] ] ] } },
{ "type": "Feature", "properties": { "GEOID": "17031020902", "population": 4365, "perCapitaIncome": 26315, "natureObs2023": 371, "communityArea": 2, "index": 24 }, "geometry": { "type": "Polygon", "coordinates": [ [ [ -87.681699, 41.991855 ], [ -87.682364, 41.993383 ], [ -87.681705, 41.994231 ], [ -87.682389, 41.994219 ], [ -87.682573, 41.997854 ], [ -87.676837, 41.997959 ], [ -87.675207, 41.997989 ], [ -87.675012, 41.997993 ], [ -87.674895, 41.994354 ], [ -87.674705, 41.990763 ], [ -87.675044, 41.990758 ], [ -87.678422, 41.990697 ], [ -87.683524, 41.990609 ], [ -87.683529, 41.991834 ], [ -87.681699, 41.991855 ] ] ] } },
{ "type": "Feature", "properties": { "GEOID": "17031030101", "population": 3517, "perCapitaIncome": 41209, "natureObs2023": 6, "communityArea": 77, "index": 25 }, "geometry": { "type": "Polygon", "coordinates": [ [ [ -87.658285, 41.992317 ], [ -87.657598, 41.992773 ], [ -87.657584, 41.992327 ], [ -87.656186, 41.992348 ], [ -87.655457, 41.992359 ], [ -87.654594, 41.992371 ], [ -87.654368, 41.991086 ], [ -87.654217, 41.990231 ], [ -87.654212, 41.990201 ], [ -87.654202, 41.990145 ], [ -87.655386, 41.990106 ], [ -87.656112, 41.990094 ], [ -87.657513, 41.990069 ], [ -87.660266, 41.990002 ], [ -87.660339, 41.992286 ], [ -87.658285, 41.992317 ] ] ] } },
{ "type": "Feature", "properties": { "GEOID": "17031030102", "population": 3052, "perCapitaIncome": 47653, "natureObs2023": 5, "communityArea": 77, "index": 26 }, "geometry": { "type": "Polygon", "coordinates": [ [ [ -87.65765, 41.994586 ], [ -87.655512, 41.994164 ], [ -87.654911, 41.99417 ], [ -87.654774, 41.993397 ], [ -87.654671, 41.99281 ], [ -87.654594, 41.992371 ], [ -87.655457, 41.992359 ], [ -87.656186, 41.992348 ], [ -87.657584, 41.992327 ], [ -87.657598, 41.992773 ], [ -87.658285, 41.992317 ], [ -87.660339, 41.992286 ], [ -87.660406, 41.994553 ], [ -87.65765, 41.994586 ] ] ] } },
{ "type": "Feature", "properties": { "GEOID": "17031030103", "population": 2297, "perCapitaIncome": 46363, "natureObs2023": 9, "communityArea": 77, "index": 27 }, "geometry": { "type": "Polygon", "coordinates": [ [ [ -87.658409, 41.996393 ], [ -87.657677, 41.995441 ], [ -87.657009, 41.996408 ], [ -87.655308, 41.996427 ], [ -87.654911, 41.99417 ], [ -87.655512, 41.994164 ], [ -87.65765, 41.994586 ], [ -87.660406, 41.994553 ], [ -87.660459, 41.996374 ], [ -87.658409, 41.996393 ] ] ] } },
{ "type": "Feature", "properties": { "GEOID": "17031030104", "population": 3106, "perCapitaIncome": 21169, "natureObs2023": 13, "communityArea": 77, "index": 28 }, "geometry": { "type": "Polygon", "coordinates": [ [ [ -87.655626, 41.998232 ], [ -87.655308, 41.996427 ], [ -87.657009, 41.996408 ], [ -87.657677, 41.995441 ], [ -87.658409, 41.996393 ], [ -87.660459, 41.996374 ], [ -87.660553, 41.998189 ], [ -87.655626, 41.998232 ] ] ] } },
{ "type": "Feature", "properties": { "GEOID": "17031030200", "population": 5554, "perCapitaIncome": 72224, "natureObs2023": 87, "communityArea": 77, "index": 29 }, "geometry": { "type": "Polygon", "coordinates": [ [ [ -87.667962, 41.998109 ], [ -87.665436, 41.998136 ], [ -87.660553, 41.998189 ], [ -87.660459, 41.996374 ], [ -87.660406, 41.994553 ], [ -87.660339, 41.992286 ], [ -87.660266, 41.990002 ], [ -87.661576, 41.990904 ], [ -87.665165, 41.990856 ], [ -87.670028, 41.990798 ], [ -87.670151, 41.99444 ], [ -87.670304, 41.996941 ], [ -87.670623, 41.998075 ], [ -87.667962, 41.998109 ] ] ] } },
{ "type": "Feature", "properties": { "GEOID": "17031030300", "population": 3642, "perCapitaIncome": 52157, "natureObs2023": 45, "communityArea": 77, "index": 30 }, "geometry": { "type": "Polygon", "coordinates": [ [ [ -87.670623, 41.998075 ], [ -87.670304, 41.996941 ], [ -87.670151, 41.99444 ], [ -87.670028, 41.990798 ], [ -87.674705, 41.990763 ], [ -87.674895, 41.994354 ], [ -87.675012, 41.997993 ], [ -87.670623, 41.998075 ] ] ] } },
{ "type": "Feature", "properties": { "GEOID": "17031030400", "population": 2822, "perCapitaIncome": 69586, "natureObs2023": 41, "communityArea": 77, "index": 31 }, "geometry": { "type": "Polygon", "coordinates": [ [ [ -87.670028, 41.990798 ], [ -87.669797, 41.988047 ], [ -87.669731, 41.987641 ], [ -87.669411, 41.986282 ], [ -87.668964, 41.98445 ], [ -87.668757, 41.98349 ], [ -87.673016, 41.983424 ], [ -87.674609, 41.983357 ], [ -87.674645, 41.98463 ], [ -87.674691, 41.986604 ], [ -87.674653, 41.986682 ], [ -87.674705, 41.990763 ], [ -87.670028, 41.990798 ] ] ] } },
{ "type": "Feature", "properties": { "GEOID": "17031030500", "population": 6344, "perCapitaIncome": 70375, "natureObs2023": 51, "communityArea": 77, "index": 32 }, "geometry": { "type": "Polygon", "coordinates": [ [ [ -87.665165, 41.990856 ], [ -87.661576, 41.990904 ], [ -87.660266, 41.990002 ], [ -87.660181, 41.98727 ], [ -87.66017, 41.986951 ], [ -87.660126, 41.985462 ], [ -87.660069, 41.983622 ], [ -87.663551, 41.98357 ], [ -87.668757, 41.98349 ], [ -87.668964, 41.98445 ], [ -87.669411, 41.986282 ], [ -87.669731, 41.987641 ], [ -87.669797, 41.988047 ], [ -87.670028, 41.990798 ], [ -87.665165, 41.990856 ] ] ] } },
{ "type": "Feature", "properties": { "GEOID": "17031030601", "population": 3771, "perCapitaIncome": 35693, "natureObs2023": 13, "communityArea": 77, "index": 33 }, "geometry": { "type": "Polygon", "coordinates": [ [ [ -87.657513, 41.990069 ], [ -87.656112, 41.990094 ], [ -87.655386, 41.990106 ], [ -87.654202, 41.990145 ], [ -87.653996, 41.988977 ], [ -87.65396, 41.988886 ], [ -87.653646, 41.988081 ], [ -87.655325, 41.988093 ], [ -87.655303, 41.987357 ], [ -87.656031, 41.987344 ], [ -87.65673, 41.987331 ], [ -87.657428, 41.987319 ], [ -87.660181, 41.98727 ], [ -87.660266, 41.990002 ], [ -87.657513, 41.990069 ] ] ] } },
{ "type": "Feature", "properties": { "GEOID": "17031030603", "population": 2305, "perCapitaIncome": 47670, "natureObs2023": 5, "communityArea": 77, "index": 34 }, "geometry": { "type": "Polygon", "coordinates": [ [ [ -87.657428, 41.987319 ], [ -87.65673, 41.987331 ], [ -87.656672, 41.985507 ], [ -87.656609, 41.983683 ], [ -87.660069, 41.983622 ], [ -87.660126, 41.985462 ], [ -87.66017, 41.986951 ], [ -87.660181, 41.98727 ], [ -87.657428, 41.987319 ] ] ] } },
{ "type": "Feature", "properties": { "GEOID": "17031030604", "population": 2921, "perCapitaIncome": 49365, "natureObs2023": 26, "communityArea": 77, "index": 35 }, "geometry": { "type": "Polygon", "coordinates": [ [ [ -87.656031, 41.987344 ], [ -87.655303, 41.987357 ], [ -87.655325, 41.988093 ], [ -87.653646, 41.988081 ], [ -87.652743, 41.985772 ], [ -87.652142, 41.984234 ], [ -87.655192, 41.983802 ], [ -87.655915, 41.983692 ], [ -87.656609, 41.983683 ], [ -87.656672, 41.985507 ], [ -87.65673, 41.987331 ], [ -87.656031, 41.987344 ] ] ] } },
{ "type": "Feature", "properties": { "GEOID": "17031030701", "population": 1509, "perCapitaIncome": 39124, "natureObs2023": 3, "communityArea": 77, "index": 36 }, "geometry": { "type": "Polygon", "coordinates": [ [ [ -87.656609, 41.983683 ], [ -87.655915, 41.983692 ], [ -87.655864, 41.981867 ], [ -87.657266, 41.981843 ], [ -87.660018, 41.981798 ], [ -87.660069, 41.983622 ], [ -87.656609, 41.983683 ] ] ] } },
{ "type": "Feature", "properties": { "GEOID": "17031030702", "population": 2266, "perCapitaIncome": 58249, "natureObs2023": 2, "communityArea": 77, "index": 37 }, "geometry": { "type": "Polygon", "coordinates": [ [ [ -87.653942, 41.98075 ], [ -87.653779, 41.979834 ], [ -87.655079, 41.979801 ], [ -87.655088, 41.980051 ], [ -87.655106, 41.980725 ], [ -87.65514, 41.981879 ], [ -87.653942, 41.98075 ] ] ] } },
{ "type": "Feature", "properties": { "GEOID": "17031030703", "population": 3093, "perCapitaIncome": 53780, "natureObs2023": 15, "communityArea": 77, "index": 38 }, "geometry": { "type": "Polygon", "coordinates": [ [ [ -87.657266, 41.981843 ], [ -87.657217, 41.980015 ], [ -87.655088, 41.980051 ], [ -87.655079, 41.979801 ], [ -87.655764, 41.978211 ], [ -87.655713, 41.976385 ], [ -87.656416, 41.976374 ], [ -87.658785, 41.976338 ], [ -87.659866, 41.976323 ], [ -87.659918, 41.978144 ], [ -87.659968, 41.979971 ], [ -87.660018, 41.981798 ], [ -87.657266, 41.981843 ] ] ] } },
{ "type": "Feature", "properties": { "GEOID": "17031030706", "population": 2588, "perCapitaIncome": 65190, "natureObs2023": 40, "communityArea": 77, "index": 39 }, "geometry": { "type": "Polygon", "coordinates": [ [ [ -87.655864, 41.981867 ], [ -87.655915, 41.983692 ], [ -87.655192, 41.983802 ], [ -87.652142, 41.984234 ], [ -87.652013, 41.983904 ], [ -87.650344, 41.979636 ], [ -87.650294, 41.979508 ], [ -87.649907, 41.978518 ], [ -87.64902, 41.977042 ], [ -87.651074, 41.976477 ], [ -87.652152, 41.97644 ], [ -87.654284, 41.976407 ], [ -87.654993, 41.976396 ], [ -87.655713, 41.976385 ], [ -87.655764, 41.978211 ], [ -87.655079, 41.979801 ], [ -87.653779, 41.979834 ], [ -87.653942, 41.98075 ], [ -87.65514, 41.981879 ], [ -87.655106, 41.980725 ], [ -87.655088, 41.980051 ], [ -87.657217, 41.980015 ], [ -87.657266, 41.981843 ], [ -87.655864, 41.981867 ] ] ] } },
{ "type": "Feature", "properties": { "GEOID": "17031030800", "population": 4236, "perCapitaIncome": 77598, "natureObs2023": 151, "communityArea": 77, "index": 40 }, "geometry": { "type": "Polygon", "coordinates": [ [ [ -87.663551, 41.98357 ], [ -87.660069, 41.983622 ], [ -87.660018, 41.981798 ], [ -87.659968, 41.979971 ], [ -87.659918, 41.978144 ], [ -87.659866, 41.976323 ], [ -87.664752, 41.976248 ], [ -87.668417, 41.976191 ], [ -87.66835, 41.978019 ], [ -87.668279, 41.979844 ], [ -87.668429, 41.98167 ], [ -87.668757, 41.98349 ], [ -87.663551, 41.98357 ] ] ] } },
{ "type": "Feature", "properties": { "GEOID": "17031030900", "population": 3076, "perCapitaIncome": 66294, "natureObs2023": 188, "communityArea": 77, "index": 41 }, "geometry": { "type": "Polygon", "coordinates": [ [ [ -87.673016, 41.983424 ], [ -87.668757, 41.98349 ], [ -87.668429, 41.98167 ], [ -87.668279, 41.979844 ], [ -87.66835, 41.978019 ], [ -87.668417, 41.976191 ], [ -87.674408, 41.976103 ], [ -87.674433, 41.977923 ], [ -87.674463, 41.979748 ], [ -87.67456, 41.981573 ], [ -87.674609, 41.983357 ], [ -87.673016, 41.983424 ] ] ] } },
{ "type": "Feature", "properties": { "GEOID": "17031031000", "population": 3652, "perCapitaIncome": 82370, "natureObs2023": 72, "communityArea": 3, "index": 42 }, "geometry": { "type": "Polygon", "coordinates": [ [ [ -87.668417, 41.976191 ], [ -87.668208, 41.974366 ], [ -87.667835, 41.971875 ], [ -87.667497, 41.9689 ], [ -87.669439, 41.968877 ], [ -87.674174, 41.968822 ], [ -87.674313, 41.973368 ], [ -87.674357, 41.974279 ], [ -87.674408, 41.976103 ], [ -87.668417, 41.976191 ] ] ] } },
{ "type": "Feature", "properties": { "GEOID": "17031031100", "population": 4898, "perCapitaIncome": 67570, "natureObs2023": 194, "communityArea": 3, "index": 43 }, "geometry": { "type": "Polygon", "coordinates": [ [ [ -87.664752, 41.976248 ], [ -87.659866, 41.976323 ], [ -87.659838, 41.975208 ], [ -87.659784, 41.973245 ], [ -87.659736, 41.971458 ], [ -87.65967, 41.969025 ], [ -87.666199, 41.968923 ], [ -87.667497, 41.9689 ], [ -87.667835, 41.971875 ], [ -87.668208, 41.974366 ], [ -87.668417, 41.976191 ], [ -87.664752, 41.976248 ] ] ] } },
{ "type": "Feature", "properties": { "GEOID": "17031031200", "population": 5936, "perCapitaIncome": 32825, "natureObs2023": 15, "communityArea": 3, "index": 44 }, "geometry": { "type": "Polygon", "coordinates": [ [ [ -87.658785, 41.976338 ], [ -87.656416, 41.976374 ], [ -87.655713, 41.976385 ], [ -87.654993, 41.976396 ], [ -87.654928, 41.973313 ], [ -87.654884, 41.97158 ], [ -87.654822, 41.96909 ], [ -87.657625, 41.969052 ], [ -87.65967, 41.969025 ], [ -87.659736, 41.971458 ], [ -87.659784, 41.973245 ], [ -87.659838, 41.975208 ], [ -87.659866, 41.976323 ], [ -87.658785, 41.976338 ] ] ] } },
{ "type": "Feature", "properties": { "GEOID": "17031031300", "population": 6853, "perCapitaIncome": 54096, "natureObs2023": 39, "communityArea": 3, "index": 45 }, "geometry": { "type": "Polygon", "coordinates": [ [ [ -87.654284, 41.976407 ], [ -87.652152, 41.97644 ], [ -87.651074, 41.976477 ], [ -87.64902, 41.977042 ], [ -87.645645, 41.971431 ], [ -87.645083, 41.970975 ], [ -87.643983, 41.970083 ], [ -87.649636, 41.969175 ], [ -87.650118, 41.969156 ], [ -87.654822, 41.96909 ], [ -87.654884, 41.97158 ], [ -87.654928, 41.973313 ], [ -87.654993, 41.976396 ], [ -87.654284, 41.976407 ] ] ] } },
{ "type": "Feature", "properties": { "GEOID": "17031031400", "population": 4685, "perCapitaIncome": 76423, "natureObs2023": 4119, "communityArea": 3, "index": 46 }, "geometry": { "type": "Polygon", "coordinates": [ [ [ -87.649636, 41.969175 ], [ -87.643983, 41.970083 ], [ -87.643652, 41.969814 ], [ -87.639202, 41.966205 ], [ -87.63242, 41.96529 ], [ -87.63148, 41.963478 ], [ -87.635932, 41.961412 ], [ -87.635954, 41.961422 ], [ -87.637738, 41.96226 ], [ -87.641446, 41.961694 ], [ -87.640832, 41.954894 ], [ -87.64083, 41.954868 ], [ -87.644186, 41.954659 ], [ -87.645256, 41.954637 ], [ -87.646648, 41.954614 ], [ -87.647936, 41.954592 ], [ -87.6497, 41.954561 ], [ -87.649747, 41.956117 ], [ -87.649783, 41.957373 ], [ -87.649797, 41.957841 ], [ -87.649816, 41.958488 ], [ -87.64984, 41.9593 ], [ -87.649887, 41.960951 ], [ -87.649912, 41.961843 ], [ -87.649966, 41.963668 ], [ -87.649988, 41.964513 ], [ -87.650019, 41.965488 ], [ -87.650068, 41.96735 ], [ -87.650118, 41.969156 ], [ -87.649636, 41.969175 ] ] ] } },
{ "type": "Feature", "properties": { "GEOID": "17031031501", "population": 4640, "perCapitaIncome": 31244, "natureObs2023": 6, "communityArea": 3, "index": 47 }, "geometry": { "type": "Polygon", "coordinates": [ [ [ -87.650118, 41.969156 ], [ -87.650068, 41.96735 ], [ -87.650019, 41.965488 ], [ -87.653742, 41.965444 ], [ -87.654787, 41.96543 ], [ -87.654798, 41.967272 ], [ -87.654822, 41.96909 ], [ -87.650118, 41.969156 ] ] ] } },
{ "type": "Feature", "properties": { "GEOID": "17031031502", "population": 4622, "perCapitaIncome": 38270, "natureObs2023": 45, "communityArea": 3, "index": 48 }, "geometry": { "type": "Polygon", "coordinates": [ [ [ -87.653742, 41.965444 ], [ -87.650019, 41.965488 ], [ -87.649988, 41.964513 ], [ -87.649966, 41.963668 ], [ -87.649912, 41.961843 ], [ -87.654748, 41.961779 ], [ -87.654769, 41.963607 ], [ -87.654777, 41.964446 ], [ -87.654787, 41.96543 ], [ -87.653742, 41.965444 ] ] ] } },
{ "type": "Feature", "properties": { "GEOID": "17031031700", "population": 6119, "perCapitaIncome": 62755, "natureObs2023": 150, "communityArea": 3, "index": 49 }, "geometry": { "type": "Polygon", "coordinates": [ [ [ -87.666199, 41.968923 ], [ -87.65967, 41.969025 ], [ -87.65965, 41.967198 ], [ -87.659627, 41.965367 ], [ -87.659644, 41.963522 ], [ -87.659585, 41.961716 ], [ -87.664935, 41.961647 ], [ -87.665954, 41.961635 ], [ -87.666348, 41.96345 ], [ -87.666734, 41.965271 ], [ -87.667119, 41.967078 ], [ -87.667497, 41.9689 ], [ -87.666199, 41.968923 ] ] ] } },
{ "type": "Feature", "properties": { "GEOID": "17031031800", "population": 2114, "perCapitaIncome": 61182, "natureObs2023": 38, "communityArea": 3, "index": 50 }, "geometry": { "type": "Polygon", "coordinates": [ [ [ -87.669439, 41.968877 ], [ -87.667497, 41.9689 ], [ -87.667119, 41.967078 ], [ -87.666734, 41.965271 ], [ -87.674078, 41.965169 ], [ -87.674174, 41.968822 ], [ -87.669439, 41.968877 ] ] ] } },
{ "type": "Feature", "properties": { "GEOID": "17031031900", "population": 2417, "perCapitaIncome": 72923, "natureObs2023": 33, "communityArea": 3, "index": 51 }, "geometry": { "type": "Polygon", "coordinates": [ [ [ -87.666734, 41.965271 ], [ -87.666348, 41.96345 ], [ -87.665954, 41.961635 ], [ -87.667726, 41.961612 ], [ -87.669258, 41.961592 ], [ -87.673977, 41.961525 ], [ -87.674026, 41.963349 ], [ -87.674078, 41.965169 ], [ -87.666734, 41.965271 ] ] ] } },
{ "type": "Feature", "properties": { "GEOID": "17031032100", "population": 7279, "perCapitaIncome": 54197, "natureObs2023": 32, "communityArea": 3, "index": 52 }, "geometry": { "type": "Polygon", "coordinates": [ [ [ -87.654748, 41.961779 ], [ -87.649912, 41.961843 ], [ -87.649887, 41.960951 ], [ -87.64984, 41.9593 ], [ -87.649816, 41.958488 ], [ -87.649797, 41.957841 ], [ -87.649783, 41.957373 ], [ -87.649747, 41.956117 ], [ -87.6497, 41.954561 ], [ -87.654545, 41.954488 ], [ -87.656136, 41.954462 ], [ -87.656234, 41.958144 ], [ -87.655975, 41.958424 ], [ -87.656343, 41.961756 ], [ -87.654748, 41.961779 ] ] ] } },
{ "type": "Feature", "properties": { "GEOID": "17031040100", "population": 4011, "perCapitaIncome": 80821, "natureObs2023": 2810, "communityArea": 4, "index": 53 }, "geometry": { "type": "Polygon", "coordinates": [ [ [ -87.687206, 41.990542 ], [ -87.683524, 41.990609 ], [ -87.678422, 41.990697 ], [ -87.675044, 41.990758 ], [ -87.674705, 41.990763 ], [ -87.674653, 41.986682 ], [ -87.674691, 41.986604 ], [ -87.674645, 41.98463 ], [ -87.674609, 41.983357 ], [ -87.67456, 41.981573 ], [ -87.674463, 41.979748 ], [ -87.674433, 41.977923 ], [ -87.674408, 41.976103 ], [ -87.676407, 41.976075 ], [ -87.677885, 41.976054 ], [ -87.679404, 41.976033 ], [ -87.683691, 41.97597 ], [ -87.68429, 41.975961 ], [ -87.686732, 41.975927 ], [ -87.689151, 41.975892 ], [ -87.689169, 41.976346 ], [ -87.689221, 41.977708 ], [ -87.689448, 41.983168 ], [ -87.689549, 41.986812 ], [ -87.689673, 41.9905 ], [ -87.687206, 41.990542 ] ] ] } },
{ "type": "Feature", "properties": { "GEOID": "17031040201", "population": 6688, "perCapitaIncome": 54354, "natureObs2023": 133, "communityArea": 4, "index": 54 }, "geometry": { "type": "Polygon", "coordinates": [ [ [ -87.692396, 41.976704 ], [ -87.692347, 41.975867 ], [ -87.691613, 41.976334 ], [ -87.689169, 41.976346 ], [ -87.689151, 41.975892 ], [ -87.68903, 41.97225 ], [ -87.688965, 41.970412 ], [ -87.688907, 41.968615 ], [ -87.691349, 41.968593 ], [ -87.693798, 41.968572 ], [ -87.696244, 41.968553 ], [ -87.698689, 41.968532 ], [ -87.698762, 41.970723 ], [ -87.698839, 41.973086 ], [ -87.698923, 41.975818 ], [ -87.698952, 41.976733 ], [ -87.692396, 41.976704 ] ] ] } },
{ "type": "Feature", "properties": { "GEOID": "17031040202", "population": 7965, "perCapitaIncome": 35301, "natureObs2023": 4, "communityArea": 4, "index": 55 }, "geometry": { "type": "Polygon", "coordinates": [ [ [ -87.697946, 41.983127 ], [ -87.696732, 41.983132 ], [ -87.694303, 41.983146 ], [ -87.693087, 41.983152 ], [ -87.689448, 41.983168 ], [ -87.689221, 41.977708 ], [ -87.689169, 41.976346 ], [ -87.691613, 41.976334 ], [ -87.692347, 41.975867 ], [ -87.692396, 41.976704 ], [ -87.698952, 41.976733 ], [ -87.699011, 41.978559 ], [ -87.699038, 41.97947 ], [ -87.699068, 41.980384 ], [ -87.699098, 41.981295 ], [ -87.699157, 41.983121 ], [ -87.697946, 41.983127 ] ] ] } },
{ "type": "Feature", "properties": { "GEOID": "17031040300", "population": 3063, "perCapitaIncome": 57698, "natureObs2023": 168, "communityArea": 4, "index": 56 }, "geometry": { "type": "Polygon", "coordinates": [ [ [ -87.704012, 41.983098 ], [ -87.699157, 41.983121 ], [ -87.699098, 41.981295 ], [ -87.699068, 41.980384 ], [ -87.699038, 41.97947 ], [ -87.699011, 41.978559 ], [ -87.698952, 41.976733 ], [ -87.698923, 41.975818 ], [ -87.698839, 41.973086 ], [ -87.698762, 41.970723 ], [ -87.698689, 41.968532 ], [ -87.701093, 41.968514 ], [ -87.70311, 41.970888 ], [ -87.70411, 41.973651 ], [ -87.704748, 41.975775 ], [ -87.706982, 41.98308 ], [ -87.70582, 41.983088 ], [ -87.704012, 41.983098 ] ] ] } },
{ "type": "Feature", "properties": { "GEOID": "17031040401", "population": 3431, "perCapitaIncome": 64792, "natureObs2023": 22, "communityArea": 4, "index": 57 }, "geometry": { "type": "Polygon", "coordinates": [ [ [ -87.686732, 41.975927 ], [ -87.68429, 41.975961 ], [ -87.683691, 41.97597 ], [ -87.684272, 41.975433 ], [ -87.684193, 41.973128 ], [ -87.684166, 41.972325 ], [ -87.682395, 41.972348 ], [ -87.682336, 41.970529 ], [ -87.68288, 41.969175 ], [ -87.682865, 41.968702 ], [ -87.686474, 41.968647 ], [ -87.688907, 41.968615 ], [ -87.688965, 41.970412 ], [ -87.68903, 41.97225 ], [ -87.689151, 41.975892 ], [ -87.686732, 41.975927 ] ] ] } },
{ "type": "Feature", "properties": { "GEOID": "17031040402", "population": 4581, "perCapitaIncome": 78908, "natureObs2023": 195, "communityArea": 4, "index": 58 }, "geometry": { "type": "Polygon", "coordinates": [ [ [ -87.683691, 41.97597 ], [ -87.679404, 41.976033 ], [ -87.677885, 41.976054 ], [ -87.676407, 41.976075 ], [ -87.674408, 41.976103 ], [ -87.674357, 41.974279 ], [ -87.674313, 41.973368 ], [ -87.674174, 41.968822 ], [ -87.677697, 41.968776 ], [ -87.679186, 41.968756 ], [ -87.680408, 41.968739 ], [ -87.682419, 41.968708 ], [ -87.682865, 41.968702 ], [ -87.68288, 41.969175 ], [ -87.682336, 41.970529 ], [ -87.682395, 41.972348 ], [ -87.684166, 41.972325 ], [ -87.684193, 41.973128 ], [ -87.684272, 41.975433 ], [ -87.683691, 41.97597 ] ] ] } },
{ "type": "Feature", "properties": { "GEOID": "17031040600", "population": 2785, "perCapitaIncome": 85767, "natureObs2023": 24, "communityArea": 4, "index": 59 }, "geometry": { "type": "Polygon", "coordinates": [ [ [ -87.686474, 41.968647 ], [ -87.682865, 41.968702 ], [ -87.682419, 41.968708 ], [ -87.680408, 41.968739 ], [ -87.679186, 41.968756 ], [ -87.679083, 41.965096 ], [ -87.680698, 41.965073 ], [ -87.687576, 41.96489 ], [ -87.68818, 41.96488 ], [ -87.688791, 41.964868 ], [ -87.688816, 41.965738 ], [ -87.688828, 41.966072 ], [ -87.688907, 41.968615 ], [ -87.686474, 41.968647 ] ] ] } },
{ "type": "Feature", "properties": { "GEOID": "17031040700", "population": 3749, "perCapitaIncome": 63754, "natureObs2023": 131, "communityArea": 4, "index": 60 }, "geometry": { "type": "Polygon", "coordinates": [ [ [ -87.698689, 41.968532 ], [ -87.696244, 41.968553 ], [ -87.693798, 41.968572 ], [ -87.691349, 41.968593 ], [ -87.688907, 41.968615 ], [ -87.688828, 41.966072 ], [ -87.688816, 41.965738 ], [ -87.688791, 41.964868 ], [ -87.691236, 41.964836 ], [ -87.69246, 41.964826 ], [ -87.693682, 41.964816 ], [ -87.696055, 41.964797 ], [ -87.697202, 41.964788 ], [ -87.698714, 41.966199 ], [ -87.701093, 41.968514 ], [ -87.698689, 41.968532 ] ] ] } },
{ "type": "Feature", "properties": { "GEOID": "17031040800", "population": 1577, "perCapitaIncome": 80804, "natureObs2023": 252, "communityArea": 4, "index": 61 }, "geometry": { "type": "Polygon", "coordinates": [ [ [ -87.693682, 41.964816 ], [ -87.69246, 41.964826 ], [ -87.691236, 41.964836 ], [ -87.688791, 41.964868 ], [ -87.688736, 41.963139 ], [ -87.688683, 41.961313 ], [ -87.691804, 41.961292 ], [ -87.692353, 41.961289 ], [ -87.694794, 41.961273 ], [ -87.695585, 41.963074 ], [ -87.697202, 41.964788 ], [ -87.696055, 41.964797 ], [ -87.693682, 41.964816 ] ] ] } },
{ "type": "Feature", "properties": { "GEOID": "17031040900", "population": 2006, "perCapitaIncome": 71730, "natureObs2023": 48, "communityArea": 4, "index": 62 }, "geometry": { "type": "Polygon", "coordinates": [ [ [ -87.68818, 41.96488 ], [ -87.687576, 41.96489 ], [ -87.680698, 41.965073 ], [ -87.679083, 41.965096 ], [ -87.679029, 41.963274 ], [ -87.678959, 41.961458 ], [ -87.683149, 41.961399 ], [ -87.68383, 41.961385 ], [ -87.688683, 41.961313 ], [ -87.688736, 41.963139 ], [ -87.688791, 41.964868 ], [ -87.68818, 41.96488 ] ] ] } },
{ "type": "Feature", "properties": { "GEOID": "17031050100", "population": 2513, "perCapitaIncome": 80992, "natureObs2023": 6, "communityArea": 5, "index": 63 }, "geometry": { "type": "Polygon", "coordinates": [ [ [ -87.677488, 41.961473 ], [ -87.673977, 41.961525 ], [ -87.673886, 41.957878 ], [ -87.673843, 41.956067 ], [ -87.673794, 41.954225 ], [ -87.678754, 41.954162 ], [ -87.678866, 41.957806 ], [ -87.678959, 41.961458 ], [ -87.677488, 41.961473 ] ] ] } },
{ "type": "Feature", "properties": { "GEOID": "17031050200", "population": 5546, "perCapitaIncome": 79799, "natureObs2023": 10, "communityArea": 5, "index": 64 }, "geometry": { "type": "Polygon", "coordinates": [ [ [ -87.68383, 41.961385 ], [ -87.683149, 41.961399 ], [ -87.678959, 41.961458 ], [ -87.678866, 41.957806 ], [ -87.678754, 41.954162 ], [ -87.681183, 41.954131 ], [ -87.684829, 41.954075 ], [ -87.688467, 41.954032 ], [ -87.688547, 41.956756 ], [ -87.68863, 41.959492 ], [ -87.688683, 41.961313 ], [ -87.68383, 41.961385 ] ] ] } },
{ "type": "Feature", "properties": { "GEOID": "17031050300", "population": 2829, "perCapitaIncome": 81763, "natureObs2023": 218, "communityArea": 5, "index": 65 }, "geometry": { "type": "Polygon", "coordinates": [ [ [ -87.692353, 41.961289 ], [ -87.691804, 41.961292 ], [ -87.688683, 41.961313 ], [ -87.68863, 41.959492 ], [ -87.688547, 41.956756 ], [ -87.688467, 41.954032 ], [ -87.690877, 41.954013 ], [ -87.692068, 41.954007 ], [ -87.694446, 41.953994 ], [ -87.694794, 41.961273 ], [ -87.692353, 41.961289 ] ] ] } },
{ "type": "Feature", "properties": { "GEOID": "17031050500", "population": 5199, "perCapitaIncome": 96416, "natureObs2023": 11, "communityArea": 5, "index": 66 }, "geometry": { "type": "Polygon", "coordinates": [ [ [ -87.684829, 41.954075 ], [ -87.681183, 41.954131 ], [ -87.678754, 41.954162 ], [ -87.678654, 41.950509 ], [ -87.678605, 41.948687 ], [ -87.678553, 41.946864 ], [ -87.683406, 41.9468 ], [ -87.684619, 41.946784 ], [ -87.688258, 41.946731 ], [ -87.688361, 41.950379 ], [ -87.688467, 41.954032 ], [ -87.684829, 41.954075 ] ] ] } },
{ "type": "Feature", "properties": { "GEOID": "17031050600", "population": 2232, "perCapitaIncome": 96473, "natureObs2023": 26, "communityArea": 5, "index": 67 }, "geometry": { "type": "Polygon", "coordinates": [ [ [ -87.673794, 41.954225 ], [ -87.673717, 41.950578 ], [ -87.673625, 41.946928 ], [ -87.678553, 41.946864 ], [ -87.678605, 41.948687 ], [ -87.678654, 41.950509 ], [ -87.678754, 41.954162 ], [ -87.673794, 41.954225 ] ] ] } },
{ "type": "Feature", "properties": { "GEOID": "17031050700", "population": 1456, "perCapitaIncome": 85061, "natureObs2023": 16, "communityArea": 5, "index": 68 }, "geometry": { "type": "Polygon", "coordinates": [ [ [ -87.673625, 41.946928 ], [ -87.67356, 41.943277 ], [ -87.678453, 41.943216 ], [ -87.678553, 41.946864 ], [ -87.673625, 41.946928 ] ] ] } },
{ "type": "Feature", "properties": { "GEOID": "17031050800", "population": 1398, "perCapitaIncome": 77614, "natureObs2023": 6, "communityArea": 5, "index": 69 }, "geometry": { "type": "Polygon", "coordinates": [ [ [ -87.678553, 41.946864 ], [ -87.678453, 41.943216 ], [ -87.683301, 41.943157 ], [ -87.683406, 41.9468 ], [ -87.678553, 41.946864 ] ] ] } },
{ "type": "Feature", "properties": { "GEOID": "17031050900", "population": 1388, "perCapitaIncome": 92671, "natureObs2023": 1, "communityArea": 5, "index": 70 }, "geometry": { "type": "Polygon", "coordinates": [ [ [ -87.684619, 41.946784 ], [ -87.683406, 41.9468 ], [ -87.683301, 41.943157 ], [ -87.685727, 41.943125 ], [ -87.688153, 41.943098 ], [ -87.688258, 41.946731 ], [ -87.684619, 41.946784 ] ] ] } },
{ "type": "Feature", "properties": { "GEOID": "17031051000", "population": 1707, "perCapitaIncome": 111493, "natureObs2023": 1, "communityArea": 5, "index": 71 }, "geometry": { "type": "Polygon", "coordinates": [ [ [ -87.688153, 41.943098 ], [ -87.685727, 41.943125 ], [ -87.683301, 41.943157 ], [ -87.683225, 41.940425 ], [ -87.683201, 41.939513 ], [ -87.688052, 41.93946 ], [ -87.688173, 41.939461 ], [ -87.688243, 41.94274 ], [ -87.688153, 41.943098 ] ] ] } },
{ "type": "Feature", "properties": { "GEOID": "17031051100", "population": 1905, "perCapitaIncome": 83665, "natureObs2023": 5, "communityArea": 5, "index": 72 }, "geometry": { "type": "Polygon", "coordinates": [ [ [ -87.678453, 41.943216 ], [ -87.678404, 41.941397 ], [ -87.678355, 41.939573 ], [ -87.683201, 41.939513 ], [ -87.683225, 41.940425 ], [ -87.683301, 41.943157 ], [ -87.678453, 41.943216 ] ] ] } },
{ "type": "Feature", "properties": { "GEOID": "17031051200", "population": 1576, "perCapitaIncome": 99340, "natureObs2023": 12, "communityArea": 5, "index": 73 }, "geometry": { "type": "Polygon", "coordinates": [ [ [ -87.67356, 41.943277 ], [ -87.673515, 41.941455 ], [ -87.67344, 41.939633 ], [ -87.678355, 41.939573 ], [ -87.678404, 41.941397 ], [ -87.678453, 41.943216 ], [ -87.67356, 41.943277 ] ] ] } },
{ "type": "Feature", "properties": { "GEOID": "17031051300", "population": 3077, "perCapitaIncome": 97104, "natureObs2023": 20, "communityArea": 5, "index": 74 }, "geometry": { "type": "Polygon", "coordinates": [ [ [ -87.67344, 41.939633 ], [ -87.673352, 41.935987 ], [ -87.673541, 41.935985 ], [ -87.673426, 41.932342 ], [ -87.678135, 41.932285 ], [ -87.678237, 41.93593 ], [ -87.678355, 41.939573 ], [ -87.67344, 41.939633 ] ] ] } },
{ "type": "Feature", "properties": { "GEOID": "17031051400", "population": 2535, "perCapitaIncome": 89126, "natureObs2023": 17, "communityArea": 5, "index": 75 }, "geometry": { "type": "Polygon", "coordinates": [ [ [ -87.683109, 41.935872 ], [ -87.683201, 41.939513 ], [ -87.678355, 41.939573 ], [ -87.678237, 41.93593 ], [ -87.678135, 41.932285 ], [ -87.682661, 41.932231 ], [ -87.683285, 41.93327 ], [ -87.68563, 41.933871 ], [ -87.685521, 41.934932 ], [ -87.683109, 41.935872 ] ] ] } },
{ "type": "Feature", "properties": { "GEOID": "17031060100", "population": 3178, "perCapitaIncome": 104763, "natureObs2023": 17, "communityArea": 6, "index": 76 }, "geometry": { "type": "Polygon", "coordinates": [ [ [ -87.667726, 41.961612 ], [ -87.665954, 41.961635 ], [ -87.664258, 41.957621 ], [ -87.66225, 41.954378 ], [ -87.664215, 41.954355 ], [ -87.667519, 41.95431 ], [ -87.669049, 41.95429 ], [ -87.669099, 41.956128 ], [ -87.669152, 41.95795 ], [ -87.669258, 41.961592 ], [ -87.667726, 41.961612 ] ] ] } },
{ "type": "Feature", "properties": { "GEOID": "17031060200", "population": 2147, "perCapitaIncome": 80426, "natureObs2023": 33, "communityArea": 6, "index": 77 }, "geometry": { "type": "Polygon", "coordinates": [ [ [ -87.669258, 41.961592 ], [ -87.669152, 41.95795 ], [ -87.669099, 41.956128 ], [ -87.669049, 41.95429 ], [ -87.673794, 41.954225 ], [ -87.673843, 41.956067 ], [ -87.673886, 41.957878 ], [ -87.673977, 41.961525 ], [ -87.669258, 41.961592 ] ] ] } },
{ "type": "Feature", "properties": { "GEOID": "17031060300", "population": 2821, "perCapitaIncome": 96723, "natureObs2023": 131, "communityArea": 6, "index": 78 }, "geometry": { "type": "Polygon", "coordinates": [ [ [ -87.669049, 41.95429 ], [ -87.668956, 41.95064 ], [ -87.668858, 41.94699 ], [ -87.673625, 41.946928 ], [ -87.673717, 41.950578 ], [ -87.673794, 41.954225 ], [ -87.669049, 41.95429 ] ] ] } },
{ "type": "Feature", "properties": { "GEOID": "17031060400", "population": 3691, "perCapitaIncome": 97277, "natureObs2023": 7, "communityArea": 6, "index": 79 }, "geometry": { "type": "Polygon", "coordinates": [ [ [ -87.667519, 41.95431 ], [ -87.664215, 41.954355 ], [ -87.664125, 41.950976 ], [ -87.664067, 41.948889 ], [ -87.664015, 41.947068 ], [ -87.667652, 41.94701 ], [ -87.668858, 41.94699 ], [ -87.668956, 41.95064 ], [ -87.669049, 41.95429 ], [ -87.667519, 41.95431 ] ] ] } },
{ "type": "Feature", "properties": { "GEOID": "17031060500", "population": 1287, "perCapitaIncome": 93948, "natureObs2023": 4, "communityArea": 6, "index": 80 }, "geometry": { "type": "Polygon", "coordinates": [ [ [ -87.66225, 41.954378 ], [ -87.656792, 41.954452 ], [ -87.656848, 41.953972 ], [ -87.656806, 41.951087 ], [ -87.659269, 41.951048 ], [ -87.664125, 41.950976 ], [ -87.664215, 41.954355 ], [ -87.66225, 41.954378 ] ] ] } },
{ "type": "Feature", "properties": { "GEOID": "17031060800", "population": 5319, "perCapitaIncome": 73466, "natureObs2023": 18, "communityArea": 6, "index": 81 }, "geometry": { "type": "Polygon", "coordinates": [ [ [ -87.647936, 41.954592 ], [ -87.646648, 41.954614 ], [ -87.645256, 41.954637 ], [ -87.644186, 41.954659 ], [ -87.64083, 41.954868 ], [ -87.640738, 41.953851 ], [ -87.644352, 41.952727 ], [ -87.645032, 41.952352 ], [ -87.647849, 41.951642 ], [ -87.64962, 41.951198 ], [ -87.649654, 41.952748 ], [ -87.6497, 41.954561 ], [ -87.647936, 41.954592 ] ] ] } },
{ "type": "Feature", "properties": { "GEOID": "17031060900", "population": 6943, "perCapitaIncome": 75172, "natureObs2023": 451, "communityArea": 6, "index": 82 }, "geometry": { "type": "Polygon", "coordinates": [ [ [ -87.647849, 41.951642 ], [ -87.645032, 41.952352 ], [ -87.644352, 41.952727 ], [ -87.640738, 41.953851 ], [ -87.637419, 41.948733 ], [ -87.640986, 41.94737 ], [ -87.642207, 41.946872 ], [ -87.642379, 41.946775 ], [ -87.64375, 41.946309 ], [ -87.644426, 41.946081 ], [ -87.645549, 41.947929 ], [ -87.64738, 41.947325 ], [ -87.649486, 41.947315 ], [ -87.649542, 41.949115 ], [ -87.64962, 41.951198 ], [ -87.647849, 41.951642 ] ] ] } },
{ "type": "Feature", "properties": { "GEOID": "17031061000", "population": 2324, "perCapitaIncome": 79646, "natureObs2023": 63, "communityArea": 6, "index": 83 }, "geometry": { "type": "Polygon", "coordinates": [ [ [ -87.64962, 41.951198 ], [ -87.649542, 41.949115 ], [ -87.649486, 41.947315 ], [ -87.65433, 41.947245 ], [ -87.654384, 41.949043 ], [ -87.654444, 41.951124 ], [ -87.64962, 41.951198 ] ] ] } },
{ "type": "Feature", "properties": { "GEOID": "17031061100", "population": 1436, "perCapitaIncome": 85993, "natureObs2023": 8, "communityArea": 6, "index": 84 }, "geometry": { "type": "Polygon", "coordinates": [ [ [ -87.656806, 41.951087 ], [ -87.654444, 41.951124 ], [ -87.654384, 41.949043 ], [ -87.65433, 41.947245 ], [ -87.659168, 41.947149 ], [ -87.65921, 41.948967 ], [ -87.659269, 41.951048 ], [ -87.656806, 41.951087 ] ] ] } },
{ "type": "Feature", "properties": { "GEOID": "17031061200", "population": 2052, "perCapitaIncome": 83484, "natureObs2023": 1, "communityArea": 6, "index": 85 }, "geometry": { "type": "Polygon", "coordinates": [ [ [ -87.659269, 41.951048 ], [ -87.65921, 41.948967 ], [ -87.659168, 41.947149 ], [ -87.664015, 41.947068 ], [ -87.664067, 41.948889 ], [ -87.664125, 41.950976 ], [ -87.659269, 41.951048 ] ] ] } },
{ "type": "Feature", "properties": { "GEOID": "17031061500", "population": 2023, "perCapitaIncome": 92402, "natureObs2023": 14, "communityArea": 6, "index": 86 }, "geometry": { "type": "Polygon", "coordinates": [ [ [ -87.659168, 41.947149 ], [ -87.659122, 41.945316 ], [ -87.659073, 41.943493 ], [ -87.663917, 41.943418 ], [ -87.664015, 41.947068 ], [ -87.659168, 41.947149 ] ] ] } },
{ "type": "Feature", "properties": { "GEOID": "17031061800", "population": 1204, "perCapitaIncome": 64307, "natureObs2023": 0, "communityArea": 6, "index": 87 }, "geometry": { "type": "Polygon", "coordinates": [ [ [ -87.64738, 41.947325 ], [ -87.645549, 41.947929 ], [ -87.644426, 41.946081 ], [ -87.646148, 41.945502 ], [ -87.649219, 41.94544 ], [ -87.64943, 41.945461 ], [ -87.649486, 41.947315 ], [ -87.64738, 41.947325 ] ] ] } },
{ "type": "Feature", "properties": { "GEOID": "17031061901", "population": 3517, "perCapitaIncome": 68212, "natureObs2023": 7, "communityArea": 6, "index": 88 }, "geometry": { "type": "Polygon", "coordinates": [ [ [ -87.644426, 41.946081 ], [ -87.64375, 41.946309 ], [ -87.643397, 41.945634 ], [ -87.641797, 41.94616 ], [ -87.641783, 41.945723 ], [ -87.643017, 41.945313 ], [ -87.643002, 41.944529 ], [ -87.641786, 41.944734 ], [ -87.64137, 41.94336 ], [ -87.641911, 41.943354 ], [ -87.641805, 41.941719 ], [ -87.642755, 41.941719 ], [ -87.641799, 41.941173 ], [ -87.641385, 41.940089 ], [ -87.6444, 41.940045 ], [ -87.644455, 41.941777 ], [ -87.644458, 41.941867 ], [ -87.644814, 41.943321 ], [ -87.645036, 41.943684 ], [ -87.645308, 41.944136 ], [ -87.64552, 41.944482 ], [ -87.646148, 41.945502 ], [ -87.644426, 41.946081 ] ] ] } },
{ "type": "Feature", "properties": { "GEOID": "17031062000", "population": 2890, "perCapitaIncome": 97391, "natureObs2023": 16, "communityArea": 6, "index": 89 }, "geometry": { "type": "Polygon", "coordinates": [ [ [ -87.649219, 41.94544 ], [ -87.646148, 41.945502 ], [ -87.64552, 41.944482 ], [ -87.645308, 41.944136 ], [ -87.645036, 41.943684 ], [ -87.644814, 41.943321 ], [ -87.644458, 41.941867 ], [ -87.644455, 41.941777 ], [ -87.6444, 41.940045 ], [ -87.649267, 41.939981 ], [ -87.649327, 41.941796 ], [ -87.649358, 41.942709 ], [ -87.649375, 41.943616 ], [ -87.649404, 41.944529 ], [ -87.64943, 41.945461 ], [ -87.649219, 41.94544 ] ] ] } },
{ "type": "Feature", "properties": { "GEOID": "17031062100", "population": 3646, "perCapitaIncome": 87790, "natureObs2023": 14, "communityArea": 6, "index": 90 }, "geometry": { "type": "Polygon", "coordinates": [ [ [ -87.64943, 41.945461 ], [ -87.649404, 41.944529 ], [ -87.649375, 41.943616 ], [ -87.649358, 41.942709 ], [ -87.649327, 41.941796 ], [ -87.649267, 41.939981 ], [ -87.653364, 41.939919 ], [ -87.654106, 41.939912 ], [ -87.654163, 41.941742 ], [ -87.65422, 41.943571 ], [ -87.654245, 41.944466 ], [ -87.654272, 41.945396 ], [ -87.64943, 41.945461 ] ] ] } },
{ "type": "Feature", "properties": { "GEOID": "17031062200", "population": 3152, "perCapitaIncome": 118022, "natureObs2023": 15, "communityArea": 6, "index": 91 }, "geometry": { "type": "Polygon", "coordinates": [ [ [ -87.656699, 41.945351 ], [ -87.65523, 41.945605 ], [ -87.654245, 41.944466 ], [ -87.65422, 41.943571 ], [ -87.654163, 41.941742 ], [ -87.654106, 41.939912 ], [ -87.656537, 41.939874 ], [ -87.658969, 41.939838 ], [ -87.659073, 41.943493 ], [ -87.659122, 41.945316 ], [ -87.656699, 41.945351 ] ] ] } },
{ "type": "Feature", "properties": { "GEOID": "17031062300", "population": 1609, "perCapitaIncome": 136312, "natureObs2023": 7, "communityArea": 6, "index": 92 }, "geometry": { "type": "Polygon", "coordinates": [ [ [ -87.659073, 41.943493 ], [ -87.658969, 41.939838 ], [ -87.661084, 41.9398 ], [ -87.663821, 41.939765 ], [ -87.663917, 41.943418 ], [ -87.659073, 41.943493 ] ] ] } },
{ "type": "Feature", "properties": { "GEOID": "17031062400", "population": 1799, "perCapitaIncome": 106959, "natureObs2023": 16, "communityArea": 6, "index": 93 }, "geometry": { "type": "Polygon", "coordinates": [ [ [ -87.663917, 41.943418 ], [ -87.663821, 41.939765 ], [ -87.666242, 41.93973 ], [ -87.668662, 41.939697 ], [ -87.668763, 41.943343 ], [ -87.663917, 41.943418 ] ] ] } },
{ "type": "Feature", "properties": { "GEOID": "17031062500", "population": 1420, "perCapitaIncome": 121346, "natureObs2023": 9, "communityArea": 6, "index": 94 }, "geometry": { "type": "Polygon", "coordinates": [ [ [ -87.668763, 41.943343 ], [ -87.668662, 41.939697 ], [ -87.67344, 41.939633 ], [ -87.673515, 41.941455 ], [ -87.67356, 41.943277 ], [ -87.668763, 41.943343 ] ] ] } },
{ "type": "Feature", "properties": { "GEOID": "17031062600", "population": 2371, "perCapitaIncome": 126626, "natureObs2023": 6, "communityArea": 6, "index": 95 }, "geometry": { "type": "Polygon", "coordinates": [ [ [ -87.673352, 41.935987 ], [ -87.67344, 41.939633 ], [ -87.668662, 41.939697 ], [ -87.668531, 41.936049 ], [ -87.668461, 41.934227 ], [ -87.668394, 41.932404 ], [ -87.673426, 41.932342 ], [ -87.673541, 41.935985 ], [ -87.673352, 41.935987 ] ] ] } },
{ "type": "Feature", "properties": { "GEOID": "17031062700", "population": 3046, "perCapitaIncome": 94345, "natureObs2023": 21, "communityArea": 6, "index": 96 }, "geometry": { "type": "Polygon", "coordinates": [ [ [ -87.666242, 41.93973 ], [ -87.663821, 41.939765 ], [ -87.663655, 41.935208 ], [ -87.663624, 41.934297 ], [ -87.663568, 41.93248 ], [ -87.665985, 41.932441 ], [ -87.668394, 41.932404 ], [ -87.668461, 41.934227 ], [ -87.668531, 41.936049 ], [ -87.668662, 41.939697 ], [ -87.666242, 41.93973 ] ] ] } },
{ "type": "Feature", "properties": { "GEOID": "17031062800", "population": 3682, "perCapitaIncome": 125634, "natureObs2023": 41, "communityArea": 6, "index": 97 }, "geometry": { "type": "Polygon", "coordinates": [ [ [ -87.661084, 41.9398 ], [ -87.658969, 41.939838 ], [ -87.658807, 41.935279 ], [ -87.658776, 41.934376 ], [ -87.65871, 41.932556 ], [ -87.661129, 41.932518 ], [ -87.663568, 41.93248 ], [ -87.663624, 41.934297 ], [ -87.663655, 41.935208 ], [ -87.663821, 41.939765 ], [ -87.661084, 41.9398 ] ] ] } },
{ "type": "Feature", "properties": { "GEOID": "17031062900", "population": 4138, "perCapitaIncome": 104849, "natureObs2023": 97, "communityArea": 6, "index": 98 }, "geometry": { "type": "Polygon", "coordinates": [ [ [ -87.656537, 41.939874 ], [ -87.654106, 41.939912 ], [ -87.653983, 41.936271 ], [ -87.653951, 41.935358 ], [ -87.653859, 41.932638 ], [ -87.65871, 41.932556 ], [ -87.658776, 41.934376 ], [ -87.658807, 41.935279 ], [ -87.658969, 41.939838 ], [ -87.656537, 41.939874 ] ] ] } },
{ "type": "Feature", "properties": { "GEOID": "17031063000", "population": 3280, "perCapitaIncome": 88310, "natureObs2023": 41, "communityArea": 6, "index": 99 }, "geometry": { "type": "Polygon", "coordinates": [ [ [ -87.653364, 41.939919 ], [ -87.649267, 41.939981 ], [ -87.649216, 41.938485 ], [ -87.649204, 41.938136 ], [ -87.649141, 41.936379 ], [ -87.649117, 41.935563 ], [ -87.649108, 41.935458 ], [ -87.649012, 41.93272 ], [ -87.653859, 41.932638 ], [ -87.653951, 41.935358 ], [ -87.653983, 41.936271 ], [ -87.654106, 41.939912 ], [ -87.653364, 41.939919 ] ] ] } },
{ "type": "Feature", "properties": { "GEOID": "17031063100", "population": 2352, "perCapitaIncome": 90866, "natureObs2023": 13, "communityArea": 6, "index": 100 }, "geometry": { "type": "Polygon", "coordinates": [ [ [ -87.6444, 41.940045 ], [ -87.644369, 41.939146 ], [ -87.644353, 41.93869 ], [ -87.644279, 41.936513 ], [ -87.649141, 41.936379 ], [ -87.649204, 41.938136 ], [ -87.649216, 41.938485 ], [ -87.649267, 41.939981 ], [ -87.6444, 41.940045 ] ] ] } },
{ "type": "Feature", "properties": { "GEOID": "17031063200", "population": 6380, "perCapitaIncome": 91213, "natureObs2023": 60, "communityArea": 6, "index": 101 }, "geometry": { "type": "Polygon", "coordinates": [ [ [ -87.641385, 41.940089 ], [ -87.639554, 41.940138 ], [ -87.638118, 41.940553 ], [ -87.633277, 41.942293 ], [ -87.631915, 41.936926 ], [ -87.633784, 41.93682 ], [ -87.636851, 41.936618 ], [ -87.638702, 41.936592 ], [ -87.639434, 41.936587 ], [ -87.641858, 41.936554 ], [ -87.644279, 41.936513 ], [ -87.644353, 41.93869 ], [ -87.644369, 41.939146 ], [ -87.6444, 41.940045 ], [ -87.641385, 41.940089 ] ] ] } },
{ "type": "Feature", "properties": { "GEOID": "17031063301", "population": 2992, "perCapitaIncome": 59159, "natureObs2023": 9, "communityArea": 6, "index": 102 }, "geometry": { "type": "Polygon", "coordinates": [ [ [ -87.644224, 41.934875 ], [ -87.644279, 41.936513 ], [ -87.641858, 41.936554 ], [ -87.641803, 41.934982 ], [ -87.641388, 41.934305 ], [ -87.641374, 41.933389 ], [ -87.641343, 41.93287 ], [ -87.644886, 41.932801 ], [ -87.644265, 41.934252 ], [ -87.644224, 41.934875 ] ] ] } },
{ "type": "Feature", "properties": { "GEOID": "17031063302", "population": 4102, "perCapitaIncome": 88418, "natureObs2023": 14, "communityArea": 6, "index": 103 }, "geometry": { "type": "Polygon", "coordinates": [ [ [ -87.639434, 41.936587 ], [ -87.638702, 41.936592 ], [ -87.637799, 41.936078 ], [ -87.638003, 41.934372 ], [ -87.637955, 41.932932 ], [ -87.639327, 41.93292 ], [ -87.641343, 41.93287 ], [ -87.641374, 41.933389 ], [ -87.641388, 41.934305 ], [ -87.641803, 41.934982 ], [ -87.641858, 41.936554 ], [ -87.639434, 41.936587 ] ] ] } },
{ "type": "Feature", "properties": { "GEOID": "17031063303", "population": 1198, "perCapitaIncome": 107189, "natureObs2023": 19, "communityArea": 6, "index": 104 }, "geometry": { "type": "Polygon", "coordinates": [ [ [ -87.636851, 41.936618 ], [ -87.633784, 41.93682 ], [ -87.631915, 41.936926 ], [ -87.631898, 41.936858 ], [ -87.630953, 41.933132 ], [ -87.630925, 41.933014 ], [ -87.632102, 41.932727 ], [ -87.637955, 41.932932 ], [ -87.638003, 41.934372 ], [ -87.637799, 41.936078 ], [ -87.638702, 41.936592 ], [ -87.636851, 41.936618 ] ] ] } },
{ "type": "Feature", "properties": { "GEOID": "17031063400", "population": 2435, "perCapitaIncome": 86189, "natureObs2023": 14, "communityArea": 6, "index": 105 }, "geometry": { "type": "Polygon", "coordinates": [ [ [ -87.644279, 41.936513 ], [ -87.644224, 41.934875 ], [ -87.644265, 41.934252 ], [ -87.644886, 41.932801 ], [ -87.649012, 41.93272 ], [ -87.649108, 41.935458 ], [ -87.649117, 41.935563 ], [ -87.649141, 41.936379 ], [ -87.644279, 41.936513 ] ] ] } },
{ "type": "Feature", "properties": { "GEOID": "17031070101", "population": 4583, "perCapitaIncome": 100805, "natureObs2023": 2720, "communityArea": 7, "index": 106 }, "geometry": { "type": "Polygon", "coordinates": [ [ [ -87.639228, 41.928665 ], [ -87.639265, 41.929696 ], [ -87.640634, 41.929242 ], [ -87.641467, 41.930661 ], [ -87.640869, 41.930856 ], [ -87.641786, 41.93236 ], [ -87.641343, 41.93287 ], [ -87.639327, 41.93292 ], [ -87.637955, 41.932932 ], [ -87.632102, 41.932727 ], [ -87.630925, 41.933014 ], [ -87.629381, 41.926548 ], [ -87.633632, 41.925751 ], [ -87.636064, 41.92567 ], [ -87.636569, 41.925658 ], [ -87.639116, 41.925612 ], [ -87.640479, 41.925585 ], [ -87.641336, 41.92701 ], [ -87.641807, 41.927813 ], [ -87.639228, 41.928665 ] ] ] } },
{ "type": "Feature", "properties": { "GEOID": "17031070102", "population": 2980, "perCapitaIncome": 152519, "natureObs2023": 19, "communityArea": 7, "index": 107 }, "geometry": { "type": "Polygon", "coordinates": [ [ [ -87.641343, 41.93287 ], [ -87.641786, 41.93236 ], [ -87.640869, 41.930856 ], [ -87.641467, 41.930661 ], [ -87.640634, 41.929242 ], [ -87.639265, 41.929696 ], [ -87.639228, 41.928665 ], [ -87.641807, 41.927813 ], [ -87.642232, 41.928533 ], [ -87.642924, 41.929662 ], [ -87.643446, 41.930014 ], [ -87.644274, 41.931338 ], [ -87.644886, 41.932801 ], [ -87.641343, 41.93287 ] ] ] } },
{ "type": "Feature", "properties": { "GEOID": "17031070103", "population": 1439, "perCapitaIncome": 85603, "natureObs2023": 83, "communityArea": 7, "index": 108 }, "geometry": { "type": "Polygon", "coordinates": [ [ [ -87.642232, 41.928533 ], [ -87.641807, 41.927813 ], [ -87.641336, 41.92701 ], [ -87.640479, 41.925585 ], [ -87.641502, 41.925569 ], [ -87.643927, 41.925532 ], [ -87.643992, 41.926727 ], [ -87.644026, 41.927326 ], [ -87.644217, 41.92805 ], [ -87.642232, 41.928533 ] ] ] } },
{ "type": "Feature", "properties": { "GEOID": "17031070200", "population": 4019, "perCapitaIncome": 86512, "natureObs2023": 158, "communityArea": 7, "index": 109 }, "geometry": { "type": "Polygon", "coordinates": [ [ [ -87.644886, 41.932801 ], [ -87.644274, 41.931338 ], [ -87.643446, 41.930014 ], [ -87.642924, 41.929662 ], [ -87.642232, 41.928533 ], [ -87.644217, 41.92805 ], [ -87.644026, 41.927326 ], [ -87.643992, 41.926727 ], [ -87.643927, 41.925532 ], [ -87.646336, 41.925493 ], [ -87.648761, 41.925454 ], [ -87.648873, 41.928659 ], [ -87.648889, 41.929084 ], [ -87.648971, 41.931549 ], [ -87.649012, 41.93272 ], [ -87.644886, 41.932801 ] ] ] } },
{ "type": "Feature", "properties": { "GEOID": "17031070300", "population": 3818, "perCapitaIncome": 104561, "natureObs2023": 167, "communityArea": 7, "index": 110 }, "geometry": { "type": "Polygon", "coordinates": [ [ [ -87.649012, 41.93272 ], [ -87.648971, 41.931549 ], [ -87.648889, 41.929084 ], [ -87.648873, 41.928659 ], [ -87.648761, 41.925454 ], [ -87.651183, 41.925415 ], [ -87.65286, 41.925389 ], [ -87.653613, 41.925376 ], [ -87.653703, 41.928101 ], [ -87.653859, 41.932638 ], [ -87.649012, 41.93272 ] ] ] } },
{ "type": "Feature", "properties": { "GEOID": "17031070400", "population": 3421, "perCapitaIncome": 132225, "natureObs2023": 77, "communityArea": 7, "index": 111 }, "geometry": { "type": "Polygon", "coordinates": [ [ [ -87.653859, 41.932638 ], [ -87.653703, 41.928101 ], [ -87.653613, 41.925376 ], [ -87.658453, 41.925292 ], [ -87.658516, 41.927108 ], [ -87.658532, 41.927767 ], [ -87.65871, 41.932556 ], [ -87.653859, 41.932638 ] ] ] } },
{ "type": "Feature", "properties": { "GEOID": "17031070500", "population": 3185, "perCapitaIncome": 132950, "natureObs2023": 15, "communityArea": 7, "index": 112 }, "geometry": { "type": "Polygon", "coordinates": [ [ [ -87.661129, 41.932518 ], [ -87.65871, 41.932556 ], [ -87.658532, 41.927767 ], [ -87.658516, 41.927108 ], [ -87.658453, 41.925292 ], [ -87.663327, 41.925218 ], [ -87.663383, 41.927032 ], [ -87.662169, 41.927052 ], [ -87.66223, 41.928868 ], [ -87.663443, 41.928848 ], [ -87.663568, 41.93248 ], [ -87.661129, 41.932518 ] ] ] } },
{ "type": "Feature", "properties": { "GEOID": "17031070600", "population": 3194, "perCapitaIncome": 123609, "natureObs2023": 17, "communityArea": 7, "index": 113 }, "geometry": { "type": "Polygon", "coordinates": [ [ [ -87.665985, 41.932441 ], [ -87.663568, 41.93248 ], [ -87.663443, 41.928848 ], [ -87.66223, 41.928868 ], [ -87.662169, 41.927052 ], [ -87.663383, 41.927032 ], [ -87.663327, 41.925218 ], [ -87.665769, 41.925183 ], [ -87.668146, 41.925152 ], [ -87.668209, 41.926964 ], [ -87.668394, 41.932404 ], [ -87.665985, 41.932441 ] ] ] } },
{ "type": "Feature", "properties": { "GEOID": "17031070700", "population": 3741, "perCapitaIncome": 102082, "natureObs2023": 39, "communityArea": 7, "index": 114 }, "geometry": { "type": "Polygon", "coordinates": [ [ [ -87.678135, 41.932285 ], [ -87.673426, 41.932342 ], [ -87.668394, 41.932404 ], [ -87.668209, 41.926964 ], [ -87.668146, 41.925152 ], [ -87.671666, 41.925106 ], [ -87.674403, 41.925069 ], [ -87.675094, 41.926748 ], [ -87.679577, 41.928349 ], [ -87.682661, 41.932231 ], [ -87.678135, 41.932285 ] ] ] } },
{ "type": "Feature", "properties": { "GEOID": "17031071000", "population": 4525, "perCapitaIncome": 84668, "natureObs2023": 20, "communityArea": 7, "index": 115 }, "geometry": { "type": "Polygon", "coordinates": [ [ [ -87.653613, 41.925376 ], [ -87.653488, 41.921738 ], [ -87.653367, 41.918105 ], [ -87.658219, 41.918034 ], [ -87.658335, 41.921661 ], [ -87.658453, 41.925292 ], [ -87.653613, 41.925376 ] ] ] } },
{ "type": "Feature", "properties": { "GEOID": "17031071100", "population": 3186, "perCapitaIncome": 116939, "natureObs2023": 15, "communityArea": 7, "index": 116 }, "geometry": { "type": "Polygon", "coordinates": [ [ [ -87.65286, 41.925389 ], [ -87.651183, 41.925415 ], [ -87.648761, 41.925454 ], [ -87.648697, 41.92363 ], [ -87.648509, 41.91818 ], [ -87.649129, 41.918171 ], [ -87.649725, 41.918161 ], [ -87.650939, 41.918143 ], [ -87.653367, 41.918105 ], [ -87.653488, 41.921738 ], [ -87.653613, 41.925376 ], [ -87.65286, 41.925389 ] ] ] } },
{ "type": "Feature", "properties": { "GEOID": "17031071200", "population": 2386, "perCapitaIncome": 95709, "natureObs2023": 33, "communityArea": 7, "index": 117 }, "geometry": { "type": "Polygon", "coordinates": [ [ [ -87.646336, 41.925493 ], [ -87.643927, 41.925532 ], [ -87.643787, 41.921888 ], [ -87.643667, 41.918253 ], [ -87.647312, 41.918194 ], [ -87.648509, 41.91818 ], [ -87.648697, 41.92363 ], [ -87.648761, 41.925454 ], [ -87.646336, 41.925493 ] ] ] } },
{ "type": "Feature", "properties": { "GEOID": "17031071300", "population": 4129, "perCapitaIncome": 113759, "natureObs2023": 10, "communityArea": 7, "index": 118 }, "geometry": { "type": "Polygon", "coordinates": [ [ [ -87.641502, 41.925569 ], [ -87.640479, 41.925585 ], [ -87.639779, 41.924455 ], [ -87.638978, 41.922772 ], [ -87.638937, 41.921961 ], [ -87.638816, 41.918322 ], [ -87.641246, 41.918286 ], [ -87.643667, 41.918253 ], [ -87.643787, 41.921888 ], [ -87.643927, 41.925532 ], [ -87.641502, 41.925569 ] ] ] } },
{ "type": "Feature", "properties": { "GEOID": "17031071400", "population": 4763, "perCapitaIncome": 125834, "natureObs2023": 1166, "communityArea": 7, "index": 119 }, "geometry": { "type": "Polygon", "coordinates": [ [ [ -87.639116, 41.925612 ], [ -87.636569, 41.925658 ], [ -87.636064, 41.92567 ], [ -87.633632, 41.925751 ], [ -87.629381, 41.926548 ], [ -87.627525, 41.918778 ], [ -87.630013, 41.918711 ], [ -87.637221, 41.918351 ], [ -87.638816, 41.918322 ], [ -87.638937, 41.921961 ], [ -87.638978, 41.922772 ], [ -87.639779, 41.924455 ], [ -87.640479, 41.925585 ], [ -87.639116, 41.925612 ] ] ] } },
{ "type": "Feature", "properties": { "GEOID": "17031071500", "population": 5991, "perCapitaIncome": 108293, "natureObs2023": 914, "communityArea": 7, "index": 120 }, "geometry": { "type": "Polygon", "coordinates": [ [ [ -87.637221, 41.918351 ], [ -87.630013, 41.918711 ], [ -87.627525, 41.918778 ], [ -87.627496, 41.918654 ], [ -87.627115, 41.917059 ], [ -87.621436, 41.913666 ], [ -87.620679, 41.913214 ], [ -87.624038, 41.911319 ], [ -87.624475, 41.911073 ], [ -87.626587, 41.91118 ], [ -87.628886, 41.911223 ], [ -87.631682, 41.911181 ], [ -87.633076, 41.911161 ], [ -87.63323, 41.911164 ], [ -87.634711, 41.91116 ], [ -87.635701, 41.91115 ], [ -87.636663, 41.91114 ], [ -87.638592, 41.911115 ], [ -87.63864, 41.91282 ], [ -87.638704, 41.914676 ], [ -87.638762, 41.91651 ], [ -87.638816, 41.918322 ], [ -87.637221, 41.918351 ] ] ] } },
{ "type": "Feature", "properties": { "GEOID": "17031071600", "population": 1903, "perCapitaIncome": 149795, "natureObs2023": 5, "communityArea": 7, "index": 121 }, "geometry": { "type": "Polygon", "coordinates": [ [ [ -87.641246, 41.918286 ], [ -87.638816, 41.918322 ], [ -87.638762, 41.91651 ], [ -87.638704, 41.914676 ], [ -87.639945, 41.914711 ], [ -87.641135, 41.914661 ], [ -87.64355, 41.914625 ], [ -87.643667, 41.918253 ], [ -87.641246, 41.918286 ] ] ] } },
{ "type": "Feature", "properties": { "GEOID": "17031071700", "population": 1485, "perCapitaIncome": 116909, "natureObs2023": 16, "communityArea": 7, "index": 122 }, "geometry": { "type": "Polygon", "coordinates": [ [ [ -87.641135, 41.914661 ], [ -87.639945, 41.914711 ], [ -87.638704, 41.914676 ], [ -87.63864, 41.91282 ], [ -87.638592, 41.911115 ], [ -87.641017, 41.911076 ], [ -87.643064, 41.911043 ], [ -87.643431, 41.911018 ], [ -87.64349, 41.91281 ], [ -87.643525, 41.913898 ], [ -87.64355, 41.914625 ], [ -87.641135, 41.914661 ] ] ] } },
{ "type": "Feature", "properties": { "GEOID": "17031071800", "population": 2726, "perCapitaIncome": 139027, "natureObs2023": 17, "communityArea": 7, "index": 123 }, "geometry": { "type": "Polygon", "coordinates": [ [ [ -87.647312, 41.918194 ], [ -87.643667, 41.918253 ], [ -87.64355, 41.914625 ], [ -87.643525, 41.913898 ], [ -87.64349, 41.91281 ], [ -87.643431, 41.911018 ], [ -87.647076, 41.910937 ], [ -87.648272, 41.91092 ], [ -87.648361, 41.913827 ], [ -87.648509, 41.91818 ], [ -87.647312, 41.918194 ] ] ] } },
{ "type": "Feature", "properties": { "GEOID": "17031080100", "population": 6607, "perCapitaIncome": 128919, "natureObs2023": 16, "communityArea": 8, "index": 124 }, "geometry": { "type": "Polygon", "coordinates": [ [ [ -87.626587, 41.91118 ], [ -87.624475, 41.911073 ], [ -87.624663, 41.910967 ], [ -87.625542, 41.910471 ], [ -87.625316, 41.909527 ], [ -87.624962, 41.908042 ], [ -87.624763, 41.907207 ], [ -87.624714, 41.907005 ], [ -87.624487, 41.906052 ], [ -87.624134, 41.904574 ], [ -87.624052, 41.904232 ], [ -87.627977, 41.903954 ], [ -87.628678, 41.903942 ], [ -87.628743, 41.905819 ], [ -87.628785, 41.907799 ], [ -87.628831, 41.909482 ], [ -87.628886, 41.911223 ], [ -87.626587, 41.91118 ] ] ] } },
{ "type": "Feature", "properties": { "GEOID": "17031080201", "population": 3236, "perCapitaIncome": 133687, "natureObs2023": 15, "communityArea": 8, "index": 125 }, "geometry": { "type": "Polygon", "coordinates": [ [ [ -87.633076, 41.911161 ], [ -87.631682, 41.911181 ], [ -87.628886, 41.911223 ], [ -87.628831, 41.909482 ], [ -87.628785, 41.907799 ], [ -87.630106, 41.907857 ], [ -87.631596, 41.907834 ], [ -87.633121, 41.907696 ], [ -87.63323, 41.911164 ], [ -87.633076, 41.911161 ] ] ] } },
{ "type": "Feature", "properties": { "GEOID": "17031080202", "population": 3800, "perCapitaIncome": 157172, "natureObs2023": 8, "communityArea": 8, "index": 126 }, "geometry": { "type": "Polygon", "coordinates": [ [ [ -87.631596, 41.907834 ], [ -87.630106, 41.907857 ], [ -87.628785, 41.907799 ], [ -87.628743, 41.905819 ], [ -87.628678, 41.903942 ], [ -87.629986, 41.903923 ], [ -87.630716, 41.903914 ], [ -87.632847, 41.90388 ], [ -87.633002, 41.903877 ], [ -87.633062, 41.905755 ], [ -87.633121, 41.907696 ], [ -87.631596, 41.907834 ] ] ] } },
{ "type": "Feature", "properties": { "GEOID": "17031080300", "population": 5836, "perCapitaIncome": 107707, "natureObs2023": 9, "communityArea": 8, "index": 127 }, "geometry": { "type": "Polygon", "coordinates": [ [ [ -87.636663, 41.91114 ], [ -87.635701, 41.91115 ], [ -87.634711, 41.91116 ], [ -87.63323, 41.911164 ], [ -87.633121, 41.907696 ], [ -87.633062, 41.905755 ], [ -87.633002, 41.903877 ], [ -87.634478, 41.903853 ], [ -87.637016, 41.903811 ], [ -87.637445, 41.903804 ], [ -87.63837, 41.903793 ], [ -87.63845, 41.90652 ], [ -87.638453, 41.906634 ], [ -87.638484, 41.907601 ], [ -87.638573, 41.910495 ], [ -87.63859, 41.911044 ], [ -87.638592, 41.911115 ], [ -87.636663, 41.91114 ] ] ] } },
{ "type": "Feature", "properties": { "GEOID": "17031080400", "population": 4888, "perCapitaIncome": 80630, "natureObs2023": 7, "communityArea": 8, "index": 128 }, "geometry": { "type": "Polygon", "coordinates": [ [ [ -87.643064, 41.911043 ], [ -87.641017, 41.911076 ], [ -87.638592, 41.911115 ], [ -87.63859, 41.911044 ], [ -87.638573, 41.910495 ], [ -87.638484, 41.907601 ], [ -87.638453, 41.906634 ], [ -87.63845, 41.90652 ], [ -87.63837, 41.903793 ], [ -87.64322, 41.903716 ], [ -87.643299, 41.906447 ], [ -87.643431, 41.911018 ], [ -87.643064, 41.911043 ] ] ] } },
{ "type": "Feature", "properties": { "GEOID": "17031081000", "population": 8150, "perCapitaIncome": 85239, "natureObs2023": 21, "communityArea": 8, "index": 129 }, "geometry": { "type": "Polygon", "coordinates": [ [ [ -87.633002, 41.903877 ], [ -87.632847, 41.90388 ], [ -87.630716, 41.903914 ], [ -87.629986, 41.903923 ], [ -87.629925, 41.901864 ], [ -87.629889, 41.900573 ], [ -87.629865, 41.899912 ], [ -87.629832, 41.898752 ], [ -87.629827, 41.898444 ], [ -87.629775, 41.896656 ], [ -87.631245, 41.896636 ], [ -87.634203, 41.896596 ], [ -87.634291, 41.898982 ], [ -87.634442, 41.902884 ], [ -87.634478, 41.903853 ], [ -87.633002, 41.903877 ] ] ] } },
{ "type": "Feature", "properties": { "GEOID": "17031081100", "population": 4455, "perCapitaIncome": 82307, "natureObs2023": 7, "communityArea": 8, "index": 130 }, "geometry": { "type": "Polygon", "coordinates": [ [ [ -87.628678, 41.903942 ], [ -87.628628, 41.90318 ], [ -87.628341, 41.90238 ], [ -87.628345, 41.901884 ], [ -87.628336, 41.901558 ], [ -87.628317, 41.90074 ], [ -87.62829, 41.899937 ], [ -87.628265, 41.89914 ], [ -87.628248, 41.898469 ], [ -87.628199, 41.896677 ], [ -87.629775, 41.896656 ], [ -87.629827, 41.898444 ], [ -87.629832, 41.898752 ], [ -87.629865, 41.899912 ], [ -87.629889, 41.900573 ], [ -87.629925, 41.901864 ], [ -87.629986, 41.903923 ], [ -87.628678, 41.903942 ] ] ] } },
{ "type": "Feature", "properties": { "GEOID": "17031081201", "population": 4428, "perCapitaIncome": 112597, "natureObs2023": 29, "communityArea": 8, "index": 131 }, "geometry": { "type": "Polygon", "coordinates": [ [ [ -87.624267, 41.901624 ], [ -87.624225, 41.900816 ], [ -87.624161, 41.900006 ], [ -87.624127, 41.89921 ], [ -87.624103, 41.898386 ], [ -87.624243, 41.896734 ], [ -87.62685, 41.896695 ], [ -87.628199, 41.896677 ], [ -87.628248, 41.898469 ], [ -87.628265, 41.89914 ], [ -87.62829, 41.899937 ], [ -87.628317, 41.90074 ], [ -87.628336, 41.901558 ], [ -87.624267, 41.901624 ] ] ] } },
{ "type": "Feature", "properties": { "GEOID": "17031081202", "population": 3437, "perCapitaIncome": 176824, "natureObs2023": 6, "communityArea": 8, "index": 132 }, "geometry": { "type": "Polygon", "coordinates": [ [ [ -87.627977, 41.903954 ], [ -87.624052, 41.904232 ], [ -87.623799, 41.903726 ], [ -87.623425, 41.90298 ], [ -87.623051, 41.902233 ], [ -87.622944, 41.90202 ], [ -87.622648, 41.90196 ], [ -87.621213, 41.901669 ], [ -87.619852, 41.901392 ], [ -87.618931, 41.900112 ], [ -87.620234, 41.900073 ], [ -87.621889, 41.900045 ], [ -87.624161, 41.900006 ], [ -87.624225, 41.900816 ], [ -87.624267, 41.901624 ], [ -87.628336, 41.901558 ], [ -87.628345, 41.901884 ], [ -87.628341, 41.90238 ], [ -87.628628, 41.90318 ], [ -87.628678, 41.903942 ], [ -87.627977, 41.903954 ] ] ] } },
{ "type": "Feature", "properties": { "GEOID": "17031081300", "population": 6014, "perCapitaIncome": 117457, "natureObs2023": 8, "communityArea": 8, "index": 133 }, "geometry": { "type": "Polygon", "coordinates": [ [ [ -87.624127, 41.89921 ], [ -87.624161, 41.900006 ], [ -87.621889, 41.900045 ], [ -87.620234, 41.900073 ], [ -87.618931, 41.900112 ], [ -87.617938, 41.898732 ], [ -87.616537, 41.896785 ], [ -87.62037, 41.896785 ], [ -87.621831, 41.896769 ], [ -87.624243, 41.896734 ], [ -87.624103, 41.898386 ], [ -87.624127, 41.89921 ] ] ] } },
{ "type": "Feature", "properties": { "GEOID": "17031081401", "population": 2171, "perCapitaIncome": 88843, "natureObs2023": 29, "communityArea": 8, "index": 134 }, "geometry": { "type": "Polygon", "coordinates": [ [ [ -87.621831, 41.896769 ], [ -87.62037, 41.896785 ], [ -87.616537, 41.896785 ], [ -87.615882, 41.895874 ], [ -87.614276, 41.893642 ], [ -87.614211, 41.893644 ], [ -87.61463, 41.893519 ], [ -87.617738, 41.893447 ], [ -87.620275, 41.893406 ], [ -87.624213, 41.893335 ], [ -87.624252, 41.894942 ], [ -87.624243, 41.896734 ], [ -87.621831, 41.896769 ] ] ] } },
{ "type": "Feature", "properties": { "GEOID": "17031081402", "population": 5942, "perCapitaIncome": 145514, "natureObs2023": 64, "communityArea": 8, "index": 135 }, "geometry": { "type": "Polygon", "coordinates": [ [ [ -87.61463, 41.893519 ], [ -87.614211, 41.893644 ], [ -87.614094, 41.893648 ], [ -87.612041, 41.893713 ], [ -87.610306, 41.896075 ], [ -87.610092, 41.896367 ], [ -87.602369, 41.896335 ], [ -87.602267, 41.893302 ], [ -87.609685, 41.893177 ], [ -87.609683, 41.893129 ], [ -87.609643, 41.892076 ], [ -87.609548, 41.889612 ], [ -87.611395, 41.889518 ], [ -87.611518, 41.89059 ], [ -87.613172, 41.890555 ], [ -87.614235, 41.890552 ], [ -87.617652, 41.890517 ], [ -87.617693, 41.891847 ], [ -87.617715, 41.892642 ], [ -87.617738, 41.893447 ], [ -87.61463, 41.893519 ] ] ] } },
{ "type": "Feature", "properties": { "GEOID": "17031081403", "population": 8987, "perCapitaIncome": 113931, "natureObs2023": 43, "communityArea": 8, "index": 136 }, "geometry": { "type": "Polygon", "coordinates": [ [ [ -87.624252, 41.891731 ], [ -87.624268, 41.892554 ], [ -87.624213, 41.893335 ], [ -87.620275, 41.893406 ], [ -87.617738, 41.893447 ], [ -87.617715, 41.892642 ], [ -87.617693, 41.891847 ], [ -87.617652, 41.890517 ], [ -87.614235, 41.890552 ], [ -87.613172, 41.890555 ], [ -87.613689, 41.890544 ], [ -87.613787, 41.888323 ], [ -87.617589, 41.888456 ], [ -87.620464, 41.888585 ], [ -87.62274, 41.888863 ], [ -87.624355, 41.88893 ], [ -87.624195, 41.889864 ], [ -87.624252, 41.891731 ] ] ] } },
{ "type": "Feature", "properties": { "GEOID": "17031081500", "population": 4906, "perCapitaIncome": 152787, "natureObs2023": 41, "communityArea": 8, "index": 137 }, "geometry": { "type": "Polygon", "coordinates": [ [ [ -87.62685, 41.896695 ], [ -87.624243, 41.896734 ], [ -87.624252, 41.894942 ], [ -87.624213, 41.893335 ], [ -87.624268, 41.892554 ], [ -87.624252, 41.891731 ], [ -87.624195, 41.889864 ], [ -87.624355, 41.88893 ], [ -87.625243, 41.888856 ], [ -87.628004, 41.887506 ], [ -87.628069, 41.891672 ], [ -87.628092, 41.892469 ], [ -87.628135, 41.894072 ], [ -87.628153, 41.894876 ], [ -87.628199, 41.896677 ], [ -87.62685, 41.896695 ] ] ] } },
{ "type": "Feature", "properties": { "GEOID": "17031081600", "population": 3725, "perCapitaIncome": 121613, "natureObs2023": 24, "communityArea": 8, "index": 138 }, "geometry": { "type": "Polygon", "coordinates": [ [ [ -87.628199, 41.896677 ], [ -87.628153, 41.894876 ], [ -87.628135, 41.894072 ], [ -87.628092, 41.892469 ], [ -87.628069, 41.891672 ], [ -87.628004, 41.887506 ], [ -87.629537, 41.887508 ], [ -87.629717, 41.894052 ], [ -87.629724, 41.894854 ], [ -87.629775, 41.896656 ], [ -87.628199, 41.896677 ] ] ] } },
{ "type": "Feature", "properties": { "GEOID": "17031081700", "population": 5217, "perCapitaIncome": 140960, "natureObs2023": 26, "communityArea": 8, "index": 139 }, "geometry": { "type": "Polygon", "coordinates": [ [ [ -87.631245, 41.896636 ], [ -87.629775, 41.896656 ], [ -87.629724, 41.894854 ], [ -87.629717, 41.894052 ], [ -87.629537, 41.887508 ], [ -87.633971, 41.887513 ], [ -87.634049, 41.890785 ], [ -87.634153, 41.894793 ], [ -87.634203, 41.896596 ], [ -87.631245, 41.896636 ] ] ] } },
{ "type": "Feature", "properties": { "GEOID": "17031081800", "population": 12213, "perCapitaIncome": 133566, "natureObs2023": 39, "communityArea": 8, "index": 140 }, "geometry": { "type": "Polygon", "coordinates": [ [ [ -87.642929, 41.896476 ], [ -87.642949, 41.895505 ], [ -87.640028, 41.895517 ], [ -87.639984, 41.898905 ], [ -87.637262, 41.898944 ], [ -87.634291, 41.898982 ], [ -87.634203, 41.896596 ], [ -87.634153, 41.894793 ], [ -87.634049, 41.890785 ], [ -87.633971, 41.887513 ], [ -87.635813, 41.887378 ], [ -87.637685, 41.886456 ], [ -87.63871, 41.887241 ], [ -87.639356, 41.889081 ], [ -87.64196, 41.892538 ], [ -87.643886, 41.894 ], [ -87.644139, 41.896456 ], [ -87.642929, 41.896476 ] ] ] } },
{ "type": "Feature", "properties": { "GEOID": "17031081900", "population": 1111, "perCapitaIncome": 147257, "natureObs2023": 9, "communityArea": 8, "index": 141 }, "geometry": { "type": "Polygon", "coordinates": [ [ [ -87.640044, 41.900468 ], [ -87.639984, 41.898905 ], [ -87.640028, 41.895517 ], [ -87.642949, 41.895505 ], [ -87.642929, 41.896476 ], [ -87.643092, 41.900413 ], [ -87.640044, 41.900468 ] ] ] } },
{ "type": "Feature", "properties": { "GEOID": "17031090100", "population": 3526, "perCapitaIncome": 70099, "natureObs2023": 21, "communityArea": 9, "index": 142 }, "geometry": { "type": "Polygon", "coordinates": [ [ [ -87.816327, 42.018749 ], [ -87.813881, 42.018802 ], [ -87.80757, 42.018946 ], [ -87.806547, 42.018965 ], [ -87.806564, 42.017822 ], [ -87.806593, 42.015337 ], [ -87.806638, 42.011713 ], [ -87.812233, 42.011567 ], [ -87.813941, 42.011521 ], [ -87.816416, 42.011456 ], [ -87.819731, 42.011384 ], [ -87.820017, 42.011935 ], [ -87.82007, 42.015015 ], [ -87.820651, 42.015536 ], [ -87.821213, 42.01864 ], [ -87.816327, 42.018749 ] ] ] } },
{ "type": "Feature", "properties": { "GEOID": "17031090200", "population": 6505, "perCapitaIncome": 65532, "natureObs2023": 15, "communityArea": 9, "index": 143 }, "geometry": { "type": "Polygon", "coordinates": [ [ [ -87.821116, 42.007225 ], [ -87.821253, 42.011357 ], [ -87.819988, 42.01138 ], [ -87.819731, 42.011384 ], [ -87.816416, 42.011456 ], [ -87.813941, 42.011521 ], [ -87.812233, 42.011567 ], [ -87.806638, 42.011713 ], [ -87.806698, 42.006318 ], [ -87.806718, 42.004474 ], [ -87.80675, 42.001505 ], [ -87.806782, 41.998639 ], [ -87.806792, 41.997771 ], [ -87.806809, 41.996039 ], [ -87.817088, 42.001861 ], [ -87.821325, 42.004254 ], [ -87.821321, 42.006049 ], [ -87.821116, 42.007225 ] ] ] } },
{ "type": "Feature", "properties": { "GEOID": "17031090300", "population": 1371, "perCapitaIncome": 64116, "natureObs2023": 11, "communityArea": 9, "index": 144 }, "geometry": { "type": "Polygon", "coordinates": [ [ [ -87.821354, 42.002313 ], [ -87.821325, 42.004254 ], [ -87.817088, 42.001861 ], [ -87.806809, 41.996039 ], [ -87.806818, 41.995392 ], [ -87.810333, 41.99542 ], [ -87.810312, 41.997074 ], [ -87.816694, 41.996977 ], [ -87.821414, 41.996851 ], [ -87.821396, 41.998663 ], [ -87.821354, 42.002313 ] ] ] } },
{ "type": "Feature", "properties": { "GEOID": "17031100100", "population": 5890, "perCapitaIncome": 48385, "natureObs2023": 8, "communityArea": 10, "index": 145 }, "geometry": { "type": "Polygon", "coordinates": [ [ [ -87.787677, 41.985948 ], [ -87.787668, 41.986511 ], [ -87.7876, 41.990193 ], [ -87.787577, 41.991319 ], [ -87.787533, 41.993668 ], [ -87.787497, 41.995548 ], [ -87.787443, 41.997356 ], [ -87.782861, 41.9974 ], [ -87.78287, 41.996274 ], [ -87.78116, 41.99533 ], [ -87.777833, 41.993771 ], [ -87.777891, 41.990191 ], [ -87.777894, 41.989963 ], [ -87.777963, 41.986559 ], [ -87.778038, 41.982905 ], [ -87.783527, 41.982912 ], [ -87.787735, 41.982899 ], [ -87.787693, 41.985266 ], [ -87.787677, 41.985948 ] ] ] } },
{ "type": "Feature", "properties": { "GEOID": "17031100200", "population": 7564, "perCapitaIncome": 45673, "natureObs2023": 58, "communityArea": 10, "index": 146 }, "geometry": { "type": "Polygon", "coordinates": [ [ [ -87.806782, 41.998639 ], [ -87.80675, 42.001505 ], [ -87.799814, 42.001529 ], [ -87.799481, 41.999985 ], [ -87.797126, 42.000005 ], [ -87.797124, 42.00094 ], [ -87.795553, 42.00095 ], [ -87.79394, 42.000962 ], [ -87.790766, 42.000531 ], [ -87.790205, 42.000753 ], [ -87.787874, 41.999681 ], [ -87.783315, 42.000072 ], [ -87.781629, 42.002883 ], [ -87.780804, 42.00284 ], [ -87.779974, 41.997414 ], [ -87.782861, 41.9974 ], [ -87.787443, 41.997356 ], [ -87.787497, 41.995548 ], [ -87.787533, 41.993668 ], [ -87.787577, 41.991319 ], [ -87.7876, 41.990193 ], [ -87.787668, 41.986511 ], [ -87.787677, 41.985948 ], [ -87.787693, 41.985266 ], [ -87.796912, 41.990448 ], [ -87.799615, 41.99197 ], [ -87.806809, 41.996039 ], [ -87.806792, 41.997771 ], [ -87.806782, 41.998639 ] ] ] } },
{ "type": "Feature", "properties": { "GEOID": "17031100300", "population": 6447, "perCapitaIncome": 50460, "natureObs2023": 59, "communityArea": 10, "index": 147 }, "geometry": { "type": "Polygon", "coordinates": [ [ [ -87.816694, 41.996977 ], [ -87.810312, 41.997074 ], [ -87.810333, 41.99542 ], [ -87.806818, 41.995392 ], [ -87.806809, 41.996039 ], [ -87.799615, 41.99197 ], [ -87.796912, 41.990448 ], [ -87.787693, 41.985266 ], [ -87.787735, 41.982899 ], [ -87.792588, 41.982872 ], [ -87.806055, 41.982746 ], [ -87.806942, 41.982771 ], [ -87.811886, 41.982632 ], [ -87.812018, 41.988229 ], [ -87.816741, 41.990618 ], [ -87.816722, 41.993454 ], [ -87.816694, 41.996977 ] ] ] } },
{ "type": "Feature", "properties": { "GEOID": "17031100400", "population": 3325, "perCapitaIncome": 59883, "natureObs2023": 3, "communityArea": 10, "index": 148 }, "geometry": { "type": "Polygon", "coordinates": [ [ [ -87.822917, 41.98755 ], [ -87.822219, 41.992704 ], [ -87.822128, 41.993342 ], [ -87.821414, 41.996851 ], [ -87.816694, 41.996977 ], [ -87.816722, 41.993454 ], [ -87.816741, 41.990618 ], [ -87.812018, 41.988229 ], [ -87.811886, 41.982632 ], [ -87.813432, 41.982675 ], [ -87.816832, 41.983534 ], [ -87.818444, 41.983863 ], [ -87.823327, 41.984509 ], [ -87.823016, 41.986821 ], [ -87.822917, 41.98755 ] ] ] } },
{ "type": "Feature", "properties": { "GEOID": "17031100500", "population": 5814, "perCapitaIncome": 68694, "natureObs2023": 3, "communityArea": 10, "index": 149 }, "geometry": { "type": "Polygon", "coordinates": [ [ [ -87.836579, 41.979761 ], [ -87.83315, 41.980399 ], [ -87.828764, 41.980449 ], [ -87.828567, 41.978556 ], [ -87.82997, 41.978525 ], [ -87.829535, 41.977051 ], [ -87.833741, 41.976215 ], [ -87.824429, 41.976042 ], [ -87.82352, 41.983093 ], [ -87.823396, 41.983982 ], [ -87.823327, 41.984509 ], [ -87.818444, 41.983863 ], [ -87.816832, 41.983534 ], [ -87.813432, 41.982675 ], [ -87.811886, 41.982632 ], [ -87.806942, 41.982771 ], [ -87.806985, 41.979118 ], [ -87.806992, 41.978653 ], [ -87.80706, 41.975494 ], [ -87.807067, 41.974538 ], [ -87.812005, 41.974416 ], [ -87.816917, 41.974289 ], [ -87.816953, 41.97066 ], [ -87.818408, 41.970622 ], [ -87.818525, 41.970619 ], [ -87.819427, 41.974104 ], [ -87.82185, 41.97416 ], [ -87.826735, 41.974034 ], [ -87.826741, 41.973141 ], [ -87.831728, 41.973056 ], [ -87.83342, 41.97392 ], [ -87.833622, 41.975007 ], [ -87.836627, 41.975222 ], [ -87.836608, 41.977471 ], [ -87.836579, 41.979761 ] ] ] } },
{ "type": "Feature", "properties": { "GEOID": "17031100600", "population": 4914, "perCapitaIncome": 41214, "natureObs2023": 4, "communityArea": 10, "index": 150 }, "geometry": { "type": "Polygon", "coordinates": [ [ [ -87.806985, 41.979118 ], [ -87.806942, 41.982771 ], [ -87.806055, 41.982746 ], [ -87.792588, 41.982872 ], [ -87.787735, 41.982899 ], [ -87.787752, 41.982061 ], [ -87.787805, 41.979272 ], [ -87.78786, 41.976286 ], [ -87.787874, 41.975653 ], [ -87.791511, 41.975623 ], [ -87.793936, 41.975602 ], [ -87.795146, 41.975593 ], [ -87.798779, 41.975561 ], [ -87.802412, 41.975534 ], [ -87.80706, 41.975494 ], [ -87.806992, 41.978653 ], [ -87.806985, 41.979118 ] ] ] } },
{ "type": "Feature", "properties": { "GEOID": "17031100700", "population": 5372, "perCapitaIncome": 48294, "natureObs2023": 6, "communityArea": 10, "index": 151 }, "geometry": { "type": "Polygon", "coordinates": [ [ [ -87.80706, 41.975494 ], [ -87.802412, 41.975534 ], [ -87.798779, 41.975561 ], [ -87.795146, 41.975593 ], [ -87.793936, 41.975602 ], [ -87.791511, 41.975623 ], [ -87.787874, 41.975653 ], [ -87.787906, 41.973842 ], [ -87.787982, 41.970225 ], [ -87.78801, 41.968867 ], [ -87.791644, 41.968836 ], [ -87.795278, 41.9688 ], [ -87.7977, 41.96878 ], [ -87.798913, 41.968773 ], [ -87.802525, 41.968751 ], [ -87.802542, 41.968297 ], [ -87.807156, 41.96827 ], [ -87.807067, 41.974538 ], [ -87.80706, 41.975494 ] ] ] } },
{ "type": "Feature", "properties": { "GEOID": "17031110100", "population": 5776, "perCapitaIncome": 49168, "natureObs2023": 230, "communityArea": 11, "index": 152 }, "geometry": { "type": "Polygon", "coordinates": [ [ [ -87.779974, 41.997414 ], [ -87.771509, 41.99642 ], [ -87.771676, 41.994481 ], [ -87.773739, 41.99312 ], [ -87.770981, 41.991356 ], [ -87.77081, 41.989075 ], [ -87.767894, 41.988732 ], [ -87.76615, 41.990074 ], [ -87.764411, 41.989406 ], [ -87.762627, 41.990684 ], [ -87.760568, 41.98796 ], [ -87.759123, 41.985176 ], [ -87.756322, 41.979885 ], [ -87.754954, 41.977222 ], [ -87.75533, 41.977453 ], [ -87.761213, 41.981065 ], [ -87.7635, 41.981149 ], [ -87.764716, 41.981141 ], [ -87.768377, 41.98112 ], [ -87.768345, 41.98294 ], [ -87.773191, 41.982921 ], [ -87.774352, 41.982918 ], [ -87.778038, 41.982905 ], [ -87.777963, 41.986559 ], [ -87.777894, 41.989963 ], [ -87.777891, 41.990191 ], [ -87.777833, 41.993771 ], [ -87.78116, 41.99533 ], [ -87.78287, 41.996274 ], [ -87.782861, 41.9974 ], [ -87.779974, 41.997414 ] ] ] } },
{ "type": "Feature", "properties": { "GEOID": "17031110200", "population": 2821, "perCapitaIncome": 43226, "natureObs2023": 2, "communityArea": 11, "index": 153 }, "geometry": { "type": "Polygon", "coordinates": [ [ [ -87.778038, 41.982905 ], [ -87.774352, 41.982918 ], [ -87.773191, 41.982921 ], [ -87.768345, 41.98294 ], [ -87.768377, 41.98112 ], [ -87.768459, 41.976598 ], [ -87.768481, 41.975683 ], [ -87.768506, 41.974384 ], [ -87.778085, 41.979829 ], [ -87.783527, 41.982912 ], [ -87.778038, 41.982905 ] ] ] } },
{ "type": "Feature", "properties": { "GEOID": "17031110300", "population": 5304, "perCapitaIncome": 45408, "natureObs2023": 7, "communityArea": 11, "index": 154 }, "geometry": { "type": "Polygon", "coordinates": [ [ [ -87.787906, 41.973842 ], [ -87.787874, 41.975653 ], [ -87.78786, 41.976286 ], [ -87.787805, 41.979272 ], [ -87.787752, 41.982061 ], [ -87.787735, 41.982899 ], [ -87.783527, 41.982912 ], [ -87.778085, 41.979829 ], [ -87.778151, 41.978614 ], [ -87.778143, 41.977481 ], [ -87.778216, 41.973929 ], [ -87.778232, 41.973172 ], [ -87.778288, 41.970305 ], [ -87.778234, 41.968533 ], [ -87.786772, 41.968427 ], [ -87.78801, 41.968867 ], [ -87.787982, 41.970225 ], [ -87.787906, 41.973842 ] ] ] } },
{ "type": "Feature", "properties": { "GEOID": "17031110400", "population": 4501, "perCapitaIncome": 57810, "natureObs2023": 7, "communityArea": 11, "index": 155 }, "geometry": { "type": "Polygon", "coordinates": [ [ [ -87.778232, 41.973172 ], [ -87.778216, 41.973929 ], [ -87.778143, 41.977481 ], [ -87.778151, 41.978614 ], [ -87.778085, 41.979829 ], [ -87.768506, 41.974384 ], [ -87.768481, 41.975683 ], [ -87.766311, 41.975707 ], [ -87.764174, 41.973327 ], [ -87.765353, 41.973009 ], [ -87.764132, 41.971655 ], [ -87.765058, 41.971616 ], [ -87.76756, 41.970329 ], [ -87.767505, 41.96869 ], [ -87.77283, 41.968617 ], [ -87.778234, 41.968533 ], [ -87.778288, 41.970305 ], [ -87.778232, 41.973172 ] ] ] } },
{ "type": "Feature", "properties": { "GEOID": "17031110501", "population": 5097, "perCapitaIncome": 48887, "natureObs2023": 6, "communityArea": 11, "index": 156 }, "geometry": { "type": "Polygon", "coordinates": [ [ [ -87.768377, 41.98112 ], [ -87.764716, 41.981141 ], [ -87.7635, 41.981149 ], [ -87.761213, 41.981065 ], [ -87.75533, 41.977453 ], [ -87.75533, 41.977076 ], [ -87.755226, 41.973426 ], [ -87.75521, 41.972965 ], [ -87.762049, 41.972897 ], [ -87.763911, 41.973331 ], [ -87.764174, 41.973327 ], [ -87.766311, 41.975707 ], [ -87.768481, 41.975683 ], [ -87.768459, 41.976598 ], [ -87.768377, 41.98112 ] ] ] } },
{ "type": "Feature", "properties": { "GEOID": "17031110502", "population": 3533, "perCapitaIncome": 52818, "natureObs2023": 8, "communityArea": 11, "index": 157 }, "geometry": { "type": "Polygon", "coordinates": [ [ [ -87.765058, 41.971616 ], [ -87.764132, 41.971655 ], [ -87.765353, 41.973009 ], [ -87.764174, 41.973327 ], [ -87.763911, 41.973331 ], [ -87.762049, 41.972897 ], [ -87.75521, 41.972965 ], [ -87.752802, 41.972439 ], [ -87.752652, 41.968881 ], [ -87.752635, 41.967967 ], [ -87.757443, 41.967905 ], [ -87.757701, 41.967902 ], [ -87.761355, 41.967595 ], [ -87.762619, 41.967666 ], [ -87.765246, 41.967811 ], [ -87.767477, 41.967783 ], [ -87.767505, 41.96869 ], [ -87.76756, 41.970329 ], [ -87.765058, 41.971616 ] ] ] } },
{ "type": "Feature", "properties": { "GEOID": "17031120100", "population": 4400, "perCapitaIncome": 72249, "natureObs2023": 835, "communityArea": 12, "index": 158 }, "geometry": { "type": "Polygon", "coordinates": [ [ [ -87.782714, 42.00423 ], [ -87.782451, 42.004815 ], [ -87.782769, 42.005085 ], [ -87.788723, 42.011997 ], [ -87.78063, 42.012 ], [ -87.77906, 42.011991 ], [ -87.779118, 42.015539 ], [ -87.776922, 42.015457 ], [ -87.776944, 42.011982 ], [ -87.773345, 42.011949 ], [ -87.770436, 42.006341 ], [ -87.769393, 42.004954 ], [ -87.765463, 41.997343 ], [ -87.764479, 41.995444 ], [ -87.760568, 41.98796 ], [ -87.762627, 41.990684 ], [ -87.764411, 41.989406 ], [ -87.76615, 41.990074 ], [ -87.767894, 41.988732 ], [ -87.77081, 41.989075 ], [ -87.770981, 41.991356 ], [ -87.773739, 41.99312 ], [ -87.771676, 41.994481 ], [ -87.771509, 41.99642 ], [ -87.779974, 41.997414 ], [ -87.780804, 42.00284 ], [ -87.781629, 42.002883 ], [ -87.783315, 42.000072 ], [ -87.787874, 41.999681 ], [ -87.790205, 42.000753 ], [ -87.782714, 42.00423 ] ] ] } },
{ "type": "Feature", "properties": { "GEOID": "17031120200", "population": 4573, "perCapitaIncome": 65305, "natureObs2023": 247, "communityArea": 12, "index": 159 }, "geometry": { "type": "Polygon", "coordinates": [ [ [ -87.765795, 42.003325 ], [ -87.765481, 42.003718 ], [ -87.767759, 42.004735 ], [ -87.767534, 42.008432 ], [ -87.761663, 42.008413 ], [ -87.761815, 42.004653 ], [ -87.761854, 42.003699 ], [ -87.761953, 42.002657 ], [ -87.76227, 42.001687 ], [ -87.755465, 41.998524 ], [ -87.75291, 41.997303 ], [ -87.752187, 41.997301 ], [ -87.750219, 41.997296 ], [ -87.748343, 41.997288 ], [ -87.748334, 41.993032 ], [ -87.748309, 41.985592 ], [ -87.748257, 41.983567 ], [ -87.752082, 41.983043 ], [ -87.753851, 41.983514 ], [ -87.75628, 41.982649 ], [ -87.75683, 41.985407 ], [ -87.760568, 41.98796 ], [ -87.764479, 41.995444 ], [ -87.765463, 41.997343 ], [ -87.769393, 42.004954 ], [ -87.767872, 42.004261 ], [ -87.765795, 42.003325 ] ] ] } },
{ "type": "Feature", "properties": { "GEOID": "17031120300", "population": 7046, "perCapitaIncome": 86015, "natureObs2023": 75, "communityArea": 12, "index": 160 }, "geometry": { "type": "Polygon", "coordinates": [ [ [ -87.743488, 41.997268 ], [ -87.739007, 41.99725 ], [ -87.736204, 41.997244 ], [ -87.728909, 41.997253 ], [ -87.726446, 41.99725 ], [ -87.728888, 41.994117 ], [ -87.72923, 41.993694 ], [ -87.731862, 41.990094 ], [ -87.734138, 41.988324 ], [ -87.738274, 41.986378 ], [ -87.738306, 41.982713 ], [ -87.748257, 41.983567 ], [ -87.748309, 41.985592 ], [ -87.748334, 41.993032 ], [ -87.748343, 41.997288 ], [ -87.743488, 41.997268 ] ] ] } },
{ "type": "Feature", "properties": { "GEOID": "17031120400", "population": 3836, "perCapitaIncome": 47856, "natureObs2023": 324, "communityArea": 12, "index": 161 }, "geometry": { "type": "Polygon", "coordinates": [ [ [ -87.75683, 41.985407 ], [ -87.75628, 41.982649 ], [ -87.753851, 41.983514 ], [ -87.752082, 41.983043 ], [ -87.748257, 41.983567 ], [ -87.74808, 41.977943 ], [ -87.747993, 41.975341 ], [ -87.747912, 41.972881 ], [ -87.747559, 41.968535 ], [ -87.747722, 41.968029 ], [ -87.74789, 41.968026 ], [ -87.752635, 41.967967 ], [ -87.752652, 41.968881 ], [ -87.752802, 41.972439 ], [ -87.75521, 41.972965 ], [ -87.755226, 41.973426 ], [ -87.75533, 41.977076 ], [ -87.75533, 41.977453 ], [ -87.754954, 41.977222 ], [ -87.756322, 41.979885 ], [ -87.759123, 41.985176 ], [ -87.760568, 41.98796 ], [ -87.75683, 41.985407 ] ] ] } },
{ "type": "Feature", "properties": { "GEOID": "17031130100", "population": 4895, "perCapitaIncome": 30026, "natureObs2023": 363, "communityArea": 13, "index": 162 }, "geometry": { "type": "Polygon", "coordinates": [ [ [ -87.726446, 41.99725 ], [ -87.720297, 41.997278 ], [ -87.718607, 41.997281 ], [ -87.711895, 41.997345 ], [ -87.71068, 41.997366 ], [ -87.709599, 41.99175 ], [ -87.709165, 41.990384 ], [ -87.711019, 41.990362 ], [ -87.716423, 41.990294 ], [ -87.718862, 41.990263 ], [ -87.718655, 41.98294 ], [ -87.728433, 41.982832 ], [ -87.728885, 41.993692 ], [ -87.728888, 41.994117 ], [ -87.726446, 41.99725 ] ] ] } },
{ "type": "Feature", "properties": { "GEOID": "17031130200", "population": 1545, "perCapitaIncome": 68142, "natureObs2023": 2523, "communityArea": 13, "index": 163 }, "geometry": { "type": "Polygon", "coordinates": [ [ [ -87.738306, 41.982713 ], [ -87.738274, 41.986378 ], [ -87.734138, 41.988324 ], [ -87.731862, 41.990094 ], [ -87.72923, 41.993694 ], [ -87.728888, 41.994117 ], [ -87.728885, 41.993692 ], [ -87.728433, 41.982832 ], [ -87.728233, 41.975532 ], [ -87.728132, 41.971884 ], [ -87.731831, 41.971845 ], [ -87.731908, 41.973636 ], [ -87.733117, 41.973651 ], [ -87.733171, 41.97548 ], [ -87.735634, 41.975454 ], [ -87.738103, 41.975428 ], [ -87.740687, 41.975401 ], [ -87.747993, 41.975341 ], [ -87.74808, 41.977943 ], [ -87.748257, 41.983567 ], [ -87.738306, 41.982713 ] ] ] } },
{ "type": "Feature", "properties": { "GEOID": "17031130300", "population": 5040, "perCapitaIncome": 36259, "natureObs2023": 19, "communityArea": 13, "index": 164 }, "geometry": { "type": "Polygon", "coordinates": [ [ [ -87.716423, 41.990294 ], [ -87.711019, 41.990362 ], [ -87.709165, 41.990384 ], [ -87.706982, 41.98308 ], [ -87.711301, 41.983039 ], [ -87.712522, 41.983022 ], [ -87.716176, 41.982973 ], [ -87.718655, 41.98294 ], [ -87.718862, 41.990263 ], [ -87.716423, 41.990294 ] ] ] } },
{ "type": "Feature", "properties": { "GEOID": "17031140100", "population": 3520, "perCapitaIncome": 33070, "natureObs2023": 184, "communityArea": 14, "index": 165 }, "geometry": { "type": "Polygon", "coordinates": [ [ [ -87.707371, 41.974433 ], [ -87.70411, 41.973651 ], [ -87.70311, 41.970888 ], [ -87.701093, 41.968514 ], [ -87.703605, 41.968494 ], [ -87.708472, 41.968452 ], [ -87.708528, 41.970272 ], [ -87.708579, 41.97209 ], [ -87.708647, 41.974523 ], [ -87.707371, 41.974433 ] ] ] } },
{ "type": "Feature", "properties": { "GEOID": "17031140200", "population": 6603, "perCapitaIncome": 31486, "natureObs2023": 6, "communityArea": 14, "index": 166 }, "geometry": { "type": "Polygon", "coordinates": [ [ [ -87.717144, 41.972435 ], [ -87.716521, 41.97213 ], [ -87.71582, 41.971867 ], [ -87.713464, 41.971947 ], [ -87.709967, 41.974271 ], [ -87.708647, 41.974523 ], [ -87.708579, 41.97209 ], [ -87.708528, 41.970272 ], [ -87.708472, 41.968452 ], [ -87.713363, 41.968401 ], [ -87.714588, 41.968389 ], [ -87.718255, 41.968348 ], [ -87.718304, 41.970168 ], [ -87.718355, 41.971992 ], [ -87.718384, 41.973092 ], [ -87.717144, 41.972435 ] ] ] } },
{ "type": "Feature", "properties": { "GEOID": "17031140301", "population": 2908, "perCapitaIncome": 28398, "natureObs2023": 0, "communityArea": 14, "index": 167 }, "geometry": { "type": "Polygon", "coordinates": [ [ [ -87.723192, 41.970116 ], [ -87.718304, 41.970168 ], [ -87.718255, 41.968348 ], [ -87.720697, 41.968322 ], [ -87.723143, 41.968294 ], [ -87.724386, 41.968281 ], [ -87.728028, 41.968242 ], [ -87.728081, 41.970064 ], [ -87.723192, 41.970116 ] ] ] } },
{ "type": "Feature", "properties": { "GEOID": "17031140302", "population": 3311, "perCapitaIncome": 48321, "natureObs2023": 49, "communityArea": 14, "index": 168 }, "geometry": { "type": "Polygon", "coordinates": [ [ [ -87.724598, 41.97557 ], [ -87.724174, 41.975575 ], [ -87.723028, 41.974586 ], [ -87.718384, 41.973092 ], [ -87.718355, 41.971992 ], [ -87.718304, 41.970168 ], [ -87.723192, 41.970116 ], [ -87.728081, 41.970064 ], [ -87.728132, 41.971884 ], [ -87.728233, 41.975532 ], [ -87.724598, 41.97557 ] ] ] } },
{ "type": "Feature", "properties": { "GEOID": "17031140400", "population": 5911, "perCapitaIncome": 50439, "natureObs2023": 19, "communityArea": 14, "index": 169 }, "geometry": { "type": "Polygon", "coordinates": [ [ [ -87.740687, 41.975401 ], [ -87.738103, 41.975428 ], [ -87.735634, 41.975454 ], [ -87.733171, 41.97548 ], [ -87.733117, 41.973651 ], [ -87.731908, 41.973636 ], [ -87.731831, 41.971845 ], [ -87.728132, 41.971884 ], [ -87.728081, 41.970064 ], [ -87.728028, 41.968242 ], [ -87.730478, 41.968215 ], [ -87.732968, 41.968186 ], [ -87.735433, 41.968158 ], [ -87.737902, 41.968134 ], [ -87.739176, 41.968121 ], [ -87.740165, 41.968108 ], [ -87.742847, 41.968083 ], [ -87.747722, 41.968029 ], [ -87.747559, 41.968535 ], [ -87.747912, 41.972881 ], [ -87.747993, 41.975341 ], [ -87.740687, 41.975401 ] ] ] } },
{ "type": "Feature", "properties": { "GEOID": "17031140500", "population": 3171, "perCapitaIncome": 45611, "natureObs2023": 19, "communityArea": 14, "index": 170 }, "geometry": { "type": "Polygon", "coordinates": [ [ [ -87.735433, 41.968158 ], [ -87.732968, 41.968186 ], [ -87.730478, 41.968215 ], [ -87.728028, 41.968242 ], [ -87.727956, 41.965648 ], [ -87.727878, 41.962816 ], [ -87.727828, 41.960947 ], [ -87.729693, 41.960927 ], [ -87.731967, 41.962493 ], [ -87.733632, 41.963639 ], [ -87.735781, 41.965115 ], [ -87.73752, 41.966311 ], [ -87.737851, 41.96654 ], [ -87.737902, 41.968134 ], [ -87.735433, 41.968158 ] ] ] } },
{ "type": "Feature", "properties": { "GEOID": "17031140601", "population": 2762, "perCapitaIncome": 40447, "natureObs2023": 4, "communityArea": 14, "index": 171 }, "geometry": { "type": "Polygon", "coordinates": [ [ [ -87.724386, 41.968281 ], [ -87.724354, 41.967826 ], [ -87.723746, 41.967832 ], [ -87.723601, 41.962866 ], [ -87.723557, 41.961439 ], [ -87.724158, 41.960992 ], [ -87.726605, 41.960963 ], [ -87.727828, 41.960947 ], [ -87.727878, 41.962816 ], [ -87.727956, 41.965648 ], [ -87.728028, 41.968242 ], [ -87.724386, 41.968281 ] ] ] } },
{ "type": "Feature", "properties": { "GEOID": "17031140602", "population": 4703, "perCapitaIncome": 32627, "natureObs2023": 2, "communityArea": 14, "index": 172 }, "geometry": { "type": "Polygon", "coordinates": [ [ [ -87.723143, 41.968294 ], [ -87.720697, 41.968322 ], [ -87.718255, 41.968348 ], [ -87.718196, 41.966529 ], [ -87.71804, 41.961069 ], [ -87.72049, 41.961039 ], [ -87.722929, 41.961009 ], [ -87.724158, 41.960992 ], [ -87.723557, 41.961439 ], [ -87.723601, 41.962866 ], [ -87.723746, 41.967832 ], [ -87.724354, 41.967826 ], [ -87.724386, 41.968281 ], [ -87.723143, 41.968294 ] ] ] } },
{ "type": "Feature", "properties": { "GEOID": "17031140701", "population": 2990, "perCapitaIncome": 37719, "natureObs2023": 8, "communityArea": 14, "index": 173 }, "geometry": { "type": "Polygon", "coordinates": [ [ [ -87.714588, 41.968389 ], [ -87.713363, 41.968401 ], [ -87.708472, 41.968452 ], [ -87.708418, 41.96663 ], [ -87.708386, 41.965584 ], [ -87.708989, 41.96558 ], [ -87.710817, 41.96512 ], [ -87.713261, 41.965103 ], [ -87.713308, 41.966583 ], [ -87.718196, 41.966529 ], [ -87.718255, 41.968348 ], [ -87.714588, 41.968389 ] ] ] } },
{ "type": "Feature", "properties": { "GEOID": "17031140702", "population": 5572, "perCapitaIncome": 49692, "natureObs2023": 23, "communityArea": 14, "index": 174 }, "geometry": { "type": "Polygon", "coordinates": [ [ [ -87.713308, 41.966583 ], [ -87.713261, 41.965103 ], [ -87.710817, 41.96512 ], [ -87.708989, 41.96558 ], [ -87.708386, 41.965584 ], [ -87.708355, 41.964699 ], [ -87.708248, 41.961187 ], [ -87.711909, 41.961144 ], [ -87.713136, 41.961129 ], [ -87.714364, 41.961114 ], [ -87.716809, 41.961084 ], [ -87.71804, 41.961069 ], [ -87.718196, 41.966529 ], [ -87.713308, 41.966583 ] ] ] } },
{ "type": "Feature", "properties": { "GEOID": "17031140800", "population": 6212, "perCapitaIncome": 60475, "natureObs2023": 70, "communityArea": 14, "index": 175 }, "geometry": { "type": "Polygon", "coordinates": [ [ [ -87.703605, 41.968494 ], [ -87.701093, 41.968514 ], [ -87.698714, 41.966199 ], [ -87.697202, 41.964788 ], [ -87.695585, 41.963074 ], [ -87.694794, 41.961273 ], [ -87.698483, 41.961249 ], [ -87.699688, 41.961242 ], [ -87.700911, 41.961234 ], [ -87.702135, 41.961227 ], [ -87.703357, 41.961219 ], [ -87.704585, 41.961212 ], [ -87.708248, 41.961187 ], [ -87.708355, 41.964699 ], [ -87.708386, 41.965584 ], [ -87.708418, 41.96663 ], [ -87.708472, 41.968452 ], [ -87.703605, 41.968494 ] ] ] } },
{ "type": "Feature", "properties": { "GEOID": "17031150200", "population": 7263, "perCapitaIncome": 50271, "natureObs2023": 9, "communityArea": 15, "index": 176 }, "geometry": { "type": "Polygon", "coordinates": [ [ [ -87.757443, 41.967905 ], [ -87.752635, 41.967967 ], [ -87.74789, 41.968026 ], [ -87.747722, 41.968029 ], [ -87.74762, 41.964367 ], [ -87.746963, 41.9629 ], [ -87.747373, 41.962433 ], [ -87.747588, 41.962235 ], [ -87.7475, 41.959811 ], [ -87.747446, 41.957982 ], [ -87.747354, 41.955242 ], [ -87.747305, 41.953418 ], [ -87.752239, 41.95336 ], [ -87.757148, 41.9533 ], [ -87.757206, 41.955122 ], [ -87.757268, 41.95695 ], [ -87.757298, 41.957862 ], [ -87.757357, 41.959689 ], [ -87.757387, 41.9606 ], [ -87.75745, 41.96247 ], [ -87.756085, 41.962486 ], [ -87.756833, 41.96335 ], [ -87.758051, 41.964757 ], [ -87.757701, 41.967902 ], [ -87.757443, 41.967905 ] ] ] } },
{ "type": "Feature", "properties": { "GEOID": "17031150300", "population": 7272, "perCapitaIncome": 55673, "natureObs2023": 63, "communityArea": 15, "index": 177 }, "geometry": { "type": "Polygon", "coordinates": [ [ [ -87.765246, 41.967811 ], [ -87.762619, 41.967666 ], [ -87.761355, 41.967595 ], [ -87.757701, 41.967902 ], [ -87.758051, 41.964757 ], [ -87.756833, 41.96335 ], [ -87.756085, 41.962486 ], [ -87.75745, 41.96247 ], [ -87.757387, 41.9606 ], [ -87.757357, 41.959689 ], [ -87.757298, 41.957862 ], [ -87.757268, 41.95695 ], [ -87.757206, 41.955122 ], [ -87.757148, 41.9533 ], [ -87.762076, 41.953243 ], [ -87.767, 41.953185 ], [ -87.767123, 41.956832 ], [ -87.767212, 41.959571 ], [ -87.767243, 41.960484 ], [ -87.767302, 41.962354 ], [ -87.767333, 41.963275 ], [ -87.767392, 41.965045 ], [ -87.767477, 41.967783 ], [ -87.765246, 41.967811 ] ] ] } },
{ "type": "Feature", "properties": { "GEOID": "17031150401", "population": 5146, "perCapitaIncome": 36336, "natureObs2023": 7, "communityArea": 15, "index": 178 }, "geometry": { "type": "Polygon", "coordinates": [ [ [ -87.77283, 41.968617 ], [ -87.767505, 41.96869 ], [ -87.767477, 41.967783 ], [ -87.767392, 41.965045 ], [ -87.767333, 41.963275 ], [ -87.767302, 41.962354 ], [ -87.767243, 41.960484 ], [ -87.77213, 41.960418 ], [ -87.775798, 41.960368 ], [ -87.777036, 41.960806 ], [ -87.777082, 41.962224 ], [ -87.777142, 41.964003 ], [ -87.777161, 41.964779 ], [ -87.777268, 41.967649 ], [ -87.778234, 41.968533 ], [ -87.77283, 41.968617 ] ] ] } },
{ "type": "Feature", "properties": { "GEOID": "17031150402", "population": 3945, "perCapitaIncome": 42414, "natureObs2023": 8, "communityArea": 15, "index": 179 }, "geometry": { "type": "Polygon", "coordinates": [ [ [ -87.775798, 41.960368 ], [ -87.77213, 41.960418 ], [ -87.767243, 41.960484 ], [ -87.767212, 41.959571 ], [ -87.767123, 41.956832 ], [ -87.767, 41.953185 ], [ -87.771889, 41.95312 ], [ -87.776775, 41.953056 ], [ -87.7769, 41.956702 ], [ -87.777036, 41.960806 ], [ -87.775798, 41.960368 ] ] ] } },
{ "type": "Feature", "properties": { "GEOID": "17031150501", "population": 3854, "perCapitaIncome": 52414, "natureObs2023": 0, "communityArea": 15, "index": 180 }, "geometry": { "type": "Polygon", "coordinates": [ [ [ -87.786762, 41.964647 ], [ -87.786772, 41.968427 ], [ -87.778234, 41.968533 ], [ -87.777268, 41.967649 ], [ -87.777161, 41.964779 ], [ -87.777142, 41.964003 ], [ -87.777082, 41.962224 ], [ -87.777036, 41.960806 ], [ -87.778254, 41.960789 ], [ -87.779464, 41.960317 ], [ -87.781906, 41.960285 ], [ -87.782539, 41.960726 ], [ -87.78315, 41.960722 ], [ -87.786812, 41.960673 ], [ -87.786866, 41.962044 ], [ -87.78696, 41.963031 ], [ -87.786762, 41.964647 ] ] ] } },
{ "type": "Feature", "properties": { "GEOID": "17031150502", "population": 3953, "perCapitaIncome": 35627, "natureObs2023": 7, "communityArea": 15, "index": 181 }, "geometry": { "type": "Polygon", "coordinates": [ [ [ -87.78315, 41.960722 ], [ -87.782539, 41.960726 ], [ -87.781906, 41.960285 ], [ -87.779464, 41.960317 ], [ -87.778254, 41.960789 ], [ -87.777036, 41.960806 ], [ -87.7769, 41.956702 ], [ -87.776775, 41.953056 ], [ -87.779221, 41.953014 ], [ -87.781659, 41.952981 ], [ -87.786559, 41.952916 ], [ -87.786658, 41.955709 ], [ -87.786699, 41.956566 ], [ -87.786805, 41.960217 ], [ -87.786812, 41.960673 ], [ -87.78315, 41.960722 ] ] ] } },
{ "type": "Feature", "properties": { "GEOID": "17031150600", "population": 4223, "perCapitaIncome": 50935, "natureObs2023": 4, "communityArea": 15, "index": 182 }, "geometry": { "type": "Polygon", "coordinates": [ [ [ -87.771889, 41.95312 ], [ -87.767, 41.953185 ], [ -87.76688, 41.949529 ], [ -87.766819, 41.947703 ], [ -87.766788, 41.94679 ], [ -87.766756, 41.945877 ], [ -87.771629, 41.945824 ], [ -87.776503, 41.945771 ], [ -87.776592, 41.948047 ], [ -87.776608, 41.948501 ], [ -87.776642, 41.949414 ], [ -87.776775, 41.953056 ], [ -87.771889, 41.95312 ] ] ] } },
{ "type": "Feature", "properties": { "GEOID": "17031150700", "population": 4453, "perCapitaIncome": 46735, "natureObs2023": 12, "communityArea": 15, "index": 183 }, "geometry": { "type": "Polygon", "coordinates": [ [ [ -87.762076, 41.953243 ], [ -87.757148, 41.9533 ], [ -87.75709, 41.951452 ], [ -87.757064, 41.950556 ], [ -87.757033, 41.949648 ], [ -87.75699, 41.948287 ], [ -87.756977, 41.947831 ], [ -87.756921, 41.946001 ], [ -87.761836, 41.945941 ], [ -87.764298, 41.945908 ], [ -87.76553, 41.945892 ], [ -87.766142, 41.945884 ], [ -87.766756, 41.945877 ], [ -87.766788, 41.94679 ], [ -87.766819, 41.947703 ], [ -87.76688, 41.949529 ], [ -87.767, 41.953185 ], [ -87.762076, 41.953243 ] ] ] } },
{ "type": "Feature", "properties": { "GEOID": "17031150800", "population": 4668, "perCapitaIncome": 40607, "natureObs2023": 22, "communityArea": 15, "index": 184 }, "geometry": { "type": "Polygon", "coordinates": [ [ [ -87.752239, 41.95336 ], [ -87.747305, 41.953418 ], [ -87.747239, 41.950669 ], [ -87.747141, 41.947942 ], [ -87.747065, 41.946124 ], [ -87.752013, 41.946061 ], [ -87.756921, 41.946001 ], [ -87.756977, 41.947831 ], [ -87.75699, 41.948287 ], [ -87.757033, 41.949648 ], [ -87.757064, 41.950556 ], [ -87.75709, 41.951452 ], [ -87.757148, 41.9533 ], [ -87.752239, 41.95336 ] ] ] } },
{ "type": "Feature", "properties": { "GEOID": "17031151001", "population": 2816, "perCapitaIncome": 34211, "natureObs2023": 0, "communityArea": 15, "index": 185 }, "geometry": { "type": "Polygon", "coordinates": [ [ [ -87.752013, 41.946061 ], [ -87.751898, 41.942413 ], [ -87.751873, 41.9415 ], [ -87.75179, 41.938764 ], [ -87.75669, 41.9387 ], [ -87.75678, 41.941438 ], [ -87.756807, 41.942351 ], [ -87.756921, 41.946001 ], [ -87.752013, 41.946061 ] ] ] } },
{ "type": "Feature", "properties": { "GEOID": "17031151002", "population": 4892, "perCapitaIncome": 35651, "natureObs2023": 1, "communityArea": 15, "index": 186 }, "geometry": { "type": "Polygon", "coordinates": [ [ [ -87.747065, 41.946124 ], [ -87.742361, 41.946185 ], [ -87.742228, 41.942541 ], [ -87.74296, 41.942532 ], [ -87.742895, 41.940694 ], [ -87.742192, 41.940716 ], [ -87.742154, 41.938891 ], [ -87.746873, 41.938826 ], [ -87.74934, 41.938795 ], [ -87.75179, 41.938764 ], [ -87.751873, 41.9415 ], [ -87.751898, 41.942413 ], [ -87.752013, 41.946061 ], [ -87.747065, 41.946124 ] ] ] } },
{ "type": "Feature", "properties": { "GEOID": "17031151100", "population": 5447, "perCapitaIncome": 32257, "natureObs2023": 1, "communityArea": 15, "index": 187 }, "geometry": { "type": "Polygon", "coordinates": [ [ [ -87.766142, 41.945884 ], [ -87.76553, 41.945892 ], [ -87.764298, 41.945908 ], [ -87.761836, 41.945941 ], [ -87.756921, 41.946001 ], [ -87.756807, 41.942351 ], [ -87.75678, 41.941438 ], [ -87.75669, 41.9387 ], [ -87.761596, 41.938638 ], [ -87.7665, 41.938575 ], [ -87.766596, 41.941314 ], [ -87.766628, 41.942228 ], [ -87.766725, 41.944964 ], [ -87.766756, 41.945877 ], [ -87.766142, 41.945884 ] ] ] } },
{ "type": "Feature", "properties": { "GEOID": "17031151200", "population": 4057, "perCapitaIncome": 32208, "natureObs2023": 2, "communityArea": 15, "index": 188 }, "geometry": { "type": "Polygon", "coordinates": [ [ [ -87.771629, 41.945824 ], [ -87.766756, 41.945877 ], [ -87.766725, 41.944964 ], [ -87.766628, 41.942228 ], [ -87.766596, 41.941314 ], [ -87.7665, 41.938575 ], [ -87.770142, 41.938527 ], [ -87.776215, 41.938448 ], [ -87.776321, 41.941192 ], [ -87.776357, 41.942112 ], [ -87.776463, 41.944857 ], [ -87.776503, 41.945771 ], [ -87.771629, 41.945824 ] ] ] } },
{ "type": "Feature", "properties": { "GEOID": "17031160100", "population": 2757, "perCapitaIncome": 51086, "natureObs2023": 14, "communityArea": 16, "index": 189 }, "geometry": { "type": "Polygon", "coordinates": [ [ [ -87.742847, 41.968083 ], [ -87.740165, 41.968108 ], [ -87.739176, 41.968121 ], [ -87.737902, 41.968134 ], [ -87.737851, 41.96654 ], [ -87.73752, 41.966311 ], [ -87.738603, 41.966301 ], [ -87.738425, 41.960829 ], [ -87.74122, 41.960797 ], [ -87.744541, 41.960756 ], [ -87.747276, 41.962379 ], [ -87.747373, 41.962433 ], [ -87.746963, 41.9629 ], [ -87.74762, 41.964367 ], [ -87.747722, 41.968029 ], [ -87.742847, 41.968083 ] ] ] } },
{ "type": "Feature", "properties": { "GEOID": "17031160200", "population": 3356, "perCapitaIncome": 77861, "natureObs2023": 8, "communityArea": 16, "index": 190 }, "geometry": { "type": "Polygon", "coordinates": [ [ [ -87.74122, 41.960797 ], [ -87.738425, 41.960829 ], [ -87.738603, 41.966301 ], [ -87.73752, 41.966311 ], [ -87.735781, 41.965115 ], [ -87.733632, 41.963639 ], [ -87.731967, 41.962493 ], [ -87.729693, 41.960927 ], [ -87.730596, 41.960915 ], [ -87.731051, 41.96091 ], [ -87.732721, 41.960892 ], [ -87.734188, 41.960875 ], [ -87.734078, 41.957228 ], [ -87.73397, 41.953578 ], [ -87.735436, 41.953559 ], [ -87.740966, 41.953491 ], [ -87.74275, 41.953474 ], [ -87.746458, 41.960736 ], [ -87.744541, 41.960756 ], [ -87.74122, 41.960797 ] ] ] } },
{ "type": "Feature", "properties": { "GEOID": "17031160300", "population": 3685, "perCapitaIncome": 53476, "natureObs2023": 26, "communityArea": 16, "index": 191 }, "geometry": { "type": "Polygon", "coordinates": [ [ [ -87.732721, 41.960892 ], [ -87.731051, 41.96091 ], [ -87.730596, 41.960915 ], [ -87.729693, 41.960927 ], [ -87.727828, 41.960947 ], [ -87.727723, 41.957301 ], [ -87.727669, 41.955477 ], [ -87.727618, 41.953662 ], [ -87.73397, 41.953578 ], [ -87.734078, 41.957228 ], [ -87.734188, 41.960875 ], [ -87.732721, 41.960892 ] ] ] } },
{ "type": "Feature", "properties": { "GEOID": "17031160400", "population": 5171, "perCapitaIncome": 63382, "natureObs2023": 43, "communityArea": 16, "index": 192 }, "geometry": { "type": "Polygon", "coordinates": [ [ [ -87.726605, 41.960963 ], [ -87.724158, 41.960992 ], [ -87.722929, 41.961009 ], [ -87.72049, 41.961039 ], [ -87.71804, 41.961069 ], [ -87.717924, 41.95743 ], [ -87.717813, 41.953791 ], [ -87.719038, 41.953775 ], [ -87.721487, 41.953742 ], [ -87.722711, 41.953726 ], [ -87.727618, 41.953662 ], [ -87.727669, 41.955477 ], [ -87.727723, 41.957301 ], [ -87.727828, 41.960947 ], [ -87.726605, 41.960963 ] ] ] } },
{ "type": "Feature", "properties": { "GEOID": "17031160501", "population": 3270, "perCapitaIncome": 43237, "natureObs2023": 64, "communityArea": 16, "index": 193 }, "geometry": { "type": "Polygon", "coordinates": [ [ [ -87.716809, 41.961084 ], [ -87.714364, 41.961114 ], [ -87.713136, 41.961129 ], [ -87.711909, 41.961144 ], [ -87.708248, 41.961187 ], [ -87.708129, 41.957553 ], [ -87.708724, 41.957095 ], [ -87.713013, 41.957069 ], [ -87.713026, 41.957496 ], [ -87.716698, 41.957446 ], [ -87.717924, 41.95743 ], [ -87.71804, 41.961069 ], [ -87.716809, 41.961084 ] ] ] } },
{ "type": "Feature", "properties": { "GEOID": "17031160502", "population": 4012, "perCapitaIncome": 49371, "natureObs2023": 5, "communityArea": 16, "index": 194 }, "geometry": { "type": "Polygon", "coordinates": [ [ [ -87.716698, 41.957446 ], [ -87.713026, 41.957496 ], [ -87.713013, 41.957069 ], [ -87.708724, 41.957095 ], [ -87.708129, 41.957553 ], [ -87.708015, 41.953915 ], [ -87.710465, 41.953891 ], [ -87.712905, 41.953859 ], [ -87.715362, 41.953825 ], [ -87.717813, 41.953791 ], [ -87.717924, 41.95743 ], [ -87.716698, 41.957446 ] ] ] } },
{ "type": "Feature", "properties": { "GEOID": "17031160601", "population": 3003, "perCapitaIncome": 51795, "natureObs2023": 14, "communityArea": 16, "index": 195 }, "geometry": { "type": "Polygon", "coordinates": [ [ [ -87.704585, 41.961212 ], [ -87.703357, 41.961219 ], [ -87.702135, 41.961227 ], [ -87.700911, 41.961234 ], [ -87.699688, 41.961242 ], [ -87.698483, 41.961249 ], [ -87.698352, 41.9576 ], [ -87.702021, 41.95758 ], [ -87.704467, 41.957578 ], [ -87.708129, 41.957553 ], [ -87.708248, 41.961187 ], [ -87.704585, 41.961212 ] ] ] } },
{ "type": "Feature", "properties": { "GEOID": "17031160602", "population": 3757, "perCapitaIncome": 68652, "natureObs2023": 140, "communityArea": 16, "index": 196 }, "geometry": { "type": "Polygon", "coordinates": [ [ [ -87.704467, 41.957578 ], [ -87.702021, 41.95758 ], [ -87.698352, 41.9576 ], [ -87.698483, 41.961249 ], [ -87.694794, 41.961273 ], [ -87.694446, 41.953994 ], [ -87.698241, 41.953975 ], [ -87.699463, 41.953969 ], [ -87.700683, 41.953963 ], [ -87.704353, 41.953945 ], [ -87.705574, 41.953938 ], [ -87.708015, 41.953915 ], [ -87.708129, 41.957553 ], [ -87.704467, 41.957578 ] ] ] } },
{ "type": "Feature", "properties": { "GEOID": "17031160700", "population": 6265, "perCapitaIncome": 52398, "natureObs2023": 24, "communityArea": 16, "index": 197 }, "geometry": { "type": "Polygon", "coordinates": [ [ [ -87.705574, 41.953938 ], [ -87.704353, 41.953945 ], [ -87.700683, 41.953963 ], [ -87.699463, 41.953969 ], [ -87.698241, 41.953975 ], [ -87.694446, 41.953994 ], [ -87.696759, 41.950456 ], [ -87.696208, 41.946696 ], [ -87.698031, 41.946683 ], [ -87.702926, 41.946654 ], [ -87.70415, 41.946651 ], [ -87.707822, 41.946631 ], [ -87.707871, 41.948452 ], [ -87.707918, 41.950281 ], [ -87.708015, 41.953915 ], [ -87.705574, 41.953938 ] ] ] } },
{ "type": "Feature", "properties": { "GEOID": "17031160800", "population": 5236, "perCapitaIncome": 46826, "natureObs2023": 15, "communityArea": 16, "index": 198 }, "geometry": { "type": "Polygon", "coordinates": [ [ [ -87.715362, 41.953825 ], [ -87.712905, 41.953859 ], [ -87.710465, 41.953891 ], [ -87.708015, 41.953915 ], [ -87.707918, 41.950281 ], [ -87.707871, 41.948452 ], [ -87.707822, 41.946631 ], [ -87.712713, 41.946567 ], [ -87.716388, 41.946519 ], [ -87.717559, 41.946504 ], [ -87.717665, 41.948326 ], [ -87.717813, 41.953791 ], [ -87.715362, 41.953825 ] ] ] } },
{ "type": "Feature", "properties": { "GEOID": "17031160900", "population": 2420, "perCapitaIncome": 54962, "natureObs2023": 351, "communityArea": 16, "index": 199 }, "geometry": { "type": "Polygon", "coordinates": [ [ [ -87.722711, 41.953726 ], [ -87.721487, 41.953742 ], [ -87.719038, 41.953775 ], [ -87.717813, 41.953791 ], [ -87.717665, 41.948326 ], [ -87.717559, 41.946504 ], [ -87.718764, 41.946488 ], [ -87.719768, 41.946475 ], [ -87.722506, 41.946439 ], [ -87.724954, 41.946405 ], [ -87.727401, 41.946373 ], [ -87.727508, 41.950032 ], [ -87.727618, 41.953662 ], [ -87.722711, 41.953726 ] ] ] } },
{ "type": "Feature", "properties": { "GEOID": "17031161000", "population": 1986, "perCapitaIncome": 68347, "natureObs2023": 26, "communityArea": 16, "index": 200 }, "geometry": { "type": "Polygon", "coordinates": [ [ [ -87.727618, 41.953662 ], [ -87.727508, 41.950032 ], [ -87.727401, 41.946373 ], [ -87.73128, 41.946323 ], [ -87.733748, 41.946293 ], [ -87.73386, 41.949953 ], [ -87.73397, 41.953578 ], [ -87.727618, 41.953662 ] ] ] } },
{ "type": "Feature", "properties": { "GEOID": "17031161100", "population": 2024, "perCapitaIncome": 81810, "natureObs2023": 9, "communityArea": 16, "index": 201 }, "geometry": { "type": "Polygon", "coordinates": [ [ [ -87.740966, 41.953491 ], [ -87.735436, 41.953559 ], [ -87.73397, 41.953578 ], [ -87.73386, 41.949953 ], [ -87.733748, 41.946293 ], [ -87.735627, 41.946267 ], [ -87.737204, 41.946248 ], [ -87.739014, 41.946224 ], [ -87.739319, 41.946221 ], [ -87.742361, 41.946185 ], [ -87.74243, 41.949838 ], [ -87.742525, 41.953007 ], [ -87.74275, 41.953474 ], [ -87.740966, 41.953491 ] ] ] } },
{ "type": "Feature", "properties": { "GEOID": "17031161200", "population": 2873, "perCapitaIncome": 42577, "natureObs2023": 14, "communityArea": 16, "index": 202 }, "geometry": { "type": "Polygon", "coordinates": [ [ [ -87.742228, 41.942541 ], [ -87.742361, 41.946185 ], [ -87.739319, 41.946221 ], [ -87.739014, 41.946224 ], [ -87.737204, 41.946248 ], [ -87.735627, 41.946267 ], [ -87.73477, 41.945749 ], [ -87.734764, 41.94553 ], [ -87.734679, 41.942636 ], [ -87.734651, 41.941727 ], [ -87.734567, 41.938995 ], [ -87.735212, 41.938986 ], [ -87.736026, 41.938976 ], [ -87.738265, 41.938945 ], [ -87.742154, 41.938891 ], [ -87.742192, 41.940716 ], [ -87.742895, 41.940694 ], [ -87.74296, 41.942532 ], [ -87.742228, 41.942541 ] ] ] } },
{ "type": "Feature", "properties": { "GEOID": "17031161300", "population": 3769, "perCapitaIncome": 38308, "natureObs2023": 6, "communityArea": 16, "index": 203 }, "geometry": { "type": "Polygon", "coordinates": [ [ [ -87.733748, 41.946293 ], [ -87.73128, 41.946323 ], [ -87.727401, 41.946373 ], [ -87.727377, 41.945614 ], [ -87.727345, 41.94456 ], [ -87.727328, 41.943984 ], [ -87.727185, 41.939095 ], [ -87.729644, 41.939062 ], [ -87.732994, 41.939016 ], [ -87.734567, 41.938995 ], [ -87.734651, 41.941727 ], [ -87.734679, 41.942636 ], [ -87.734764, 41.94553 ], [ -87.73477, 41.945749 ], [ -87.735627, 41.946267 ], [ -87.733748, 41.946293 ] ] ] } },
{ "type": "Feature", "properties": { "GEOID": "17031170100", "population": 2030, "perCapitaIncome": 41258, "natureObs2023": 158, "communityArea": 17, "index": 204 }, "geometry": { "type": "Polygon", "coordinates": [ [ [ -87.801301, 41.956723 ], [ -87.797709, 41.958438 ], [ -87.794204, 41.960072 ], [ -87.786805, 41.960217 ], [ -87.786699, 41.956566 ], [ -87.786658, 41.955709 ], [ -87.786559, 41.952916 ], [ -87.790646, 41.952846 ], [ -87.796272, 41.952743 ], [ -87.798707, 41.952743 ], [ -87.801137, 41.952748 ], [ -87.803607, 41.952753 ], [ -87.807269, 41.952765 ], [ -87.807291, 41.953866 ], [ -87.801301, 41.956723 ] ] ] } },
{ "type": "Feature", "properties": { "GEOID": "17031170200", "population": 3752, "perCapitaIncome": 40314, "natureObs2023": 1, "communityArea": 17, "index": 205 }, "geometry": { "type": "Polygon", "coordinates": [ [ [ -87.781659, 41.952981 ], [ -87.779221, 41.953014 ], [ -87.776775, 41.953056 ], [ -87.776642, 41.949414 ], [ -87.776608, 41.948501 ], [ -87.776592, 41.948047 ], [ -87.776503, 41.945771 ], [ -87.783812, 41.945697 ], [ -87.786307, 41.945663 ], [ -87.786363, 41.94839 ], [ -87.786559, 41.952916 ], [ -87.781659, 41.952981 ] ] ] } },
{ "type": "Feature", "properties": { "GEOID": "17031170300", "population": 4981, "perCapitaIncome": 45799, "natureObs2023": 0, "communityArea": 17, "index": 206 }, "geometry": { "type": "Polygon", "coordinates": [ [ [ -87.803607, 41.952753 ], [ -87.801137, 41.952748 ], [ -87.798707, 41.952743 ], [ -87.796272, 41.952743 ], [ -87.790646, 41.952846 ], [ -87.786559, 41.952916 ], [ -87.786363, 41.94839 ], [ -87.786307, 41.945663 ], [ -87.792327, 41.945549 ], [ -87.795987, 41.945479 ], [ -87.798413, 41.94543 ], [ -87.800841, 41.945386 ], [ -87.803308, 41.945336 ], [ -87.807005, 41.945265 ], [ -87.807134, 41.948899 ], [ -87.807269, 41.952765 ], [ -87.803607, 41.952753 ] ] ] } },
{ "type": "Feature", "properties": { "GEOID": "17031170400", "population": 3989, "perCapitaIncome": 48442, "natureObs2023": 0, "communityArea": 17, "index": 207 }, "geometry": { "type": "Polygon", "coordinates": [ [ [ -87.818303, 41.952501 ], [ -87.813433, 41.952624 ], [ -87.812225, 41.952651 ], [ -87.80972, 41.952708 ], [ -87.807269, 41.952765 ], [ -87.807134, 41.948899 ], [ -87.807005, 41.945265 ], [ -87.810655, 41.945192 ], [ -87.811825, 41.945171 ], [ -87.814337, 41.94512 ], [ -87.815799, 41.9451 ], [ -87.818009, 41.945257 ], [ -87.818283, 41.946424 ], [ -87.818388, 41.948411 ], [ -87.818505, 41.950751 ], [ -87.818303, 41.952501 ] ] ] } },
{ "type": "Feature", "properties": { "GEOID": "17031170500", "population": 5161, "perCapitaIncome": 46947, "natureObs2023": 1, "communityArea": 17, "index": 208 }, "geometry": { "type": "Polygon", "coordinates": [ [ [ -87.836699, 41.95936 ], [ -87.832678, 41.959438 ], [ -87.832651, 41.959323 ], [ -87.831821, 41.955701 ], [ -87.831793, 41.952164 ], [ -87.82935, 41.952226 ], [ -87.828119, 41.952257 ], [ -87.82277, 41.952391 ], [ -87.820114, 41.952464 ], [ -87.818303, 41.952501 ], [ -87.818505, 41.950751 ], [ -87.818388, 41.948411 ], [ -87.818283, 41.946424 ], [ -87.818009, 41.945257 ], [ -87.822924, 41.945137 ], [ -87.826661, 41.945027 ], [ -87.827837, 41.944996 ], [ -87.830295, 41.944929 ], [ -87.835178, 41.944793 ], [ -87.836433, 41.944761 ], [ -87.836622, 41.948398 ], [ -87.836735, 41.950218 ], [ -87.836748, 41.952055 ], [ -87.836699, 41.95936 ] ] ] } },
{ "type": "Feature", "properties": { "GEOID": "17031170600", "population": 2490, "perCapitaIncome": 42681, "natureObs2023": 3, "communityArea": 17, "index": 209 }, "geometry": { "type": "Polygon", "coordinates": [ [ [ -87.830295, 41.944929 ], [ -87.827837, 41.944996 ], [ -87.826661, 41.945027 ], [ -87.826515, 41.944582 ], [ -87.826317, 41.937749 ], [ -87.830005, 41.93768 ], [ -87.83481, 41.937576 ], [ -87.835111, 41.944595 ], [ -87.835178, 41.944793 ], [ -87.830295, 41.944929 ] ] ] } },
{ "type": "Feature", "properties": { "GEOID": "17031170700", "population": 3260, "perCapitaIncome": 33767, "natureObs2023": 0, "communityArea": 17, "index": 210 }, "geometry": { "type": "Polygon", "coordinates": [ [ [ -87.822924, 41.945137 ], [ -87.818009, 41.945257 ], [ -87.817865, 41.941327 ], [ -87.81774, 41.937914 ], [ -87.822626, 41.937817 ], [ -87.823847, 41.937791 ], [ -87.826254, 41.93775 ], [ -87.826317, 41.937749 ], [ -87.826515, 41.944582 ], [ -87.826661, 41.945027 ], [ -87.822924, 41.945137 ] ] ] } },
{ "type": "Feature", "properties": { "GEOID": "17031170800", "population": 4009, "perCapitaIncome": 42720, "natureObs2023": 3, "communityArea": 17, "index": 211 }, "geometry": { "type": "Polygon", "coordinates": [ [ [ -87.815799, 41.9451 ], [ -87.814337, 41.94512 ], [ -87.811825, 41.945171 ], [ -87.810655, 41.945192 ], [ -87.807005, 41.945265 ], [ -87.806747, 41.937996 ], [ -87.810393, 41.93799 ], [ -87.814077, 41.937967 ], [ -87.816519, 41.937939 ], [ -87.81774, 41.937914 ], [ -87.817865, 41.941327 ], [ -87.818009, 41.945257 ], [ -87.815799, 41.9451 ] ] ] } },
{ "type": "Feature", "properties": { "GEOID": "17031170900", "population": 1970, "perCapitaIncome": 41054, "natureObs2023": 2, "communityArea": 17, "index": 212 }, "geometry": { "type": "Polygon", "coordinates": [ [ [ -87.814077, 41.937967 ], [ -87.810393, 41.93799 ], [ -87.806747, 41.937996 ], [ -87.806624, 41.934511 ], [ -87.81639, 41.934313 ], [ -87.816519, 41.937939 ], [ -87.814077, 41.937967 ] ] ] } },
{ "type": "Feature", "properties": { "GEOID": "17031171000", "population": 6829, "perCapitaIncome": 46073, "natureObs2023": 2, "communityArea": 17, "index": 213 }, "geometry": { "type": "Polygon", "coordinates": [ [ [ -87.803308, 41.945336 ], [ -87.800841, 41.945386 ], [ -87.798413, 41.94543 ], [ -87.795987, 41.945479 ], [ -87.792327, 41.945549 ], [ -87.786307, 41.945663 ], [ -87.78621, 41.941994 ], [ -87.786031, 41.938317 ], [ -87.790796, 41.938238 ], [ -87.792036, 41.938219 ], [ -87.796915, 41.93814 ], [ -87.798132, 41.938122 ], [ -87.799387, 41.938105 ], [ -87.80303, 41.938051 ], [ -87.803985, 41.938035 ], [ -87.806747, 41.937996 ], [ -87.807005, 41.945265 ], [ -87.803308, 41.945336 ] ] ] } },
{ "type": "Feature", "properties": { "GEOID": "17031171100", "population": 4103, "perCapitaIncome": 36371, "natureObs2023": 3, "communityArea": 17, "index": 214 }, "geometry": { "type": "Polygon", "coordinates": [ [ [ -87.783812, 41.945697 ], [ -87.776503, 41.945771 ], [ -87.776463, 41.944857 ], [ -87.776357, 41.942112 ], [ -87.776321, 41.941192 ], [ -87.776215, 41.938448 ], [ -87.783506, 41.938354 ], [ -87.786031, 41.938317 ], [ -87.78621, 41.941994 ], [ -87.786307, 41.945663 ], [ -87.783812, 41.945697 ] ] ] } },
{ "type": "Feature", "properties": { "GEOID": "17031180100", "population": 6544, "perCapitaIncome": 35158, "natureObs2023": 30, "communityArea": 18, "index": 215 }, "geometry": { "type": "Polygon", "coordinates": [ [ [ -87.803985, 41.938035 ], [ -87.80303, 41.938051 ], [ -87.799387, 41.938105 ], [ -87.798132, 41.938122 ], [ -87.796915, 41.93814 ], [ -87.792036, 41.938219 ], [ -87.790796, 41.938238 ], [ -87.790659, 41.934594 ], [ -87.790638, 41.930942 ], [ -87.796692, 41.930868 ], [ -87.797915, 41.930852 ], [ -87.800978, 41.930818 ], [ -87.802826, 41.930797 ], [ -87.806251, 41.930789 ], [ -87.806495, 41.930815 ], [ -87.806556, 41.932563 ], [ -87.806624, 41.934511 ], [ -87.806747, 41.937996 ], [ -87.803985, 41.938035 ] ] ] } },
{ "type": "Feature", "properties": { "GEOID": "17031190100", "population": 2338, "perCapitaIncome": 28979, "natureObs2023": 3, "communityArea": 19, "index": 216 }, "geometry": { "type": "Polygon", "coordinates": [ [ [ -87.742154, 41.938891 ], [ -87.741893, 41.931595 ], [ -87.746595, 41.931533 ], [ -87.746667, 41.933355 ], [ -87.746741, 41.935181 ], [ -87.746815, 41.937003 ], [ -87.746873, 41.938826 ], [ -87.742154, 41.938891 ] ] ] } },
{ "type": "Feature", "properties": { "GEOID": "17031190200", "population": 5858, "perCapitaIncome": 28821, "natureObs2023": 13, "communityArea": 19, "index": 217 }, "geometry": { "type": "Polygon", "coordinates": [ [ [ -87.75179, 41.938764 ], [ -87.74934, 41.938795 ], [ -87.746873, 41.938826 ], [ -87.746815, 41.937003 ], [ -87.746741, 41.935181 ], [ -87.746667, 41.933355 ], [ -87.746595, 41.931533 ], [ -87.751505, 41.931467 ], [ -87.75642, 41.931399 ], [ -87.756487, 41.933226 ], [ -87.756557, 41.935052 ], [ -87.756624, 41.936876 ], [ -87.75669, 41.9387 ], [ -87.75179, 41.938764 ] ] ] } },
{ "type": "Feature", "properties": { "GEOID": "17031190300", "population": 5289, "perCapitaIncome": 30229, "natureObs2023": 9, "communityArea": 19, "index": 218 }, "geometry": { "type": "Polygon", "coordinates": [ [ [ -87.761596, 41.938638 ], [ -87.75669, 41.9387 ], [ -87.756624, 41.936876 ], [ -87.756557, 41.935052 ], [ -87.756487, 41.933226 ], [ -87.75642, 41.931399 ], [ -87.761335, 41.931337 ], [ -87.765018, 41.931294 ], [ -87.766246, 41.931277 ], [ -87.76631, 41.9331 ], [ -87.766372, 41.934928 ], [ -87.766435, 41.936752 ], [ -87.7665, 41.938575 ], [ -87.761596, 41.938638 ] ] ] } },
{ "type": "Feature", "properties": { "GEOID": "17031190401", "population": 4119, "perCapitaIncome": 40568, "natureObs2023": 1, "communityArea": 19, "index": 219 }, "geometry": { "type": "Polygon", "coordinates": [ [ [ -87.783506, 41.938354 ], [ -87.776215, 41.938448 ], [ -87.776089, 41.934795 ], [ -87.775966, 41.931139 ], [ -87.778394, 41.931105 ], [ -87.785689, 41.931002 ], [ -87.78581, 41.934661 ], [ -87.785922, 41.937862 ], [ -87.786031, 41.938317 ], [ -87.783506, 41.938354 ] ] ] } },
{ "type": "Feature", "properties": { "GEOID": "17031190402", "population": 4896, "perCapitaIncome": 30703, "natureObs2023": 0, "communityArea": 19, "index": 220 }, "geometry": { "type": "Polygon", "coordinates": [ [ [ -87.770142, 41.938527 ], [ -87.7665, 41.938575 ], [ -87.766435, 41.936752 ], [ -87.766372, 41.934928 ], [ -87.76631, 41.9331 ], [ -87.766246, 41.931277 ], [ -87.771105, 41.931209 ], [ -87.773533, 41.931174 ], [ -87.775966, 41.931139 ], [ -87.776089, 41.934795 ], [ -87.776215, 41.938448 ], [ -87.770142, 41.938527 ] ] ] } },
{ "type": "Feature", "properties": { "GEOID": "17031190601", "population": 3986, "perCapitaIncome": 26622, "natureObs2023": 8, "communityArea": 19, "index": 221 }, "geometry": { "type": "Polygon", "coordinates": [ [ [ -87.778394, 41.931105 ], [ -87.775966, 41.931139 ], [ -87.77534, 41.930689 ], [ -87.775128, 41.924292 ], [ -87.775716, 41.923827 ], [ -87.778147, 41.923789 ], [ -87.779356, 41.923771 ], [ -87.785443, 41.923678 ], [ -87.785645, 41.929168 ], [ -87.785689, 41.931002 ], [ -87.778394, 41.931105 ] ] ] } },
{ "type": "Feature", "properties": { "GEOID": "17031190602", "population": 5554, "perCapitaIncome": 23325, "natureObs2023": 0, "communityArea": 19, "index": 222 }, "geometry": { "type": "Polygon", "coordinates": [ [ [ -87.773533, 41.931174 ], [ -87.771105, 41.931209 ], [ -87.766246, 41.931277 ], [ -87.766131, 41.928085 ], [ -87.766055, 41.925804 ], [ -87.765991, 41.923981 ], [ -87.770854, 41.923905 ], [ -87.773286, 41.923866 ], [ -87.775716, 41.923827 ], [ -87.775128, 41.924292 ], [ -87.77534, 41.930689 ], [ -87.775966, 41.931139 ], [ -87.773533, 41.931174 ] ] ] } },
{ "type": "Feature", "properties": { "GEOID": "17031190701", "population": 2835, "perCapitaIncome": 25382, "natureObs2023": 0, "communityArea": 19, "index": 223 }, "geometry": { "type": "Polygon", "coordinates": [ [ [ -87.765018, 41.931294 ], [ -87.761335, 41.931337 ], [ -87.75642, 41.931399 ], [ -87.756314, 41.928683 ], [ -87.758776, 41.928652 ], [ -87.761217, 41.928158 ], [ -87.766131, 41.928085 ], [ -87.766246, 41.931277 ], [ -87.765018, 41.931294 ] ] ] } },
{ "type": "Feature", "properties": { "GEOID": "17031190702", "population": 4707, "perCapitaIncome": 23213, "natureObs2023": 3, "communityArea": 19, "index": 224 }, "geometry": { "type": "Polygon", "coordinates": [ [ [ -87.761217, 41.928158 ], [ -87.758776, 41.928652 ], [ -87.756314, 41.928683 ], [ -87.756214, 41.925964 ], [ -87.756146, 41.924107 ], [ -87.761068, 41.924045 ], [ -87.765991, 41.923981 ], [ -87.766055, 41.925804 ], [ -87.766131, 41.928085 ], [ -87.761217, 41.928158 ] ] ] } },
{ "type": "Feature", "properties": { "GEOID": "17031190800", "population": 6049, "perCapitaIncome": 23876, "natureObs2023": 2, "communityArea": 19, "index": 225 }, "geometry": { "type": "Polygon", "coordinates": [ [ [ -87.751505, 41.931467 ], [ -87.746595, 41.931533 ], [ -87.746483, 41.928818 ], [ -87.746371, 41.926093 ], [ -87.746302, 41.924239 ], [ -87.748758, 41.924206 ], [ -87.751227, 41.924175 ], [ -87.756146, 41.924107 ], [ -87.756214, 41.925964 ], [ -87.756314, 41.928683 ], [ -87.75642, 41.931399 ], [ -87.751505, 41.931467 ] ] ] } },
{ "type": "Feature", "properties": { "GEOID": "17031190900", "population": 1869, "perCapitaIncome": 25934, "natureObs2023": 0, "communityArea": 19, "index": 226 }, "geometry": { "type": "Polygon", "coordinates": [ [ [ -87.741893, 41.931595 ], [ -87.741746, 41.927278 ], [ -87.741631, 41.924303 ], [ -87.746302, 41.924239 ], [ -87.746371, 41.926093 ], [ -87.746483, 41.928818 ], [ -87.746595, 41.931533 ], [ -87.741893, 41.931595 ] ] ] } },
{ "type": "Feature", "properties": { "GEOID": "17031191000", "population": 2556, "perCapitaIncome": 21793, "natureObs2023": 2, "communityArea": 19, "index": 227 }, "geometry": { "type": "Polygon", "coordinates": [ [ [ -87.741631, 41.924303 ], [ -87.741578, 41.922532 ], [ -87.741534, 41.920645 ], [ -87.741422, 41.916985 ], [ -87.741301, 41.913906 ], [ -87.74601, 41.914493 ], [ -87.746169, 41.918757 ], [ -87.74621, 41.920584 ], [ -87.746302, 41.924239 ], [ -87.741631, 41.924303 ] ] ] } },
{ "type": "Feature", "properties": { "GEOID": "17031191100", "population": 6651, "perCapitaIncome": 22053, "natureObs2023": 1, "communityArea": 19, "index": 228 }, "geometry": { "type": "Polygon", "coordinates": [ [ [ -87.751227, 41.924175 ], [ -87.748758, 41.924206 ], [ -87.746302, 41.924239 ], [ -87.74621, 41.920584 ], [ -87.746169, 41.918757 ], [ -87.74601, 41.914493 ], [ -87.748574, 41.914801 ], [ -87.74936, 41.914908 ], [ -87.752858, 41.915326 ], [ -87.755895, 41.915709 ], [ -87.755991, 41.918652 ], [ -87.756042, 41.920458 ], [ -87.756146, 41.924107 ], [ -87.751227, 41.924175 ] ] ] } },
{ "type": "Feature", "properties": { "GEOID": "17031191200", "population": 3775, "perCapitaIncome": 18383, "natureObs2023": 1, "communityArea": 19, "index": 229 }, "geometry": { "type": "Polygon", "coordinates": [ [ [ -87.761068, 41.924045 ], [ -87.756146, 41.924107 ], [ -87.756042, 41.920458 ], [ -87.755991, 41.918652 ], [ -87.755895, 41.915709 ], [ -87.76079, 41.916261 ], [ -87.763609, 41.91655 ], [ -87.765745, 41.916624 ], [ -87.765747, 41.916682 ], [ -87.765806, 41.918763 ], [ -87.765922, 41.92216 ], [ -87.765991, 41.923981 ], [ -87.761068, 41.924045 ] ] ] } },
{ "type": "Feature", "properties": { "GEOID": "17031191301", "population": 5211, "perCapitaIncome": 27055, "natureObs2023": 0, "communityArea": 19, "index": 230 }, "geometry": { "type": "Polygon", "coordinates": [ [ [ -87.779356, 41.923771 ], [ -87.778147, 41.923789 ], [ -87.775716, 41.923827 ], [ -87.775093, 41.923383 ], [ -87.775045, 41.922016 ], [ -87.77562, 41.921049 ], [ -87.775604, 41.920559 ], [ -87.774977, 41.91995 ], [ -87.774909, 41.917919 ], [ -87.775515, 41.917911 ], [ -87.77547, 41.916552 ], [ -87.785226, 41.916452 ], [ -87.785277, 41.918228 ], [ -87.785411, 41.922631 ], [ -87.785443, 41.923678 ], [ -87.779356, 41.923771 ] ] ] } },
{ "type": "Feature", "properties": { "GEOID": "17031191302", "population": 4439, "perCapitaIncome": 21971, "natureObs2023": 0, "communityArea": 19, "index": 231 }, "geometry": { "type": "Polygon", "coordinates": [ [ [ -87.773286, 41.923866 ], [ -87.770854, 41.923905 ], [ -87.765991, 41.923981 ], [ -87.765922, 41.92216 ], [ -87.765806, 41.918763 ], [ -87.765747, 41.916682 ], [ -87.765745, 41.916624 ], [ -87.77547, 41.916552 ], [ -87.775515, 41.917911 ], [ -87.774909, 41.917919 ], [ -87.774977, 41.91995 ], [ -87.775604, 41.920559 ], [ -87.77562, 41.921049 ], [ -87.775045, 41.922016 ], [ -87.775093, 41.923383 ], [ -87.775716, 41.923827 ], [ -87.773286, 41.923866 ] ] ] } },
{ "type": "Feature", "properties": { "GEOID": "17031200100", "population": 3666, "perCapitaIncome": 33425, "natureObs2023": 15, "communityArea": 20, "index": 232 }, "geometry": { "type": "Polygon", "coordinates": [ [ [ -87.738265, 41.938945 ], [ -87.736026, 41.938976 ], [ -87.735212, 41.938986 ], [ -87.731461, 41.931734 ], [ -87.735574, 41.931676 ], [ -87.736815, 41.931661 ], [ -87.738024, 41.931645 ], [ -87.741893, 41.931595 ], [ -87.742154, 41.938891 ], [ -87.738265, 41.938945 ] ] ] } },
{ "type": "Feature", "properties": { "GEOID": "17031200200", "population": 4435, "perCapitaIncome": 29628, "natureObs2023": 1, "communityArea": 20, "index": 233 }, "geometry": { "type": "Polygon", "coordinates": [ [ [ -87.738024, 41.931645 ], [ -87.736815, 41.931661 ], [ -87.735574, 41.931676 ], [ -87.731461, 41.931734 ], [ -87.729569, 41.928081 ], [ -87.727702, 41.924473 ], [ -87.731667, 41.924426 ], [ -87.732891, 41.924411 ], [ -87.73657, 41.924365 ], [ -87.741631, 41.924303 ], [ -87.741746, 41.927278 ], [ -87.741893, 41.931595 ], [ -87.738024, 41.931645 ] ] ] } },
{ "type": "Feature", "properties": { "GEOID": "17031200300", "population": 1866, "perCapitaIncome": 25030, "natureObs2023": 1, "communityArea": 20, "index": 234 }, "geometry": { "type": "Polygon", "coordinates": [ [ [ -87.73657, 41.924365 ], [ -87.732891, 41.924411 ], [ -87.731667, 41.924426 ], [ -87.727702, 41.924473 ], [ -87.726769, 41.924484 ], [ -87.726441, 41.922654 ], [ -87.727075, 41.922645 ], [ -87.732834, 41.92258 ], [ -87.733448, 41.922572 ], [ -87.741578, 41.922532 ], [ -87.741631, 41.924303 ], [ -87.73657, 41.924365 ] ] ] } },
{ "type": "Feature", "properties": { "GEOID": "17031200401", "population": 3408, "perCapitaIncome": 29144, "natureObs2023": 0, "communityArea": 20, "index": 235 }, "geometry": { "type": "Polygon", "coordinates": [ [ [ -87.733448, 41.922572 ], [ -87.733392, 41.920744 ], [ -87.733339, 41.918905 ], [ -87.73395, 41.918905 ], [ -87.733887, 41.91707 ], [ -87.736328, 41.917045 ], [ -87.741422, 41.916985 ], [ -87.741534, 41.920645 ], [ -87.741578, 41.922532 ], [ -87.733448, 41.922572 ] ] ] } },
{ "type": "Feature", "properties": { "GEOID": "17031200402", "population": 5072, "perCapitaIncome": 28870, "natureObs2023": 3, "communityArea": 20, "index": 236 }, "geometry": { "type": "Polygon", "coordinates": [ [ [ -87.733339, 41.918905 ], [ -87.733392, 41.920744 ], [ -87.733448, 41.922572 ], [ -87.732834, 41.92258 ], [ -87.727075, 41.922645 ], [ -87.726667, 41.920825 ], [ -87.726615, 41.918994 ], [ -87.724876, 41.919016 ], [ -87.723906, 41.917198 ], [ -87.724217, 41.917196 ], [ -87.726559, 41.917166 ], [ -87.731446, 41.917104 ], [ -87.733887, 41.91707 ], [ -87.73395, 41.918905 ], [ -87.733339, 41.918905 ] ] ] } },
{ "type": "Feature", "properties": { "GEOID": "17031210100", "population": 4194, "perCapitaIncome": 70063, "natureObs2023": 35, "communityArea": 21, "index": 237 }, "geometry": { "type": "Polygon", "coordinates": [ [ [ -87.70415, 41.946651 ], [ -87.702926, 41.946654 ], [ -87.698031, 41.946683 ], [ -87.696208, 41.946696 ], [ -87.695199, 41.942369 ], [ -87.692462, 41.939427 ], [ -87.697823, 41.939393 ], [ -87.700277, 41.939377 ], [ -87.701502, 41.939368 ], [ -87.702725, 41.939363 ], [ -87.707698, 41.939331 ], [ -87.707625, 41.939928 ], [ -87.707716, 41.942733 ], [ -87.707822, 41.946631 ], [ -87.70415, 41.946651 ] ] ] } },
{ "type": "Feature", "properties": { "GEOID": "17031210400", "population": 2491, "perCapitaIncome": 32271, "natureObs2023": 24, "communityArea": 21, "index": 238 }, "geometry": { "type": "Polygon", "coordinates": [ [ [ -87.732994, 41.939016 ], [ -87.729644, 41.939062 ], [ -87.727185, 41.939095 ], [ -87.72708, 41.935431 ], [ -87.726979, 41.93179 ], [ -87.731461, 41.931734 ], [ -87.735212, 41.938986 ], [ -87.734567, 41.938995 ], [ -87.732994, 41.939016 ] ] ] } },
{ "type": "Feature", "properties": { "GEOID": "17031210501", "population": 2866, "perCapitaIncome": 45425, "natureObs2023": 10, "communityArea": 21, "index": 239 }, "geometry": { "type": "Polygon", "coordinates": [ [ [ -87.723919, 41.939133 ], [ -87.720694, 41.939174 ], [ -87.717399, 41.939216 ], [ -87.717333, 41.937393 ], [ -87.717287, 41.935382 ], [ -87.717278, 41.935091 ], [ -87.71879, 41.936013 ], [ -87.7208, 41.936651 ], [ -87.722182, 41.935483 ], [ -87.724022, 41.93546 ], [ -87.72708, 41.935431 ], [ -87.727185, 41.939095 ], [ -87.723919, 41.939133 ] ] ] } },
{ "type": "Feature", "properties": { "GEOID": "17031210502", "population": 4412, "perCapitaIncome": 37355, "natureObs2023": 11, "communityArea": 21, "index": 240 }, "geometry": { "type": "Polygon", "coordinates": [ [ [ -87.724022, 41.93546 ], [ -87.722182, 41.935483 ], [ -87.7208, 41.936651 ], [ -87.71879, 41.936013 ], [ -87.717278, 41.935091 ], [ -87.717237, 41.933735 ], [ -87.717195, 41.931911 ], [ -87.719636, 41.93188 ], [ -87.722088, 41.931851 ], [ -87.7233, 41.931838 ], [ -87.724538, 41.931821 ], [ -87.726979, 41.93179 ], [ -87.72708, 41.935431 ], [ -87.724022, 41.93546 ] ] ] } },
{ "type": "Feature", "properties": { "GEOID": "17031210601", "population": 2818, "perCapitaIncome": 56560, "natureObs2023": 12, "communityArea": 21, "index": 241 }, "geometry": { "type": "Polygon", "coordinates": [ [ [ -87.712492, 41.939279 ], [ -87.708841, 41.93932 ], [ -87.707664, 41.938886 ], [ -87.707577, 41.937514 ], [ -87.707529, 41.935698 ], [ -87.708738, 41.935697 ], [ -87.709954, 41.935682 ], [ -87.712053, 41.935655 ], [ -87.712372, 41.935344 ], [ -87.71243, 41.937463 ], [ -87.714541, 41.937433 ], [ -87.717287, 41.935382 ], [ -87.717333, 41.937393 ], [ -87.717399, 41.939216 ], [ -87.712492, 41.939279 ] ] ] } },
{ "type": "Feature", "properties": { "GEOID": "17031210602", "population": 4362, "perCapitaIncome": 44980, "natureObs2023": 16, "communityArea": 21, "index": 242 }, "geometry": { "type": "Polygon", "coordinates": [ [ [ -87.714541, 41.937433 ], [ -87.71243, 41.937463 ], [ -87.712372, 41.935344 ], [ -87.712053, 41.935655 ], [ -87.709954, 41.935682 ], [ -87.708738, 41.935697 ], [ -87.707529, 41.935698 ], [ -87.707476, 41.933876 ], [ -87.707441, 41.932485 ], [ -87.707427, 41.932029 ], [ -87.709866, 41.932003 ], [ -87.71231, 41.931984 ], [ -87.715971, 41.931924 ], [ -87.717195, 41.931911 ], [ -87.717237, 41.933735 ], [ -87.717278, 41.935091 ], [ -87.717287, 41.935382 ], [ -87.714541, 41.937433 ] ] ] } },
{ "type": "Feature", "properties": { "GEOID": "17031210700", "population": 3724, "perCapitaIncome": 52411, "natureObs2023": 17, "communityArea": 21, "index": 243 }, "geometry": { "type": "Polygon", "coordinates": [ [ [ -87.702725, 41.939363 ], [ -87.701502, 41.939368 ], [ -87.700277, 41.939377 ], [ -87.699909, 41.934313 ], [ -87.700123, 41.933901 ], [ -87.700085, 41.932536 ], [ -87.700073, 41.932079 ], [ -87.702522, 41.932059 ], [ -87.704981, 41.932041 ], [ -87.707427, 41.932029 ], [ -87.707441, 41.932485 ], [ -87.707476, 41.933876 ], [ -87.707529, 41.935698 ], [ -87.707577, 41.937514 ], [ -87.707664, 41.938886 ], [ -87.707698, 41.939331 ], [ -87.702725, 41.939363 ] ] ] } },
{ "type": "Feature", "properties": { "GEOID": "17031210800", "population": 1142, "perCapitaIncome": 52303, "natureObs2023": 1, "communityArea": 21, "index": 244 }, "geometry": { "type": "Polygon", "coordinates": [ [ [ -87.697823, 41.939393 ], [ -87.697683, 41.934457 ], [ -87.697658, 41.933704 ], [ -87.697627, 41.932553 ], [ -87.697618, 41.932096 ], [ -87.700073, 41.932079 ], [ -87.700085, 41.932536 ], [ -87.700123, 41.933901 ], [ -87.699909, 41.934313 ], [ -87.700277, 41.939377 ], [ -87.697823, 41.939393 ] ] ] } },
{ "type": "Feature", "properties": { "GEOID": "17031210900", "population": 3174, "perCapitaIncome": 69613, "natureObs2023": 23, "communityArea": 21, "index": 245 }, "geometry": { "type": "Polygon", "coordinates": [ [ [ -87.692462, 41.939427 ], [ -87.689974, 41.936659 ], [ -87.687986, 41.936062 ], [ -87.687924, 41.933079 ], [ -87.687904, 41.93217 ], [ -87.692773, 41.93213 ], [ -87.694957, 41.932111 ], [ -87.697618, 41.932096 ], [ -87.697627, 41.932553 ], [ -87.697658, 41.933704 ], [ -87.697683, 41.934457 ], [ -87.697823, 41.939393 ], [ -87.692462, 41.939427 ] ] ] } },
{ "type": "Feature", "properties": { "GEOID": "17031220300", "population": 1998, "perCapitaIncome": 70548, "natureObs2023": 27, "communityArea": 22, "index": 246 }, "geometry": { "type": "Polygon", "coordinates": [ [ [ -87.694957, 41.932111 ], [ -87.692773, 41.93213 ], [ -87.692737, 41.930801 ], [ -87.692658, 41.928508 ], [ -87.692591, 41.926671 ], [ -87.692528, 41.924855 ], [ -87.692843, 41.924852 ], [ -87.697413, 41.924807 ], [ -87.697515, 41.928466 ], [ -87.697618, 41.932096 ], [ -87.694957, 41.932111 ] ] ] } },
{ "type": "Feature", "properties": { "GEOID": "17031220400", "population": 2670, "perCapitaIncome": 84170, "natureObs2023": 38, "communityArea": 22, "index": 247 }, "geometry": { "type": "Polygon", "coordinates": [ [ [ -87.700073, 41.932079 ], [ -87.697618, 41.932096 ], [ -87.697515, 41.928466 ], [ -87.697413, 41.924807 ], [ -87.698636, 41.924796 ], [ -87.702318, 41.924763 ], [ -87.702347, 41.925968 ], [ -87.702522, 41.932059 ], [ -87.700073, 41.932079 ] ] ] } },
{ "type": "Feature", "properties": { "GEOID": "17031220500", "population": 2810, "perCapitaIncome": 68680, "natureObs2023": 46, "communityArea": 22, "index": 248 }, "geometry": { "type": "Polygon", "coordinates": [ [ [ -87.70745, 41.929225 ], [ -87.707427, 41.932029 ], [ -87.704981, 41.932041 ], [ -87.702522, 41.932059 ], [ -87.702347, 41.925968 ], [ -87.702318, 41.924763 ], [ -87.707219, 41.924716 ], [ -87.707568, 41.924714 ], [ -87.707618, 41.926513 ], [ -87.707895, 41.928365 ], [ -87.707646, 41.928729 ], [ -87.70745, 41.929225 ] ] ] } },
{ "type": "Feature", "properties": { "GEOID": "17031220601", "population": 1538, "perCapitaIncome": 82613, "natureObs2023": 18, "communityArea": 22, "index": 249 }, "geometry": { "type": "Polygon", "coordinates": [ [ [ -87.714632, 41.927834 ], [ -87.714596, 41.926444 ], [ -87.712157, 41.926481 ], [ -87.707618, 41.926513 ], [ -87.707568, 41.924714 ], [ -87.712105, 41.924661 ], [ -87.713738, 41.924644 ], [ -87.716994, 41.924603 ], [ -87.717074, 41.927804 ], [ -87.714632, 41.927834 ] ] ] } },
{ "type": "Feature", "properties": { "GEOID": "17031220602", "population": 4316, "perCapitaIncome": 66211, "natureObs2023": 23, "communityArea": 22, "index": 250 }, "geometry": { "type": "Polygon", "coordinates": [ [ [ -87.715971, 41.931924 ], [ -87.71231, 41.931984 ], [ -87.709866, 41.932003 ], [ -87.707427, 41.932029 ], [ -87.70745, 41.929225 ], [ -87.707646, 41.928729 ], [ -87.707895, 41.928365 ], [ -87.707618, 41.926513 ], [ -87.712157, 41.926481 ], [ -87.714596, 41.926444 ], [ -87.714632, 41.927834 ], [ -87.717074, 41.927804 ], [ -87.717088, 41.928255 ], [ -87.717145, 41.930091 ], [ -87.717195, 41.931911 ], [ -87.715971, 41.931924 ] ] ] } },
{ "type": "Feature", "properties": { "GEOID": "17031220701", "population": 3077, "perCapitaIncome": 50334, "natureObs2023": 8, "communityArea": 22, "index": 251 }, "geometry": { "type": "Polygon", "coordinates": [ [ [ -87.724421, 41.92769 ], [ -87.721974, 41.927728 ], [ -87.721918, 41.927738 ], [ -87.719519, 41.927769 ], [ -87.717074, 41.927804 ], [ -87.716994, 41.924603 ], [ -87.719438, 41.924573 ], [ -87.721882, 41.924542 ], [ -87.725551, 41.924499 ], [ -87.726236, 41.927672 ], [ -87.724421, 41.92769 ] ] ] } },
{ "type": "Feature", "properties": { "GEOID": "17031220702", "population": 3959, "perCapitaIncome": 44852, "natureObs2023": 82, "communityArea": 22, "index": 252 }, "geometry": { "type": "Polygon", "coordinates": [ [ [ -87.726979, 41.93179 ], [ -87.724538, 41.931821 ], [ -87.7233, 41.931838 ], [ -87.722088, 41.931851 ], [ -87.719636, 41.93188 ], [ -87.717195, 41.931911 ], [ -87.717145, 41.930091 ], [ -87.717088, 41.928255 ], [ -87.717074, 41.927804 ], [ -87.719519, 41.927769 ], [ -87.721918, 41.927738 ], [ -87.721974, 41.927728 ], [ -87.724421, 41.92769 ], [ -87.726236, 41.927672 ], [ -87.725551, 41.924499 ], [ -87.726769, 41.924484 ], [ -87.727702, 41.924473 ], [ -87.729569, 41.928081 ], [ -87.731461, 41.931734 ], [ -87.726979, 41.93179 ] ] ] } },
{ "type": "Feature", "properties": { "GEOID": "17031220901", "population": 3090, "perCapitaIncome": 37963, "natureObs2023": 2, "communityArea": 22, "index": 253 }, "geometry": { "type": "Polygon", "coordinates": [ [ [ -87.721777, 41.920884 ], [ -87.71933, 41.920913 ], [ -87.716885, 41.920943 ], [ -87.716772, 41.917283 ], [ -87.719219, 41.917253 ], [ -87.721666, 41.917223 ], [ -87.723906, 41.917198 ], [ -87.724876, 41.919016 ], [ -87.726615, 41.918994 ], [ -87.726667, 41.920825 ], [ -87.721777, 41.920884 ] ] ] } },
{ "type": "Feature", "properties": { "GEOID": "17031220902", "population": 3194, "perCapitaIncome": 38804, "natureObs2023": 2, "communityArea": 22, "index": 254 }, "geometry": { "type": "Polygon", "coordinates": [ [ [ -87.726441, 41.922654 ], [ -87.726769, 41.924484 ], [ -87.725551, 41.924499 ], [ -87.721882, 41.924542 ], [ -87.719438, 41.924573 ], [ -87.716994, 41.924603 ], [ -87.716885, 41.920943 ], [ -87.71933, 41.920913 ], [ -87.721777, 41.920884 ], [ -87.726667, 41.920825 ], [ -87.727075, 41.922645 ], [ -87.726441, 41.922654 ] ] ] } },
{ "type": "Feature", "properties": { "GEOID": "17031221000", "population": 2571, "perCapitaIncome": 41180, "natureObs2023": 7, "communityArea": 22, "index": 255 }, "geometry": { "type": "Polygon", "coordinates": [ [ [ -87.713738, 41.924644 ], [ -87.713622, 41.920984 ], [ -87.713521, 41.917323 ], [ -87.716772, 41.917283 ], [ -87.716885, 41.920943 ], [ -87.716994, 41.924603 ], [ -87.713738, 41.924644 ] ] ] } },
{ "type": "Feature", "properties": { "GEOID": "17031221100", "population": 4542, "perCapitaIncome": 69198, "natureObs2023": 30, "communityArea": 22, "index": 256 }, "geometry": { "type": "Polygon", "coordinates": [ [ [ -87.712105, 41.924661 ], [ -87.707568, 41.924714 ], [ -87.707219, 41.924716 ], [ -87.707113, 41.921452 ], [ -87.707081, 41.920663 ], [ -87.706976, 41.917402 ], [ -87.710298, 41.917361 ], [ -87.711905, 41.917342 ], [ -87.713521, 41.917323 ], [ -87.713622, 41.920984 ], [ -87.713738, 41.924644 ], [ -87.712105, 41.924661 ] ] ] } },
{ "type": "Feature", "properties": { "GEOID": "17031221200", "population": 2865, "perCapitaIncome": 69072, "natureObs2023": 67, "communityArea": 22, "index": 257 }, "geometry": { "type": "Polygon", "coordinates": [ [ [ -87.702318, 41.924763 ], [ -87.702212, 41.921503 ], [ -87.702089, 41.917445 ], [ -87.706976, 41.917402 ], [ -87.707081, 41.920663 ], [ -87.707113, 41.921452 ], [ -87.707219, 41.924716 ], [ -87.702318, 41.924763 ] ] ] } },
{ "type": "Feature", "properties": { "GEOID": "17031221300", "population": 3011, "perCapitaIncome": 70878, "natureObs2023": 11, "communityArea": 22, "index": 258 }, "geometry": { "type": "Polygon", "coordinates": [ [ [ -87.698636, 41.924796 ], [ -87.697413, 41.924807 ], [ -87.697362, 41.922907 ], [ -87.69732, 41.921689 ], [ -87.697219, 41.918142 ], [ -87.697201, 41.917489 ], [ -87.699994, 41.917461 ], [ -87.702089, 41.917445 ], [ -87.702212, 41.921503 ], [ -87.702318, 41.924763 ], [ -87.698636, 41.924796 ] ] ] } },
{ "type": "Feature", "properties": { "GEOID": "17031221400", "population": 3083, "perCapitaIncome": 83541, "natureObs2023": 33, "communityArea": 22, "index": 259 }, "geometry": { "type": "Polygon", "coordinates": [ [ [ -87.692843, 41.924852 ], [ -87.692712, 41.920065 ], [ -87.691332, 41.919228 ], [ -87.688596, 41.917563 ], [ -87.692306, 41.917531 ], [ -87.697201, 41.917489 ], [ -87.697219, 41.918142 ], [ -87.69732, 41.921689 ], [ -87.697362, 41.922907 ], [ -87.697413, 41.924807 ], [ -87.692843, 41.924852 ] ] ] } },
{ "type": "Feature", "properties": { "GEOID": "17031221500", "population": 2767, "perCapitaIncome": 68208, "natureObs2023": 15, "communityArea": 22, "index": 260 }, "geometry": { "type": "Polygon", "coordinates": [ [ [ -87.692528, 41.924855 ], [ -87.689397, 41.924883 ], [ -87.687642, 41.924901 ], [ -87.68741, 41.917568 ], [ -87.688596, 41.917563 ], [ -87.691332, 41.919228 ], [ -87.692712, 41.920065 ], [ -87.692843, 41.924852 ], [ -87.692528, 41.924855 ] ] ] } },
{ "type": "Feature", "properties": { "GEOID": "17031221600", "population": 3389, "perCapitaIncome": 96650, "natureObs2023": 27, "communityArea": 22, "index": 261 }, "geometry": { "type": "Polygon", "coordinates": [ [ [ -87.685209, 41.924932 ], [ -87.683641, 41.924955 ], [ -87.682732, 41.924465 ], [ -87.68264, 41.921313 ], [ -87.682519, 41.917659 ], [ -87.684959, 41.917615 ], [ -87.686919, 41.917574 ], [ -87.68741, 41.917568 ], [ -87.687642, 41.924901 ], [ -87.685209, 41.924932 ] ] ] } },
{ "type": "Feature", "properties": { "GEOID": "17031222200", "population": 2243, "perCapitaIncome": 111662, "natureObs2023": 3, "communityArea": 22, "index": 262 }, "geometry": { "type": "Polygon", "coordinates": [ [ [ -87.686919, 41.917574 ], [ -87.684959, 41.917615 ], [ -87.682519, 41.917659 ], [ -87.680096, 41.917707 ], [ -87.68005, 41.916188 ], [ -87.680014, 41.91467 ], [ -87.682447, 41.914619 ], [ -87.68242, 41.913582 ], [ -87.683155, 41.914059 ], [ -87.684682, 41.914035 ], [ -87.687316, 41.913995 ], [ -87.687362, 41.915701 ], [ -87.68741, 41.917568 ], [ -87.686919, 41.917574 ] ] ] } },
{ "type": "Feature", "properties": { "GEOID": "17031222500", "population": 1468, "perCapitaIncome": 80069, "natureObs2023": 23, "communityArea": 22, "index": 263 }, "geometry": { "type": "Polygon", "coordinates": [ [ [ -87.699994, 41.917461 ], [ -87.697201, 41.917489 ], [ -87.697094, 41.913907 ], [ -87.697093, 41.91388 ], [ -87.699191, 41.913906 ], [ -87.701979, 41.913885 ], [ -87.702089, 41.917445 ], [ -87.699994, 41.917461 ] ] ] } },
{ "type": "Feature", "properties": { "GEOID": "17031222600", "population": 1608, "perCapitaIncome": 61419, "natureObs2023": 16, "communityArea": 22, "index": 264 }, "geometry": { "type": "Polygon", "coordinates": [ [ [ -87.702089, 41.917445 ], [ -87.701979, 41.913885 ], [ -87.706864, 41.913828 ], [ -87.706976, 41.917402 ], [ -87.702089, 41.917445 ] ] ] } },
{ "type": "Feature", "properties": { "GEOID": "17031222700", "population": 2202, "perCapitaIncome": 47525, "natureObs2023": 13, "communityArea": 22, "index": 265 }, "geometry": { "type": "Polygon", "coordinates": [ [ [ -87.711905, 41.917342 ], [ -87.710298, 41.917361 ], [ -87.706976, 41.917402 ], [ -87.706864, 41.913828 ], [ -87.70686, 41.913716 ], [ -87.706948, 41.913714 ], [ -87.71018, 41.91363 ], [ -87.713417, 41.913589 ], [ -87.713521, 41.917323 ], [ -87.711905, 41.917342 ] ] ] } },
{ "type": "Feature", "properties": { "GEOID": "17031222800", "population": 1052, "perCapitaIncome": 44290, "natureObs2023": 6, "communityArea": 22, "index": 266 }, "geometry": { "type": "Polygon", "coordinates": [ [ [ -87.713521, 41.917323 ], [ -87.713417, 41.913589 ], [ -87.716656, 41.913549 ], [ -87.71666, 41.913687 ], [ -87.716772, 41.917283 ], [ -87.713521, 41.917323 ] ] ] } },
{ "type": "Feature", "properties": { "GEOID": "17031222900", "population": 986, "perCapitaIncome": 49496, "natureObs2023": 5, "communityArea": 22, "index": 267 }, "geometry": { "type": "Polygon", "coordinates": [ [ [ -87.723906, 41.917198 ], [ -87.721666, 41.917223 ], [ -87.719219, 41.917253 ], [ -87.716772, 41.917283 ], [ -87.71666, 41.913687 ], [ -87.722109, 41.913651 ], [ -87.723004, 41.915388 ], [ -87.724059, 41.915373 ], [ -87.724217, 41.917196 ], [ -87.723906, 41.917198 ] ] ] } },
{ "type": "Feature", "properties": { "GEOID": "17031230100", "population": 1636, "perCapitaIncome": 68352, "natureObs2023": 17, "communityArea": 23, "index": 268 }, "geometry": { "type": "Polygon", "coordinates": [ [ [ -87.70686, 41.913716 ], [ -87.706864, 41.913828 ], [ -87.701979, 41.913885 ], [ -87.701866, 41.910172 ], [ -87.706877, 41.910147 ], [ -87.706805, 41.911942 ], [ -87.70686, 41.913716 ] ] ] } },
{ "type": "Feature", "properties": { "GEOID": "17031230200", "population": 1977, "perCapitaIncome": 50297, "natureObs2023": 18, "communityArea": 23, "index": 269 }, "geometry": { "type": "Polygon", "coordinates": [ [ [ -87.71018, 41.91363 ], [ -87.706948, 41.913714 ], [ -87.70686, 41.913716 ], [ -87.706805, 41.911942 ], [ -87.706877, 41.910147 ], [ -87.711901, 41.910059 ], [ -87.713305, 41.910037 ], [ -87.713417, 41.913589 ], [ -87.71018, 41.91363 ] ] ] } },
{ "type": "Feature", "properties": { "GEOID": "17031230300", "population": 905, "perCapitaIncome": 25427, "natureObs2023": 2, "communityArea": 23, "index": 270 }, "geometry": { "type": "Polygon", "coordinates": [ [ [ -87.716656, 41.913549 ], [ -87.713417, 41.913589 ], [ -87.713305, 41.910037 ], [ -87.71436, 41.910026 ], [ -87.7167, 41.909997 ], [ -87.71657, 41.910762 ], [ -87.716656, 41.913549 ] ] ] } },
{ "type": "Feature", "properties": { "GEOID": "17031230400", "population": 2116, "perCapitaIncome": 38436, "natureObs2023": 6, "communityArea": 23, "index": 271 }, "geometry": { "type": "Polygon", "coordinates": [ [ [ -87.724246, 41.9138 ], [ -87.722109, 41.913651 ], [ -87.71666, 41.913687 ], [ -87.716656, 41.913549 ], [ -87.71657, 41.910762 ], [ -87.7167, 41.909997 ], [ -87.721443, 41.90994 ], [ -87.721673, 41.909936 ], [ -87.72633, 41.909879 ], [ -87.72645, 41.913645 ], [ -87.726454, 41.91378 ], [ -87.724246, 41.9138 ] ] ] } },
{ "type": "Feature", "properties": { "GEOID": "17031230500", "population": 3080, "perCapitaIncome": 22442, "natureObs2023": 1, "communityArea": 23, "index": 272 }, "geometry": { "type": "Polygon", "coordinates": [ [ [ -87.737683, 41.91355 ], [ -87.731329, 41.913583 ], [ -87.72645, 41.913645 ], [ -87.72633, 41.909879 ], [ -87.728973, 41.909837 ], [ -87.731209, 41.909804 ], [ -87.731421, 41.909804 ], [ -87.73388, 41.909772 ], [ -87.741381, 41.909676 ], [ -87.741301, 41.913906 ], [ -87.737683, 41.91355 ] ] ] } },
{ "type": "Feature", "properties": { "GEOID": "17031230600", "population": 8977, "perCapitaIncome": 18308, "natureObs2023": 2, "communityArea": 23, "index": 273 }, "geometry": { "type": "Polygon", "coordinates": [ [ [ -87.741381, 41.909676 ], [ -87.73388, 41.909772 ], [ -87.731421, 41.909804 ], [ -87.731209, 41.909804 ], [ -87.728973, 41.909837 ], [ -87.72633, 41.909879 ], [ -87.726491, 41.909354 ], [ -87.726408, 41.906156 ], [ -87.726386, 41.905376 ], [ -87.726303, 41.902671 ], [ -87.731225, 41.902592 ], [ -87.733683, 41.902554 ], [ -87.736146, 41.902513 ], [ -87.741518, 41.902427 ], [ -87.741657, 41.907754 ], [ -87.741381, 41.909676 ] ] ] } },
{ "type": "Feature", "properties": { "GEOID": "17031230700", "population": 5773, "perCapitaIncome": 23766, "natureObs2023": 1, "communityArea": 23, "index": 274 }, "geometry": { "type": "Polygon", "coordinates": [ [ [ -87.72633, 41.909879 ], [ -87.721673, 41.909936 ], [ -87.721443, 41.90994 ], [ -87.7167, 41.909997 ], [ -87.716777, 41.90942 ], [ -87.716682, 41.906374 ], [ -87.716562, 41.902754 ], [ -87.720215, 41.902723 ], [ -87.721431, 41.902713 ], [ -87.723865, 41.902691 ], [ -87.726303, 41.902671 ], [ -87.726386, 41.905376 ], [ -87.726408, 41.906156 ], [ -87.726491, 41.909354 ], [ -87.72633, 41.909879 ] ] ] } },
{ "type": "Feature", "properties": { "GEOID": "17031230800", "population": 1029, "perCapitaIncome": 30614, "natureObs2023": 0, "communityArea": 23, "index": 275 }, "geometry": { "type": "Polygon", "coordinates": [ [ [ -87.71436, 41.910026 ], [ -87.714178, 41.904586 ], [ -87.711734, 41.904611 ], [ -87.711675, 41.902788 ], [ -87.714583, 41.90277 ], [ -87.716562, 41.902754 ], [ -87.716682, 41.906374 ], [ -87.716777, 41.90942 ], [ -87.7167, 41.909997 ], [ -87.71436, 41.910026 ] ] ] } },
{ "type": "Feature", "properties": { "GEOID": "17031230900", "population": 4903, "perCapitaIncome": 38851, "natureObs2023": 32, "communityArea": 23, "index": 276 }, "geometry": { "type": "Polygon", "coordinates": [ [ [ -87.713305, 41.910037 ], [ -87.711901, 41.910059 ], [ -87.706877, 41.910147 ], [ -87.707, 41.909855 ], [ -87.706903, 41.906477 ], [ -87.70679, 41.90285 ], [ -87.711675, 41.902788 ], [ -87.711734, 41.904611 ], [ -87.714178, 41.904586 ], [ -87.71436, 41.910026 ], [ -87.713305, 41.910037 ] ] ] } },
{ "type": "Feature", "properties": { "GEOID": "17031231100", "population": 1362, "perCapitaIncome": 36549, "natureObs2023": 0, "communityArea": 23, "index": 277 }, "geometry": { "type": "Polygon", "coordinates": [ [ [ -87.714583, 41.90277 ], [ -87.711551, 41.900148 ], [ -87.714057, 41.90095 ], [ -87.713997, 41.89913 ], [ -87.713873, 41.895483 ], [ -87.715094, 41.895473 ], [ -87.716314, 41.895461 ], [ -87.716434, 41.899107 ], [ -87.716562, 41.902754 ], [ -87.714583, 41.90277 ] ] ] } },
{ "type": "Feature", "properties": { "GEOID": "17031231200", "population": 5957, "perCapitaIncome": 16562, "natureObs2023": 1, "communityArea": 23, "index": 278 }, "geometry": { "type": "Polygon", "coordinates": [ [ [ -87.723865, 41.902691 ], [ -87.721431, 41.902713 ], [ -87.720215, 41.902723 ], [ -87.716562, 41.902754 ], [ -87.716434, 41.899107 ], [ -87.716314, 41.895461 ], [ -87.718755, 41.895437 ], [ -87.719973, 41.895427 ], [ -87.722412, 41.895401 ], [ -87.723637, 41.89539 ], [ -87.72608, 41.895368 ], [ -87.72614, 41.897201 ], [ -87.726193, 41.89902 ], [ -87.726249, 41.900847 ], [ -87.726303, 41.902671 ], [ -87.723865, 41.902691 ] ] ] } },
{ "type": "Feature", "properties": { "GEOID": "17031231500", "population": 5809, "perCapitaIncome": 23069, "natureObs2023": 2, "communityArea": 23, "index": 279 }, "geometry": { "type": "Polygon", "coordinates": [ [ [ -87.723637, 41.89539 ], [ -87.722412, 41.895401 ], [ -87.719973, 41.895427 ], [ -87.718755, 41.895437 ], [ -87.716314, 41.895461 ], [ -87.715094, 41.895473 ], [ -87.713873, 41.895483 ], [ -87.712655, 41.895495 ], [ -87.711436, 41.895507 ], [ -87.711326, 41.891843 ], [ -87.711219, 41.888113 ], [ -87.718541, 41.88804 ], [ -87.720982, 41.888018 ], [ -87.725873, 41.887957 ], [ -87.725972, 41.891694 ], [ -87.72608, 41.895368 ], [ -87.723637, 41.89539 ] ] ] } },
{ "type": "Feature", "properties": { "GEOID": "17031240200", "population": 1966, "perCapitaIncome": 99158, "natureObs2023": 8, "communityArea": 24, "index": 280 }, "geometry": { "type": "Polygon", "coordinates": [ [ [ -87.667802, 41.914329 ], [ -87.667692, 41.91063 ], [ -87.672576, 41.910561 ], [ -87.672667, 41.91425 ], [ -87.667802, 41.914329 ] ] ] } },
{ "type": "Feature", "properties": { "GEOID": "17031240300", "population": 1272, "perCapitaIncome": 145927, "natureObs2023": 7, "communityArea": 24, "index": 281 }, "geometry": { "type": "Polygon", "coordinates": [ [ [ -87.676326, 41.914179 ], [ -87.672667, 41.91425 ], [ -87.672576, 41.910561 ], [ -87.677463, 41.91047 ], [ -87.677547, 41.914249 ], [ -87.676326, 41.914179 ] ] ] } },
{ "type": "Feature", "properties": { "GEOID": "17031240500", "population": 2515, "perCapitaIncome": 129229, "natureObs2023": 15, "communityArea": 24, "index": 282 }, "geometry": { "type": "Polygon", "coordinates": [ [ [ -87.684682, 41.914035 ], [ -87.683155, 41.914059 ], [ -87.68242, 41.913582 ], [ -87.677463, 41.91047 ], [ -87.679907, 41.91044 ], [ -87.682347, 41.910393 ], [ -87.684782, 41.910357 ], [ -87.687221, 41.910321 ], [ -87.687316, 41.913995 ], [ -87.684682, 41.914035 ] ] ] } },
{ "type": "Feature", "properties": { "GEOID": "17031240600", "population": 1639, "perCapitaIncome": 101192, "natureObs2023": 30, "communityArea": 24, "index": 283 }, "geometry": { "type": "Polygon", "coordinates": [ [ [ -87.687316, 41.913995 ], [ -87.687221, 41.910321 ], [ -87.689667, 41.910297 ], [ -87.69211, 41.910277 ], [ -87.692203, 41.91395 ], [ -87.687316, 41.913995 ] ] ] } },
{ "type": "Feature", "properties": { "GEOID": "17031240700", "population": 1634, "perCapitaIncome": 81375, "natureObs2023": 9, "communityArea": 24, "index": 284 }, "geometry": { "type": "Polygon", "coordinates": [ [ [ -87.692203, 41.91395 ], [ -87.69211, 41.910277 ], [ -87.694542, 41.910249 ], [ -87.697034, 41.910227 ], [ -87.697093, 41.91388 ], [ -87.697094, 41.913907 ], [ -87.692203, 41.91395 ] ] ] } },
{ "type": "Feature", "properties": { "GEOID": "17031240800", "population": 1480, "perCapitaIncome": 57586, "natureObs2023": 39, "communityArea": 24, "index": 285 }, "geometry": { "type": "Polygon", "coordinates": [ [ [ -87.699191, 41.913906 ], [ -87.697093, 41.91388 ], [ -87.697034, 41.910227 ], [ -87.699091, 41.910189 ], [ -87.701866, 41.910172 ], [ -87.701979, 41.913885 ], [ -87.699191, 41.913906 ] ] ] } },
{ "type": "Feature", "properties": { "GEOID": "17031240900", "population": 1093, "perCapitaIncome": 56888, "natureObs2023": 1162, "communityArea": 24, "index": 286 }, "geometry": { "type": "Polygon", "coordinates": [ [ [ -87.706877, 41.910147 ], [ -87.701866, 41.910172 ], [ -87.699091, 41.910189 ], [ -87.697034, 41.910227 ], [ -87.696947, 41.905664 ], [ -87.696879, 41.902925 ], [ -87.696815, 41.900199 ], [ -87.696791, 41.899283 ], [ -87.701951, 41.899238 ], [ -87.706674, 41.899195 ], [ -87.70679, 41.90285 ], [ -87.706903, 41.906477 ], [ -87.707, 41.909855 ], [ -87.706877, 41.910147 ] ] ] } },
{ "type": "Feature", "properties": { "GEOID": "17031241000", "population": 1792, "perCapitaIncome": 65112, "natureObs2023": 18, "communityArea": 24, "index": 287 }, "geometry": { "type": "Polygon", "coordinates": [ [ [ -87.694542, 41.910249 ], [ -87.69211, 41.910277 ], [ -87.692112, 41.910218 ], [ -87.692039, 41.906621 ], [ -87.692022, 41.905712 ], [ -87.694486, 41.905686 ], [ -87.696947, 41.905664 ], [ -87.697034, 41.910227 ], [ -87.694542, 41.910249 ] ] ] } },
{ "type": "Feature", "properties": { "GEOID": "17031241100", "population": 3650, "perCapitaIncome": 67014, "natureObs2023": 21, "communityArea": 24, "index": 288 }, "geometry": { "type": "Polygon", "coordinates": [ [ [ -87.689667, 41.910297 ], [ -87.687221, 41.910321 ], [ -87.687123, 41.906666 ], [ -87.687027, 41.903016 ], [ -87.689488, 41.902993 ], [ -87.691952, 41.902968 ], [ -87.692022, 41.905712 ], [ -87.692039, 41.906621 ], [ -87.692112, 41.910218 ], [ -87.69211, 41.910277 ], [ -87.689667, 41.910297 ] ] ] } },
{ "type": "Feature", "properties": { "GEOID": "17031241200", "population": 1698, "perCapitaIncome": 110888, "natureObs2023": 25, "communityArea": 24, "index": 289 }, "geometry": { "type": "Polygon", "coordinates": [ [ [ -87.684782, 41.910357 ], [ -87.682347, 41.910393 ], [ -87.682246, 41.906746 ], [ -87.68214, 41.903107 ], [ -87.68458, 41.903061 ], [ -87.687027, 41.903016 ], [ -87.687123, 41.906666 ], [ -87.687221, 41.910321 ], [ -87.684782, 41.910357 ] ] ] } },
{ "type": "Feature", "properties": { "GEOID": "17031241300", "population": 1888, "perCapitaIncome": 111321, "natureObs2023": 58, "communityArea": 24, "index": 290 }, "geometry": { "type": "Polygon", "coordinates": [ [ [ -87.679907, 41.91044 ], [ -87.679815, 41.907097 ], [ -87.6797, 41.903147 ], [ -87.68214, 41.903107 ], [ -87.682246, 41.906746 ], [ -87.682347, 41.910393 ], [ -87.679907, 41.91044 ] ] ] } },
{ "type": "Feature", "properties": { "GEOID": "17031241400", "population": 5584, "perCapitaIncome": 119183, "natureObs2023": 72, "communityArea": 24, "index": 291 }, "geometry": { "type": "Polygon", "coordinates": [ [ [ -87.677463, 41.91047 ], [ -87.673679, 41.907956 ], [ -87.671362, 41.906477 ], [ -87.667513, 41.904017 ], [ -87.667495, 41.903346 ], [ -87.669944, 41.903306 ], [ -87.672381, 41.903267 ], [ -87.673594, 41.903247 ], [ -87.67382, 41.903245 ], [ -87.674822, 41.90323 ], [ -87.677258, 41.903191 ], [ -87.6797, 41.903147 ], [ -87.679815, 41.907097 ], [ -87.679907, 41.91044 ], [ -87.677463, 41.91047 ] ] ] } },
{ "type": "Feature", "properties": { "GEOID": "17031241500", "population": 2823, "perCapitaIncome": 127754, "natureObs2023": 13, "communityArea": 24, "index": 292 }, "geometry": { "type": "Polygon", "coordinates": [ [ [ -87.672576, 41.910561 ], [ -87.667692, 41.91063 ], [ -87.667625, 41.908358 ], [ -87.66759, 41.907007 ], [ -87.667542, 41.905108 ], [ -87.667513, 41.904017 ], [ -87.671362, 41.906477 ], [ -87.673679, 41.907956 ], [ -87.677463, 41.91047 ], [ -87.672576, 41.910561 ] ] ] } },
{ "type": "Feature", "properties": { "GEOID": "17031241600", "population": 3397, "perCapitaIncome": 78286, "natureObs2023": 93, "communityArea": 24, "index": 293 }, "geometry": { "type": "Polygon", "coordinates": [ [ [ -87.665192, 41.910665 ], [ -87.662727, 41.907056 ], [ -87.662625, 41.903857 ], [ -87.662628, 41.903409 ], [ -87.66383, 41.903388 ], [ -87.667495, 41.903346 ], [ -87.667513, 41.904017 ], [ -87.667542, 41.905108 ], [ -87.66759, 41.907007 ], [ -87.667625, 41.908358 ], [ -87.667692, 41.91063 ], [ -87.665192, 41.910665 ] ] ] } },
{ "type": "Feature", "properties": { "GEOID": "17031242000", "population": 4378, "perCapitaIncome": 88277, "natureObs2023": 17, "communityArea": 24, "index": 294 }, "geometry": { "type": "Polygon", "coordinates": [ [ [ -87.66383, 41.903388 ], [ -87.662628, 41.903409 ], [ -87.662583, 41.901526 ], [ -87.662479, 41.89888 ], [ -87.662405, 41.89615 ], [ -87.667292, 41.896074 ], [ -87.667367, 41.898798 ], [ -87.667392, 41.899708 ], [ -87.667444, 41.901524 ], [ -87.667495, 41.903346 ], [ -87.66383, 41.903388 ] ] ] } },
{ "type": "Feature", "properties": { "GEOID": "17031242100", "population": 3817, "perCapitaIncome": 142691, "natureObs2023": 18, "communityArea": 24, "index": 295 }, "geometry": { "type": "Polygon", "coordinates": [ [ [ -87.669944, 41.903306 ], [ -87.667495, 41.903346 ], [ -87.667444, 41.901524 ], [ -87.667392, 41.899708 ], [ -87.667367, 41.898798 ], [ -87.667292, 41.896074 ], [ -87.669728, 41.896033 ], [ -87.672173, 41.895992 ], [ -87.672282, 41.899633 ], [ -87.672361, 41.902357 ], [ -87.672373, 41.902763 ], [ -87.672381, 41.903267 ], [ -87.669944, 41.903306 ] ] ] } },
{ "type": "Feature", "properties": { "GEOID": "17031242200", "population": 4014, "perCapitaIncome": 97592, "natureObs2023": 29, "communityArea": 24, "index": 296 }, "geometry": { "type": "Polygon", "coordinates": [ [ [ -87.674822, 41.90323 ], [ -87.67382, 41.903245 ], [ -87.673594, 41.903247 ], [ -87.672381, 41.903267 ], [ -87.672373, 41.902763 ], [ -87.672361, 41.902357 ], [ -87.672282, 41.899633 ], [ -87.672173, 41.895992 ], [ -87.677052, 41.895912 ], [ -87.677156, 41.899551 ], [ -87.67723, 41.902256 ], [ -87.677243, 41.902699 ], [ -87.677258, 41.903191 ], [ -87.674822, 41.90323 ] ] ] } },
{ "type": "Feature", "properties": { "GEOID": "17031242300", "population": 3805, "perCapitaIncome": 87227, "natureObs2023": 28, "communityArea": 24, "index": 297 }, "geometry": { "type": "Polygon", "coordinates": [ [ [ -87.6797, 41.903147 ], [ -87.677258, 41.903191 ], [ -87.677243, 41.902699 ], [ -87.67723, 41.902256 ], [ -87.677156, 41.899551 ], [ -87.677052, 41.895912 ], [ -87.6795, 41.895868 ], [ -87.681949, 41.895827 ], [ -87.682046, 41.899466 ], [ -87.682119, 41.902172 ], [ -87.68214, 41.903107 ], [ -87.6797, 41.903147 ] ] ] } },
{ "type": "Feature", "properties": { "GEOID": "17031242400", "population": 2705, "perCapitaIncome": 71733, "natureObs2023": 34, "communityArea": 24, "index": 298 }, "geometry": { "type": "Polygon", "coordinates": [ [ [ -87.68458, 41.903061 ], [ -87.68214, 41.903107 ], [ -87.682119, 41.902172 ], [ -87.682046, 41.899466 ], [ -87.681949, 41.895827 ], [ -87.686843, 41.895743 ], [ -87.686936, 41.899379 ], [ -87.687027, 41.903016 ], [ -87.68458, 41.903061 ] ] ] } },
{ "type": "Feature", "properties": { "GEOID": "17031242500", "population": 3255, "perCapitaIncome": 63172, "natureObs2023": 46, "communityArea": 24, "index": 299 }, "geometry": { "type": "Polygon", "coordinates": [ [ [ -87.689488, 41.902993 ], [ -87.687027, 41.903016 ], [ -87.686936, 41.899379 ], [ -87.686843, 41.895743 ], [ -87.691773, 41.895702 ], [ -87.691818, 41.897513 ], [ -87.689351, 41.897535 ], [ -87.691839, 41.898422 ], [ -87.691863, 41.89933 ], [ -87.691885, 41.900241 ], [ -87.691952, 41.902968 ], [ -87.689488, 41.902993 ] ] ] } },
{ "type": "Feature", "properties": { "GEOID": "17031242600", "population": 5512, "perCapitaIncome": 62177, "natureObs2023": 70, "communityArea": 24, "index": 300 }, "geometry": { "type": "Polygon", "coordinates": [ [ [ -87.694486, 41.905686 ], [ -87.692022, 41.905712 ], [ -87.691952, 41.902968 ], [ -87.691885, 41.900241 ], [ -87.691863, 41.89933 ], [ -87.691839, 41.898422 ], [ -87.689351, 41.897535 ], [ -87.691818, 41.897513 ], [ -87.691773, 41.895702 ], [ -87.694237, 41.895668 ], [ -87.695468, 41.895658 ], [ -87.696703, 41.895654 ], [ -87.696791, 41.899283 ], [ -87.696815, 41.900199 ], [ -87.696879, 41.902925 ], [ -87.696947, 41.905664 ], [ -87.694486, 41.905686 ] ] ] } },
{ "type": "Feature", "properties": { "GEOID": "17031242700", "population": 1837, "perCapitaIncome": 51088, "natureObs2023": 34, "communityArea": 24, "index": 301 }, "geometry": { "type": "Polygon", "coordinates": [ [ [ -87.701951, 41.899238 ], [ -87.696791, 41.899283 ], [ -87.696703, 41.895654 ], [ -87.699911, 41.895629 ], [ -87.702204, 41.895595 ], [ -87.701881, 41.896418 ], [ -87.701951, 41.899238 ] ] ] } },
{ "type": "Feature", "properties": { "GEOID": "17031242800", "population": 1450, "perCapitaIncome": 110212, "natureObs2023": 12, "communityArea": 24, "index": 302 }, "geometry": { "type": "Polygon", "coordinates": [ [ [ -87.695468, 41.895658 ], [ -87.694237, 41.895668 ], [ -87.691773, 41.895702 ], [ -87.686843, 41.895743 ], [ -87.686738, 41.89211 ], [ -87.686695, 41.890648 ], [ -87.686623, 41.888527 ], [ -87.687092, 41.888415 ], [ -87.691474, 41.888371 ], [ -87.691754, 41.891732 ], [ -87.691668, 41.892332 ], [ -87.696671, 41.894333 ], [ -87.696703, 41.895654 ], [ -87.695468, 41.895658 ] ] ] } },
{ "type": "Feature", "properties": { "GEOID": "17031242900", "population": 2032, "perCapitaIncome": 79517, "natureObs2023": 4, "communityArea": 24, "index": 303 }, "geometry": { "type": "Polygon", "coordinates": [ [ [ -87.681949, 41.895827 ], [ -87.681844, 41.892188 ], [ -87.681804, 41.890743 ], [ -87.681768, 41.889642 ], [ -87.68174, 41.888641 ], [ -87.685993, 41.888572 ], [ -87.686623, 41.888527 ], [ -87.686695, 41.890648 ], [ -87.686738, 41.89211 ], [ -87.686843, 41.895743 ], [ -87.681949, 41.895827 ] ] ] } },
{ "type": "Feature", "properties": { "GEOID": "17031243000", "population": 2223, "perCapitaIncome": 73819, "natureObs2023": 13, "communityArea": 24, "index": 304 }, "geometry": { "type": "Polygon", "coordinates": [ [ [ -87.6795, 41.895868 ], [ -87.677052, 41.895912 ], [ -87.676974, 41.893173 ], [ -87.676929, 41.891548 ], [ -87.676874, 41.889726 ], [ -87.676846, 41.88872 ], [ -87.68174, 41.888641 ], [ -87.681768, 41.889642 ], [ -87.681804, 41.890743 ], [ -87.681844, 41.892188 ], [ -87.681949, 41.895827 ], [ -87.6795, 41.895868 ] ] ] } },
{ "type": "Feature", "properties": { "GEOID": "17031243100", "population": 2159, "perCapitaIncome": 109887, "natureObs2023": 6, "communityArea": 24, "index": 305 }, "geometry": { "type": "Polygon", "coordinates": [ [ [ -87.672173, 41.895992 ], [ -87.67209, 41.893262 ], [ -87.67201, 41.890526 ], [ -87.671989, 41.889806 ], [ -87.671961, 41.8888 ], [ -87.676846, 41.88872 ], [ -87.676874, 41.889726 ], [ -87.676929, 41.891548 ], [ -87.676974, 41.893173 ], [ -87.677052, 41.895912 ], [ -87.672173, 41.895992 ] ] ] } },
{ "type": "Feature", "properties": { "GEOID": "17031243200", "population": 2329, "perCapitaIncome": 87291, "natureObs2023": 10, "communityArea": 24, "index": 306 }, "geometry": { "type": "Polygon", "coordinates": [ [ [ -87.669728, 41.896033 ], [ -87.667292, 41.896074 ], [ -87.667237, 41.894257 ], [ -87.667212, 41.893343 ], [ -87.667069, 41.888852 ], [ -87.671961, 41.8888 ], [ -87.671989, 41.889806 ], [ -87.67201, 41.890526 ], [ -87.67209, 41.893262 ], [ -87.672173, 41.895992 ], [ -87.669728, 41.896033 ] ] ] } },
{ "type": "Feature", "properties": { "GEOID": "17031243300", "population": 2285, "perCapitaIncome": 106901, "natureObs2023": 3, "communityArea": 24, "index": 307 }, "geometry": { "type": "Polygon", "coordinates": [ [ [ -87.662405, 41.89615 ], [ -87.662354, 41.894328 ], [ -87.662328, 41.893416 ], [ -87.662211, 41.889005 ], [ -87.66281, 41.888718 ], [ -87.667069, 41.888852 ], [ -87.667212, 41.893343 ], [ -87.667237, 41.894257 ], [ -87.667292, 41.896074 ], [ -87.662405, 41.89615 ] ] ] } },
{ "type": "Feature", "properties": { "GEOID": "17031243400", "population": 2931, "perCapitaIncome": 84738, "natureObs2023": 3, "communityArea": 24, "index": 308 }, "geometry": { "type": "Polygon", "coordinates": [ [ [ -87.65751, 41.896228 ], [ -87.657385, 41.895227 ], [ -87.657444, 41.893498 ], [ -87.657347, 41.888944 ], [ -87.658926, 41.888924 ], [ -87.662211, 41.889005 ], [ -87.662328, 41.893416 ], [ -87.662354, 41.894328 ], [ -87.662405, 41.89615 ], [ -87.65751, 41.896228 ] ] ] } },
{ "type": "Feature", "properties": { "GEOID": "17031243500", "population": 4567, "perCapitaIncome": 117730, "natureObs2023": 9, "communityArea": 24, "index": 309 }, "geometry": { "type": "Polygon", "coordinates": [ [ [ -87.647745, 41.896399 ], [ -87.647622, 41.889049 ], [ -87.648265, 41.889042 ], [ -87.654567, 41.888978 ], [ -87.657347, 41.888944 ], [ -87.657444, 41.893498 ], [ -87.657385, 41.895227 ], [ -87.65751, 41.896228 ], [ -87.647745, 41.896399 ] ] ] } },
{ "type": "Feature", "properties": { "GEOID": "17031250200", "population": 3051, "perCapitaIncome": 19105, "natureObs2023": 0, "communityArea": 25, "index": 310 }, "geometry": { "type": "Polygon", "coordinates": [ [ [ -87.752858, 41.915326 ], [ -87.74936, 41.914908 ], [ -87.748574, 41.914801 ], [ -87.74601, 41.914493 ], [ -87.74599, 41.913924 ], [ -87.74594, 41.912375 ], [ -87.745913, 41.91071 ], [ -87.746114, 41.909626 ], [ -87.751035, 41.909563 ], [ -87.752647, 41.909541 ], [ -87.755796, 41.909501 ], [ -87.755676, 41.909967 ], [ -87.755728, 41.911337 ], [ -87.755895, 41.915709 ], [ -87.752858, 41.915326 ] ] ] } },
{ "type": "Feature", "properties": { "GEOID": "17031250300", "population": 4844, "perCapitaIncome": 23736, "natureObs2023": 2, "communityArea": 25, "index": 311 }, "geometry": { "type": "Polygon", "coordinates": [ [ [ -87.763609, 41.91655 ], [ -87.76079, 41.916261 ], [ -87.755895, 41.915709 ], [ -87.755728, 41.911337 ], [ -87.755676, 41.909967 ], [ -87.755796, 41.909501 ], [ -87.759684, 41.90945 ], [ -87.762995, 41.909409 ], [ -87.76342, 41.909404 ], [ -87.765724, 41.909379 ], [ -87.765549, 41.90994 ], [ -87.765629, 41.912668 ], [ -87.765647, 41.913027 ], [ -87.765739, 41.914517 ], [ -87.765745, 41.916624 ], [ -87.763609, 41.91655 ] ] ] } },
{ "type": "Feature", "properties": { "GEOID": "17031250400", "population": 5513, "perCapitaIncome": 24616, "natureObs2023": 2, "communityArea": 25, "index": 312 }, "geometry": { "type": "Polygon", "coordinates": [ [ [ -87.77547, 41.916552 ], [ -87.765745, 41.916624 ], [ -87.765739, 41.914517 ], [ -87.765647, 41.913027 ], [ -87.765629, 41.912668 ], [ -87.765549, 41.90994 ], [ -87.765724, 41.909379 ], [ -87.770754, 41.909313 ], [ -87.771458, 41.909306 ], [ -87.7756, 41.909254 ], [ -87.778868, 41.909213 ], [ -87.779515, 41.909205 ], [ -87.783355, 41.909169 ], [ -87.785002, 41.909148 ], [ -87.785119, 41.91278 ], [ -87.785177, 41.914592 ], [ -87.785226, 41.916452 ], [ -87.77547, 41.916552 ] ] ] } },
{ "type": "Feature", "properties": { "GEOID": "17031250500", "population": 6903, "perCapitaIncome": 45969, "natureObs2023": 13, "communityArea": 25, "index": 313 }, "geometry": { "type": "Polygon", "coordinates": [ [ [ -87.804207, 41.922812 ], [ -87.797011, 41.920252 ], [ -87.795116, 41.919538 ], [ -87.789348, 41.917485 ], [ -87.787423, 41.916795 ], [ -87.785226, 41.916452 ], [ -87.785177, 41.914592 ], [ -87.785119, 41.91278 ], [ -87.785002, 41.909148 ], [ -87.793841, 41.909039 ], [ -87.794798, 41.909027 ], [ -87.802113, 41.908934 ], [ -87.805748, 41.908904 ], [ -87.805826, 41.910706 ], [ -87.805891, 41.912533 ], [ -87.806005, 41.916189 ], [ -87.806122, 41.919856 ], [ -87.806226, 41.923093 ], [ -87.80623, 41.92336 ], [ -87.804207, 41.922812 ] ] ] } },
{ "type": "Feature", "properties": { "GEOID": "17031250600", "population": 4542, "perCapitaIncome": 32183, "natureObs2023": 1, "communityArea": 25, "index": 314 }, "geometry": { "type": "Polygon", "coordinates": [ [ [ -87.771458, 41.909306 ], [ -87.770754, 41.909313 ], [ -87.765724, 41.909379 ], [ -87.765848, 41.907566 ], [ -87.765785, 41.905759 ], [ -87.765719, 41.903952 ], [ -87.765654, 41.902145 ], [ -87.769295, 41.90209 ], [ -87.770508, 41.902071 ], [ -87.772938, 41.902034 ], [ -87.775362, 41.901998 ], [ -87.775415, 41.903917 ], [ -87.775475, 41.905625 ], [ -87.7756, 41.909254 ], [ -87.771458, 41.909306 ] ] ] } },
{ "type": "Feature", "properties": { "GEOID": "17031250700", "population": 6466, "perCapitaIncome": 22584, "natureObs2023": 0, "communityArea": 25, "index": 315 }, "geometry": { "type": "Polygon", "coordinates": [ [ [ -87.765724, 41.909379 ], [ -87.76342, 41.909404 ], [ -87.762995, 41.909409 ], [ -87.759684, 41.90945 ], [ -87.755796, 41.909501 ], [ -87.755926, 41.909 ], [ -87.75586, 41.905875 ], [ -87.755774, 41.902249 ], [ -87.758246, 41.902221 ], [ -87.760932, 41.902192 ], [ -87.763825, 41.902164 ], [ -87.765654, 41.902145 ], [ -87.765719, 41.903952 ], [ -87.765785, 41.905759 ], [ -87.765848, 41.907566 ], [ -87.765724, 41.909379 ] ] ] } },
{ "type": "Feature", "properties": { "GEOID": "17031250800", "population": 2693, "perCapitaIncome": 24341, "natureObs2023": 0, "communityArea": 25, "index": 316 }, "geometry": { "type": "Polygon", "coordinates": [ [ [ -87.755796, 41.909501 ], [ -87.752647, 41.909541 ], [ -87.751035, 41.909563 ], [ -87.746114, 41.909626 ], [ -87.746036, 41.905988 ], [ -87.748502, 41.905961 ], [ -87.74842, 41.902327 ], [ -87.752099, 41.902289 ], [ -87.755774, 41.902249 ], [ -87.75586, 41.905875 ], [ -87.755926, 41.909 ], [ -87.755796, 41.909501 ] ] ] } },
{ "type": "Feature", "properties": { "GEOID": "17031251000", "population": 1380, "perCapitaIncome": 19921, "natureObs2023": 0, "communityArea": 25, "index": 317 }, "geometry": { "type": "Polygon", "coordinates": [ [ [ -87.745978, 41.902352 ], [ -87.741518, 41.902427 ], [ -87.74148, 41.898772 ], [ -87.741203, 41.895093 ], [ -87.745807, 41.895004 ], [ -87.748258, 41.894985 ], [ -87.748341, 41.898655 ], [ -87.74842, 41.902327 ], [ -87.745978, 41.902352 ] ] ] } },
{ "type": "Feature", "properties": { "GEOID": "17031251100", "population": 4544, "perCapitaIncome": 24878, "natureObs2023": 0, "communityArea": 25, "index": 318 }, "geometry": { "type": "Polygon", "coordinates": [ [ [ -87.752099, 41.902289 ], [ -87.74842, 41.902327 ], [ -87.748341, 41.898655 ], [ -87.748258, 41.894985 ], [ -87.751931, 41.894954 ], [ -87.753156, 41.894956 ], [ -87.755599, 41.894936 ], [ -87.75569, 41.898583 ], [ -87.755774, 41.902249 ], [ -87.752099, 41.902289 ] ] ] } },
{ "type": "Feature", "properties": { "GEOID": "17031251200", "population": 3840, "perCapitaIncome": 27047, "natureObs2023": 0, "communityArea": 25, "index": 319 }, "geometry": { "type": "Polygon", "coordinates": [ [ [ -87.763825, 41.902164 ], [ -87.760932, 41.902192 ], [ -87.758246, 41.902221 ], [ -87.755774, 41.902249 ], [ -87.75569, 41.898583 ], [ -87.755599, 41.894936 ], [ -87.759336, 41.894901 ], [ -87.760643, 41.89489 ], [ -87.763568, 41.894867 ], [ -87.765395, 41.894854 ], [ -87.765525, 41.898497 ], [ -87.765654, 41.902145 ], [ -87.763825, 41.902164 ] ] ] } },
{ "type": "Feature", "properties": { "GEOID": "17031251300", "population": 4915, "perCapitaIncome": 23987, "natureObs2023": 0, "communityArea": 25, "index": 320 }, "geometry": { "type": "Polygon", "coordinates": [ [ [ -87.772938, 41.902034 ], [ -87.770508, 41.902071 ], [ -87.769295, 41.90209 ], [ -87.765654, 41.902145 ], [ -87.765525, 41.898497 ], [ -87.765395, 41.894854 ], [ -87.769045, 41.894799 ], [ -87.770142, 41.894785 ], [ -87.772292, 41.894755 ], [ -87.775128, 41.894712 ], [ -87.775192, 41.896533 ], [ -87.775249, 41.898358 ], [ -87.775362, 41.901998 ], [ -87.772938, 41.902034 ] ] ] } },
{ "type": "Feature", "properties": { "GEOID": "17031251400", "population": 3712, "perCapitaIncome": 26739, "natureObs2023": 5, "communityArea": 25, "index": 321 }, "geometry": { "type": "Polygon", "coordinates": [ [ [ -87.772292, 41.894755 ], [ -87.770142, 41.894785 ], [ -87.769045, 41.894799 ], [ -87.765395, 41.894854 ], [ -87.76532, 41.892926 ], [ -87.765181, 41.88929 ], [ -87.765106, 41.887201 ], [ -87.770002, 41.887136 ], [ -87.774881, 41.887072 ], [ -87.774893, 41.887411 ], [ -87.77501, 41.891 ], [ -87.775039, 41.891897 ], [ -87.775128, 41.894712 ], [ -87.772292, 41.894755 ] ] ] } },
{ "type": "Feature", "properties": { "GEOID": "17031251500", "population": 4324, "perCapitaIncome": 22725, "natureObs2023": 0, "communityArea": 25, "index": 322 }, "geometry": { "type": "Polygon", "coordinates": [ [ [ -87.763568, 41.894867 ], [ -87.760643, 41.89489 ], [ -87.759336, 41.894901 ], [ -87.755599, 41.894936 ], [ -87.755463, 41.891195 ], [ -87.755337, 41.887809 ], [ -87.755319, 41.887202 ], [ -87.757988, 41.887391 ], [ -87.758998, 41.887377 ], [ -87.760354, 41.887358 ], [ -87.765106, 41.887201 ], [ -87.765181, 41.88929 ], [ -87.76532, 41.892926 ], [ -87.765395, 41.894854 ], [ -87.763568, 41.894867 ] ] ] } },
{ "type": "Feature", "properties": { "GEOID": "17031251600", "population": 4456, "perCapitaIncome": 17716, "natureObs2023": 0, "communityArea": 25, "index": 323 }, "geometry": { "type": "Polygon", "coordinates": [ [ [ -87.753156, 41.894956 ], [ -87.751931, 41.894954 ], [ -87.748258, 41.894985 ], [ -87.748134, 41.891359 ], [ -87.748002, 41.887885 ], [ -87.750443, 41.887866 ], [ -87.752895, 41.887842 ], [ -87.755337, 41.887809 ], [ -87.755463, 41.891195 ], [ -87.755599, 41.894936 ], [ -87.753156, 41.894956 ] ] ] } },
{ "type": "Feature", "properties": { "GEOID": "17031251700", "population": 1291, "perCapitaIncome": 45537, "natureObs2023": 0, "communityArea": 25, "index": 324 }, "geometry": { "type": "Polygon", "coordinates": [ [ [ -87.745807, 41.895004 ], [ -87.741203, 41.895093 ], [ -87.740613, 41.887808 ], [ -87.745547, 41.887781 ], [ -87.74796, 41.887757 ], [ -87.748002, 41.887885 ], [ -87.748134, 41.891359 ], [ -87.748258, 41.894985 ], [ -87.745807, 41.895004 ] ] ] } },
{ "type": "Feature", "properties": { "GEOID": "17031251800", "population": 5399, "perCapitaIncome": 16367, "natureObs2023": 1, "communityArea": 25, "index": 325 }, "geometry": { "type": "Polygon", "coordinates": [ [ [ -87.752895, 41.887842 ], [ -87.750443, 41.887866 ], [ -87.748002, 41.887885 ], [ -87.74796, 41.887757 ], [ -87.745547, 41.887781 ], [ -87.740613, 41.887808 ], [ -87.74037, 41.880555 ], [ -87.745278, 41.880498 ], [ -87.747723, 41.880465 ], [ -87.749412, 41.880445 ], [ -87.750173, 41.880435 ], [ -87.755067, 41.880372 ], [ -87.755161, 41.883002 ], [ -87.755319, 41.887202 ], [ -87.755337, 41.887809 ], [ -87.752895, 41.887842 ] ] ] } },
{ "type": "Feature", "properties": { "GEOID": "17031251900", "population": 5086, "perCapitaIncome": 24161, "natureObs2023": 1, "communityArea": 25, "index": 326 }, "geometry": { "type": "Polygon", "coordinates": [ [ [ -87.760354, 41.887358 ], [ -87.758998, 41.887377 ], [ -87.757988, 41.887391 ], [ -87.755319, 41.887202 ], [ -87.755161, 41.883002 ], [ -87.755067, 41.880372 ], [ -87.758729, 41.880325 ], [ -87.760119, 41.880308 ], [ -87.764864, 41.880246 ], [ -87.765002, 41.884235 ], [ -87.765106, 41.887201 ], [ -87.760354, 41.887358 ] ] ] } },
{ "type": "Feature", "properties": { "GEOID": "17031252000", "population": 6308, "perCapitaIncome": 21004, "natureObs2023": 0, "communityArea": 25, "index": 327 }, "geometry": { "type": "Polygon", "coordinates": [ [ [ -87.770002, 41.887136 ], [ -87.765106, 41.887201 ], [ -87.765002, 41.884235 ], [ -87.764864, 41.880246 ], [ -87.769761, 41.880218 ], [ -87.774658, 41.880151 ], [ -87.774782, 41.884132 ], [ -87.774881, 41.887072 ], [ -87.770002, 41.887136 ] ] ] } },
{ "type": "Feature", "properties": { "GEOID": "17031252101", "population": 1492, "perCapitaIncome": 26163, "natureObs2023": 154, "communityArea": 25, "index": 328 }, "geometry": { "type": "Polygon", "coordinates": [ [ [ -87.769761, 41.880218 ], [ -87.764864, 41.880246 ], [ -87.764795, 41.878344 ], [ -87.764725, 41.876538 ], [ -87.764659, 41.874728 ], [ -87.764587, 41.872827 ], [ -87.76454, 41.87102 ], [ -87.768635, 41.870634 ], [ -87.774301, 41.870924 ], [ -87.774409, 41.872771 ], [ -87.774526, 41.876415 ], [ -87.774658, 41.880151 ], [ -87.769761, 41.880218 ] ] ] } },
{ "type": "Feature", "properties": { "GEOID": "17031252102", "population": 7020, "perCapitaIncome": 21807, "natureObs2023": 0, "communityArea": 25, "index": 329 }, "geometry": { "type": "Polygon", "coordinates": [ [ [ -87.760119, 41.880308 ], [ -87.758729, 41.880325 ], [ -87.755067, 41.880372 ], [ -87.754996, 41.878471 ], [ -87.754929, 41.876659 ], [ -87.754859, 41.874848 ], [ -87.754806, 41.872946 ], [ -87.764587, 41.872827 ], [ -87.764659, 41.874728 ], [ -87.764725, 41.876538 ], [ -87.764795, 41.878344 ], [ -87.764864, 41.880246 ], [ -87.760119, 41.880308 ] ] ] } },
{ "type": "Feature", "properties": { "GEOID": "17031252201", "population": 3258, "perCapitaIncome": 23838, "natureObs2023": 0, "communityArea": 25, "index": 330 }, "geometry": { "type": "Polygon", "coordinates": [ [ [ -87.750173, 41.880435 ], [ -87.749412, 41.880445 ], [ -87.749349, 41.878545 ], [ -87.749282, 41.876731 ], [ -87.749145, 41.873027 ], [ -87.754806, 41.872946 ], [ -87.754859, 41.874848 ], [ -87.754929, 41.876659 ], [ -87.754996, 41.878471 ], [ -87.755067, 41.880372 ], [ -87.750173, 41.880435 ] ] ] } },
{ "type": "Feature", "properties": { "GEOID": "17031252202", "population": 4945, "perCapitaIncome": 23383, "natureObs2023": 0, "communityArea": 25, "index": 331 }, "geometry": { "type": "Polygon", "coordinates": [ [ [ -87.747723, 41.880465 ], [ -87.745278, 41.880498 ], [ -87.74037, 41.880555 ], [ -87.740262, 41.876907 ], [ -87.739515, 41.876909 ], [ -87.73939, 41.873266 ], [ -87.740123, 41.873251 ], [ -87.744998, 41.873141 ], [ -87.749145, 41.873027 ], [ -87.749282, 41.876731 ], [ -87.749349, 41.878545 ], [ -87.749412, 41.880445 ], [ -87.747723, 41.880465 ] ] ] } },
{ "type": "Feature", "properties": { "GEOID": "17031260100", "population": 1016, "perCapitaIncome": 22863, "natureObs2023": 0, "communityArea": 26, "index": 332 }, "geometry": { "type": "Polygon", "coordinates": [ [ [ -87.720982, 41.888018 ], [ -87.72082, 41.881897 ], [ -87.720829, 41.880788 ], [ -87.72567, 41.880727 ], [ -87.725873, 41.887957 ], [ -87.720982, 41.888018 ] ] ] } },
{ "type": "Feature", "properties": { "GEOID": "17031260200", "population": 1232, "perCapitaIncome": 23371, "natureObs2023": 1, "communityArea": 26, "index": 333 }, "geometry": { "type": "Polygon", "coordinates": [ [ [ -87.725873, 41.887957 ], [ -87.72567, 41.880727 ], [ -87.730574, 41.880667 ], [ -87.730786, 41.887944 ], [ -87.725873, 41.887957 ] ] ] } },
{ "type": "Feature", "properties": { "GEOID": "17031260300", "population": 1878, "perCapitaIncome": 16585, "natureObs2023": 0, "communityArea": 26, "index": 334 }, "geometry": { "type": "Polygon", "coordinates": [ [ [ -87.730786, 41.887944 ], [ -87.730574, 41.880667 ], [ -87.735476, 41.880611 ], [ -87.735714, 41.887878 ], [ -87.730786, 41.887944 ] ] ] } },
{ "type": "Feature", "properties": { "GEOID": "17031260400", "population": 939, "perCapitaIncome": 11257, "natureObs2023": 2, "communityArea": 26, "index": 335 }, "geometry": { "type": "Polygon", "coordinates": [ [ [ -87.735714, 41.887878 ], [ -87.735476, 41.880611 ], [ -87.74037, 41.880555 ], [ -87.740613, 41.887808 ], [ -87.735714, 41.887878 ] ] ] } },
{ "type": "Feature", "properties": { "GEOID": "17031260500", "population": 1767, "perCapitaIncome": 23999, "natureObs2023": 0, "communityArea": 26, "index": 336 }, "geometry": { "type": "Polygon", "coordinates": [ [ [ -87.735476, 41.880611 ], [ -87.73538, 41.877861 ], [ -87.735222, 41.87352 ], [ -87.737802, 41.872406 ], [ -87.740078, 41.871899 ], [ -87.740123, 41.873251 ], [ -87.73939, 41.873266 ], [ -87.739515, 41.876909 ], [ -87.740262, 41.876907 ], [ -87.74037, 41.880555 ], [ -87.735476, 41.880611 ] ] ] } },
{ "type": "Feature", "properties": { "GEOID": "17031260600", "population": 2398, "perCapitaIncome": 20971, "natureObs2023": 0, "communityArea": 26, "index": 337 }, "geometry": { "type": "Polygon", "coordinates": [ [ [ -87.730574, 41.880667 ], [ -87.730482, 41.877918 ], [ -87.730313, 41.873386 ], [ -87.732807, 41.873978 ], [ -87.735222, 41.87352 ], [ -87.73538, 41.877861 ], [ -87.735476, 41.880611 ], [ -87.730574, 41.880667 ] ] ] } },
{ "type": "Feature", "properties": { "GEOID": "17031260700", "population": 1524, "perCapitaIncome": 28087, "natureObs2023": 0, "communityArea": 26, "index": 338 }, "geometry": { "type": "Polygon", "coordinates": [ [ [ -87.72567, 41.880727 ], [ -87.725579, 41.87798 ], [ -87.725546, 41.877087 ], [ -87.725413, 41.873443 ], [ -87.729097, 41.873402 ], [ -87.730313, 41.873386 ], [ -87.730482, 41.877918 ], [ -87.730574, 41.880667 ], [ -87.72567, 41.880727 ] ] ] } },
{ "type": "Feature", "properties": { "GEOID": "17031260800", "population": 2001, "perCapitaIncome": 21180, "natureObs2023": 0, "communityArea": 26, "index": 339 }, "geometry": { "type": "Polygon", "coordinates": [ [ [ -87.720829, 41.880788 ], [ -87.720706, 41.877149 ], [ -87.720655, 41.875799 ], [ -87.720365, 41.873515 ], [ -87.722978, 41.873462 ], [ -87.725413, 41.873443 ], [ -87.725546, 41.877087 ], [ -87.725579, 41.87798 ], [ -87.72567, 41.880727 ], [ -87.720829, 41.880788 ] ] ] } },
{ "type": "Feature", "properties": { "GEOID": "17031260900", "population": 1351, "perCapitaIncome": 17939, "natureObs2023": 0, "communityArea": 26, "index": 340 }, "geometry": { "type": "Polygon", "coordinates": [ [ [ -87.722978, 41.873462 ], [ -87.720365, 41.873515 ], [ -87.720271, 41.870785 ], [ -87.720239, 41.869869 ], [ -87.720198, 41.868623 ], [ -87.725272, 41.868555 ], [ -87.725287, 41.869089 ], [ -87.725341, 41.870722 ], [ -87.725413, 41.873443 ], [ -87.722978, 41.873462 ] ] ] } },
{ "type": "Feature", "properties": { "GEOID": "17031261000", "population": 2268, "perCapitaIncome": 24727, "natureObs2023": 0, "communityArea": 26, "index": 341 }, "geometry": { "type": "Polygon", "coordinates": [ [ [ -87.737802, 41.872406 ], [ -87.735222, 41.87352 ], [ -87.732807, 41.873978 ], [ -87.730313, 41.873386 ], [ -87.729097, 41.873402 ], [ -87.725413, 41.873443 ], [ -87.725341, 41.870722 ], [ -87.725287, 41.869089 ], [ -87.732578, 41.868999 ], [ -87.732673, 41.870977 ], [ -87.739984, 41.868939 ], [ -87.740078, 41.871899 ], [ -87.737802, 41.872406 ] ] ] } },
{ "type": "Feature", "properties": { "GEOID": "17031270500", "population": 1380, "perCapitaIncome": 15601, "natureObs2023": 0, "communityArea": 27, "index": 342 }, "geometry": { "type": "Polygon", "coordinates": [ [ [ -87.713845, 41.881266 ], [ -87.711061, 41.882743 ], [ -87.711006, 41.880917 ], [ -87.715894, 41.880856 ], [ -87.715658, 41.873568 ], [ -87.715559, 41.870839 ], [ -87.715535, 41.869943 ], [ -87.717969, 41.869941 ], [ -87.720239, 41.869869 ], [ -87.720271, 41.870785 ], [ -87.720365, 41.873515 ], [ -87.720655, 41.875799 ], [ -87.720706, 41.877149 ], [ -87.720829, 41.880788 ], [ -87.72082, 41.881897 ], [ -87.713845, 41.881266 ] ] ] } },
{ "type": "Feature", "properties": { "GEOID": "17031271200", "population": 1384, "perCapitaIncome": 17795, "natureObs2023": 0, "communityArea": 27, "index": 343 }, "geometry": { "type": "Polygon", "coordinates": [ [ [ -87.701208, 41.881026 ], [ -87.701154, 41.879205 ], [ -87.70108, 41.875929 ], [ -87.701013, 41.873747 ], [ -87.705917, 41.873688 ], [ -87.705926, 41.874256 ], [ -87.705971, 41.875876 ], [ -87.706123, 41.880973 ], [ -87.701208, 41.881026 ] ] ] } },
{ "type": "Feature", "properties": { "GEOID": "17031271300", "population": 964, "perCapitaIncome": 23654, "natureObs2023": 1, "communityArea": 27, "index": 344 }, "geometry": { "type": "Polygon", "coordinates": [ [ [ -87.706123, 41.880973 ], [ -87.705971, 41.875876 ], [ -87.705926, 41.874256 ], [ -87.705917, 41.873688 ], [ -87.710782, 41.873628 ], [ -87.71079, 41.873904 ], [ -87.711006, 41.880917 ], [ -87.706123, 41.880973 ] ] ] } },
{ "type": "Feature", "properties": { "GEOID": "17031271400", "population": 1359, "perCapitaIncome": 27495, "natureObs2023": 3, "communityArea": 27, "index": 345 }, "geometry": { "type": "Polygon", "coordinates": [ [ [ -87.711006, 41.880917 ], [ -87.71079, 41.873904 ], [ -87.710782, 41.873628 ], [ -87.715658, 41.873568 ], [ -87.715894, 41.880856 ], [ -87.711006, 41.880917 ] ] ] } },
{ "type": "Feature", "properties": { "GEOID": "17031271500", "population": 1470, "perCapitaIncome": 24804, "natureObs2023": 0, "communityArea": 27, "index": 346 }, "geometry": { "type": "Polygon", "coordinates": [ [ [ -87.710782, 41.873628 ], [ -87.710689, 41.870901 ], [ -87.71066, 41.870004 ], [ -87.715535, 41.869943 ], [ -87.715559, 41.870839 ], [ -87.715658, 41.873568 ], [ -87.710782, 41.873628 ] ] ] } },
{ "type": "Feature", "properties": { "GEOID": "17031271800", "population": 656, "perCapitaIncome": 23917, "natureObs2023": 0, "communityArea": 27, "index": 347 }, "geometry": { "type": "Polygon", "coordinates": [ [ [ -87.696101, 41.873794 ], [ -87.695979, 41.869233 ], [ -87.700869, 41.869189 ], [ -87.701013, 41.873747 ], [ -87.696101, 41.873794 ] ] ] } },
{ "type": "Feature", "properties": { "GEOID": "17031280100", "population": 7730, "perCapitaIncome": 163960, "natureObs2023": 41, "communityArea": 28, "index": 348 }, "geometry": { "type": "Polygon", "coordinates": [ [ [ -87.644334, 41.889034 ], [ -87.639973, 41.889048 ], [ -87.639356, 41.889081 ], [ -87.63871, 41.887241 ], [ -87.637685, 41.886456 ], [ -87.637778, 41.885722 ], [ -87.637864, 41.884874 ], [ -87.638161, 41.88319 ], [ -87.638248, 41.881898 ], [ -87.641193, 41.88186 ], [ -87.642661, 41.881838 ], [ -87.646001, 41.88179 ], [ -87.64736, 41.881778 ], [ -87.647622, 41.889049 ], [ -87.644334, 41.889034 ] ] ] } },
{ "type": "Feature", "properties": { "GEOID": "17031280400", "population": 1423, "perCapitaIncome": 24901, "natureObs2023": 14, "communityArea": 28, "index": 349 }, "geometry": { "type": "Polygon", "coordinates": [ [ [ -87.671961, 41.8888 ], [ -87.667069, 41.888852 ], [ -87.666945, 41.883298 ], [ -87.67669, 41.883147 ], [ -87.676846, 41.88872 ], [ -87.671961, 41.8888 ] ] ] } },
{ "type": "Feature", "properties": { "GEOID": "17031280800", "population": 852, "perCapitaIncome": 24573, "natureObs2023": 0, "communityArea": 28, "index": 350 }, "geometry": { "type": "Polygon", "coordinates": [ [ [ -87.686431, 41.881162 ], [ -87.686365, 41.878589 ], [ -87.686269, 41.876084 ], [ -87.691371, 41.876035 ], [ -87.691505, 41.881113 ], [ -87.686431, 41.881162 ] ] ] } },
{ "type": "Feature", "properties": { "GEOID": "17031280900", "population": 1122, "perCapitaIncome": 90052, "natureObs2023": 0, "communityArea": 28, "index": 351 }, "geometry": { "type": "Polygon", "coordinates": [ [ [ -87.68396, 41.881159 ], [ -87.683901, 41.878624 ], [ -87.683828, 41.87612 ], [ -87.686269, 41.876084 ], [ -87.686365, 41.878589 ], [ -87.686431, 41.881162 ], [ -87.68396, 41.881159 ] ] ] } },
{ "type": "Feature", "properties": { "GEOID": "17031281900", "population": 6749, "perCapitaIncome": 98303, "natureObs2023": 11, "communityArea": 28, "index": 352 }, "geometry": { "type": "Polygon", "coordinates": [ [ [ -87.646001, 41.88179 ], [ -87.642661, 41.881838 ], [ -87.641193, 41.88186 ], [ -87.638248, 41.881898 ], [ -87.638253, 41.880604 ], [ -87.638085, 41.879335 ], [ -87.637377, 41.876799 ], [ -87.647202, 41.876672 ], [ -87.647322, 41.880492 ], [ -87.64736, 41.881778 ], [ -87.646001, 41.88179 ] ] ] } },
{ "type": "Feature", "properties": { "GEOID": "17031282700", "population": 2243, "perCapitaIncome": 59072, "natureObs2023": 0, "communityArea": 28, "index": 353 }, "geometry": { "type": "Polygon", "coordinates": [ [ [ -87.686269, 41.876084 ], [ -87.686256, 41.875778 ], [ -87.686235, 41.873891 ], [ -87.686165, 41.87116 ], [ -87.686038, 41.866613 ], [ -87.690445, 41.866568 ], [ -87.691081, 41.867839 ], [ -87.691193, 41.869295 ], [ -87.691235, 41.871111 ], [ -87.691361, 41.87572 ], [ -87.691371, 41.876035 ], [ -87.686269, 41.876084 ] ] ] } },
{ "type": "Feature", "properties": { "GEOID": "17031282800", "population": 1498, "perCapitaIncome": 51662, "natureObs2023": 0, "communityArea": 28, "index": 354 }, "geometry": { "type": "Polygon", "coordinates": [ [ [ -87.683781, 41.873927 ], [ -87.683654, 41.869012 ], [ -87.68359, 41.866647 ], [ -87.686038, 41.866613 ], [ -87.686165, 41.87116 ], [ -87.686235, 41.873891 ], [ -87.683781, 41.873927 ] ] ] } },
{ "type": "Feature", "properties": { "GEOID": "17031283100", "population": 2729, "perCapitaIncome": 39162, "natureObs2023": 6, "communityArea": 28, "index": 355 }, "geometry": { "type": "Polygon", "coordinates": [ [ [ -87.661714, 41.871752 ], [ -87.661641, 41.869339 ], [ -87.661571, 41.866916 ], [ -87.666414, 41.866855 ], [ -87.666549, 41.869261 ], [ -87.666616, 41.871626 ], [ -87.661714, 41.871752 ] ] ] } },
{ "type": "Feature", "properties": { "GEOID": "17031283200", "population": 1727, "perCapitaIncome": 53234, "natureObs2023": 9, "communityArea": 28, "index": 356 }, "geometry": { "type": "Polygon", "coordinates": [ [ [ -87.661026, 41.872169 ], [ -87.656853, 41.872254 ], [ -87.656681, 41.866997 ], [ -87.661571, 41.866916 ], [ -87.661641, 41.869339 ], [ -87.661714, 41.871752 ], [ -87.661724, 41.87211 ], [ -87.661026, 41.872169 ] ] ] } },
{ "type": "Feature", "properties": { "GEOID": "17031283800", "population": 3504, "perCapitaIncome": 53322, "natureObs2023": 3, "communityArea": 28, "index": 357 }, "geometry": { "type": "Polygon", "coordinates": [ [ [ -87.651046, 41.867087 ], [ -87.650937, 41.863499 ], [ -87.650822, 41.859853 ], [ -87.650941, 41.859851 ], [ -87.653434, 41.859812 ], [ -87.656479, 41.859765 ], [ -87.656574, 41.863238 ], [ -87.656681, 41.866997 ], [ -87.651046, 41.867087 ] ] ] } },
{ "type": "Feature", "properties": { "GEOID": "17031290900", "population": 4241, "perCapitaIncome": 16945, "natureObs2023": 3, "communityArea": 29, "index": 358 }, "geometry": { "type": "Polygon", "coordinates": [ [ [ -87.730064, 41.866102 ], [ -87.72517, 41.866172 ], [ -87.725061, 41.862524 ], [ -87.724955, 41.858868 ], [ -87.729841, 41.8588 ], [ -87.737176, 41.858692 ], [ -87.739767, 41.858654 ], [ -87.739838, 41.862075 ], [ -87.739932, 41.86596 ], [ -87.730064, 41.866102 ] ] ] } },
{ "type": "Feature", "properties": { "GEOID": "17031291200", "population": 1312, "perCapitaIncome": 17836, "natureObs2023": 2, "communityArea": 29, "index": 359 }, "geometry": { "type": "Polygon", "coordinates": [ [ [ -87.712982, 41.86632 ], [ -87.710543, 41.866349 ], [ -87.710433, 41.862454 ], [ -87.710333, 41.859025 ], [ -87.712771, 41.859 ], [ -87.713986, 41.858988 ], [ -87.715206, 41.858974 ], [ -87.715305, 41.862398 ], [ -87.715421, 41.86629 ], [ -87.712982, 41.86632 ] ] ] } },
{ "type": "Feature", "properties": { "GEOID": "17031291600", "population": 1429, "perCapitaIncome": 29536, "natureObs2023": 1, "communityArea": 29, "index": 360 }, "geometry": { "type": "Polygon", "coordinates": [ [ [ -87.688217, 41.859337 ], [ -87.688171, 41.856915 ], [ -87.693129, 41.855782 ], [ -87.695558, 41.85524 ], [ -87.695569, 41.855552 ], [ -87.695692, 41.859221 ], [ -87.688217, 41.859337 ] ] ] } },
{ "type": "Feature", "properties": { "GEOID": "17031292200", "population": 2540, "perCapitaIncome": 31965, "natureObs2023": 0, "communityArea": 29, "index": 361 }, "geometry": { "type": "Polygon", "coordinates": [ [ [ -87.718882, 41.858931 ], [ -87.717662, 41.858946 ], [ -87.715206, 41.858974 ], [ -87.713986, 41.858988 ], [ -87.712771, 41.859 ], [ -87.710333, 41.859025 ], [ -87.710256, 41.856271 ], [ -87.713813, 41.85501 ], [ -87.718723, 41.853286 ], [ -87.719889, 41.852874 ], [ -87.719912, 41.853956 ], [ -87.720066, 41.858921 ], [ -87.718882, 41.858931 ] ] ] } },
{ "type": "Feature", "properties": { "GEOID": "17031292400", "population": 1765, "perCapitaIncome": 37714, "natureObs2023": 0, "communityArea": 29, "index": 362 }, "geometry": { "type": "Polygon", "coordinates": [ [ [ -87.722489, 41.858894 ], [ -87.720066, 41.858921 ], [ -87.719912, 41.853956 ], [ -87.719889, 41.852874 ], [ -87.719872, 41.851607 ], [ -87.72228, 41.851545 ], [ -87.723544, 41.851484 ], [ -87.724761, 41.851651 ], [ -87.72485, 41.855014 ], [ -87.724955, 41.858868 ], [ -87.722489, 41.858894 ] ] ] } },
{ "type": "Feature", "properties": { "GEOID": "17031292500", "population": 3461, "perCapitaIncome": 29740, "natureObs2023": 0, "communityArea": 29, "index": 363 }, "geometry": { "type": "Polygon", "coordinates": [ [ [ -87.737176, 41.858692 ], [ -87.729841, 41.8588 ], [ -87.724955, 41.858868 ], [ -87.72485, 41.855014 ], [ -87.724761, 41.851651 ], [ -87.729617, 41.851589 ], [ -87.739423, 41.851351 ], [ -87.739767, 41.858654 ], [ -87.737176, 41.858692 ] ] ] } },
{ "type": "Feature", "properties": { "GEOID": "17031300500", "population": 3240, "perCapitaIncome": 23730, "natureObs2023": 0, "communityArea": 30, "index": 364 }, "geometry": { "type": "Polygon", "coordinates": [ [ [ -87.722261, 41.849309 ], [ -87.722152, 41.849447 ], [ -87.72228, 41.851545 ], [ -87.719872, 41.851607 ], [ -87.719825, 41.849832 ], [ -87.719776, 41.847984 ], [ -87.719674, 41.844317 ], [ -87.720892, 41.844299 ], [ -87.724553, 41.844255 ], [ -87.724615, 41.846085 ], [ -87.724652, 41.84791 ], [ -87.724685, 41.848774 ], [ -87.722261, 41.849309 ] ] ] } },
{ "type": "Feature", "properties": { "GEOID": "17031300600", "population": 2844, "perCapitaIncome": 25271, "natureObs2023": 0, "communityArea": 30, "index": 365 }, "geometry": { "type": "Polygon", "coordinates": [ [ [ -87.714999, 41.851663 ], [ -87.714978, 41.850912 ], [ -87.714894, 41.848033 ], [ -87.714841, 41.846221 ], [ -87.714787, 41.844385 ], [ -87.719674, 41.844317 ], [ -87.719776, 41.847984 ], [ -87.719825, 41.849832 ], [ -87.719872, 41.851607 ], [ -87.714999, 41.851663 ] ] ] } },
{ "type": "Feature", "properties": { "GEOID": "17031300700", "population": 4791, "perCapitaIncome": 23469, "natureObs2023": 0, "communityArea": 30, "index": 366 }, "geometry": { "type": "Polygon", "coordinates": [ [ [ -87.713778, 41.851677 ], [ -87.713627, 41.851679 ], [ -87.712422, 41.851707 ], [ -87.711143, 41.851991 ], [ -87.710128, 41.851706 ], [ -87.710019, 41.848077 ], [ -87.709959, 41.846261 ], [ -87.70991, 41.84445 ], [ -87.714787, 41.844385 ], [ -87.714841, 41.846221 ], [ -87.714894, 41.848033 ], [ -87.714978, 41.850912 ], [ -87.714999, 41.851663 ], [ -87.713778, 41.851677 ] ] ] } },
{ "type": "Feature", "properties": { "GEOID": "17031300800", "population": 4192, "perCapitaIncome": 19827, "natureObs2023": 1, "communityArea": 30, "index": 367 }, "geometry": { "type": "Polygon", "coordinates": [ [ [ -87.705255, 41.851765 ], [ -87.705148, 41.84814 ], [ -87.70504, 41.844518 ], [ -87.70991, 41.84445 ], [ -87.709959, 41.846261 ], [ -87.710019, 41.848077 ], [ -87.710128, 41.851706 ], [ -87.705255, 41.851765 ] ] ] } },
{ "type": "Feature", "properties": { "GEOID": "17031300900", "population": 3937, "perCapitaIncome": 18541, "natureObs2023": 1, "communityArea": 30, "index": 368 }, "geometry": { "type": "Polygon", "coordinates": [ [ [ -87.702813, 41.851799 ], [ -87.701581, 41.851818 ], [ -87.700364, 41.851838 ], [ -87.700196, 41.846395 ], [ -87.700148, 41.844613 ], [ -87.702584, 41.844552 ], [ -87.70504, 41.844518 ], [ -87.705148, 41.84814 ], [ -87.705255, 41.851765 ], [ -87.702813, 41.851799 ] ] ] } },
{ "type": "Feature", "properties": { "GEOID": "17031301100", "population": 2409, "perCapitaIncome": 19987, "natureObs2023": 1, "communityArea": 30, "index": 369 }, "geometry": { "type": "Polygon", "coordinates": [ [ [ -87.699089, 41.851853 ], [ -87.69898, 41.848157 ], [ -87.698697, 41.847864 ], [ -87.695333, 41.847883 ], [ -87.694741, 41.847469 ], [ -87.694711, 41.846458 ], [ -87.694661, 41.844701 ], [ -87.700137, 41.844252 ], [ -87.700148, 41.844613 ], [ -87.700196, 41.846395 ], [ -87.700364, 41.851838 ], [ -87.699089, 41.851853 ] ] ] } },
{ "type": "Feature", "properties": { "GEOID": "17031301200", "population": 5209, "perCapitaIncome": 26217, "natureObs2023": 1, "communityArea": 30, "index": 370 }, "geometry": { "type": "Polygon", "coordinates": [ [ [ -87.687952, 41.852009 ], [ -87.687615, 41.844794 ], [ -87.690339, 41.844756 ], [ -87.694661, 41.844701 ], [ -87.694711, 41.846458 ], [ -87.694741, 41.847469 ], [ -87.695333, 41.847883 ], [ -87.695398, 41.85008 ], [ -87.695446, 41.851902 ], [ -87.687952, 41.852009 ] ] ] } },
{ "type": "Feature", "properties": { "GEOID": "17031301600", "population": 3247, "perCapitaIncome": 27593, "natureObs2023": 0, "communityArea": 30, "index": 371 }, "geometry": { "type": "Polygon", "coordinates": [ [ [ -87.70991, 41.84445 ], [ -87.709811, 41.840798 ], [ -87.709714, 41.837145 ], [ -87.714594, 41.837056 ], [ -87.714693, 41.840722 ], [ -87.714741, 41.842551 ], [ -87.714787, 41.844385 ], [ -87.70991, 41.84445 ] ] ] } },
{ "type": "Feature", "properties": { "GEOID": "17031301701", "population": 4205, "perCapitaIncome": 26073, "natureObs2023": 0, "communityArea": 30, "index": 372 }, "geometry": { "type": "Polygon", "coordinates": [ [ [ -87.720892, 41.844299 ], [ -87.719674, 41.844317 ], [ -87.714787, 41.844385 ], [ -87.714741, 41.842551 ], [ -87.714693, 41.840722 ], [ -87.718355, 41.840664 ], [ -87.720787, 41.840624 ], [ -87.72445, 41.840566 ], [ -87.724499, 41.84241 ], [ -87.724553, 41.844255 ], [ -87.720892, 41.844299 ] ] ] } },
{ "type": "Feature", "properties": { "GEOID": "17031301702", "population": 4086, "perCapitaIncome": 26951, "natureObs2023": 0, "communityArea": 30, "index": 373 }, "geometry": { "type": "Polygon", "coordinates": [ [ [ -87.720787, 41.840624 ], [ -87.718355, 41.840664 ], [ -87.714693, 41.840722 ], [ -87.714594, 41.837056 ], [ -87.717031, 41.837012 ], [ -87.721909, 41.836925 ], [ -87.724351, 41.836882 ], [ -87.72445, 41.840566 ], [ -87.720787, 41.840624 ] ] ] } },
{ "type": "Feature", "properties": { "GEOID": "17031301801", "population": 4086, "perCapitaIncome": 17733, "natureObs2023": 2, "communityArea": 30, "index": 374 }, "geometry": { "type": "Polygon", "coordinates": [ [ [ -87.734357, 41.846567 ], [ -87.731115, 41.847314 ], [ -87.731043, 41.844163 ], [ -87.731851, 41.844152 ], [ -87.731188, 41.842321 ], [ -87.731136, 41.840483 ], [ -87.731083, 41.838648 ], [ -87.731691, 41.83864 ], [ -87.731638, 41.836802 ], [ -87.739152, 41.836718 ], [ -87.738908, 41.837137 ], [ -87.739198, 41.845473 ], [ -87.734357, 41.846567 ] ] ] } },
{ "type": "Feature", "properties": { "GEOID": "17031301802", "population": 2623, "perCapitaIncome": 23521, "natureObs2023": 0, "communityArea": 30, "index": 375 }, "geometry": { "type": "Polygon", "coordinates": [ [ [ -87.731043, 41.844163 ], [ -87.731115, 41.847314 ], [ -87.724685, 41.848774 ], [ -87.724652, 41.84791 ], [ -87.724615, 41.846085 ], [ -87.724553, 41.844255 ], [ -87.724499, 41.84241 ], [ -87.731188, 41.842321 ], [ -87.731851, 41.844152 ], [ -87.731043, 41.844163 ] ] ] } },
{ "type": "Feature", "properties": { "GEOID": "17031301803", "population": 3168, "perCapitaIncome": 27747, "natureObs2023": 0, "communityArea": 30, "index": 376 }, "geometry": { "type": "Polygon", "coordinates": [ [ [ -87.731083, 41.838648 ], [ -87.731136, 41.840483 ], [ -87.731188, 41.842321 ], [ -87.724499, 41.84241 ], [ -87.72445, 41.840566 ], [ -87.724351, 41.836882 ], [ -87.729212, 41.836827 ], [ -87.731638, 41.836802 ], [ -87.731691, 41.83864 ], [ -87.731083, 41.838648 ] ] ] } },
{ "type": "Feature", "properties": { "GEOID": "17031310200", "population": 1824, "perCapitaIncome": 65896, "natureObs2023": 0, "communityArea": 31, "index": 377 }, "geometry": { "type": "Polygon", "coordinates": [ [ [ -87.644468, 41.859954 ], [ -87.644222, 41.859956 ], [ -87.64194, 41.859984 ], [ -87.641706, 41.852764 ], [ -87.644465, 41.852669 ], [ -87.645187, 41.852664 ], [ -87.645415, 41.852662 ], [ -87.646495, 41.852647 ], [ -87.646706, 41.859911 ], [ -87.644468, 41.859954 ] ] ] } },
{ "type": "Feature", "properties": { "GEOID": "17031310300", "population": 1836, "perCapitaIncome": 44835, "natureObs2023": 36, "communityArea": 31, "index": 378 }, "geometry": { "type": "Polygon", "coordinates": [ [ [ -87.650941, 41.859851 ], [ -87.650822, 41.859853 ], [ -87.646706, 41.859911 ], [ -87.646495, 41.852647 ], [ -87.651411, 41.852575 ], [ -87.651568, 41.858022 ], [ -87.650941, 41.859851 ] ] ] } },
{ "type": "Feature", "properties": { "GEOID": "17031310400", "population": 1456, "perCapitaIncome": 62893, "natureObs2023": 2, "communityArea": 31, "index": 379 }, "geometry": { "type": "Polygon", "coordinates": [ [ [ -87.650941, 41.859851 ], [ -87.651568, 41.858022 ], [ -87.651411, 41.852575 ], [ -87.653051, 41.852545 ], [ -87.653388, 41.857997 ], [ -87.653434, 41.859812 ], [ -87.650941, 41.859851 ] ] ] } },
{ "type": "Feature", "properties": { "GEOID": "17031310500", "population": 1599, "perCapitaIncome": 37812, "natureObs2023": 6, "communityArea": 31, "index": 380 }, "geometry": { "type": "Polygon", "coordinates": [ [ [ -87.653388, 41.857997 ], [ -87.653051, 41.852545 ], [ -87.656276, 41.852483 ], [ -87.65637, 41.856136 ], [ -87.656429, 41.857953 ], [ -87.653388, 41.857997 ] ] ] } },
{ "type": "Feature", "properties": { "GEOID": "17031310600", "population": 5542, "perCapitaIncome": 45300, "natureObs2023": 8, "communityArea": 31, "index": 381 }, "geometry": { "type": "Polygon", "coordinates": [ [ [ -87.656479, 41.859765 ], [ -87.653434, 41.859812 ], [ -87.653388, 41.857997 ], [ -87.656429, 41.857953 ], [ -87.65637, 41.856136 ], [ -87.656276, 41.852483 ], [ -87.663614, 41.85238 ], [ -87.663715, 41.856021 ], [ -87.663763, 41.857835 ], [ -87.663808, 41.859647 ], [ -87.656479, 41.859765 ] ] ] } },
{ "type": "Feature", "properties": { "GEOID": "17031310700", "population": 1354, "perCapitaIncome": 29892, "natureObs2023": 5, "communityArea": 31, "index": 382 }, "geometry": { "type": "Polygon", "coordinates": [ [ [ -87.663808, 41.859647 ], [ -87.663763, 41.857835 ], [ -87.663715, 41.856021 ], [ -87.663614, 41.85238 ], [ -87.666024, 41.852331 ], [ -87.666095, 41.855974 ], [ -87.666138, 41.857794 ], [ -87.666198, 41.859607 ], [ -87.663808, 41.859647 ] ] ] } },
{ "type": "Feature", "properties": { "GEOID": "17031310800", "population": 4633, "perCapitaIncome": 38094, "natureObs2023": 4, "communityArea": 31, "index": 383 }, "geometry": { "type": "Polygon", "coordinates": [ [ [ -87.666198, 41.859607 ], [ -87.666138, 41.857794 ], [ -87.666095, 41.855974 ], [ -87.666024, 41.852331 ], [ -87.670938, 41.852248 ], [ -87.670995, 41.854076 ], [ -87.671048, 41.855903 ], [ -87.671097, 41.857724 ], [ -87.671143, 41.859542 ], [ -87.666198, 41.859607 ] ] ] } },
{ "type": "Feature", "properties": { "GEOID": "17031310900", "population": 4914, "perCapitaIncome": 40927, "natureObs2023": 15, "communityArea": 31, "index": 384 }, "geometry": { "type": "Polygon", "coordinates": [ [ [ -87.676042, 41.859286 ], [ -87.673599, 41.859517 ], [ -87.671143, 41.859542 ], [ -87.671097, 41.857724 ], [ -87.671048, 41.855903 ], [ -87.670995, 41.854076 ], [ -87.670938, 41.852248 ], [ -87.67584, 41.852176 ], [ -87.678293, 41.852137 ], [ -87.678318, 41.85306 ], [ -87.678357, 41.854534 ], [ -87.678417, 41.856722 ], [ -87.678455, 41.858484 ], [ -87.678491, 41.858942 ], [ -87.676042, 41.859286 ] ] ] } },
{ "type": "Feature", "properties": { "GEOID": "17031320101", "population": 8705, "perCapitaIncome": 134160, "natureObs2023": 104, "communityArea": 32, "index": 385 }, "geometry": { "type": "Polygon", "coordinates": [ [ [ -87.620557, 41.884514 ], [ -87.62061, 41.887659 ], [ -87.620464, 41.888585 ], [ -87.617589, 41.888456 ], [ -87.613787, 41.888323 ], [ -87.613804, 41.887936 ], [ -87.612781, 41.887852 ], [ -87.612984, 41.885679 ], [ -87.613104, 41.884389 ], [ -87.613178, 41.883596 ], [ -87.616537, 41.882396 ], [ -87.616506, 41.880914 ], [ -87.620791, 41.880873 ], [ -87.620718, 41.884515 ], [ -87.620557, 41.884514 ] ] ] } },
{ "type": "Feature", "properties": { "GEOID": "17031320102", "population": 5429, "perCapitaIncome": 83678, "natureObs2023": 398, "communityArea": 32, "index": 386 }, "geometry": { "type": "Polygon", "coordinates": [ [ [ -87.625243, 41.888856 ], [ -87.624355, 41.88893 ], [ -87.62274, 41.888863 ], [ -87.620464, 41.888585 ], [ -87.62061, 41.887659 ], [ -87.620557, 41.884514 ], [ -87.620718, 41.884515 ], [ -87.620791, 41.880873 ], [ -87.622896, 41.880846 ], [ -87.623009, 41.880844 ], [ -87.624477, 41.882109 ], [ -87.627806, 41.882042 ], [ -87.627911, 41.884491 ], [ -87.62794, 41.885749 ], [ -87.628004, 41.887506 ], [ -87.625243, 41.888856 ] ] ] } },
{ "type": "Feature", "properties": { "GEOID": "17031320400", "population": 3004, "perCapitaIncome": 55986, "natureObs2023": 519, "communityArea": 32, "index": 387 }, "geometry": { "type": "Polygon", "coordinates": [ [ [ -87.624477, 41.882109 ], [ -87.623009, 41.880844 ], [ -87.622896, 41.880846 ], [ -87.620791, 41.880873 ], [ -87.616506, 41.880914 ], [ -87.616343, 41.873276 ], [ -87.622729, 41.873182 ], [ -87.624135, 41.873162 ], [ -87.624311, 41.874453 ], [ -87.627541, 41.874373 ], [ -87.627545, 41.874552 ], [ -87.627652, 41.87693 ], [ -87.627724, 41.880094 ], [ -87.627806, 41.882042 ], [ -87.624477, 41.882109 ] ] ] } },
{ "type": "Feature", "properties": { "GEOID": "17031320600", "population": 6116, "perCapitaIncome": 87717, "natureObs2023": 149, "communityArea": 32, "index": 388 }, "geometry": { "type": "Polygon", "coordinates": [ [ [ -87.624311, 41.874453 ], [ -87.624135, 41.873162 ], [ -87.622729, 41.873182 ], [ -87.616343, 41.873276 ], [ -87.616314, 41.871888 ], [ -87.616251, 41.868933 ], [ -87.615265, 41.868735 ], [ -87.618171, 41.868388 ], [ -87.620974, 41.867587 ], [ -87.621166, 41.867584 ], [ -87.622673, 41.867562 ], [ -87.624995, 41.867506 ], [ -87.627338, 41.867477 ], [ -87.627399, 41.869237 ], [ -87.627469, 41.872304 ], [ -87.627541, 41.874373 ], [ -87.624311, 41.874453 ] ] ] } },
{ "type": "Feature", "properties": { "GEOID": "17031330101", "population": 5011, "perCapitaIncome": 125138, "natureObs2023": 1852, "communityArea": 33, "index": 389 }, "geometry": { "type": "Polygon", "coordinates": [ [ [ -87.621166, 41.867584 ], [ -87.620974, 41.867587 ], [ -87.618171, 41.868388 ], [ -87.615265, 41.868735 ], [ -87.613898, 41.868461 ], [ -87.605855, 41.866849 ], [ -87.606523, 41.853202 ], [ -87.607822, 41.852779 ], [ -87.610502, 41.851906 ], [ -87.610181, 41.849869 ], [ -87.614896, 41.848305 ], [ -87.617743, 41.848176 ], [ -87.61901, 41.850213 ], [ -87.618942, 41.850855 ], [ -87.618104, 41.851058 ], [ -87.617912, 41.85124 ], [ -87.617577, 41.853011 ], [ -87.617737, 41.853022 ], [ -87.619041, 41.853002 ], [ -87.619101, 41.855558 ], [ -87.619165, 41.856913 ], [ -87.61968, 41.857889 ], [ -87.620767, 41.857921 ], [ -87.620858, 41.860237 ], [ -87.620832, 41.86051 ], [ -87.619266, 41.860952 ], [ -87.619793, 41.864159 ], [ -87.622557, 41.864135 ], [ -87.622673, 41.867562 ], [ -87.621166, 41.867584 ] ] ] } },
{ "type": "Feature", "properties": { "GEOID": "17031330102", "population": 9617, "perCapitaIncome": 87026, "natureObs2023": 31, "communityArea": 33, "index": 390 }, "geometry": { "type": "Polygon", "coordinates": [ [ [ -87.624995, 41.867506 ], [ -87.622673, 41.867562 ], [ -87.622557, 41.864135 ], [ -87.619793, 41.864159 ], [ -87.619266, 41.860952 ], [ -87.620832, 41.86051 ], [ -87.620858, 41.860237 ], [ -87.622473, 41.86025 ], [ -87.623989, 41.860269 ], [ -87.625663, 41.860209 ], [ -87.627202, 41.860744 ], [ -87.62728, 41.864054 ], [ -87.627338, 41.867477 ], [ -87.624995, 41.867506 ] ] ] } },
{ "type": "Feature", "properties": { "GEOID": "17031330103", "population": 8471, "perCapitaIncome": 82058, "natureObs2023": 52, "communityArea": 33, "index": 391 }, "geometry": { "type": "Polygon", "coordinates": [ [ [ -87.625663, 41.860209 ], [ -87.623989, 41.860269 ], [ -87.622473, 41.86025 ], [ -87.620858, 41.860237 ], [ -87.620767, 41.857921 ], [ -87.61968, 41.857889 ], [ -87.619165, 41.856913 ], [ -87.619101, 41.855558 ], [ -87.619041, 41.853002 ], [ -87.622279, 41.852962 ], [ -87.626363, 41.852915 ], [ -87.62709, 41.852943 ], [ -87.627146, 41.855447 ], [ -87.627102, 41.856764 ], [ -87.627202, 41.860744 ], [ -87.625663, 41.860209 ] ] ] } },
{ "type": "Feature", "properties": { "GEOID": "17031330200", "population": 3969, "perCapitaIncome": 100159, "natureObs2023": 51, "communityArea": 33, "index": 392 }, "geometry": { "type": "Polygon", "coordinates": [ [ [ -87.634502, 41.859934 ], [ -87.63479, 41.867364 ], [ -87.627338, 41.867477 ], [ -87.62728, 41.864054 ], [ -87.627202, 41.860744 ], [ -87.627102, 41.856764 ], [ -87.627146, 41.855447 ], [ -87.62709, 41.852943 ], [ -87.629352, 41.852952 ], [ -87.630068, 41.852941 ], [ -87.630158, 41.855122 ], [ -87.630226, 41.857779 ], [ -87.635131, 41.857759 ], [ -87.634485, 41.859073 ], [ -87.634502, 41.859934 ] ] ] } },
{ "type": "Feature", "properties": { "GEOID": "17031340300", "population": 1698, "perCapitaIncome": 35313, "natureObs2023": 0, "communityArea": 34, "index": 393 }, "geometry": { "type": "Polygon", "coordinates": [ [ [ -87.634631, 41.846396 ], [ -87.634283, 41.845502 ], [ -87.634104, 41.838205 ], [ -87.636144, 41.838175 ], [ -87.636376, 41.838173 ], [ -87.636512, 41.843643 ], [ -87.638291, 41.843617 ], [ -87.63835, 41.84593 ], [ -87.634631, 41.846396 ] ] ] } },
{ "type": "Feature", "properties": { "GEOID": "17031340400", "population": 1630, "perCapitaIncome": 22571, "natureObs2023": 0, "communityArea": 34, "index": 394 }, "geometry": { "type": "Polygon", "coordinates": [ [ [ -87.629949, 41.845544 ], [ -87.629784, 41.83828 ], [ -87.634104, 41.838205 ], [ -87.634283, 41.845502 ], [ -87.629949, 41.845544 ] ] ] } },
{ "type": "Feature", "properties": { "GEOID": "17031340500", "population": 1558, "perCapitaIncome": 54205, "natureObs2023": 1, "communityArea": 34, "index": 395 }, "geometry": { "type": "Polygon", "coordinates": [ [ [ -87.63589, 41.834535 ], [ -87.636144, 41.838175 ], [ -87.634104, 41.838205 ], [ -87.629784, 41.83828 ], [ -87.629684, 41.834625 ], [ -87.629594, 41.83097 ], [ -87.630484, 41.830956 ], [ -87.631504, 41.830939 ], [ -87.636128, 41.830883 ], [ -87.636251, 41.830881 ], [ -87.636139, 41.834532 ], [ -87.63589, 41.834535 ] ] ] } },
{ "type": "Feature", "properties": { "GEOID": "17031340600", "population": 1317, "perCapitaIncome": 11095, "natureObs2023": 0, "communityArea": 34, "index": 396 }, "geometry": { "type": "Polygon", "coordinates": [ [ [ -87.636128, 41.830883 ], [ -87.631504, 41.830939 ], [ -87.630484, 41.830956 ], [ -87.629594, 41.83097 ], [ -87.628996, 41.830975 ], [ -87.6289, 41.82767 ], [ -87.629094, 41.82733 ], [ -87.628968, 41.823681 ], [ -87.629357, 41.823676 ], [ -87.630296, 41.823662 ], [ -87.631339, 41.823646 ], [ -87.636354, 41.823583 ], [ -87.636251, 41.830881 ], [ -87.636128, 41.830883 ] ] ] } },
{ "type": "Feature", "properties": { "GEOID": "17031350100", "population": 2439, "perCapitaIncome": 52939, "natureObs2023": 28, "communityArea": 35, "index": 397 }, "geometry": { "type": "Polygon", "coordinates": [ [ [ -87.616238, 41.8452 ], [ -87.609452, 41.845246 ], [ -87.60945, 41.845233 ], [ -87.609105, 41.844519 ], [ -87.607939, 41.842109 ], [ -87.60637, 41.838865 ], [ -87.606212, 41.838538 ], [ -87.607394, 41.838573 ], [ -87.61114, 41.83853 ], [ -87.617123, 41.838423 ], [ -87.617179, 41.841184 ], [ -87.617299, 41.845668 ], [ -87.616238, 41.8452 ] ] ] } },
{ "type": "Feature", "properties": { "GEOID": "17031350400", "population": 1777, "perCapitaIncome": 14201, "natureObs2023": 4, "communityArea": 35, "index": 398 }, "geometry": { "type": "Polygon", "coordinates": [ [ [ -87.629168, 41.845557 ], [ -87.626961, 41.845585 ], [ -87.626773, 41.838301 ], [ -87.629784, 41.83828 ], [ -87.629949, 41.845544 ], [ -87.629168, 41.845557 ] ] ] } },
{ "type": "Feature", "properties": { "GEOID": "17031351000", "population": 3526, "perCapitaIncome": 43416, "natureObs2023": 46, "communityArea": 35, "index": 399 }, "geometry": { "type": "Polygon", "coordinates": [ [ [ -87.61114, 41.83853 ], [ -87.607394, 41.838573 ], [ -87.606212, 41.838538 ], [ -87.602733, 41.831347 ], [ -87.609556, 41.831197 ], [ -87.610613, 41.831186 ], [ -87.614484, 41.83112 ], [ -87.616967, 41.8311 ], [ -87.617019, 41.833616 ], [ -87.617123, 41.838423 ], [ -87.61114, 41.83853 ] ] ] } },
{ "type": "Feature", "properties": { "GEOID": "17031351100", "population": 2160, "perCapitaIncome": 15768, "natureObs2023": 0, "communityArea": 35, "index": 400 }, "geometry": { "type": "Polygon", "coordinates": [ [ [ -87.614484, 41.83112 ], [ -87.610613, 41.831186 ], [ -87.611627, 41.827536 ], [ -87.612624, 41.823891 ], [ -87.616732, 41.823838 ], [ -87.616873, 41.83039 ], [ -87.616967, 41.8311 ], [ -87.614484, 41.83112 ] ] ] } },
{ "type": "Feature", "properties": { "GEOID": "17031351400", "population": 1569, "perCapitaIncome": 22962, "natureObs2023": 2, "communityArea": 35, "index": 401 }, "geometry": { "type": "Polygon", "coordinates": [ [ [ -87.622506, 41.831052 ], [ -87.621764, 41.831059 ], [ -87.621602, 41.823775 ], [ -87.626422, 41.823714 ], [ -87.626475, 41.827361 ], [ -87.626644, 41.831014 ], [ -87.626479, 41.831019 ], [ -87.622506, 41.831052 ] ] ] } },
{ "type": "Feature", "properties": { "GEOID": "17031351500", "population": 946, "perCapitaIncome": 39768, "natureObs2023": 0, "communityArea": 35, "index": 402 }, "geometry": { "type": "Polygon", "coordinates": [ [ [ -87.6289, 41.82767 ], [ -87.628996, 41.830975 ], [ -87.626644, 41.831014 ], [ -87.626475, 41.827361 ], [ -87.626422, 41.823714 ], [ -87.628618, 41.823685 ], [ -87.628968, 41.823681 ], [ -87.629094, 41.82733 ], [ -87.6289, 41.82767 ] ] ] } },
{ "type": "Feature", "properties": { "GEOID": "17031360200", "population": 1672, "perCapitaIncome": 15664, "natureObs2023": 0, "communityArea": 36, "index": 403 }, "geometry": { "type": "Polygon", "coordinates": [ [ [ -87.610613, 41.831186 ], [ -87.609556, 41.831197 ], [ -87.607535, 41.828115 ], [ -87.608825, 41.827722 ], [ -87.606895, 41.824002 ], [ -87.612624, 41.823891 ], [ -87.611627, 41.827536 ], [ -87.610613, 41.831186 ] ] ] } },
{ "type": "Feature", "properties": { "GEOID": "17031380100", "population": 1928, "perCapitaIncome": 68490, "natureObs2023": 4, "communityArea": 38, "index": 404 }, "geometry": { "type": "Polygon", "coordinates": [ [ [ -87.613763, 41.818484 ], [ -87.612896, 41.82268 ], [ -87.612624, 41.823891 ], [ -87.606895, 41.824002 ], [ -87.606515, 41.82337 ], [ -87.606708, 41.816814 ], [ -87.611642, 41.816729 ], [ -87.61409, 41.816683 ], [ -87.613938, 41.817582 ], [ -87.613763, 41.818484 ] ] ] } },
{ "type": "Feature", "properties": { "GEOID": "17031380200", "population": 1723, "perCapitaIncome": 26290, "natureObs2023": 1, "communityArea": 38, "index": 405 }, "geometry": { "type": "Polygon", "coordinates": [ [ [ -87.612624, 41.823891 ], [ -87.612896, 41.82268 ], [ -87.613763, 41.818484 ], [ -87.613938, 41.817582 ], [ -87.61409, 41.816683 ], [ -87.616529, 41.816638 ], [ -87.616558, 41.817539 ], [ -87.616583, 41.818438 ], [ -87.616633, 41.820238 ], [ -87.616702, 41.822652 ], [ -87.616732, 41.823838 ], [ -87.612624, 41.823891 ] ] ] } },
{ "type": "Feature", "properties": { "GEOID": "17031380600", "population": 4025, "perCapitaIncome": 33367, "natureObs2023": 0, "communityArea": 38, "index": 406 }, "geometry": { "type": "Polygon", "coordinates": [ [ [ -87.628968, 41.823681 ], [ -87.628618, 41.823685 ], [ -87.626422, 41.823714 ], [ -87.621602, 41.823775 ], [ -87.618214, 41.823817 ], [ -87.617259, 41.82383 ], [ -87.616732, 41.823838 ], [ -87.616702, 41.822652 ], [ -87.616633, 41.820238 ], [ -87.616583, 41.818438 ], [ -87.616558, 41.817539 ], [ -87.616529, 41.816638 ], [ -87.616792, 41.816635 ], [ -87.621407, 41.816564 ], [ -87.626271, 41.81649 ], [ -87.629126, 41.816451 ], [ -87.629191, 41.819161 ], [ -87.629357, 41.823676 ], [ -87.628968, 41.823681 ] ] ] } },
{ "type": "Feature", "properties": { "GEOID": "17031381200", "population": 1906, "perCapitaIncome": 43864, "natureObs2023": 0, "communityArea": 38, "index": 407 }, "geometry": { "type": "Polygon", "coordinates": [ [ [ -87.61654, 41.807563 ], [ -87.616639, 41.811197 ], [ -87.613831, 41.811242 ], [ -87.611499, 41.81128 ], [ -87.611371, 41.805822 ], [ -87.612587, 41.805803 ], [ -87.613867, 41.805783 ], [ -87.616496, 41.805742 ], [ -87.61676, 41.805738 ], [ -87.616802, 41.807559 ], [ -87.61654, 41.807563 ] ] ] } },
{ "type": "Feature", "properties": { "GEOID": "17031381400", "population": 1615, "perCapitaIncome": 28172, "natureObs2023": 0, "communityArea": 38, "index": 408 }, "geometry": { "type": "Polygon", "coordinates": [ [ [ -87.619593, 41.809336 ], [ -87.619642, 41.811151 ], [ -87.618204, 41.811173 ], [ -87.618153, 41.809359 ], [ -87.618107, 41.807538 ], [ -87.616802, 41.807559 ], [ -87.61676, 41.805738 ], [ -87.624685, 41.805617 ], [ -87.625984, 41.805633 ], [ -87.626085, 41.809236 ], [ -87.619593, 41.809336 ] ] ] } },
{ "type": "Feature", "properties": { "GEOID": "17031381500", "population": 670, "perCapitaIncome": 30870, "natureObs2023": 0, "communityArea": 38, "index": 409 }, "geometry": { "type": "Polygon", "coordinates": [ [ [ -87.62126, 41.811125 ], [ -87.619642, 41.811151 ], [ -87.619593, 41.809336 ], [ -87.626085, 41.809236 ], [ -87.62613, 41.811054 ], [ -87.62126, 41.811125 ] ] ] } },
{ "type": "Feature", "properties": { "GEOID": "17031381700", "population": 0, "perCapitaIncome": null, "natureObs2023": 0, "communityArea": 38, "index": 410 }, "geometry": { "type": "Polygon", "coordinates": [ [ [ -87.626085, 41.809236 ], [ -87.625984, 41.805633 ], [ -87.62589, 41.801946 ], [ -87.628831, 41.801892 ], [ -87.628916, 41.809185 ], [ -87.626085, 41.809236 ] ] ] } },
{ "type": "Feature", "properties": { "GEOID": "17031381800", "population": 1483, "perCapitaIncome": 30475, "natureObs2023": 1, "communityArea": 38, "index": 411 }, "geometry": { "type": "Polygon", "coordinates": [ [ [ -87.624685, 41.805617 ], [ -87.61676, 41.805738 ], [ -87.616496, 41.805742 ], [ -87.616451, 41.803922 ], [ -87.616526, 41.802098 ], [ -87.617747, 41.802079 ], [ -87.624273, 41.801973 ], [ -87.62589, 41.801946 ], [ -87.625984, 41.805633 ], [ -87.624685, 41.805617 ] ] ] } },
{ "type": "Feature", "properties": { "GEOID": "17031381900", "population": 1348, "perCapitaIncome": 33715, "natureObs2023": 3, "communityArea": 38, "index": 412 }, "geometry": { "type": "Polygon", "coordinates": [ [ [ -87.616496, 41.805742 ], [ -87.613867, 41.805783 ], [ -87.612587, 41.805803 ], [ -87.611371, 41.805822 ], [ -87.611328, 41.804002 ], [ -87.611286, 41.802169 ], [ -87.614192, 41.802126 ], [ -87.614968, 41.802115 ], [ -87.616111, 41.802103 ], [ -87.616526, 41.802098 ], [ -87.616451, 41.803922 ], [ -87.616496, 41.805742 ] ] ] } },
{ "type": "Feature", "properties": { "GEOID": "17031390100", "population": 1854, "perCapitaIncome": 51240, "natureObs2023": 91, "communityArea": 39, "index": 413 }, "geometry": { "type": "Polygon", "coordinates": [ [ [ -87.596664, 41.816841 ], [ -87.592463, 41.816938 ], [ -87.587786, 41.811216 ], [ -87.589312, 41.810745 ], [ -87.592432, 41.809686 ], [ -87.596832, 41.809642 ], [ -87.596854, 41.814147 ], [ -87.598882, 41.816905 ], [ -87.596664, 41.816841 ] ] ] } },
{ "type": "Feature", "properties": { "GEOID": "17031390200", "population": 2178, "perCapitaIncome": 65175, "natureObs2023": 2, "communityArea": 39, "index": 414 }, "geometry": { "type": "Polygon", "coordinates": [ [ [ -87.60063, 41.816884 ], [ -87.599417, 41.816895 ], [ -87.598882, 41.816905 ], [ -87.596854, 41.814147 ], [ -87.596832, 41.809642 ], [ -87.599265, 41.809614 ], [ -87.6017, 41.809588 ], [ -87.601722, 41.810655 ], [ -87.601852, 41.81687 ], [ -87.60063, 41.816884 ] ] ] } },
{ "type": "Feature", "properties": { "GEOID": "17031390300", "population": 2664, "perCapitaIncome": 30897, "natureObs2023": 5, "communityArea": 39, "index": 415 }, "geometry": { "type": "Polygon", "coordinates": [ [ [ -87.604064, 41.816846 ], [ -87.601852, 41.81687 ], [ -87.601722, 41.810655 ], [ -87.6017, 41.809588 ], [ -87.603897, 41.809565 ], [ -87.606565, 41.809533 ], [ -87.606605, 41.811354 ], [ -87.606708, 41.816814 ], [ -87.604064, 41.816846 ] ] ] } },
{ "type": "Feature", "properties": { "GEOID": "17031390400", "population": 2289, "perCapitaIncome": 73418, "natureObs2023": 2, "communityArea": 39, "index": 416 }, "geometry": { "type": "Polygon", "coordinates": [ [ [ -87.603897, 41.809565 ], [ -87.6017, 41.809588 ], [ -87.601629, 41.805948 ], [ -87.601558, 41.802313 ], [ -87.603784, 41.802286 ], [ -87.606407, 41.802251 ], [ -87.606565, 41.809533 ], [ -87.603897, 41.809565 ] ] ] } },
{ "type": "Feature", "properties": { "GEOID": "17031390500", "population": 1766, "perCapitaIncome": 107008, "natureObs2023": 14, "communityArea": 39, "index": 417 }, "geometry": { "type": "Polygon", "coordinates": [ [ [ -87.599265, 41.809614 ], [ -87.596832, 41.809642 ], [ -87.5968, 41.807825 ], [ -87.596768, 41.806003 ], [ -87.596737, 41.804181 ], [ -87.596707, 41.802366 ], [ -87.601367, 41.802315 ], [ -87.601558, 41.802313 ], [ -87.601629, 41.805948 ], [ -87.6017, 41.809588 ], [ -87.599265, 41.809614 ] ] ] } },
{ "type": "Feature", "properties": { "GEOID": "17031390600", "population": 1824, "perCapitaIncome": 78185, "natureObs2023": 12, "communityArea": 39, "index": 418 }, "geometry": { "type": "Polygon", "coordinates": [ [ [ -87.592432, 41.809686 ], [ -87.59207, 41.809383 ], [ -87.591916, 41.806054 ], [ -87.591882, 41.804235 ], [ -87.591852, 41.802421 ], [ -87.596707, 41.802366 ], [ -87.596737, 41.804181 ], [ -87.596768, 41.806003 ], [ -87.5968, 41.807825 ], [ -87.596832, 41.809642 ], [ -87.592432, 41.809686 ] ] ] } },
{ "type": "Feature", "properties": { "GEOID": "17031390700", "population": 6062, "perCapitaIncome": 68220, "natureObs2023": 74, "communityArea": 39, "index": 419 }, "geometry": { "type": "Polygon", "coordinates": [ [ [ -87.589312, 41.810745 ], [ -87.587786, 41.811216 ], [ -87.586976, 41.810225 ], [ -87.583667, 41.806175 ], [ -87.582187, 41.804364 ], [ -87.582036, 41.80395 ], [ -87.581509, 41.802512 ], [ -87.581947, 41.802443 ], [ -87.586441, 41.802492 ], [ -87.587557, 41.802479 ], [ -87.587861, 41.802475 ], [ -87.591852, 41.802421 ], [ -87.591882, 41.804235 ], [ -87.591916, 41.806054 ], [ -87.59207, 41.809383 ], [ -87.592432, 41.809686 ], [ -87.589312, 41.810745 ] ] ] } },
{ "type": "Feature", "properties": { "GEOID": "17031400300", "population": 1361, "perCapitaIncome": 39342, "natureObs2023": 556, "communityArea": 40, "index": 420 }, "geometry": { "type": "Polygon", "coordinates": [ [ [ -87.619639, 41.798399 ], [ -87.617697, 41.798436 ], [ -87.616074, 41.798465 ], [ -87.613933, 41.79845 ], [ -87.606318, 41.798613 ], [ -87.606216, 41.794965 ], [ -87.606059, 41.78713 ], [ -87.606037, 41.785874 ], [ -87.610918, 41.785788 ], [ -87.61576, 41.785699 ], [ -87.615802, 41.787523 ], [ -87.615889, 41.791172 ], [ -87.615981, 41.794801 ], [ -87.620846, 41.794723 ], [ -87.625701, 41.794643 ], [ -87.625792, 41.798114 ], [ -87.619639, 41.798399 ] ] ] } },
{ "type": "Feature", "properties": { "GEOID": "17031400400", "population": 2204, "perCapitaIncome": 20415, "natureObs2023": 2, "communityArea": 40, "index": 421 }, "geometry": { "type": "Polygon", "coordinates": [ [ [ -87.615981, 41.794801 ], [ -87.615889, 41.791172 ], [ -87.615802, 41.787523 ], [ -87.619045, 41.787472 ], [ -87.620658, 41.787445 ], [ -87.620754, 41.791092 ], [ -87.620846, 41.794723 ], [ -87.615981, 41.794801 ] ] ] } },
{ "type": "Feature", "properties": { "GEOID": "17031400500", "population": 2634, "perCapitaIncome": 24627, "natureObs2023": 0, "communityArea": 40, "index": 422 }, "geometry": { "type": "Polygon", "coordinates": [ [ [ -87.620846, 41.794723 ], [ -87.620754, 41.791092 ], [ -87.620658, 41.787445 ], [ -87.625513, 41.787362 ], [ -87.625562, 41.789187 ], [ -87.625701, 41.794643 ], [ -87.620846, 41.794723 ] ] ] } },
{ "type": "Feature", "properties": { "GEOID": "17031400800", "population": 2768, "perCapitaIncome": 13464, "natureObs2023": 0, "communityArea": 40, "index": 423 }, "geometry": { "type": "Polygon", "coordinates": [ [ [ -87.620613, 41.785615 ], [ -87.61576, 41.785699 ], [ -87.615672, 41.782074 ], [ -87.615622, 41.780239 ], [ -87.620412, 41.780108 ], [ -87.620834, 41.780058 ], [ -87.625375, 41.780058 ], [ -87.625404, 41.78321 ], [ -87.625466, 41.785537 ], [ -87.620613, 41.785615 ] ] ] } },
{ "type": "Feature", "properties": { "GEOID": "17031410100", "population": 2251, "perCapitaIncome": 57785, "natureObs2023": 42, "communityArea": 41, "index": 424 }, "geometry": { "type": "Polygon", "coordinates": [ [ [ -87.587861, 41.802475 ], [ -87.587557, 41.802479 ], [ -87.586441, 41.802492 ], [ -87.581947, 41.802443 ], [ -87.581509, 41.802512 ], [ -87.580865, 41.800753 ], [ -87.580823, 41.800638 ], [ -87.58232, 41.799645 ], [ -87.58551, 41.799592 ], [ -87.587021, 41.799566 ], [ -87.58731, 41.799564 ], [ -87.587497, 41.801029 ], [ -87.591821, 41.800976 ], [ -87.591852, 41.802421 ], [ -87.587861, 41.802475 ] ] ] } },
{ "type": "Feature", "properties": { "GEOID": "17031410200", "population": 1281, "perCapitaIncome": 59891, "natureObs2023": 5, "communityArea": 41, "index": 425 }, "geometry": { "type": "Polygon", "coordinates": [ [ [ -87.591852, 41.802421 ], [ -87.591821, 41.800976 ], [ -87.596677, 41.800923 ], [ -87.596707, 41.802366 ], [ -87.591852, 41.802421 ] ] ] } },
{ "type": "Feature", "properties": { "GEOID": "17031410500", "population": 3405, "perCapitaIncome": 43964, "natureObs2023": 30, "communityArea": 41, "index": 426 }, "geometry": { "type": "Polygon", "coordinates": [ [ [ -87.60394, 41.80047 ], [ -87.603947, 41.800839 ], [ -87.601337, 41.800871 ], [ -87.601271, 41.797934 ], [ -87.601227, 41.795341 ], [ -87.60131, 41.795015 ], [ -87.603752, 41.794989 ], [ -87.606216, 41.794965 ], [ -87.606318, 41.798613 ], [ -87.606353, 41.800434 ], [ -87.60394, 41.80047 ] ] ] } },
{ "type": "Feature", "properties": { "GEOID": "17031410600", "population": 2249, "perCapitaIncome": 63640, "natureObs2023": 20, "communityArea": 41, "index": 427 }, "geometry": { "type": "Polygon", "coordinates": [ [ [ -87.596677, 41.800923 ], [ -87.59661, 41.797987 ], [ -87.596544, 41.795066 ], [ -87.60131, 41.795015 ], [ -87.601227, 41.795341 ], [ -87.601271, 41.797934 ], [ -87.601337, 41.800871 ], [ -87.596677, 41.800923 ] ] ] } },
{ "type": "Feature", "properties": { "GEOID": "17031410700", "population": 2541, "perCapitaIncome": 41152, "natureObs2023": 67, "communityArea": 41, "index": 428 }, "geometry": { "type": "Polygon", "coordinates": [ [ [ -87.591821, 41.800976 ], [ -87.591786, 41.799512 ], [ -87.591748, 41.798046 ], [ -87.592085, 41.795448 ], [ -87.593349, 41.795111 ], [ -87.596544, 41.795066 ], [ -87.59661, 41.797987 ], [ -87.596677, 41.800923 ], [ -87.591821, 41.800976 ] ] ] } },
{ "type": "Feature", "properties": { "GEOID": "17031410800", "population": 2890, "perCapitaIncome": 59513, "natureObs2023": 91, "communityArea": 41, "index": 429 }, "geometry": { "type": "Polygon", "coordinates": [ [ [ -87.591748, 41.798046 ], [ -87.591786, 41.799512 ], [ -87.591821, 41.800976 ], [ -87.587497, 41.801029 ], [ -87.58731, 41.799564 ], [ -87.587242, 41.798096 ], [ -87.587507, 41.795185 ], [ -87.589011, 41.795255 ], [ -87.591676, 41.794784 ], [ -87.593349, 41.795111 ], [ -87.592085, 41.795448 ], [ -87.591748, 41.798046 ] ] ] } },
{ "type": "Feature", "properties": { "GEOID": "17031410900", "population": 3527, "perCapitaIncome": 57431, "natureObs2023": 229, "communityArea": 41, "index": 430 }, "geometry": { "type": "Polygon", "coordinates": [ [ [ -87.587242, 41.798096 ], [ -87.58731, 41.799564 ], [ -87.587021, 41.799566 ], [ -87.58551, 41.799592 ], [ -87.58232, 41.799645 ], [ -87.580823, 41.800638 ], [ -87.580817, 41.800621 ], [ -87.580161, 41.798829 ], [ -87.576916, 41.79694 ], [ -87.575801, 41.796291 ], [ -87.576208, 41.795163 ], [ -87.582538, 41.795243 ], [ -87.585411, 41.795212 ], [ -87.587265, 41.795188 ], [ -87.587507, 41.795185 ], [ -87.587242, 41.798096 ] ] ] } },
{ "type": "Feature", "properties": { "GEOID": "17031411000", "population": 3931, "perCapitaIncome": 101478, "natureObs2023": 968, "communityArea": 41, "index": 431 }, "geometry": { "type": "Polygon", "coordinates": [ [ [ -87.58831, 41.791541 ], [ -87.587944, 41.793358 ], [ -87.587507, 41.795185 ], [ -87.587265, 41.795188 ], [ -87.585411, 41.795212 ], [ -87.582538, 41.795243 ], [ -87.576208, 41.795163 ], [ -87.576255, 41.795033 ], [ -87.579498, 41.793433 ], [ -87.577867, 41.789604 ], [ -87.577375, 41.788447 ], [ -87.57736, 41.788414 ], [ -87.577293, 41.788255 ], [ -87.576399, 41.786157 ], [ -87.583498, 41.785923 ], [ -87.586595, 41.786143 ], [ -87.586635, 41.787901 ], [ -87.589128, 41.787876 ], [ -87.588987, 41.791526 ], [ -87.58831, 41.791541 ] ] ] } },
{ "type": "Feature", "properties": { "GEOID": "17031411100", "population": 2388, "perCapitaIncome": 69972, "natureObs2023": 57, "communityArea": 41, "index": 432 }, "geometry": { "type": "Polygon", "coordinates": [ [ [ -87.589011, 41.795255 ], [ -87.587507, 41.795185 ], [ -87.587944, 41.793358 ], [ -87.58831, 41.791541 ], [ -87.588987, 41.791526 ], [ -87.589128, 41.787876 ], [ -87.586635, 41.787901 ], [ -87.586595, 41.786143 ], [ -87.589308, 41.786118 ], [ -87.590342, 41.786106 ], [ -87.591475, 41.786096 ], [ -87.591596, 41.791498 ], [ -87.591676, 41.794784 ], [ -87.589011, 41.795255 ] ] ] } },
{ "type": "Feature", "properties": { "GEOID": "17031411200", "population": 1643, "perCapitaIncome": 113769, "natureObs2023": 117, "communityArea": 41, "index": 433 }, "geometry": { "type": "Polygon", "coordinates": [ [ [ -87.593349, 41.795111 ], [ -87.591676, 41.794784 ], [ -87.591596, 41.791498 ], [ -87.591475, 41.786096 ], [ -87.596332, 41.786014 ], [ -87.596372, 41.787805 ], [ -87.596457, 41.791447 ], [ -87.596544, 41.795066 ], [ -87.593349, 41.795111 ] ] ] } },
{ "type": "Feature", "properties": { "GEOID": "17031420100", "population": 1629, "perCapitaIncome": 21034, "natureObs2023": 1485, "communityArea": 42, "index": 434 }, "geometry": { "type": "Polygon", "coordinates": [ [ [ -87.590342, 41.786106 ], [ -87.589308, 41.786118 ], [ -87.586595, 41.786143 ], [ -87.583498, 41.785923 ], [ -87.576399, 41.786157 ], [ -87.576347, 41.786034 ], [ -87.574224, 41.782655 ], [ -87.572305, 41.781061 ], [ -87.572407, 41.780744 ], [ -87.575817, 41.781389 ], [ -87.575235, 41.780714 ], [ -87.579498, 41.779757 ], [ -87.586458, 41.780619 ], [ -87.588973, 41.780581 ], [ -87.591528, 41.780566 ], [ -87.59029, 41.783353 ], [ -87.590342, 41.786106 ] ] ] } },
{ "type": "Feature", "properties": { "GEOID": "17031420200", "population": 1796, "perCapitaIncome": 25601, "natureObs2023": 6, "communityArea": 42, "index": 435 }, "geometry": { "type": "Polygon", "coordinates": [ [ [ -87.591475, 41.786096 ], [ -87.590342, 41.786106 ], [ -87.59029, 41.783353 ], [ -87.591528, 41.780566 ], [ -87.596204, 41.780522 ], [ -87.596332, 41.786014 ], [ -87.591475, 41.786096 ] ] ] } },
{ "type": "Feature", "properties": { "GEOID": "17031420300", "population": 2495, "perCapitaIncome": 21793, "natureObs2023": 44, "communityArea": 42, "index": 436 }, "geometry": { "type": "Polygon", "coordinates": [ [ [ -87.596332, 41.786014 ], [ -87.596204, 41.780522 ], [ -87.597824, 41.780504 ], [ -87.600459, 41.780475 ], [ -87.601068, 41.780468 ], [ -87.601148, 41.784111 ], [ -87.601191, 41.785928 ], [ -87.596332, 41.786014 ] ] ] } },
{ "type": "Feature", "properties": { "GEOID": "17031420400", "population": 1327, "perCapitaIncome": 25685, "natureObs2023": 6, "communityArea": 42, "index": 437 }, "geometry": { "type": "Polygon", "coordinates": [ [ [ -87.601191, 41.785928 ], [ -87.601148, 41.784111 ], [ -87.601068, 41.780468 ], [ -87.60593, 41.78041 ], [ -87.606009, 41.784058 ], [ -87.606037, 41.785874 ], [ -87.601191, 41.785928 ] ] ] } },
{ "type": "Feature", "properties": { "GEOID": "17031420500", "population": 2040, "perCapitaIncome": 23347, "natureObs2023": 5, "communityArea": 42, "index": 438 }, "geometry": { "type": "Polygon", "coordinates": [ [ [ -87.606037, 41.785874 ], [ -87.606009, 41.784058 ], [ -87.60593, 41.78041 ], [ -87.60958, 41.780347 ], [ -87.610802, 41.780325 ], [ -87.610843, 41.782147 ], [ -87.610884, 41.783969 ], [ -87.610918, 41.785788 ], [ -87.606037, 41.785874 ] ] ] } },
{ "type": "Feature", "properties": { "GEOID": "17031420600", "population": 2663, "perCapitaIncome": 23872, "natureObs2023": 3, "communityArea": 42, "index": 439 }, "geometry": { "type": "Polygon", "coordinates": [ [ [ -87.610918, 41.785788 ], [ -87.610884, 41.783969 ], [ -87.610843, 41.782147 ], [ -87.610802, 41.780325 ], [ -87.613206, 41.780282 ], [ -87.615622, 41.780239 ], [ -87.615672, 41.782074 ], [ -87.61576, 41.785699 ], [ -87.610918, 41.785788 ] ] ] } },
{ "type": "Feature", "properties": { "GEOID": "17031420700", "population": 2274, "perCapitaIncome": 24800, "natureObs2023": 97, "communityArea": 42, "index": 440 }, "geometry": { "type": "Polygon", "coordinates": [ [ [ -87.613206, 41.780282 ], [ -87.610802, 41.780325 ], [ -87.60958, 41.780347 ], [ -87.60593, 41.78041 ], [ -87.605849, 41.776778 ], [ -87.605769, 41.773141 ], [ -87.60941, 41.773078 ], [ -87.613045, 41.773012 ], [ -87.61545, 41.77297 ], [ -87.615622, 41.780239 ], [ -87.613206, 41.780282 ] ] ] } },
{ "type": "Feature", "properties": { "GEOID": "17031420800", "population": 2322, "perCapitaIncome": 28739, "natureObs2023": 10, "communityArea": 42, "index": 441 }, "geometry": { "type": "Polygon", "coordinates": [ [ [ -87.601068, 41.780468 ], [ -87.600459, 41.780475 ], [ -87.600374, 41.776836 ], [ -87.600983, 41.77683 ], [ -87.600902, 41.773188 ], [ -87.605769, 41.773141 ], [ -87.605849, 41.776778 ], [ -87.60593, 41.78041 ], [ -87.601068, 41.780468 ] ] ] } },
{ "type": "Feature", "properties": { "GEOID": "17031421200", "population": 1986, "perCapitaIncome": 14817, "natureObs2023": 12, "communityArea": 42, "index": 442 }, "geometry": { "type": "Polygon", "coordinates": [ [ [ -87.60941, 41.773078 ], [ -87.605769, 41.773141 ], [ -87.605727, 41.771322 ], [ -87.605662, 41.768501 ], [ -87.605586, 41.765881 ], [ -87.610517, 41.769406 ], [ -87.612181, 41.770582 ], [ -87.61545, 41.77297 ], [ -87.613045, 41.773012 ], [ -87.60941, 41.773078 ] ] ] } },
{ "type": "Feature", "properties": { "GEOID": "17031430101", "population": 3468, "perCapitaIncome": 27870, "natureObs2023": 1, "communityArea": 43, "index": 443 }, "geometry": { "type": "Polygon", "coordinates": [ [ [ -87.571617, 41.773502 ], [ -87.57156, 41.771679 ], [ -87.571509, 41.769854 ], [ -87.571456, 41.768029 ], [ -87.571397, 41.766262 ], [ -87.576302, 41.766214 ], [ -87.576348, 41.767981 ], [ -87.576398, 41.769801 ], [ -87.576448, 41.771629 ], [ -87.576487, 41.773456 ], [ -87.571617, 41.773502 ] ] ] } },
{ "type": "Feature", "properties": { "GEOID": "17031430102", "population": 3542, "perCapitaIncome": 33599, "natureObs2023": 39, "communityArea": 43, "index": 444 }, "geometry": { "type": "Polygon", "coordinates": [ [ [ -87.568243, 41.769887 ], [ -87.566548, 41.769906 ], [ -87.566811, 41.773559 ], [ -87.566138, 41.773594 ], [ -87.563409, 41.771162 ], [ -87.560399, 41.76848 ], [ -87.560363, 41.768448 ], [ -87.560442, 41.766342 ], [ -87.564705, 41.766313 ], [ -87.566484, 41.766318 ], [ -87.568151, 41.766296 ], [ -87.571397, 41.766262 ], [ -87.571456, 41.768029 ], [ -87.571509, 41.769854 ], [ -87.568243, 41.769887 ] ] ] } },
{ "type": "Feature", "properties": { "GEOID": "17031430200", "population": 5455, "perCapitaIncome": 44557, "natureObs2023": 5, "communityArea": 43, "index": 445 }, "geometry": { "type": "Polygon", "coordinates": [ [ [ -87.586238, 41.769698 ], [ -87.586296, 41.773339 ], [ -87.583861, 41.773361 ], [ -87.581414, 41.77339 ], [ -87.58018, 41.773405 ], [ -87.576487, 41.773456 ], [ -87.576448, 41.771629 ], [ -87.576398, 41.769801 ], [ -87.576348, 41.767981 ], [ -87.576302, 41.766214 ], [ -87.579375, 41.766182 ], [ -87.579988, 41.766185 ], [ -87.582445, 41.766153 ], [ -87.586329, 41.766121 ], [ -87.586377, 41.768651 ], [ -87.586238, 41.769698 ] ] ] } },
{ "type": "Feature", "properties": { "GEOID": "17031430300", "population": 2611, "perCapitaIncome": 22851, "natureObs2023": 1, "communityArea": 43, "index": 446 }, "geometry": { "type": "Polygon", "coordinates": [ [ [ -87.592221, 41.773275 ], [ -87.591169, 41.773285 ], [ -87.586296, 41.773339 ], [ -87.586238, 41.769698 ], [ -87.586377, 41.768651 ], [ -87.586329, 41.766121 ], [ -87.58945, 41.766118 ], [ -87.590994, 41.766015 ], [ -87.592445, 41.766011 ], [ -87.592845, 41.770565 ], [ -87.592221, 41.773275 ] ] ] } },
{ "type": "Feature", "properties": { "GEOID": "17031430400", "population": 2999, "perCapitaIncome": 27259, "natureObs2023": 1, "communityArea": 43, "index": 447 }, "geometry": { "type": "Polygon", "coordinates": [ [ [ -87.59472, 41.762345 ], [ -87.593324, 41.762354 ], [ -87.593374, 41.764177 ], [ -87.593826, 41.766004 ], [ -87.592445, 41.766011 ], [ -87.590994, 41.766015 ], [ -87.58945, 41.766118 ], [ -87.586329, 41.766121 ], [ -87.586281, 41.764233 ], [ -87.586232, 41.76241 ], [ -87.586185, 41.760589 ], [ -87.586136, 41.758764 ], [ -87.588368, 41.758745 ], [ -87.5908, 41.758724 ], [ -87.595523, 41.758696 ], [ -87.59513, 41.760556 ], [ -87.59472, 41.762345 ] ] ] } },
{ "type": "Feature", "properties": { "GEOID": "17031430500", "population": 3882, "perCapitaIncome": 30630, "natureObs2023": 0, "communityArea": 43, "index": 448 }, "geometry": { "type": "Polygon", "coordinates": [ [ [ -87.582445, 41.766153 ], [ -87.579988, 41.766185 ], [ -87.579375, 41.766182 ], [ -87.576302, 41.766214 ], [ -87.576261, 41.764331 ], [ -87.576221, 41.762515 ], [ -87.579286, 41.762481 ], [ -87.582344, 41.76245 ], [ -87.586232, 41.76241 ], [ -87.586281, 41.764233 ], [ -87.586329, 41.766121 ], [ -87.582445, 41.766153 ] ] ] } },
{ "type": "Feature", "properties": { "GEOID": "17031430600", "population": 2218, "perCapitaIncome": 35642, "natureObs2023": 4, "communityArea": 43, "index": 449 }, "geometry": { "type": "Polygon", "coordinates": [ [ [ -87.571397, 41.766262 ], [ -87.568151, 41.766296 ], [ -87.566484, 41.766318 ], [ -87.566506, 41.76599 ], [ -87.566487, 41.764435 ], [ -87.56645, 41.762619 ], [ -87.567665, 41.762606 ], [ -87.571302, 41.762567 ], [ -87.576221, 41.762515 ], [ -87.576261, 41.764331 ], [ -87.576302, 41.766214 ], [ -87.571397, 41.766262 ] ] ] } },
{ "type": "Feature", "properties": { "GEOID": "17031430700", "population": 2256, "perCapitaIncome": 26781, "natureObs2023": 4, "communityArea": 43, "index": 450 }, "geometry": { "type": "Polygon", "coordinates": [ [ [ -87.566484, 41.766318 ], [ -87.564705, 41.766313 ], [ -87.560442, 41.766342 ], [ -87.560473, 41.765524 ], [ -87.560453, 41.765508 ], [ -87.559776, 41.764974 ], [ -87.559449, 41.764717 ], [ -87.559598, 41.76458 ], [ -87.563295, 41.7627 ], [ -87.563767, 41.762653 ], [ -87.56645, 41.762619 ], [ -87.566487, 41.764435 ], [ -87.566506, 41.76599 ], [ -87.566484, 41.766318 ] ] ] } },
{ "type": "Feature", "properties": { "GEOID": "17031430800", "population": 2016, "perCapitaIncome": 37086, "natureObs2023": 0, "communityArea": 43, "index": 451 }, "geometry": { "type": "Polygon", "coordinates": [ [ [ -87.571302, 41.762567 ], [ -87.567665, 41.762606 ], [ -87.56645, 41.762619 ], [ -87.566412, 41.760803 ], [ -87.566373, 41.758988 ], [ -87.567591, 41.758974 ], [ -87.571246, 41.758934 ], [ -87.576142, 41.758876 ], [ -87.576182, 41.760697 ], [ -87.576221, 41.762515 ], [ -87.571302, 41.762567 ] ] ] } },
{ "type": "Feature", "properties": { "GEOID": "17031430900", "population": 1681, "perCapitaIncome": 32863, "natureObs2023": 0, "communityArea": 43, "index": 452 }, "geometry": { "type": "Polygon", "coordinates": [ [ [ -87.582344, 41.76245 ], [ -87.579286, 41.762481 ], [ -87.576221, 41.762515 ], [ -87.576182, 41.760697 ], [ -87.576142, 41.758876 ], [ -87.581042, 41.758822 ], [ -87.585738, 41.758768 ], [ -87.586136, 41.758764 ], [ -87.586185, 41.760589 ], [ -87.586232, 41.76241 ], [ -87.582344, 41.76245 ] ] ] } },
{ "type": "Feature", "properties": { "GEOID": "17031431200", "population": 2399, "perCapitaIncome": 33688, "natureObs2023": 0, "communityArea": 43, "index": 453 }, "geometry": { "type": "Polygon", "coordinates": [ [ [ -87.571246, 41.758934 ], [ -87.567591, 41.758974 ], [ -87.566373, 41.758988 ], [ -87.566335, 41.757158 ], [ -87.566303, 41.755361 ], [ -87.566269, 41.753546 ], [ -87.566238, 41.752183 ], [ -87.566233, 41.751728 ], [ -87.571106, 41.751668 ], [ -87.575982, 41.751606 ], [ -87.576066, 41.755242 ], [ -87.576142, 41.758876 ], [ -87.571246, 41.758934 ] ] ] } },
{ "type": "Feature", "properties": { "GEOID": "17031431301", "population": 3555, "perCapitaIncome": 20824, "natureObs2023": 0, "communityArea": 43, "index": 454 }, "geometry": { "type": "Polygon", "coordinates": [ [ [ -87.558517, 41.755458 ], [ -87.556128, 41.755489 ], [ -87.552288, 41.751919 ], [ -87.554072, 41.751895 ], [ -87.555321, 41.751879 ], [ -87.555932, 41.751871 ], [ -87.558445, 41.751836 ], [ -87.561386, 41.751795 ], [ -87.562597, 41.751779 ], [ -87.565019, 41.751746 ], [ -87.566233, 41.751728 ], [ -87.566238, 41.752183 ], [ -87.566269, 41.753546 ], [ -87.566303, 41.755361 ], [ -87.558517, 41.755458 ] ] ] } },
{ "type": "Feature", "properties": { "GEOID": "17031431302", "population": 3788, "perCapitaIncome": 29355, "natureObs2023": 1, "communityArea": 43, "index": 455 }, "geometry": { "type": "Polygon", "coordinates": [ [ [ -87.563767, 41.762653 ], [ -87.563295, 41.7627 ], [ -87.561696, 41.760925 ], [ -87.560057, 41.75912 ], [ -87.558065, 41.757283 ], [ -87.556128, 41.755489 ], [ -87.558517, 41.755458 ], [ -87.566303, 41.755361 ], [ -87.566335, 41.757158 ], [ -87.566373, 41.758988 ], [ -87.566412, 41.760803 ], [ -87.56645, 41.762619 ], [ -87.563767, 41.762653 ] ] ] } },
{ "type": "Feature", "properties": { "GEOID": "17031431400", "population": 7565, "perCapitaIncome": 28668, "natureObs2023": 156, "communityArea": 43, "index": 456 }, "geometry": { "type": "Polygon", "coordinates": [ [ [ -87.559598, 41.76458 ], [ -87.559449, 41.764717 ], [ -87.557968, 41.76355 ], [ -87.557531, 41.763205 ], [ -87.555988, 41.761989 ], [ -87.555325, 41.761467 ], [ -87.554196, 41.760577 ], [ -87.550054, 41.759313 ], [ -87.547517, 41.758538 ], [ -87.543882, 41.759965 ], [ -87.540749, 41.75726 ], [ -87.544488, 41.754822 ], [ -87.544419, 41.754662 ], [ -87.547703, 41.754753 ], [ -87.552246, 41.751919 ], [ -87.552288, 41.751919 ], [ -87.556128, 41.755489 ], [ -87.558065, 41.757283 ], [ -87.560057, 41.75912 ], [ -87.561696, 41.760925 ], [ -87.563295, 41.7627 ], [ -87.559598, 41.76458 ] ] ] } },
{ "type": "Feature", "properties": { "GEOID": "17031440101", "population": 3986, "perCapitaIncome": 22501, "natureObs2023": 0, "communityArea": 44, "index": 457 }, "geometry": { "type": "Polygon", "coordinates": [ [ [ -87.601547, 41.751327 ], [ -87.597915, 41.751364 ], [ -87.597235, 41.751369 ], [ -87.597849, 41.747691 ], [ -87.598269, 41.745867 ], [ -87.598938, 41.745859 ], [ -87.598895, 41.745407 ], [ -87.601392, 41.745836 ], [ -87.605084, 41.745798 ], [ -87.605135, 41.747627 ], [ -87.605189, 41.749457 ], [ -87.605215, 41.751286 ], [ -87.601547, 41.751327 ] ] ] } },
{ "type": "Feature", "properties": { "GEOID": "17031440102", "population": 3320, "perCapitaIncome": 24739, "natureObs2023": 0, "communityArea": 44, "index": 458 }, "geometry": { "type": "Polygon", "coordinates": [ [ [ -87.601392, 41.745836 ], [ -87.598895, 41.745407 ], [ -87.598938, 41.745859 ], [ -87.598269, 41.745867 ], [ -87.5987, 41.744047 ], [ -87.597589, 41.740743 ], [ -87.595308, 41.736783 ], [ -87.600545, 41.736708 ], [ -87.601188, 41.736698 ], [ -87.604823, 41.736649 ], [ -87.604927, 41.74027 ], [ -87.605033, 41.74397 ], [ -87.605084, 41.745798 ], [ -87.601392, 41.745836 ] ] ] } },
{ "type": "Feature", "properties": { "GEOID": "17031440201", "population": 6096, "perCapitaIncome": 23411, "natureObs2023": 0, "communityArea": 44, "index": 459 }, "geometry": { "type": "Polygon", "coordinates": [ [ [ -87.612502, 41.751159 ], [ -87.610082, 41.751199 ], [ -87.608871, 41.751221 ], [ -87.605215, 41.751286 ], [ -87.605189, 41.749457 ], [ -87.605135, 41.747627 ], [ -87.605084, 41.745798 ], [ -87.607472, 41.744388 ], [ -87.607508, 41.745759 ], [ -87.608719, 41.74574 ], [ -87.61235, 41.745678 ], [ -87.612311, 41.744305 ], [ -87.614819, 41.745638 ], [ -87.614958, 41.751114 ], [ -87.612502, 41.751159 ] ] ] } },
{ "type": "Feature", "properties": { "GEOID": "17031440202", "population": 2763, "perCapitaIncome": 39698, "natureObs2023": 0, "communityArea": 44, "index": 460 }, "geometry": { "type": "Polygon", "coordinates": [ [ [ -87.612311, 41.744305 ], [ -87.61235, 41.745678 ], [ -87.608719, 41.74574 ], [ -87.607508, 41.745759 ], [ -87.607472, 41.744388 ], [ -87.605084, 41.745798 ], [ -87.605033, 41.74397 ], [ -87.604927, 41.74027 ], [ -87.604823, 41.736649 ], [ -87.609673, 41.73658 ], [ -87.611284, 41.736552 ], [ -87.614528, 41.736503 ], [ -87.614675, 41.741984 ], [ -87.614819, 41.745638 ], [ -87.612311, 41.744305 ] ] ] } },
{ "type": "Feature", "properties": { "GEOID": "17031440300", "population": 4650, "perCapitaIncome": 41735, "natureObs2023": 3, "communityArea": 44, "index": 461 }, "geometry": { "type": "Polygon", "coordinates": [ [ [ -87.621386, 41.751007 ], [ -87.618154, 41.751063 ], [ -87.614958, 41.751114 ], [ -87.614819, 41.745638 ], [ -87.614675, 41.741984 ], [ -87.614528, 41.736503 ], [ -87.617759, 41.736455 ], [ -87.619375, 41.736431 ], [ -87.620993, 41.736406 ], [ -87.624165, 41.736299 ], [ -87.624284, 41.74183 ], [ -87.624332, 41.743655 ], [ -87.624546, 41.75096 ], [ -87.621386, 41.751007 ] ] ] } },
{ "type": "Feature", "properties": { "GEOID": "17031440600", "population": 1612, "perCapitaIncome": 37151, "natureObs2023": 0, "communityArea": 44, "index": 462 }, "geometry": { "type": "Polygon", "coordinates": [ [ [ -87.620993, 41.736406 ], [ -87.619375, 41.736431 ], [ -87.617759, 41.736455 ], [ -87.614528, 41.736503 ], [ -87.614431, 41.732849 ], [ -87.614364, 41.730111 ], [ -87.614301, 41.72787 ], [ -87.61919, 41.729523 ], [ -87.619177, 41.729119 ], [ -87.623938, 41.729042 ], [ -87.624165, 41.736299 ], [ -87.620993, 41.736406 ] ] ] } },
{ "type": "Feature", "properties": { "GEOID": "17031440700", "population": 1453, "perCapitaIncome": 32412, "natureObs2023": 0, "communityArea": 44, "index": 463 }, "geometry": { "type": "Polygon", "coordinates": [ [ [ -87.611284, 41.736552 ], [ -87.609673, 41.73658 ], [ -87.604823, 41.736649 ], [ -87.604734, 41.733001 ], [ -87.609581, 41.732926 ], [ -87.614431, 41.732849 ], [ -87.614528, 41.736503 ], [ -87.611284, 41.736552 ] ] ] } },
{ "type": "Feature", "properties": { "GEOID": "17031440800", "population": 1877, "perCapitaIncome": 18713, "natureObs2023": 0, "communityArea": 44, "index": 464 }, "geometry": { "type": "Polygon", "coordinates": [ [ [ -87.601188, 41.736698 ], [ -87.600545, 41.736708 ], [ -87.601404, 41.733078 ], [ -87.602224, 41.732127 ], [ -87.60285, 41.729384 ], [ -87.603606, 41.723396 ], [ -87.604507, 41.723596 ], [ -87.604625, 41.728445 ], [ -87.604712, 41.732089 ], [ -87.604734, 41.733001 ], [ -87.604823, 41.736649 ], [ -87.601188, 41.736698 ] ] ] } },
{ "type": "Feature", "properties": { "GEOID": "17031440900", "population": 2377, "perCapitaIncome": 32924, "natureObs2023": 0, "communityArea": 44, "index": 465 }, "geometry": { "type": "Polygon", "coordinates": [ [ [ -87.609581, 41.732926 ], [ -87.604734, 41.733001 ], [ -87.604712, 41.732089 ], [ -87.604625, 41.728445 ], [ -87.604507, 41.723596 ], [ -87.604492, 41.722548 ], [ -87.609372, 41.724485 ], [ -87.60978, 41.725181 ], [ -87.611584, 41.725588 ], [ -87.614273, 41.726934 ], [ -87.614301, 41.72787 ], [ -87.614364, 41.730111 ], [ -87.614431, 41.732849 ], [ -87.609581, 41.732926 ] ] ] } },
{ "type": "Feature", "properties": { "GEOID": "17031450300", "population": 3461, "perCapitaIncome": 30408, "natureObs2023": 0, "communityArea": 45, "index": 466 }, "geometry": { "type": "Polygon", "coordinates": [ [ [ -87.585596, 41.751509 ], [ -87.581618, 41.748649 ], [ -87.580235, 41.747655 ], [ -87.575857, 41.744504 ], [ -87.571761, 41.741559 ], [ -87.570933, 41.740962 ], [ -87.566028, 41.737433 ], [ -87.565701, 41.737198 ], [ -87.565997, 41.737193 ], [ -87.573302, 41.737091 ], [ -87.580573, 41.736987 ], [ -87.585637, 41.736913 ], [ -87.585729, 41.740554 ], [ -87.585799, 41.744198 ], [ -87.585824, 41.751506 ], [ -87.585596, 41.751509 ] ] ] } },
{ "type": "Feature", "properties": { "GEOID": "17031460100", "population": 2650, "perCapitaIncome": 20860, "natureObs2023": 362, "communityArea": 46, "index": 467 }, "geometry": { "type": "Polygon", "coordinates": [ [ [ -87.552288, 41.751919 ], [ -87.552246, 41.751919 ], [ -87.547703, 41.754753 ], [ -87.544419, 41.754662 ], [ -87.543265, 41.751997 ], [ -87.531061, 41.748068 ], [ -87.529267, 41.732859 ], [ -87.536545, 41.729635 ], [ -87.539445, 41.734035 ], [ -87.542983, 41.733834 ], [ -87.543075, 41.737485 ], [ -87.545311, 41.737463 ], [ -87.54536, 41.739281 ], [ -87.54185, 41.739323 ], [ -87.541837, 41.744759 ], [ -87.545476, 41.744734 ], [ -87.546685, 41.744718 ], [ -87.551418, 41.744659 ], [ -87.551497, 41.744658 ], [ -87.55294, 41.744637 ], [ -87.553975, 41.744622 ], [ -87.554008, 41.746441 ], [ -87.554043, 41.74826 ], [ -87.554077, 41.750078 ], [ -87.554072, 41.751895 ], [ -87.552288, 41.751919 ] ] ] } },
{ "type": "Feature", "properties": { "GEOID": "17031460200", "population": 1880, "perCapitaIncome": 20276, "natureObs2023": 0, "communityArea": 46, "index": 468 }, "geometry": { "type": "Polygon", "coordinates": [ [ [ -87.551497, 41.744658 ], [ -87.551418, 41.744659 ], [ -87.546685, 41.744718 ], [ -87.545476, 41.744734 ], [ -87.541837, 41.744759 ], [ -87.54185, 41.739323 ], [ -87.54536, 41.739281 ], [ -87.545311, 41.737463 ], [ -87.548673, 41.737418 ], [ -87.551431, 41.737378 ], [ -87.551465, 41.7392 ], [ -87.551496, 41.741019 ], [ -87.551523, 41.742067 ], [ -87.551734, 41.743467 ], [ -87.55294, 41.744637 ], [ -87.551497, 41.744658 ] ] ] } },
{ "type": "Feature", "properties": { "GEOID": "17031460301", "population": 3189, "perCapitaIncome": 26863, "natureObs2023": 0, "communityArea": 46, "index": 469 }, "geometry": { "type": "Polygon", "coordinates": [ [ [ -87.556376, 41.742773 ], [ -87.555166, 41.74279 ], [ -87.552601, 41.742823 ], [ -87.551523, 41.742067 ], [ -87.551496, 41.741019 ], [ -87.551465, 41.7392 ], [ -87.551431, 41.737378 ], [ -87.555585, 41.737329 ], [ -87.556288, 41.73732 ], [ -87.556887, 41.737313 ], [ -87.556972, 41.737312 ], [ -87.561154, 41.737259 ], [ -87.561176, 41.739075 ], [ -87.561202, 41.740893 ], [ -87.561232, 41.742708 ], [ -87.556376, 41.742773 ] ] ] } },
{ "type": "Feature", "properties": { "GEOID": "17031460302", "population": 4212, "perCapitaIncome": 23458, "natureObs2023": 0, "communityArea": 46, "index": 470 }, "geometry": { "type": "Polygon", "coordinates": [ [ [ -87.558445, 41.751836 ], [ -87.555932, 41.751871 ], [ -87.555321, 41.751879 ], [ -87.554072, 41.751895 ], [ -87.554077, 41.750078 ], [ -87.554043, 41.74826 ], [ -87.554008, 41.746441 ], [ -87.553975, 41.744622 ], [ -87.55294, 41.744637 ], [ -87.551734, 41.743467 ], [ -87.551523, 41.742067 ], [ -87.552601, 41.742823 ], [ -87.555166, 41.74279 ], [ -87.556376, 41.742773 ], [ -87.561232, 41.742708 ], [ -87.561261, 41.744526 ], [ -87.561324, 41.748162 ], [ -87.561354, 41.749981 ], [ -87.561378, 41.75135 ], [ -87.561386, 41.751795 ], [ -87.558445, 41.751836 ] ] ] } },
{ "type": "Feature", "properties": { "GEOID": "17031460400", "population": 3682, "perCapitaIncome": 31298, "natureObs2023": 0, "communityArea": 46, "index": 471 }, "geometry": { "type": "Polygon", "coordinates": [ [ [ -87.565019, 41.751746 ], [ -87.562597, 41.751779 ], [ -87.561386, 41.751795 ], [ -87.561378, 41.75135 ], [ -87.561354, 41.749981 ], [ -87.561324, 41.748162 ], [ -87.561261, 41.744526 ], [ -87.561232, 41.742708 ], [ -87.561202, 41.740893 ], [ -87.561176, 41.739075 ], [ -87.561154, 41.737259 ], [ -87.565701, 41.737198 ], [ -87.566028, 41.737433 ], [ -87.566048, 41.739012 ], [ -87.566073, 41.740827 ], [ -87.566125, 41.744461 ], [ -87.566173, 41.748095 ], [ -87.566233, 41.751728 ], [ -87.565019, 41.751746 ] ] ] } },
{ "type": "Feature", "properties": { "GEOID": "17031460500", "population": 6284, "perCapitaIncome": 45650, "natureObs2023": 2, "communityArea": 46, "index": 472 }, "geometry": { "type": "Polygon", "coordinates": [ [ [ -87.580867, 41.751545 ], [ -87.575982, 41.751606 ], [ -87.571106, 41.751668 ], [ -87.566233, 41.751728 ], [ -87.566173, 41.748095 ], [ -87.566125, 41.744461 ], [ -87.566073, 41.740827 ], [ -87.566048, 41.739012 ], [ -87.566028, 41.737433 ], [ -87.570933, 41.740962 ], [ -87.571761, 41.741559 ], [ -87.575857, 41.744504 ], [ -87.580235, 41.747655 ], [ -87.581618, 41.748649 ], [ -87.585596, 41.751509 ], [ -87.580867, 41.751545 ] ] ] } },
{ "type": "Feature", "properties": { "GEOID": "17031460800", "population": 4376, "perCapitaIncome": 15670, "natureObs2023": 0, "communityArea": 46, "index": 473 }, "geometry": { "type": "Polygon", "coordinates": [ [ [ -87.556972, 41.737312 ], [ -87.556887, 41.737313 ], [ -87.556288, 41.73732 ], [ -87.555585, 41.737329 ], [ -87.551431, 41.737378 ], [ -87.548673, 41.737418 ], [ -87.545311, 41.737463 ], [ -87.543075, 41.737485 ], [ -87.542983, 41.733834 ], [ -87.54859, 41.733763 ], [ -87.555494, 41.73368 ], [ -87.559702, 41.733602 ], [ -87.560186, 41.73323 ], [ -87.565701, 41.737198 ], [ -87.561154, 41.737259 ], [ -87.556972, 41.737312 ] ] ] } },
{ "type": "Feature", "properties": { "GEOID": "17031461000", "population": 1346, "perCapitaIncome": 13956, "natureObs2023": 1, "communityArea": 46, "index": 474 }, "geometry": { "type": "Polygon", "coordinates": [ [ [ -87.541497, 41.730201 ], [ -87.541483, 41.729725 ], [ -87.540583, 41.730524 ], [ -87.5398, 41.730036 ], [ -87.539326, 41.728639 ], [ -87.542177, 41.726385 ], [ -87.542919, 41.72286 ], [ -87.545677, 41.722821 ], [ -87.552582, 41.727747 ], [ -87.555653, 41.729961 ], [ -87.555405, 41.730014 ], [ -87.541497, 41.730201 ] ] ] } },
{ "type": "Feature", "properties": { "GEOID": "17031470100", "population": 2246, "perCapitaIncome": 30131, "natureObs2023": 2, "communityArea": 47, "index": 475 }, "geometry": { "type": "Polygon", "coordinates": [ [ [ -87.603606, 41.723396 ], [ -87.60285, 41.729384 ], [ -87.602224, 41.732127 ], [ -87.601404, 41.733078 ], [ -87.600545, 41.736708 ], [ -87.595308, 41.736783 ], [ -87.594829, 41.735934 ], [ -87.592797, 41.733159 ], [ -87.588713, 41.72622 ], [ -87.587452, 41.723266 ], [ -87.586639, 41.722323 ], [ -87.59165, 41.72225 ], [ -87.594793, 41.722195 ], [ -87.598425, 41.722142 ], [ -87.603182, 41.722048 ], [ -87.604482, 41.722044 ], [ -87.604492, 41.722548 ], [ -87.604507, 41.723596 ], [ -87.603606, 41.723396 ] ] ] } },
{ "type": "Feature", "properties": { "GEOID": "17031480100", "population": 2161, "perCapitaIncome": 43165, "natureObs2023": 3, "communityArea": 48, "index": 476 }, "geometry": { "type": "Polygon", "coordinates": [ [ [ -87.580573, 41.736987 ], [ -87.573302, 41.737091 ], [ -87.565997, 41.737193 ], [ -87.565914, 41.733542 ], [ -87.571987, 41.73346 ], [ -87.57259, 41.733451 ], [ -87.573203, 41.733443 ], [ -87.585567, 41.733281 ], [ -87.585637, 41.736913 ], [ -87.580573, 41.736987 ] ] ] } },
{ "type": "Feature", "properties": { "GEOID": "17031480200", "population": 1057, "perCapitaIncome": 43939, "natureObs2023": 0, "communityArea": 48, "index": 477 }, "geometry": { "type": "Polygon", "coordinates": [ [ [ -87.590276, 41.736852 ], [ -87.589346, 41.736864 ], [ -87.585637, 41.736913 ], [ -87.585567, 41.733281 ], [ -87.585677, 41.733266 ], [ -87.589269, 41.733219 ], [ -87.592797, 41.733159 ], [ -87.594829, 41.735934 ], [ -87.595308, 41.736783 ], [ -87.590276, 41.736852 ] ] ] } },
{ "type": "Feature", "properties": { "GEOID": "17031480300", "population": 1131, "perCapitaIncome": 30896, "natureObs2023": 1, "communityArea": 48, "index": 478 }, "geometry": { "type": "Polygon", "coordinates": [ [ [ -87.585677, 41.733266 ], [ -87.585567, 41.733281 ], [ -87.58553, 41.731448 ], [ -87.585492, 41.72961 ], [ -87.585443, 41.727814 ], [ -87.585414, 41.725985 ], [ -87.585144, 41.723296 ], [ -87.587452, 41.723266 ], [ -87.588713, 41.72622 ], [ -87.592797, 41.733159 ], [ -87.589269, 41.733219 ], [ -87.585677, 41.733266 ] ] ] } },
{ "type": "Feature", "properties": { "GEOID": "17031480400", "population": 5013, "perCapitaIncome": 48142, "natureObs2023": 0, "communityArea": 48, "index": 479 }, "geometry": { "type": "Polygon", "coordinates": [ [ [ -87.573203, 41.733443 ], [ -87.57259, 41.733451 ], [ -87.571987, 41.73346 ], [ -87.565914, 41.733542 ], [ -87.565857, 41.731719 ], [ -87.565814, 41.729891 ], [ -87.565703, 41.726239 ], [ -87.565631, 41.723858 ], [ -87.568422, 41.723549 ], [ -87.570501, 41.723531 ], [ -87.57538, 41.723466 ], [ -87.585144, 41.723296 ], [ -87.585414, 41.725985 ], [ -87.585443, 41.727814 ], [ -87.585492, 41.72961 ], [ -87.58553, 41.731448 ], [ -87.585567, 41.733281 ], [ -87.573203, 41.733443 ] ] ] } },
{ "type": "Feature", "properties": { "GEOID": "17031480500", "population": 2725, "perCapitaIncome": 30351, "natureObs2023": 2, "communityArea": 48, "index": 480 }, "geometry": { "type": "Polygon", "coordinates": [ [ [ -87.565701, 41.737198 ], [ -87.560186, 41.73323 ], [ -87.559861, 41.732995 ], [ -87.555653, 41.729961 ], [ -87.552582, 41.727747 ], [ -87.545677, 41.722821 ], [ -87.556604, 41.722701 ], [ -87.564717, 41.7226 ], [ -87.565356, 41.722592 ], [ -87.565631, 41.723858 ], [ -87.565703, 41.726239 ], [ -87.565814, 41.729891 ], [ -87.565857, 41.731719 ], [ -87.565914, 41.733542 ], [ -87.565997, 41.737193 ], [ -87.565701, 41.737198 ] ] ] } },
{ "type": "Feature", "properties": { "GEOID": "17031490200", "population": 2944, "perCapitaIncome": 36078, "natureObs2023": 1, "communityArea": 49, "index": 481 }, "geometry": { "type": "Polygon", "coordinates": [ [ [ -87.619177, 41.729119 ], [ -87.61919, 41.729523 ], [ -87.614301, 41.72787 ], [ -87.614273, 41.726934 ], [ -87.611584, 41.725588 ], [ -87.60978, 41.725181 ], [ -87.609372, 41.724485 ], [ -87.604492, 41.722548 ], [ -87.604482, 41.722044 ], [ -87.614143, 41.721892 ], [ -87.616561, 41.721851 ], [ -87.618986, 41.721809 ], [ -87.62373, 41.721703 ], [ -87.623938, 41.729042 ], [ -87.619177, 41.729119 ] ] ] } },
{ "type": "Feature", "properties": { "GEOID": "17031490500", "population": 1775, "perCapitaIncome": 41039, "natureObs2023": 1, "communityArea": 49, "index": 482 }, "geometry": { "type": "Polygon", "coordinates": [ [ [ -87.618986, 41.721809 ], [ -87.616561, 41.721851 ], [ -87.614143, 41.721892 ], [ -87.604482, 41.722044 ], [ -87.603182, 41.722048 ], [ -87.604857, 41.714755 ], [ -87.605074, 41.71381 ], [ -87.605124, 41.713587 ], [ -87.605189, 41.7133 ], [ -87.613944, 41.713162 ], [ -87.613952, 41.713444 ], [ -87.614401, 41.713437 ], [ -87.620117, 41.714542 ], [ -87.622761, 41.716921 ], [ -87.623562, 41.71915 ], [ -87.62373, 41.721703 ], [ -87.618986, 41.721809 ] ] ] } },
{ "type": "Feature", "properties": { "GEOID": "17031490600", "population": 1446, "perCapitaIncome": 32385, "natureObs2023": 0, "communityArea": 49, "index": 483 }, "geometry": { "type": "Polygon", "coordinates": [ [ [ -87.628665, 41.721698 ], [ -87.62373, 41.721703 ], [ -87.623562, 41.71915 ], [ -87.622761, 41.716921 ], [ -87.622884, 41.715738 ], [ -87.623553, 41.714332 ], [ -87.627574, 41.714393 ], [ -87.628498, 41.714149 ], [ -87.629071, 41.714307 ], [ -87.633307, 41.714277 ], [ -87.633329, 41.714924 ], [ -87.633446, 41.721637 ], [ -87.628665, 41.721698 ] ] ] } },
{ "type": "Feature", "properties": { "GEOID": "17031490700", "population": 2459, "perCapitaIncome": 21515, "natureObs2023": 1, "communityArea": 49, "index": 484 }, "geometry": { "type": "Polygon", "coordinates": [ [ [ -87.629071, 41.714307 ], [ -87.628498, 41.714149 ], [ -87.627574, 41.714393 ], [ -87.623553, 41.714332 ], [ -87.623655, 41.713539 ], [ -87.623595, 41.710806 ], [ -87.623523, 41.707165 ], [ -87.625919, 41.707133 ], [ -87.628295, 41.707101 ], [ -87.632478, 41.707051 ], [ -87.633035, 41.707044 ], [ -87.633307, 41.714277 ], [ -87.629071, 41.714307 ] ] ] } },
{ "type": "Feature", "properties": { "GEOID": "17031490800", "population": 3705, "perCapitaIncome": 25739, "natureObs2023": 0, "communityArea": 49, "index": 485 }, "geometry": { "type": "Polygon", "coordinates": [ [ [ -87.623553, 41.714332 ], [ -87.622884, 41.715738 ], [ -87.622761, 41.716921 ], [ -87.620117, 41.714542 ], [ -87.614401, 41.713437 ], [ -87.613952, 41.713444 ], [ -87.613944, 41.713162 ], [ -87.605189, 41.7133 ], [ -87.606518, 41.707433 ], [ -87.610113, 41.70737 ], [ -87.613767, 41.707315 ], [ -87.618643, 41.707239 ], [ -87.623523, 41.707165 ], [ -87.623595, 41.710806 ], [ -87.623655, 41.713539 ], [ -87.623553, 41.714332 ] ] ] } },
{ "type": "Feature", "properties": { "GEOID": "17031490901", "population": 3084, "perCapitaIncome": 19630, "natureObs2023": 25, "communityArea": 49, "index": 486 }, "geometry": { "type": "Polygon", "coordinates": [ [ [ -87.622074, 41.698069 ], [ -87.620237, 41.698091 ], [ -87.618437, 41.699487 ], [ -87.613559, 41.699559 ], [ -87.609234, 41.699611 ], [ -87.610033, 41.696422 ], [ -87.609012, 41.696444 ], [ -87.60986, 41.692771 ], [ -87.613376, 41.692738 ], [ -87.618262, 41.692652 ], [ -87.623104, 41.692585 ], [ -87.623209, 41.696228 ], [ -87.623235, 41.697141 ], [ -87.623314, 41.699871 ], [ -87.622074, 41.698069 ] ] ] } },
{ "type": "Feature", "properties": { "GEOID": "17031490902", "population": 4697, "perCapitaIncome": 32783, "natureObs2023": 1, "communityArea": 49, "index": 487 }, "geometry": { "type": "Polygon", "coordinates": [ [ [ -87.618643, 41.707239 ], [ -87.613767, 41.707315 ], [ -87.610113, 41.70737 ], [ -87.606518, 41.707433 ], [ -87.607354, 41.703757 ], [ -87.607553, 41.702838 ], [ -87.609012, 41.696444 ], [ -87.610033, 41.696422 ], [ -87.609234, 41.699611 ], [ -87.613559, 41.699559 ], [ -87.618437, 41.699487 ], [ -87.620237, 41.698091 ], [ -87.622074, 41.698069 ], [ -87.623314, 41.699871 ], [ -87.623417, 41.703519 ], [ -87.623523, 41.707165 ], [ -87.618643, 41.707239 ] ] ] } },
{ "type": "Feature", "properties": { "GEOID": "17031491000", "population": 3417, "perCapitaIncome": 19261, "natureObs2023": 0, "communityArea": 49, "index": 488 }, "geometry": { "type": "Polygon", "coordinates": [ [ [ -87.632478, 41.707051 ], [ -87.628295, 41.707101 ], [ -87.625919, 41.707133 ], [ -87.623523, 41.707165 ], [ -87.623417, 41.703519 ], [ -87.623314, 41.699871 ], [ -87.623235, 41.697141 ], [ -87.623209, 41.696228 ], [ -87.623104, 41.692585 ], [ -87.627907, 41.692527 ], [ -87.632645, 41.692472 ], [ -87.63274, 41.694183 ], [ -87.632778, 41.696115 ], [ -87.632877, 41.699755 ], [ -87.63294, 41.702484 ], [ -87.633017, 41.705234 ], [ -87.632478, 41.707051 ] ] ] } },
{ "type": "Feature", "properties": { "GEOID": "17031491100", "population": 4205, "perCapitaIncome": 32524, "natureObs2023": 0, "communityArea": 49, "index": 489 }, "geometry": { "type": "Polygon", "coordinates": [ [ [ -87.637977, 41.70698 ], [ -87.636763, 41.706995 ], [ -87.633035, 41.707044 ], [ -87.632478, 41.707051 ], [ -87.633017, 41.705234 ], [ -87.63294, 41.702484 ], [ -87.632877, 41.699755 ], [ -87.632778, 41.696115 ], [ -87.63274, 41.694183 ], [ -87.632645, 41.692472 ], [ -87.636336, 41.692428 ], [ -87.637534, 41.692415 ], [ -87.642378, 41.692356 ], [ -87.642608, 41.699641 ], [ -87.642834, 41.706917 ], [ -87.637977, 41.70698 ] ] ] } },
{ "type": "Feature", "properties": { "GEOID": "17031491200", "population": 1932, "perCapitaIncome": 26130, "natureObs2023": 0, "communityArea": 49, "index": 490 }, "geometry": { "type": "Polygon", "coordinates": [ [ [ -87.637534, 41.692415 ], [ -87.636336, 41.692428 ], [ -87.632645, 41.692472 ], [ -87.632745, 41.691636 ], [ -87.632612, 41.688839 ], [ -87.632545, 41.687022 ], [ -87.632481, 41.685204 ], [ -87.636108, 41.685155 ], [ -87.642152, 41.685082 ], [ -87.642208, 41.686903 ], [ -87.642266, 41.68872 ], [ -87.642378, 41.692356 ], [ -87.637534, 41.692415 ] ] ] } },
{ "type": "Feature", "properties": { "GEOID": "17031491300", "population": 2131, "perCapitaIncome": 18989, "natureObs2023": 0, "communityArea": 49, "index": 491 }, "geometry": { "type": "Polygon", "coordinates": [ [ [ -87.627907, 41.692527 ], [ -87.623104, 41.692585 ], [ -87.623077, 41.691678 ], [ -87.622997, 41.688956 ], [ -87.62289, 41.685322 ], [ -87.62769, 41.685263 ], [ -87.632481, 41.685204 ], [ -87.632545, 41.687022 ], [ -87.632612, 41.688839 ], [ -87.632745, 41.691636 ], [ -87.632645, 41.692472 ], [ -87.627907, 41.692527 ] ] ] } },
{ "type": "Feature", "properties": { "GEOID": "17031491400", "population": 2541, "perCapitaIncome": 24994, "natureObs2023": 5, "communityArea": 49, "index": 492 }, "geometry": { "type": "Polygon", "coordinates": [ [ [ -87.618262, 41.692652 ], [ -87.613376, 41.692738 ], [ -87.60986, 41.692771 ], [ -87.611439, 41.685725 ], [ -87.611395, 41.685442 ], [ -87.612322, 41.685433 ], [ -87.612513, 41.685432 ], [ -87.6168, 41.685385 ], [ -87.61805, 41.685375 ], [ -87.62289, 41.685322 ], [ -87.622997, 41.688956 ], [ -87.623077, 41.691678 ], [ -87.623104, 41.692585 ], [ -87.618262, 41.692652 ] ] ] } },
{ "type": "Feature", "properties": { "GEOID": "17031500100", "population": 3231, "perCapitaIncome": 36979, "natureObs2023": 0, "communityArea": 50, "index": 493 }, "geometry": { "type": "Polygon", "coordinates": [ [ [ -87.605124, 41.713587 ], [ -87.605074, 41.71381 ], [ -87.604857, 41.714755 ], [ -87.603182, 41.722048 ], [ -87.598425, 41.722142 ], [ -87.594793, 41.722195 ], [ -87.59165, 41.72225 ], [ -87.586639, 41.722323 ], [ -87.585164, 41.7208 ], [ -87.585037, 41.709932 ], [ -87.586051, 41.707765 ], [ -87.5873, 41.70775 ], [ -87.596317, 41.70761 ], [ -87.606518, 41.707433 ], [ -87.605189, 41.7133 ], [ -87.605124, 41.713587 ] ] ] } },
{ "type": "Feature", "properties": { "GEOID": "17031500200", "population": 1831, "perCapitaIncome": 21983, "natureObs2023": 8, "communityArea": 50, "index": 494 }, "geometry": { "type": "Polygon", "coordinates": [ [ [ -87.607553, 41.702838 ], [ -87.607354, 41.703757 ], [ -87.606518, 41.707433 ], [ -87.596317, 41.70761 ], [ -87.5873, 41.70775 ], [ -87.587072, 41.706574 ], [ -87.591928, 41.703134 ], [ -87.59485, 41.698762 ], [ -87.59829, 41.692368 ], [ -87.600362, 41.692843 ], [ -87.607205, 41.692804 ], [ -87.60986, 41.692771 ], [ -87.609012, 41.696444 ], [ -87.607553, 41.702838 ] ] ] } },
{ "type": "Feature", "properties": { "GEOID": "17031500300", "population": 1794, "perCapitaIncome": 38934, "natureObs2023": 14, "communityArea": 50, "index": 495 }, "geometry": { "type": "Polygon", "coordinates": [ [ [ -87.60986, 41.692771 ], [ -87.607205, 41.692804 ], [ -87.600362, 41.692843 ], [ -87.59829, 41.692368 ], [ -87.601601, 41.686138 ], [ -87.602535, 41.68612 ], [ -87.607057, 41.685481 ], [ -87.611395, 41.685442 ], [ -87.611439, 41.685725 ], [ -87.60986, 41.692771 ] ] ] } },
{ "type": "Feature", "properties": { "GEOID": "17031510100", "population": 3639, "perCapitaIncome": 30763, "natureObs2023": 1, "communityArea": 51, "index": 496 }, "geometry": { "type": "Polygon", "coordinates": [ [ [ -87.554968, 41.706396 ], [ -87.55509, 41.713366 ], [ -87.556345, 41.713361 ], [ -87.556495, 41.715433 ], [ -87.556548, 41.719049 ], [ -87.556604, 41.722701 ], [ -87.545677, 41.722821 ], [ -87.542919, 41.72286 ], [ -87.543268, 41.719826 ], [ -87.542715, 41.71756 ], [ -87.542539, 41.716002 ], [ -87.542196, 41.713824 ], [ -87.542212, 41.711056 ], [ -87.545454, 41.707327 ], [ -87.545867, 41.702767 ], [ -87.558206, 41.702772 ], [ -87.558709, 41.706392 ], [ -87.554968, 41.706396 ] ] ] } },
{ "type": "Feature", "properties": { "GEOID": "17031510200", "population": 3714, "perCapitaIncome": 30010, "natureObs2023": 12, "communityArea": 51, "index": 497 }, "geometry": { "type": "Polygon", "coordinates": [ [ [ -87.556604, 41.722701 ], [ -87.556548, 41.719049 ], [ -87.556495, 41.715433 ], [ -87.556345, 41.713361 ], [ -87.55509, 41.713366 ], [ -87.554968, 41.706396 ], [ -87.558709, 41.706392 ], [ -87.558206, 41.702772 ], [ -87.559603, 41.702777 ], [ -87.559662, 41.708168 ], [ -87.564511, 41.708103 ], [ -87.564517, 41.708536 ], [ -87.564537, 41.709896 ], [ -87.564586, 41.713526 ], [ -87.564611, 41.715356 ], [ -87.564682, 41.720293 ], [ -87.564717, 41.7226 ], [ -87.556604, 41.722701 ] ] ] } },
{ "type": "Feature", "properties": { "GEOID": "17031510300", "population": 4640, "perCapitaIncome": 20146, "natureObs2023": 60, "communityArea": 51, "index": 498 }, "geometry": { "type": "Polygon", "coordinates": [ [ [ -87.585144, 41.723296 ], [ -87.57538, 41.723466 ], [ -87.570501, 41.723531 ], [ -87.568422, 41.723549 ], [ -87.565631, 41.723858 ], [ -87.565356, 41.722592 ], [ -87.564717, 41.7226 ], [ -87.564682, 41.720293 ], [ -87.564611, 41.715356 ], [ -87.564586, 41.713526 ], [ -87.564537, 41.709896 ], [ -87.564517, 41.708536 ], [ -87.564511, 41.708103 ], [ -87.566927, 41.708066 ], [ -87.573663, 41.707966 ], [ -87.586051, 41.707765 ], [ -87.585037, 41.709932 ], [ -87.585164, 41.7208 ], [ -87.586639, 41.722323 ], [ -87.587452, 41.723266 ], [ -87.585144, 41.723296 ] ] ] } },
{ "type": "Feature", "properties": { "GEOID": "17031520100", "population": 2062, "perCapitaIncome": 17393, "natureObs2023": 35, "communityArea": 52, "index": 499 }, "geometry": { "type": "Polygon", "coordinates": [ [ [ -87.539326, 41.728639 ], [ -87.536545, 41.729635 ], [ -87.529267, 41.732859 ], [ -87.529255, 41.732758 ], [ -87.524622, 41.723522 ], [ -87.525215, 41.717551 ], [ -87.529018, 41.715376 ], [ -87.526599, 41.712234 ], [ -87.528227, 41.710878 ], [ -87.524165, 41.708314 ], [ -87.524448, 41.702679 ], [ -87.526528, 41.70269 ], [ -87.526475, 41.704545 ], [ -87.528467, 41.706404 ], [ -87.530452, 41.706384 ], [ -87.531661, 41.708219 ], [ -87.535289, 41.708217 ], [ -87.535279, 41.711973 ], [ -87.535288, 41.71955 ], [ -87.535286, 41.721398 ], [ -87.536543, 41.722942 ], [ -87.538923, 41.722913 ], [ -87.542919, 41.72286 ], [ -87.542177, 41.726385 ], [ -87.539326, 41.728639 ] ] ] } },
{ "type": "Feature", "properties": { "GEOID": "17031520200", "population": 3652, "perCapitaIncome": 21087, "natureObs2023": 8, "communityArea": 52, "index": 500 }, "geometry": { "type": "Polygon", "coordinates": [ [ [ -87.542212, 41.711056 ], [ -87.542196, 41.713824 ], [ -87.542539, 41.716002 ], [ -87.542715, 41.71756 ], [ -87.543268, 41.719826 ], [ -87.542919, 41.72286 ], [ -87.538923, 41.722913 ], [ -87.536543, 41.722942 ], [ -87.535286, 41.721398 ], [ -87.535288, 41.71955 ], [ -87.535279, 41.711973 ], [ -87.535289, 41.708217 ], [ -87.541339, 41.708192 ], [ -87.541339, 41.704583 ], [ -87.541342, 41.702757 ], [ -87.543823, 41.702763 ], [ -87.545867, 41.702767 ], [ -87.545454, 41.707327 ], [ -87.542212, 41.711056 ] ] ] } },
{ "type": "Feature", "properties": { "GEOID": "17031520300", "population": 5925, "perCapitaIncome": 23245, "natureObs2023": 4, "communityArea": 52, "index": 501 }, "geometry": { "type": "Polygon", "coordinates": [ [ [ -87.543823, 41.702763 ], [ -87.541342, 41.702757 ], [ -87.541339, 41.704583 ], [ -87.541339, 41.708192 ], [ -87.535289, 41.708217 ], [ -87.535286, 41.706392 ], [ -87.535285, 41.704564 ], [ -87.535284, 41.702734 ], [ -87.535283, 41.700922 ], [ -87.535281, 41.699103 ], [ -87.535283, 41.697296 ], [ -87.535282, 41.695474 ], [ -87.5401, 41.695494 ], [ -87.544422, 41.695518 ], [ -87.545161, 41.695463 ], [ -87.545197, 41.700885 ], [ -87.543823, 41.702763 ] ] ] } },
{ "type": "Feature", "properties": { "GEOID": "17031520400", "population": 4393, "perCapitaIncome": 26548, "natureObs2023": 4, "communityArea": 52, "index": 502 }, "geometry": { "type": "Polygon", "coordinates": [ [ [ -87.531661, 41.708219 ], [ -87.530452, 41.706384 ], [ -87.528467, 41.706404 ], [ -87.526475, 41.704545 ], [ -87.526528, 41.70269 ], [ -87.524448, 41.702679 ], [ -87.524539, 41.700868 ], [ -87.524557, 41.699036 ], [ -87.529245, 41.699066 ], [ -87.531659, 41.699078 ], [ -87.535281, 41.699103 ], [ -87.535283, 41.700922 ], [ -87.535284, 41.702734 ], [ -87.535285, 41.704564 ], [ -87.535286, 41.706392 ], [ -87.535289, 41.708217 ], [ -87.531661, 41.708219 ] ] ] } },
{ "type": "Feature", "properties": { "GEOID": "17031520500", "population": 5171, "perCapitaIncome": 38116, "natureObs2023": 4, "communityArea": 52, "index": 503 }, "geometry": { "type": "Polygon", "coordinates": [ [ [ -87.535281, 41.699103 ], [ -87.531659, 41.699078 ], [ -87.529245, 41.699066 ], [ -87.524557, 41.699036 ], [ -87.524629, 41.691802 ], [ -87.530349, 41.691826 ], [ -87.53041, 41.684652 ], [ -87.53164, 41.684416 ], [ -87.535258, 41.684401 ], [ -87.535281, 41.691843 ], [ -87.535282, 41.695474 ], [ -87.535283, 41.697296 ], [ -87.535281, 41.699103 ] ] ] } },
{ "type": "Feature", "properties": { "GEOID": "17031520600", "population": 2739, "perCapitaIncome": 27834, "natureObs2023": 0, "communityArea": 52, "index": 504 }, "geometry": { "type": "Polygon", "coordinates": [ [ [ -87.544422, 41.695518 ], [ -87.5401, 41.695494 ], [ -87.535282, 41.695474 ], [ -87.535281, 41.691843 ], [ -87.535258, 41.684401 ], [ -87.540129, 41.684452 ], [ -87.540117, 41.682796 ], [ -87.541291, 41.6828 ], [ -87.543694, 41.682803 ], [ -87.545129, 41.682733 ], [ -87.545161, 41.695463 ], [ -87.544422, 41.695518 ] ] ] } },
{ "type": "Feature", "properties": { "GEOID": "17031530100", "population": 1915, "perCapitaIncome": 20804, "natureObs2023": 0, "communityArea": 53, "index": 505 }, "geometry": { "type": "Polygon", "coordinates": [ [ [ -87.61805, 41.685375 ], [ -87.6168, 41.685385 ], [ -87.612513, 41.685432 ], [ -87.612322, 41.685433 ], [ -87.613776, 41.678934 ], [ -87.613911, 41.678158 ], [ -87.616592, 41.678117 ], [ -87.617821, 41.678099 ], [ -87.622658, 41.678026 ], [ -87.622716, 41.67985 ], [ -87.622803, 41.682544 ], [ -87.622853, 41.684169 ], [ -87.62289, 41.685322 ], [ -87.61805, 41.685375 ] ] ] } },
{ "type": "Feature", "properties": { "GEOID": "17031530200", "population": 4358, "perCapitaIncome": 21262, "natureObs2023": 0, "communityArea": 53, "index": 506 }, "geometry": { "type": "Polygon", "coordinates": [ [ [ -87.636108, 41.685155 ], [ -87.632481, 41.685204 ], [ -87.62769, 41.685263 ], [ -87.62289, 41.685322 ], [ -87.622853, 41.684169 ], [ -87.622803, 41.682544 ], [ -87.622716, 41.67985 ], [ -87.622658, 41.678026 ], [ -87.627461, 41.677972 ], [ -87.632273, 41.67792 ], [ -87.641907, 41.677815 ], [ -87.641968, 41.679649 ], [ -87.642152, 41.685082 ], [ -87.636108, 41.685155 ] ] ] } },
{ "type": "Feature", "properties": { "GEOID": "17031530300", "population": 3484, "perCapitaIncome": 31476, "natureObs2023": 0, "communityArea": 53, "index": 507 }, "geometry": { "type": "Polygon", "coordinates": [ [ [ -87.656742, 41.684886 ], [ -87.651875, 41.684952 ], [ -87.649446, 41.684986 ], [ -87.647016, 41.685017 ], [ -87.642152, 41.685082 ], [ -87.641968, 41.679649 ], [ -87.641907, 41.677815 ], [ -87.646778, 41.677746 ], [ -87.651744, 41.677677 ], [ -87.652208, 41.67767 ], [ -87.656519, 41.677611 ], [ -87.661365, 41.677544 ], [ -87.661599, 41.68482 ], [ -87.656742, 41.684886 ] ] ] } },
{ "type": "Feature", "properties": { "GEOID": "17031530400", "population": 2356, "perCapitaIncome": 27693, "natureObs2023": 1, "communityArea": 53, "index": 508 }, "geometry": { "type": "Polygon", "coordinates": [ [ [ -87.656519, 41.677611 ], [ -87.652208, 41.67767 ], [ -87.651744, 41.677677 ], [ -87.646778, 41.677746 ], [ -87.641907, 41.677815 ], [ -87.641843, 41.675993 ], [ -87.64167, 41.670539 ], [ -87.651411, 41.670393 ], [ -87.652627, 41.670373 ], [ -87.657114, 41.670306 ], [ -87.658795, 41.670335 ], [ -87.659547, 41.670319 ], [ -87.661151, 41.67033 ], [ -87.661365, 41.677544 ], [ -87.656519, 41.677611 ] ] ] } },
{ "type": "Feature", "properties": { "GEOID": "17031530501", "population": 5118, "perCapitaIncome": 21037, "natureObs2023": 2, "communityArea": 53, "index": 509 }, "geometry": { "type": "Polygon", "coordinates": [ [ [ -87.632273, 41.67792 ], [ -87.627461, 41.677972 ], [ -87.622658, 41.678026 ], [ -87.622522, 41.673467 ], [ -87.62244, 41.670733 ], [ -87.627246, 41.670684 ], [ -87.62965, 41.67066 ], [ -87.634458, 41.670612 ], [ -87.64167, 41.670539 ], [ -87.641843, 41.675993 ], [ -87.641907, 41.677815 ], [ -87.632273, 41.67792 ] ] ] } },
{ "type": "Feature", "properties": { "GEOID": "17031530502", "population": 1464, "perCapitaIncome": 31980, "natureObs2023": 1, "communityArea": 53, "index": 510 }, "geometry": { "type": "Polygon", "coordinates": [ [ [ -87.629982, 41.66334 ], [ -87.629375, 41.663352 ], [ -87.62965, 41.67066 ], [ -87.627246, 41.670684 ], [ -87.62244, 41.670733 ], [ -87.622232, 41.666347 ], [ -87.622088, 41.663452 ], [ -87.621951, 41.66326 ], [ -87.621746, 41.661734 ], [ -87.624709, 41.661293 ], [ -87.630969, 41.657496 ], [ -87.631276, 41.657922 ], [ -87.631772, 41.663312 ], [ -87.629982, 41.66334 ] ] ] } },
{ "type": "Feature", "properties": { "GEOID": "17031530503", "population": 4369, "perCapitaIncome": 26593, "natureObs2023": 7, "communityArea": 53, "index": 511 }, "geometry": { "type": "Polygon", "coordinates": [ [ [ -87.641423, 41.663246 ], [ -87.641488, 41.665066 ], [ -87.641547, 41.666893 ], [ -87.64167, 41.670539 ], [ -87.634458, 41.670612 ], [ -87.62965, 41.67066 ], [ -87.629375, 41.663352 ], [ -87.629982, 41.66334 ], [ -87.631772, 41.663312 ], [ -87.631276, 41.657922 ], [ -87.630969, 41.657496 ], [ -87.631591, 41.657504 ], [ -87.635131, 41.657434 ], [ -87.636663, 41.657434 ], [ -87.641224, 41.657434 ], [ -87.647002, 41.65698 ], [ -87.647204, 41.663159 ], [ -87.641423, 41.663246 ] ] ] } },
{ "type": "Feature", "properties": { "GEOID": "17031530600", "population": 2385, "perCapitaIncome": 28123, "natureObs2023": 8, "communityArea": 53, "index": 512 }, "geometry": { "type": "Polygon", "coordinates": [ [ [ -87.617821, 41.678099 ], [ -87.616592, 41.678117 ], [ -87.613911, 41.678158 ], [ -87.618314, 41.659097 ], [ -87.618876, 41.659079 ], [ -87.619846, 41.661134 ], [ -87.621746, 41.661734 ], [ -87.621951, 41.66326 ], [ -87.622088, 41.663452 ], [ -87.622232, 41.666347 ], [ -87.62244, 41.670733 ], [ -87.622522, 41.673467 ], [ -87.622658, 41.678026 ], [ -87.617821, 41.678099 ] ] ] } },
{ "type": "Feature", "properties": { "GEOID": "17031540101", "population": 4460, "perCapitaIncome": 12034, "natureObs2023": 27, "communityArea": 54, "index": 513 }, "geometry": { "type": "Polygon", "coordinates": [ [ [ -87.619758, 41.653633 ], [ -87.618917, 41.6564 ], [ -87.617271, 41.655792 ], [ -87.612337, 41.656051 ], [ -87.612119, 41.651843 ], [ -87.611351, 41.651854 ], [ -87.607571, 41.651856 ], [ -87.607563, 41.657321 ], [ -87.598704, 41.657295 ], [ -87.597827, 41.657063 ], [ -87.596818, 41.655729 ], [ -87.592577, 41.655324 ], [ -87.590838, 41.655586 ], [ -87.589473, 41.655358 ], [ -87.585199, 41.65566 ], [ -87.580879, 41.650619 ], [ -87.57947, 41.648374 ], [ -87.578588, 41.64473 ], [ -87.579955, 41.644731 ], [ -87.588133, 41.644656 ], [ -87.597838, 41.644606 ], [ -87.614397, 41.6446 ], [ -87.617227, 41.644582 ], [ -87.617229, 41.650019 ], [ -87.621334, 41.65042 ], [ -87.620628, 41.651805 ], [ -87.619758, 41.653633 ] ] ] } },
{ "type": "Feature", "properties": { "GEOID": "17031540102", "population": 3357, "perCapitaIncome": 18841, "natureObs2023": 1, "communityArea": 54, "index": 514 }, "geometry": { "type": "Polygon", "coordinates": [ [ [ -87.613911, 41.678158 ], [ -87.613776, 41.678934 ], [ -87.612322, 41.685433 ], [ -87.611395, 41.685442 ], [ -87.607057, 41.685481 ], [ -87.602535, 41.68612 ], [ -87.601601, 41.686138 ], [ -87.6019, 41.685062 ], [ -87.601733, 41.676896 ], [ -87.601544, 41.675667 ], [ -87.600195, 41.673091 ], [ -87.589278, 41.660388 ], [ -87.585199, 41.65566 ], [ -87.589473, 41.655358 ], [ -87.590838, 41.655586 ], [ -87.592577, 41.655324 ], [ -87.596818, 41.655729 ], [ -87.597827, 41.657063 ], [ -87.598704, 41.657295 ], [ -87.607563, 41.657321 ], [ -87.607571, 41.651856 ], [ -87.611351, 41.651854 ], [ -87.612119, 41.651843 ], [ -87.612337, 41.656051 ], [ -87.617271, 41.655792 ], [ -87.618917, 41.6564 ], [ -87.618314, 41.659097 ], [ -87.613911, 41.678158 ] ] ] } },
{ "type": "Feature", "properties": { "GEOID": "17031550100", "population": 6201, "perCapitaIncome": 32890, "natureObs2023": 496, "communityArea": 55, "index": 515 }, "geometry": { "type": "Polygon", "coordinates": [ [ [ -87.549571, 41.653686 ], [ -87.549544, 41.65917 ], [ -87.549542, 41.661933 ], [ -87.544594, 41.659115 ], [ -87.546288, 41.661117 ], [ -87.546435, 41.668017 ], [ -87.545128, 41.673826 ], [ -87.545129, 41.682733 ], [ -87.543694, 41.682803 ], [ -87.541291, 41.6828 ], [ -87.540117, 41.682796 ], [ -87.540129, 41.684452 ], [ -87.535258, 41.684401 ], [ -87.53164, 41.684416 ], [ -87.53041, 41.684652 ], [ -87.530349, 41.691826 ], [ -87.524629, 41.691802 ], [ -87.524848, 41.669878 ], [ -87.524978, 41.65023 ], [ -87.524978, 41.650117 ], [ -87.525015, 41.644636 ], [ -87.538787, 41.644535 ], [ -87.539917, 41.644323 ], [ -87.540509, 41.644286 ], [ -87.549585, 41.651325 ], [ -87.549581, 41.651856 ], [ -87.549571, 41.653686 ] ] ] } },
{ "type": "Feature", "properties": { "GEOID": "17031550200", "population": 2824, "perCapitaIncome": 35948, "natureObs2023": 235, "communityArea": 55, "index": 516 }, "geometry": { "type": "Polygon", "coordinates": [ [ [ -87.581387, 41.659212 ], [ -87.559286, 41.659189 ], [ -87.558896, 41.661172 ], [ -87.559257, 41.66897 ], [ -87.557719, 41.669356 ], [ -87.556408, 41.670347 ], [ -87.552449, 41.663895 ], [ -87.549542, 41.661933 ], [ -87.549544, 41.65917 ], [ -87.549571, 41.653686 ], [ -87.549581, 41.651856 ], [ -87.549585, 41.651325 ], [ -87.540509, 41.644286 ], [ -87.541314, 41.644463 ], [ -87.542271, 41.644553 ], [ -87.548001, 41.644491 ], [ -87.552344, 41.644535 ], [ -87.558068, 41.644548 ], [ -87.559316, 41.644548 ], [ -87.560524, 41.644719 ], [ -87.564072, 41.644635 ], [ -87.578483, 41.644729 ], [ -87.578588, 41.64473 ], [ -87.57947, 41.648374 ], [ -87.580879, 41.650619 ], [ -87.585199, 41.65566 ], [ -87.589278, 41.660388 ], [ -87.58715, 41.660377 ], [ -87.581387, 41.659212 ] ] ] } },
{ "type": "Feature", "properties": { "GEOID": "17031560100", "population": 1284, "perCapitaIncome": 40660, "natureObs2023": 1, "communityArea": 56, "index": 517 }, "geometry": { "type": "Polygon", "coordinates": [ [ [ -87.74354, 41.822167 ], [ -87.741254, 41.822232 ], [ -87.738654, 41.822132 ], [ -87.738535, 41.818574 ], [ -87.738533, 41.818034 ], [ -87.738207, 41.807684 ], [ -87.742913, 41.807642 ], [ -87.743222, 41.807617 ], [ -87.743402, 41.813095 ], [ -87.74348, 41.816482 ], [ -87.744959, 41.816241 ], [ -87.744949, 41.821981 ], [ -87.74354, 41.822167 ] ] ] } },
{ "type": "Feature", "properties": { "GEOID": "17031560200", "population": 1372, "perCapitaIncome": 23418, "natureObs2023": 1, "communityArea": 56, "index": 518 }, "geometry": { "type": "Polygon", "coordinates": [ [ [ -87.748942, 41.814736 ], [ -87.744949, 41.815998 ], [ -87.744959, 41.816241 ], [ -87.74348, 41.816482 ], [ -87.743402, 41.813095 ], [ -87.743222, 41.807617 ], [ -87.752912, 41.807494 ], [ -87.752901, 41.807566 ], [ -87.752998, 41.811142 ], [ -87.752961, 41.812974 ], [ -87.753119, 41.813442 ], [ -87.748942, 41.814736 ] ] ] } },
{ "type": "Feature", "properties": { "GEOID": "17031560300", "population": 3079, "perCapitaIncome": 32308, "natureObs2023": 0, "communityArea": 56, "index": 519 }, "geometry": { "type": "Polygon", "coordinates": [ [ [ -87.743222, 41.807617 ], [ -87.743127, 41.80397 ], [ -87.743034, 41.800326 ], [ -87.752736, 41.800187 ], [ -87.752836, 41.803843 ], [ -87.752912, 41.807494 ], [ -87.743222, 41.807617 ] ] ] } },
{ "type": "Feature", "properties": { "GEOID": "17031560400", "population": 1744, "perCapitaIncome": 25918, "natureObs2023": 1, "communityArea": 56, "index": 520 }, "geometry": { "type": "Polygon", "coordinates": [ [ [ -87.742913, 41.807642 ], [ -87.738207, 41.807684 ], [ -87.738013, 41.800382 ], [ -87.743034, 41.800326 ], [ -87.743127, 41.80397 ], [ -87.743222, 41.807617 ], [ -87.742913, 41.807642 ] ] ] } },
{ "type": "Feature", "properties": { "GEOID": "17031560700", "population": 3584, "perCapitaIncome": 35224, "natureObs2023": 2, "communityArea": 56, "index": 521 }, "geometry": { "type": "Polygon", "coordinates": [ [ [ -87.752736, 41.800187 ], [ -87.752639, 41.797215 ], [ -87.752585, 41.795783 ], [ -87.752507, 41.792888 ], [ -87.762302, 41.792736 ], [ -87.76238, 41.795074 ], [ -87.762407, 41.795703 ], [ -87.762538, 41.800058 ], [ -87.752736, 41.800187 ] ] ] } },
{ "type": "Feature", "properties": { "GEOID": "17031560800", "population": 6003, "perCapitaIncome": 43974, "natureObs2023": 5, "communityArea": 56, "index": 522 }, "geometry": { "type": "Polygon", "coordinates": [ [ [ -87.778381, 41.799737 ], [ -87.775933, 41.799787 ], [ -87.77228, 41.799884 ], [ -87.767397, 41.799984 ], [ -87.762538, 41.800058 ], [ -87.762407, 41.795703 ], [ -87.76238, 41.795074 ], [ -87.762302, 41.792736 ], [ -87.765964, 41.792664 ], [ -87.767189, 41.79264 ], [ -87.770847, 41.792566 ], [ -87.772066, 41.792542 ], [ -87.774501, 41.792494 ], [ -87.778154, 41.792419 ], [ -87.781651, 41.792357 ], [ -87.781806, 41.792349 ], [ -87.78192, 41.796044 ], [ -87.782031, 41.799668 ], [ -87.778381, 41.799737 ] ] ] } },
{ "type": "Feature", "properties": { "GEOID": "17031560900", "population": 5131, "perCapitaIncome": 45121, "natureObs2023": 8, "communityArea": 56, "index": 523 }, "geometry": { "type": "Polygon", "coordinates": [ [ [ -87.796859, 41.799551 ], [ -87.795436, 41.799434 ], [ -87.794214, 41.799457 ], [ -87.791864, 41.79949 ], [ -87.790383, 41.799556 ], [ -87.788128, 41.799602 ], [ -87.785689, 41.799639 ], [ -87.782031, 41.799668 ], [ -87.78192, 41.796044 ], [ -87.781806, 41.792349 ], [ -87.783026, 41.792319 ], [ -87.78547, 41.792273 ], [ -87.787912, 41.792226 ], [ -87.791576, 41.792156 ], [ -87.794018, 41.79211 ], [ -87.795236, 41.792087 ], [ -87.797725, 41.792028 ], [ -87.801528, 41.791939 ], [ -87.801575, 41.793461 ], [ -87.801717, 41.795759 ], [ -87.801904, 41.796295 ], [ -87.802094, 41.797847 ], [ -87.796859, 41.799551 ] ] ] } },
{ "type": "Feature", "properties": { "GEOID": "17031561000", "population": 6040, "perCapitaIncome": 47106, "natureObs2023": 0, "communityArea": 56, "index": 524 }, "geometry": { "type": "Polygon", "coordinates": [ [ [ -87.797725, 41.792028 ], [ -87.795236, 41.792087 ], [ -87.794018, 41.79211 ], [ -87.791576, 41.792156 ], [ -87.787912, 41.792226 ], [ -87.78547, 41.792273 ], [ -87.783026, 41.792319 ], [ -87.781806, 41.792349 ], [ -87.781539, 41.785011 ], [ -87.785199, 41.784951 ], [ -87.78642, 41.784932 ], [ -87.787642, 41.784911 ], [ -87.791303, 41.784853 ], [ -87.793731, 41.784816 ], [ -87.797442, 41.78476 ], [ -87.801216, 41.784688 ], [ -87.80133, 41.787331 ], [ -87.80145, 41.790132 ], [ -87.801508, 41.791445 ], [ -87.801528, 41.791939 ], [ -87.797725, 41.792028 ] ] ] } },
{ "type": "Feature", "properties": { "GEOID": "17031561100", "population": 5888, "perCapitaIncome": 45967, "natureObs2023": 1, "communityArea": 56, "index": 525 }, "geometry": { "type": "Polygon", "coordinates": [ [ [ -87.778154, 41.792419 ], [ -87.774501, 41.792494 ], [ -87.772066, 41.792542 ], [ -87.770847, 41.792566 ], [ -87.767189, 41.79264 ], [ -87.765964, 41.792664 ], [ -87.762302, 41.792736 ], [ -87.762007, 41.785019 ], [ -87.763887, 41.785555 ], [ -87.765712, 41.78533 ], [ -87.770559, 41.785226 ], [ -87.77178, 41.785203 ], [ -87.77422, 41.785154 ], [ -87.777879, 41.785082 ], [ -87.781539, 41.785011 ], [ -87.781806, 41.792349 ], [ -87.781651, 41.792357 ], [ -87.778154, 41.792419 ] ] ] } },
{ "type": "Feature", "properties": { "GEOID": "17031570100", "population": 1421, "perCapitaIncome": 26821, "natureObs2023": 0, "communityArea": 57, "index": 526 }, "geometry": { "type": "Polygon", "coordinates": [ [ [ -87.714319, 41.826189 ], [ -87.71431, 41.826053 ], [ -87.714329, 41.822435 ], [ -87.713876, 41.80818 ], [ -87.713872, 41.807992 ], [ -87.714187, 41.807989 ], [ -87.722361, 41.807889 ], [ -87.722304, 41.806055 ], [ -87.723529, 41.806039 ], [ -87.723587, 41.807884 ], [ -87.72404, 41.82254 ], [ -87.724054, 41.823135 ], [ -87.714319, 41.826189 ] ] ] } },
{ "type": "Feature", "properties": { "GEOID": "17031570200", "population": 2084, "perCapitaIncome": 32585, "natureObs2023": 1, "communityArea": 57, "index": 527 }, "geometry": { "type": "Polygon", "coordinates": [ [ [ -87.724054, 41.823135 ], [ -87.72404, 41.82254 ], [ -87.723587, 41.807884 ], [ -87.728476, 41.807809 ], [ -87.730946, 41.807779 ], [ -87.738207, 41.807684 ], [ -87.738533, 41.818034 ], [ -87.738535, 41.818574 ], [ -87.724054, 41.823135 ] ] ] } },
{ "type": "Feature", "properties": { "GEOID": "17031570300", "population": 5951, "perCapitaIncome": 24962, "natureObs2023": 12, "communityArea": 57, "index": 528 }, "geometry": { "type": "Polygon", "coordinates": [ [ [ -87.730946, 41.807779 ], [ -87.728476, 41.807809 ], [ -87.723587, 41.807884 ], [ -87.723529, 41.806039 ], [ -87.72348, 41.804207 ], [ -87.723373, 41.800546 ], [ -87.728271, 41.800491 ], [ -87.728282, 41.800947 ], [ -87.730724, 41.800571 ], [ -87.731335, 41.800478 ], [ -87.734391, 41.800424 ], [ -87.738013, 41.800382 ], [ -87.738207, 41.807684 ], [ -87.730946, 41.807779 ] ] ] } },
{ "type": "Feature", "properties": { "GEOID": "17031570400", "population": 1712, "perCapitaIncome": 33251, "natureObs2023": 0, "communityArea": 57, "index": 529 }, "geometry": { "type": "Polygon", "coordinates": [ [ [ -87.722304, 41.806055 ], [ -87.722361, 41.807889 ], [ -87.714187, 41.807989 ], [ -87.713872, 41.807992 ], [ -87.713762, 41.805851 ], [ -87.715106, 41.804041 ], [ -87.72315, 41.800551 ], [ -87.723373, 41.800546 ], [ -87.72348, 41.804207 ], [ -87.723529, 41.806039 ], [ -87.722304, 41.806055 ] ] ] } },
{ "type": "Feature", "properties": { "GEOID": "17031570500", "population": 2699, "perCapitaIncome": 26910, "natureObs2023": 1, "communityArea": 57, "index": 530 }, "geometry": { "type": "Polygon", "coordinates": [ [ [ -87.734391, 41.800424 ], [ -87.731335, 41.800478 ], [ -87.730724, 41.800571 ], [ -87.728282, 41.800947 ], [ -87.728271, 41.800491 ], [ -87.723373, 41.800546 ], [ -87.723369, 41.800362 ], [ -87.728208, 41.79831 ], [ -87.728168, 41.796831 ], [ -87.730623, 41.796807 ], [ -87.731838, 41.796792 ], [ -87.733062, 41.796612 ], [ -87.733677, 41.796774 ], [ -87.735512, 41.796755 ], [ -87.735486, 41.795755 ], [ -87.735493, 41.795599 ], [ -87.737857, 41.795292 ], [ -87.738033, 41.799455 ], [ -87.738013, 41.800382 ], [ -87.734391, 41.800424 ] ] ] } },
{ "type": "Feature", "properties": { "GEOID": "17031580100", "population": 2662, "perCapitaIncome": 31028, "natureObs2023": 0, "communityArea": 58, "index": 531 }, "geometry": { "type": "Polygon", "coordinates": [ [ [ -87.687449, 41.834632 ], [ -87.687286, 41.827671 ], [ -87.686945, 41.826633 ], [ -87.686191, 41.825178 ], [ -87.68608, 41.822956 ], [ -87.689727, 41.822882 ], [ -87.694627, 41.822786 ], [ -87.694662, 41.824614 ], [ -87.694715, 41.826475 ], [ -87.694794, 41.829088 ], [ -87.694843, 41.829278 ], [ -87.694961, 41.832139 ], [ -87.694967, 41.832279 ], [ -87.687449, 41.834632 ] ] ] } },
{ "type": "Feature", "properties": { "GEOID": "17031580200", "population": 2988, "perCapitaIncome": 16820, "natureObs2023": 1, "communityArea": 58, "index": 532 }, "geometry": { "type": "Polygon", "coordinates": [ [ [ -87.694967, 41.832279 ], [ -87.694961, 41.832139 ], [ -87.694843, 41.829278 ], [ -87.694794, 41.829088 ], [ -87.694715, 41.826475 ], [ -87.694662, 41.824614 ], [ -87.694627, 41.822786 ], [ -87.699537, 41.822689 ], [ -87.70444, 41.82259 ], [ -87.704532, 41.827166 ], [ -87.704646, 41.829233 ], [ -87.694967, 41.832279 ] ] ] } },
{ "type": "Feature", "properties": { "GEOID": "17031580300", "population": 2569, "perCapitaIncome": 26992, "natureObs2023": 0, "communityArea": 58, "index": 533 }, "geometry": { "type": "Polygon", "coordinates": [ [ [ -87.714319, 41.826189 ], [ -87.704646, 41.829233 ], [ -87.704532, 41.827166 ], [ -87.70444, 41.82259 ], [ -87.714329, 41.822435 ], [ -87.71431, 41.826053 ], [ -87.714319, 41.826189 ] ] ] } },
{ "type": "Feature", "properties": { "GEOID": "17031580400", "population": 4672, "perCapitaIncome": 30403, "natureObs2023": 0, "communityArea": 58, "index": 534 }, "geometry": { "type": "Polygon", "coordinates": [ [ [ -87.70444, 41.82259 ], [ -87.704434, 41.819891 ], [ -87.704331, 41.8172 ], [ -87.704262, 41.815421 ], [ -87.704211, 41.814113 ], [ -87.704118, 41.811759 ], [ -87.704046, 41.809939 ], [ -87.703975, 41.808115 ], [ -87.713872, 41.807992 ], [ -87.713876, 41.80818 ], [ -87.714329, 41.822435 ], [ -87.70444, 41.82259 ] ] ] } },
{ "type": "Feature", "properties": { "GEOID": "17031580501", "population": 4716, "perCapitaIncome": 28132, "natureObs2023": 0, "communityArea": 58, "index": 535 }, "geometry": { "type": "Polygon", "coordinates": [ [ [ -87.699537, 41.822689 ], [ -87.694627, 41.822786 ], [ -87.69457, 41.820129 ], [ -87.694566, 41.820023 ], [ -87.694482, 41.81736 ], [ -87.694582, 41.817351 ], [ -87.698508, 41.817607 ], [ -87.699397, 41.817064 ], [ -87.704331, 41.8172 ], [ -87.704434, 41.819891 ], [ -87.70444, 41.82259 ], [ -87.699537, 41.822689 ] ] ] } },
{ "type": "Feature", "properties": { "GEOID": "17031580502", "population": 4932, "perCapitaIncome": 24489, "natureObs2023": 0, "communityArea": 58, "index": 536 }, "geometry": { "type": "Polygon", "coordinates": [ [ [ -87.699397, 41.817064 ], [ -87.698508, 41.817607 ], [ -87.694582, 41.817351 ], [ -87.694482, 41.81736 ], [ -87.694371, 41.813736 ], [ -87.694315, 41.811913 ], [ -87.69799, 41.811855 ], [ -87.700433, 41.811816 ], [ -87.701651, 41.811797 ], [ -87.704118, 41.811759 ], [ -87.704211, 41.814113 ], [ -87.704262, 41.815421 ], [ -87.704331, 41.8172 ], [ -87.699397, 41.817064 ] ] ] } },
{ "type": "Feature", "properties": { "GEOID": "17031580600", "population": 5402, "perCapitaIncome": 26349, "natureObs2023": 0, "communityArea": 58, "index": 537 }, "geometry": { "type": "Polygon", "coordinates": [ [ [ -87.689727, 41.822882 ], [ -87.689644, 41.819623 ], [ -87.689615, 41.818571 ], [ -87.68958, 41.817436 ], [ -87.689527, 41.815621 ], [ -87.689475, 41.813805 ], [ -87.689427, 41.811992 ], [ -87.691871, 41.811951 ], [ -87.694315, 41.811913 ], [ -87.694371, 41.813736 ], [ -87.694482, 41.81736 ], [ -87.694566, 41.820023 ], [ -87.69457, 41.820129 ], [ -87.694627, 41.822786 ], [ -87.689727, 41.822882 ] ] ] } },
{ "type": "Feature", "properties": { "GEOID": "17031580700", "population": 6137, "perCapitaIncome": 22631, "natureObs2023": 0, "communityArea": 58, "index": 538 }, "geometry": { "type": "Polygon", "coordinates": [ [ [ -87.68608, 41.822956 ], [ -87.68424, 41.823 ], [ -87.684072, 41.815703 ], [ -87.683965, 41.812111 ], [ -87.685203, 41.812062 ], [ -87.685807, 41.812053 ], [ -87.689427, 41.811992 ], [ -87.689475, 41.813805 ], [ -87.689527, 41.815621 ], [ -87.68958, 41.817436 ], [ -87.689615, 41.818571 ], [ -87.689644, 41.819623 ], [ -87.689727, 41.822882 ], [ -87.68608, 41.822956 ] ] ] } },
{ "type": "Feature", "properties": { "GEOID": "17031580800", "population": 2096, "perCapitaIncome": 23684, "natureObs2023": 0, "communityArea": 58, "index": 539 }, "geometry": { "type": "Polygon", "coordinates": [ [ [ -87.685807, 41.812053 ], [ -87.685203, 41.812062 ], [ -87.683965, 41.812111 ], [ -87.683874, 41.808417 ], [ -87.684425, 41.808426 ], [ -87.685103, 41.808428 ], [ -87.689324, 41.80836 ], [ -87.689427, 41.811992 ], [ -87.685807, 41.812053 ] ] ] } },
{ "type": "Feature", "properties": { "GEOID": "17031590500", "population": 1672, "perCapitaIncome": 47330, "natureObs2023": 1071, "communityArea": 59, "index": 540 }, "geometry": { "type": "Polygon", "coordinates": [ [ [ -87.677721, 41.830364 ], [ -87.67528, 41.83039 ], [ -87.675237, 41.828568 ], [ -87.676454, 41.828553 ], [ -87.676403, 41.82673 ], [ -87.675181, 41.826741 ], [ -87.675088, 41.823113 ], [ -87.676318, 41.823091 ], [ -87.68424, 41.823 ], [ -87.684459, 41.830289 ], [ -87.677721, 41.830364 ] ] ] } },
{ "type": "Feature", "properties": { "GEOID": "17031590600", "population": 3813, "perCapitaIncome": 35941, "natureObs2023": 10, "communityArea": 59, "index": 541 }, "geometry": { "type": "Polygon", "coordinates": [ [ [ -87.675237, 41.828568 ], [ -87.67528, 41.83039 ], [ -87.670399, 41.830447 ], [ -87.670353, 41.828619 ], [ -87.670255, 41.824968 ], [ -87.670213, 41.82317 ], [ -87.675088, 41.823113 ], [ -87.675181, 41.826741 ], [ -87.676403, 41.82673 ], [ -87.676454, 41.828553 ], [ -87.675237, 41.828568 ] ] ] } },
{ "type": "Feature", "properties": { "GEOID": "17031590700", "population": 2914, "perCapitaIncome": 41327, "natureObs2023": 0, "communityArea": 59, "index": 542 }, "geometry": { "type": "Polygon", "coordinates": [ [ [ -87.667953, 41.830474 ], [ -87.666736, 41.830488 ], [ -87.665568, 41.830501 ], [ -87.657326, 41.830601 ], [ -87.657439, 41.824885 ], [ -87.65598, 41.823316 ], [ -87.665462, 41.82315 ], [ -87.667777, 41.823183 ], [ -87.670213, 41.82317 ], [ -87.670255, 41.824968 ], [ -87.670353, 41.828619 ], [ -87.670399, 41.830447 ], [ -87.667953, 41.830474 ] ] ] } },
{ "type": "Feature", "properties": { "GEOID": "17031600400", "population": 3963, "perCapitaIncome": 30251, "natureObs2023": 4, "communityArea": 60, "index": 543 }, "geometry": { "type": "Polygon", "coordinates": [ [ [ -87.644023, 41.845359 ], [ -87.64158, 41.845393 ], [ -87.641497, 41.84175 ], [ -87.641458, 41.83993 ], [ -87.641416, 41.838107 ], [ -87.643848, 41.838076 ], [ -87.646278, 41.838046 ], [ -87.646369, 41.841657 ], [ -87.646431, 41.844513 ], [ -87.646449, 41.845327 ], [ -87.644023, 41.845359 ] ] ] } },
{ "type": "Feature", "properties": { "GEOID": "17031600600", "population": 2953, "perCapitaIncome": 32517, "natureObs2023": 1, "communityArea": 60, "index": 544 }, "geometry": { "type": "Polygon", "coordinates": [ [ [ -87.658843, 41.84729 ], [ -87.658043, 41.847724 ], [ -87.656693, 41.846508 ], [ -87.652372, 41.841447 ], [ -87.649408, 41.838005 ], [ -87.653584, 41.837948 ], [ -87.654359, 41.837937 ], [ -87.657675, 41.841783 ], [ -87.660298, 41.844854 ], [ -87.660811, 41.845927 ], [ -87.658843, 41.84729 ] ] ] } },
{ "type": "Feature", "properties": { "GEOID": "17031600700", "population": 2870, "perCapitaIncome": 33111, "natureObs2023": 31, "communityArea": 60, "index": 545 }, "geometry": { "type": "Polygon", "coordinates": [ [ [ -87.663149, 41.844685 ], [ -87.660811, 41.845927 ], [ -87.660298, 41.844854 ], [ -87.657675, 41.841783 ], [ -87.654359, 41.837937 ], [ -87.65602, 41.837914 ], [ -87.659327, 41.837867 ], [ -87.66085, 41.837848 ], [ -87.661801, 41.83784 ], [ -87.661711, 41.835377 ], [ -87.663061, 41.83692 ], [ -87.664251, 41.839206 ], [ -87.664983, 41.841461 ], [ -87.663149, 41.844685 ] ] ] } },
{ "type": "Feature", "properties": { "GEOID": "17031600900", "population": 3733, "perCapitaIncome": 30311, "natureObs2023": 5, "communityArea": 60, "index": 546 }, "geometry": { "type": "Polygon", "coordinates": [ [ [ -87.659327, 41.837867 ], [ -87.65602, 41.837914 ], [ -87.654359, 41.837937 ], [ -87.653584, 41.837948 ], [ -87.649408, 41.838005 ], [ -87.648705, 41.838013 ], [ -87.646278, 41.838046 ], [ -87.646202, 41.83483 ], [ -87.648628, 41.834797 ], [ -87.651063, 41.834766 ], [ -87.651074, 41.835271 ], [ -87.653514, 41.835226 ], [ -87.655946, 41.835188 ], [ -87.660343, 41.835698 ], [ -87.66085, 41.837848 ], [ -87.659327, 41.837867 ] ] ] } },
{ "type": "Feature", "properties": { "GEOID": "17031610300", "population": 5670, "perCapitaIncome": 25306, "natureObs2023": 23, "communityArea": 61, "index": 547 }, "geometry": { "type": "Polygon", "coordinates": [ [ [ -87.676318, 41.823091 ], [ -87.675088, 41.823113 ], [ -87.670213, 41.82317 ], [ -87.667777, 41.823183 ], [ -87.665462, 41.82315 ], [ -87.665148, 41.815871 ], [ -87.665109, 41.81406 ], [ -87.665064, 41.812222 ], [ -87.669926, 41.812197 ], [ -87.669889, 41.810782 ], [ -87.669828, 41.808557 ], [ -87.672255, 41.80853 ], [ -87.673472, 41.808521 ], [ -87.674687, 41.80851 ], [ -87.67712, 41.808503 ], [ -87.683874, 41.808417 ], [ -87.683965, 41.812111 ], [ -87.684072, 41.815703 ], [ -87.68424, 41.823 ], [ -87.676318, 41.823091 ] ] ] } },
{ "type": "Feature", "properties": { "GEOID": "17031610400", "population": 1888, "perCapitaIncome": 15349, "natureObs2023": 0, "communityArea": 61, "index": 548 }, "geometry": { "type": "Polygon", "coordinates": [ [ [ -87.665064, 41.812222 ], [ -87.664973, 41.808604 ], [ -87.667395, 41.808582 ], [ -87.669828, 41.808557 ], [ -87.669889, 41.810782 ], [ -87.669926, 41.812197 ], [ -87.665064, 41.812222 ] ] ] } },
{ "type": "Feature", "properties": { "GEOID": "17031610800", "population": 1521, "perCapitaIncome": 50120, "natureObs2023": 0, "communityArea": 61, "index": 549 }, "geometry": { "type": "Polygon", "coordinates": [ [ [ -87.635996, 41.81635 ], [ -87.635839, 41.809046 ], [ -87.640679, 41.808952 ], [ -87.640722, 41.810782 ], [ -87.64125, 41.816258 ], [ -87.635996, 41.81635 ] ] ] } },
{ "type": "Feature", "properties": { "GEOID": "17031611200", "population": 2072, "perCapitaIncome": 21757, "natureObs2023": 0, "communityArea": 61, "index": 550 }, "geometry": { "type": "Polygon", "coordinates": [ [ [ -87.662534, 41.808637 ], [ -87.660106, 41.808669 ], [ -87.660012, 41.805029 ], [ -87.660005, 41.804753 ], [ -87.659985, 41.804098 ], [ -87.659964, 41.803206 ], [ -87.659918, 41.801382 ], [ -87.664776, 41.801318 ], [ -87.664825, 41.80314 ], [ -87.664973, 41.808604 ], [ -87.662534, 41.808637 ] ] ] } },
{ "type": "Feature", "properties": { "GEOID": "17031611300", "population": 3409, "perCapitaIncome": 19285, "natureObs2023": 3, "communityArea": 61, "index": 551 }, "geometry": { "type": "Polygon", "coordinates": [ [ [ -87.667395, 41.808582 ], [ -87.664973, 41.808604 ], [ -87.664825, 41.80314 ], [ -87.664776, 41.801318 ], [ -87.669645, 41.801276 ], [ -87.669692, 41.803098 ], [ -87.669735, 41.804918 ], [ -87.669828, 41.808557 ], [ -87.667395, 41.808582 ] ] ] } },
{ "type": "Feature", "properties": { "GEOID": "17031611400", "population": 3587, "perCapitaIncome": 15780, "natureObs2023": 0, "communityArea": 61, "index": 552 }, "geometry": { "type": "Polygon", "coordinates": [ [ [ -87.673472, 41.808521 ], [ -87.672255, 41.80853 ], [ -87.669828, 41.808557 ], [ -87.669735, 41.804918 ], [ -87.669692, 41.803098 ], [ -87.669645, 41.801276 ], [ -87.67086, 41.801266 ], [ -87.673294, 41.801245 ], [ -87.674507, 41.801233 ], [ -87.674553, 41.803055 ], [ -87.674591, 41.804666 ], [ -87.674687, 41.80851 ], [ -87.673472, 41.808521 ] ] ] } },
{ "type": "Feature", "properties": { "GEOID": "17031611500", "population": 3273, "perCapitaIncome": 16598, "natureObs2023": 2, "communityArea": 61, "index": 553 }, "geometry": { "type": "Polygon", "coordinates": [ [ [ -87.683874, 41.808417 ], [ -87.67712, 41.808503 ], [ -87.674687, 41.80851 ], [ -87.674591, 41.804666 ], [ -87.674553, 41.803055 ], [ -87.674507, 41.801233 ], [ -87.679641, 41.801168 ], [ -87.679726, 41.804631 ], [ -87.68437, 41.804632 ], [ -87.684425, 41.808426 ], [ -87.683874, 41.808417 ] ] ] } },
{ "type": "Feature", "properties": { "GEOID": "17031611600", "population": 1995, "perCapitaIncome": 24125, "natureObs2023": 0, "communityArea": 61, "index": 554 }, "geometry": { "type": "Polygon", "coordinates": [ [ [ -87.674507, 41.801233 ], [ -87.674406, 41.797584 ], [ -87.674382, 41.796663 ], [ -87.674301, 41.793916 ], [ -87.678815, 41.793868 ], [ -87.678885, 41.794786 ], [ -87.679588, 41.797877 ], [ -87.679592, 41.798172 ], [ -87.679605, 41.798857 ], [ -87.679641, 41.801168 ], [ -87.674507, 41.801233 ] ] ] } },
{ "type": "Feature", "properties": { "GEOID": "17031611700", "population": 1847, "perCapitaIncome": 25282, "natureObs2023": 0, "communityArea": 61, "index": 555 }, "geometry": { "type": "Polygon", "coordinates": [ [ [ -87.673294, 41.801245 ], [ -87.67086, 41.801266 ], [ -87.669645, 41.801276 ], [ -87.669544, 41.797634 ], [ -87.669443, 41.793969 ], [ -87.671874, 41.793943 ], [ -87.674301, 41.793916 ], [ -87.674382, 41.796663 ], [ -87.674406, 41.797584 ], [ -87.674507, 41.801233 ], [ -87.673294, 41.801245 ] ] ] } },
{ "type": "Feature", "properties": { "GEOID": "17031611800", "population": 2186, "perCapitaIncome": 23438, "natureObs2023": 2, "communityArea": 61, "index": 556 }, "geometry": { "type": "Polygon", "coordinates": [ [ [ -87.664776, 41.801318 ], [ -87.664582, 41.794024 ], [ -87.667016, 41.793996 ], [ -87.669443, 41.793969 ], [ -87.669544, 41.797634 ], [ -87.669645, 41.801276 ], [ -87.664776, 41.801318 ] ] ] } },
{ "type": "Feature", "properties": { "GEOID": "17031611900", "population": 1559, "perCapitaIncome": 14820, "natureObs2023": 11, "communityArea": 61, "index": 557 }, "geometry": { "type": "Polygon", "coordinates": [ [ [ -87.659918, 41.801382 ], [ -87.655059, 41.801452 ], [ -87.654958, 41.79781 ], [ -87.654874, 41.794172 ], [ -87.657301, 41.794141 ], [ -87.659729, 41.7941 ], [ -87.660946, 41.794087 ], [ -87.664582, 41.794024 ], [ -87.664776, 41.801318 ], [ -87.659918, 41.801382 ] ] ] } },
{ "type": "Feature", "properties": { "GEOID": "17031612000", "population": 1317, "perCapitaIncome": 22337, "natureObs2023": 14, "communityArea": 61, "index": 558 }, "geometry": { "type": "Polygon", "coordinates": [ [ [ -87.651415, 41.801501 ], [ -87.650204, 41.801517 ], [ -87.650016, 41.79424 ], [ -87.654874, 41.794172 ], [ -87.654958, 41.79781 ], [ -87.655059, 41.801452 ], [ -87.651415, 41.801501 ] ] ] } },
{ "type": "Feature", "properties": { "GEOID": "17031612100", "population": 1018, "perCapitaIncome": 18667, "natureObs2023": 61, "communityArea": 61, "index": 559 }, "geometry": { "type": "Polygon", "coordinates": [ [ [ -87.645345, 41.801584 ], [ -87.64516, 41.794302 ], [ -87.647599, 41.794279 ], [ -87.650016, 41.79424 ], [ -87.650204, 41.801517 ], [ -87.645345, 41.801584 ] ] ] } },
{ "type": "Feature", "properties": { "GEOID": "17031612200", "population": 3687, "perCapitaIncome": 20364, "natureObs2023": 2, "communityArea": 61, "index": 560 }, "geometry": { "type": "Polygon", "coordinates": [ [ [ -87.657672, 41.808699 ], [ -87.65524, 41.808734 ], [ -87.655198, 41.806912 ], [ -87.650343, 41.806972 ], [ -87.650397, 41.808795 ], [ -87.645538, 41.808864 ], [ -87.645416, 41.804313 ], [ -87.645345, 41.801584 ], [ -87.650204, 41.801517 ], [ -87.651415, 41.801501 ], [ -87.655059, 41.801452 ], [ -87.659918, 41.801382 ], [ -87.659964, 41.803206 ], [ -87.659985, 41.804098 ], [ -87.660005, 41.804753 ], [ -87.660012, 41.805029 ], [ -87.660106, 41.808669 ], [ -87.657672, 41.808699 ] ] ] } },
{ "type": "Feature", "properties": { "GEOID": "17031620100", "population": 4798, "perCapitaIncome": 33059, "natureObs2023": 0, "communityArea": 62, "index": 561 }, "geometry": { "type": "Polygon", "coordinates": [ [ [ -87.72315, 41.800551 ], [ -87.715106, 41.804041 ], [ -87.713762, 41.805851 ], [ -87.713635, 41.804189 ], [ -87.713499, 41.797024 ], [ -87.713467, 41.795205 ], [ -87.713399, 41.793362 ], [ -87.71826, 41.793276 ], [ -87.723159, 41.793204 ], [ -87.723213, 41.795052 ], [ -87.723265, 41.796847 ], [ -87.723369, 41.800362 ], [ -87.723373, 41.800546 ], [ -87.72315, 41.800551 ] ] ] } },
{ "type": "Feature", "properties": { "GEOID": "17031620200", "population": 1948, "perCapitaIncome": 28193, "natureObs2023": 11, "communityArea": 62, "index": 562 }, "geometry": { "type": "Polygon", "coordinates": [ [ [ -87.735493, 41.795599 ], [ -87.735486, 41.795755 ], [ -87.735512, 41.796755 ], [ -87.733677, 41.796774 ], [ -87.733062, 41.796612 ], [ -87.731838, 41.796792 ], [ -87.730623, 41.796807 ], [ -87.728168, 41.796831 ], [ -87.728208, 41.79831 ], [ -87.723369, 41.800362 ], [ -87.723265, 41.796847 ], [ -87.723213, 41.795052 ], [ -87.723159, 41.793204 ], [ -87.728062, 41.793161 ], [ -87.730513, 41.793137 ], [ -87.734191, 41.79311 ], [ -87.737984, 41.793071 ], [ -87.737857, 41.795292 ], [ -87.735493, 41.795599 ] ] ] } },
{ "type": "Feature", "properties": { "GEOID": "17031620300", "population": 7080, "perCapitaIncome": 37407, "natureObs2023": 0, "communityArea": 62, "index": 563 }, "geometry": { "type": "Polygon", "coordinates": [ [ [ -87.734191, 41.79311 ], [ -87.730513, 41.793137 ], [ -87.728062, 41.793161 ], [ -87.723159, 41.793204 ], [ -87.723061, 41.789577 ], [ -87.722961, 41.785937 ], [ -87.727851, 41.785886 ], [ -87.729075, 41.785873 ], [ -87.7303, 41.785862 ], [ -87.733968, 41.785821 ], [ -87.737756, 41.785782 ], [ -87.73773, 41.787628 ], [ -87.737984, 41.793071 ], [ -87.734191, 41.79311 ] ] ] } },
{ "type": "Feature", "properties": { "GEOID": "17031620400", "population": 4540, "perCapitaIncome": 26723, "natureObs2023": 19, "communityArea": 62, "index": 564 }, "geometry": { "type": "Polygon", "coordinates": [ [ [ -87.71826, 41.793276 ], [ -87.713399, 41.793362 ], [ -87.713315, 41.789746 ], [ -87.71312, 41.786092 ], [ -87.718057, 41.786014 ], [ -87.722961, 41.785937 ], [ -87.723061, 41.789577 ], [ -87.723159, 41.793204 ], [ -87.71826, 41.793276 ] ] ] } },
{ "type": "Feature", "properties": { "GEOID": "17031630300", "population": 4167, "perCapitaIncome": 26975, "natureObs2023": 144, "communityArea": 63, "index": 565 }, "geometry": { "type": "Polygon", "coordinates": [ [ [ -87.711222, 41.804329 ], [ -87.703865, 41.804309 ], [ -87.703766, 41.800821 ], [ -87.703659, 41.797167 ], [ -87.703554, 41.793514 ], [ -87.707231, 41.793461 ], [ -87.713399, 41.793362 ], [ -87.713467, 41.795205 ], [ -87.713499, 41.797024 ], [ -87.713635, 41.804189 ], [ -87.711222, 41.804329 ] ] ] } },
{ "type": "Feature", "properties": { "GEOID": "17031630400", "population": 6003, "perCapitaIncome": 21829, "natureObs2023": 0, "communityArea": 63, "index": 566 }, "geometry": { "type": "Polygon", "coordinates": [ [ [ -87.698884, 41.800904 ], [ -87.694, 41.800989 ], [ -87.6939, 41.797339 ], [ -87.693798, 41.793691 ], [ -87.69868, 41.793605 ], [ -87.703554, 41.793514 ], [ -87.703659, 41.797167 ], [ -87.703766, 41.800821 ], [ -87.698884, 41.800904 ] ] ] } },
{ "type": "Feature", "properties": { "GEOID": "17031630500", "population": 5989, "perCapitaIncome": 18458, "natureObs2023": 0, "communityArea": 63, "index": 567 }, "geometry": { "type": "Polygon", "coordinates": [ [ [ -87.689121, 41.801073 ], [ -87.684224, 41.801146 ], [ -87.684129, 41.79751 ], [ -87.684042, 41.793877 ], [ -87.688931, 41.793783 ], [ -87.691361, 41.793736 ], [ -87.693798, 41.793691 ], [ -87.6939, 41.797339 ], [ -87.694, 41.800989 ], [ -87.689121, 41.801073 ] ] ] } },
{ "type": "Feature", "properties": { "GEOID": "17031630600", "population": 2746, "perCapitaIncome": 22817, "natureObs2023": 0, "communityArea": 63, "index": 568 }, "geometry": { "type": "Polygon", "coordinates": [ [ [ -87.68437, 41.804632 ], [ -87.679726, 41.804631 ], [ -87.679641, 41.801168 ], [ -87.679605, 41.798857 ], [ -87.679592, 41.798172 ], [ -87.679588, 41.797877 ], [ -87.678885, 41.794786 ], [ -87.678815, 41.793868 ], [ -87.682292, 41.793828 ], [ -87.683478, 41.793853 ], [ -87.684042, 41.793877 ], [ -87.684129, 41.79751 ], [ -87.684224, 41.801146 ], [ -87.689121, 41.801073 ], [ -87.694, 41.800989 ], [ -87.698884, 41.800904 ], [ -87.703766, 41.800821 ], [ -87.703865, 41.804309 ], [ -87.68437, 41.804632 ] ] ] } },
{ "type": "Feature", "properties": { "GEOID": "17031630800", "population": 6361, "perCapitaIncome": 27217, "natureObs2023": 0, "communityArea": 63, "index": 569 }, "geometry": { "type": "Polygon", "coordinates": [ [ [ -87.69868, 41.793605 ], [ -87.693798, 41.793691 ], [ -87.693747, 41.791871 ], [ -87.693697, 41.790048 ], [ -87.693647, 41.788229 ], [ -87.693595, 41.786407 ], [ -87.697254, 41.786347 ], [ -87.700911, 41.786286 ], [ -87.703349, 41.786248 ], [ -87.703401, 41.788064 ], [ -87.703454, 41.789884 ], [ -87.703505, 41.791698 ], [ -87.703554, 41.793514 ], [ -87.69868, 41.793605 ] ] ] } },
{ "type": "Feature", "properties": { "GEOID": "17031630900", "population": 4856, "perCapitaIncome": 25459, "natureObs2023": 4, "communityArea": 63, "index": 570 }, "geometry": { "type": "Polygon", "coordinates": [ [ [ -87.707231, 41.793461 ], [ -87.703554, 41.793514 ], [ -87.703505, 41.791698 ], [ -87.703454, 41.789884 ], [ -87.703401, 41.788064 ], [ -87.703349, 41.786248 ], [ -87.704568, 41.786228 ], [ -87.70823, 41.786172 ], [ -87.712897, 41.786097 ], [ -87.71312, 41.786092 ], [ -87.713315, 41.789746 ], [ -87.713399, 41.793362 ], [ -87.707231, 41.793461 ] ] ] } },
{ "type": "Feature", "properties": { "GEOID": "17031640100", "population": 1348, "perCapitaIncome": 24510, "natureObs2023": 1, "communityArea": 64, "index": 571 }, "geometry": { "type": "Polygon", "coordinates": [ [ [ -87.741399, 41.784596 ], [ -87.741422, 41.785742 ], [ -87.737756, 41.785782 ], [ -87.73757, 41.782138 ], [ -87.737397, 41.778487 ], [ -87.742293, 41.778429 ], [ -87.742222, 41.78334 ], [ -87.741399, 41.784596 ] ] ] } },
{ "type": "Feature", "properties": { "GEOID": "17031640300", "population": 6897, "perCapitaIncome": 35038, "natureObs2023": 2, "communityArea": 64, "index": 572 }, "geometry": { "type": "Polygon", "coordinates": [ [ [ -87.777879, 41.785082 ], [ -87.77422, 41.785154 ], [ -87.77178, 41.785203 ], [ -87.770559, 41.785226 ], [ -87.765712, 41.78533 ], [ -87.763887, 41.785555 ], [ -87.762007, 41.785019 ], [ -87.761948, 41.783556 ], [ -87.761715, 41.778053 ], [ -87.764168, 41.778005 ], [ -87.766609, 41.77795 ], [ -87.769052, 41.777909 ], [ -87.771496, 41.777862 ], [ -87.773937, 41.777816 ], [ -87.780044, 41.777698 ], [ -87.781265, 41.777676 ], [ -87.781539, 41.785011 ], [ -87.777879, 41.785082 ] ] ] } },
{ "type": "Feature", "properties": { "GEOID": "17031640400", "population": 3309, "perCapitaIncome": 41357, "natureObs2023": 0, "communityArea": 64, "index": 573 }, "geometry": { "type": "Polygon", "coordinates": [ [ [ -87.797442, 41.78476 ], [ -87.793731, 41.784816 ], [ -87.791303, 41.784853 ], [ -87.787642, 41.784911 ], [ -87.78642, 41.784932 ], [ -87.785199, 41.784951 ], [ -87.781539, 41.785011 ], [ -87.781265, 41.777676 ], [ -87.786152, 41.777606 ], [ -87.791018, 41.77753 ], [ -87.800899, 41.777292 ], [ -87.801018, 41.780032 ], [ -87.801212, 41.7846 ], [ -87.801216, 41.784688 ], [ -87.797442, 41.78476 ] ] ] } },
{ "type": "Feature", "properties": { "GEOID": "17031640500", "population": 4132, "perCapitaIncome": 40076, "natureObs2023": 0, "communityArea": 64, "index": 574 }, "geometry": { "type": "Polygon", "coordinates": [ [ [ -87.791018, 41.77753 ], [ -87.786152, 41.777606 ], [ -87.781265, 41.777676 ], [ -87.78112, 41.774011 ], [ -87.790886, 41.773861 ], [ -87.800806, 41.773709 ], [ -87.800865, 41.775807 ], [ -87.801016, 41.776265 ], [ -87.800899, 41.777292 ], [ -87.791018, 41.77753 ] ] ] } },
{ "type": "Feature", "properties": { "GEOID": "17031640600", "population": 4427, "perCapitaIncome": 36325, "natureObs2023": 3, "communityArea": 64, "index": 575 }, "geometry": { "type": "Polygon", "coordinates": [ [ [ -87.780044, 41.777698 ], [ -87.773937, 41.777816 ], [ -87.771496, 41.777862 ], [ -87.769052, 41.777909 ], [ -87.766609, 41.77795 ], [ -87.764168, 41.778005 ], [ -87.761715, 41.778053 ], [ -87.761583, 41.774388 ], [ -87.766466, 41.77431 ], [ -87.771353, 41.774205 ], [ -87.773796, 41.77416 ], [ -87.78112, 41.774011 ], [ -87.781265, 41.777676 ], [ -87.780044, 41.777698 ] ] ] } },
{ "type": "Feature", "properties": { "GEOID": "17031640700", "population": 3110, "perCapitaIncome": 34291, "natureObs2023": 0, "communityArea": 64, "index": 576 }, "geometry": { "type": "Polygon", "coordinates": [ [ [ -87.756864, 41.778148 ], [ -87.753219, 41.778218 ], [ -87.747149, 41.778335 ], [ -87.742293, 41.778429 ], [ -87.742165, 41.77478 ], [ -87.747038, 41.774668 ], [ -87.752258, 41.774575 ], [ -87.756733, 41.774493 ], [ -87.761583, 41.774388 ], [ -87.761715, 41.778053 ], [ -87.756864, 41.778148 ] ] ] } },
{ "type": "Feature", "properties": { "GEOID": "17031640800", "population": 1505, "perCapitaIncome": 31984, "natureObs2023": 0, "communityArea": 64, "index": 577 }, "geometry": { "type": "Polygon", "coordinates": [ [ [ -87.737397, 41.778487 ], [ -87.737361, 41.776655 ], [ -87.737331, 41.774851 ], [ -87.737223, 41.771201 ], [ -87.742055, 41.771129 ], [ -87.742165, 41.77478 ], [ -87.742293, 41.778429 ], [ -87.737397, 41.778487 ] ] ] } },
{ "type": "Feature", "properties": { "GEOID": "17031650100", "population": 4622, "perCapitaIncome": 26171, "natureObs2023": 0, "communityArea": 65, "index": 578 }, "geometry": { "type": "Polygon", "coordinates": [ [ [ -87.718057, 41.786014 ], [ -87.71312, 41.786092 ], [ -87.712897, 41.786097 ], [ -87.71285, 41.782461 ], [ -87.712726, 41.778832 ], [ -87.712897, 41.778831 ], [ -87.717854, 41.778735 ], [ -87.72276, 41.778658 ], [ -87.722863, 41.782296 ], [ -87.722961, 41.785937 ], [ -87.718057, 41.786014 ] ] ] } },
{ "type": "Feature", "properties": { "GEOID": "17031650200", "population": 7211, "perCapitaIncome": 31538, "natureObs2023": 0, "communityArea": 65, "index": 579 }, "geometry": { "type": "Polygon", "coordinates": [ [ [ -87.733968, 41.785821 ], [ -87.7303, 41.785862 ], [ -87.729075, 41.785873 ], [ -87.727851, 41.785886 ], [ -87.722961, 41.785937 ], [ -87.722863, 41.782296 ], [ -87.72276, 41.778658 ], [ -87.728863, 41.778584 ], [ -87.733745, 41.778529 ], [ -87.737397, 41.778487 ], [ -87.73757, 41.782138 ], [ -87.737756, 41.785782 ], [ -87.733968, 41.785821 ] ] ] } },
{ "type": "Feature", "properties": { "GEOID": "17031650301", "population": 4863, "perCapitaIncome": 30277, "natureObs2023": 1, "communityArea": 65, "index": 580 }, "geometry": { "type": "Polygon", "coordinates": [ [ [ -87.733745, 41.778529 ], [ -87.728863, 41.778584 ], [ -87.72276, 41.778658 ], [ -87.722623, 41.773192 ], [ -87.722576, 41.771374 ], [ -87.726234, 41.771331 ], [ -87.72989, 41.771287 ], [ -87.732327, 41.77126 ], [ -87.737223, 41.771201 ], [ -87.737331, 41.774851 ], [ -87.737361, 41.776655 ], [ -87.737397, 41.778487 ], [ -87.733745, 41.778529 ] ] ] } },
{ "type": "Feature", "properties": { "GEOID": "17031650302", "population": 4945, "perCapitaIncome": 20567, "natureObs2023": 0, "communityArea": 65, "index": 581 }, "geometry": { "type": "Polygon", "coordinates": [ [ [ -87.717854, 41.778735 ], [ -87.712897, 41.778831 ], [ -87.712811, 41.775167 ], [ -87.712724, 41.771522 ], [ -87.717673, 41.77145 ], [ -87.722576, 41.771374 ], [ -87.722623, 41.773192 ], [ -87.72276, 41.778658 ], [ -87.717854, 41.778735 ] ] ] } },
{ "type": "Feature", "properties": { "GEOID": "17031650400", "population": 6794, "perCapitaIncome": 20950, "natureObs2023": 1, "communityArea": 65, "index": 582 }, "geometry": { "type": "Polygon", "coordinates": [ [ [ -87.717673, 41.77145 ], [ -87.712724, 41.771522 ], [ -87.712652, 41.767851 ], [ -87.71254, 41.764242 ], [ -87.71233, 41.757192 ], [ -87.713431, 41.757478 ], [ -87.722261, 41.761571 ], [ -87.722355, 41.7641 ], [ -87.722441, 41.765929 ], [ -87.722462, 41.766824 ], [ -87.722576, 41.771374 ], [ -87.717673, 41.77145 ] ] ] } },
{ "type": "Feature", "properties": { "GEOID": "17031650500", "population": 4159, "perCapitaIncome": 31257, "natureObs2023": 5, "communityArea": 65, "index": 583 }, "geometry": { "type": "Polygon", "coordinates": [ [ [ -87.737223, 41.771201 ], [ -87.732327, 41.77126 ], [ -87.72989, 41.771287 ], [ -87.726234, 41.771331 ], [ -87.722576, 41.771374 ], [ -87.722462, 41.766824 ], [ -87.722441, 41.765929 ], [ -87.722355, 41.7641 ], [ -87.722261, 41.761571 ], [ -87.722191, 41.756838 ], [ -87.722176, 41.755094 ], [ -87.72204, 41.753374 ], [ -87.732206, 41.753174 ], [ -87.741496, 41.753292 ], [ -87.741599, 41.756489 ], [ -87.741758, 41.76015 ], [ -87.741899, 41.764299 ], [ -87.741793, 41.767001 ], [ -87.741876, 41.769307 ], [ -87.742055, 41.771129 ], [ -87.737223, 41.771201 ] ] ] } },
{ "type": "Feature", "properties": { "GEOID": "17031660301", "population": 1761, "perCapitaIncome": 33693, "natureObs2023": 0, "communityArea": 66, "index": 584 }, "geometry": { "type": "Polygon", "coordinates": [ [ [ -87.700752, 41.780826 ], [ -87.693445, 41.780939 ], [ -87.693392, 41.779116 ], [ -87.694611, 41.779099 ], [ -87.698266, 41.779044 ], [ -87.703137, 41.778973 ], [ -87.703188, 41.780795 ], [ -87.700752, 41.780826 ] ] ] } },
{ "type": "Feature", "properties": { "GEOID": "17031660302", "population": 4612, "perCapitaIncome": 22483, "natureObs2023": 0, "communityArea": 66, "index": 585 }, "geometry": { "type": "Polygon", "coordinates": [ [ [ -87.700911, 41.786286 ], [ -87.697254, 41.786347 ], [ -87.693595, 41.786407 ], [ -87.693497, 41.78276 ], [ -87.693445, 41.780939 ], [ -87.700752, 41.780826 ], [ -87.703188, 41.780795 ], [ -87.703246, 41.782607 ], [ -87.703349, 41.786248 ], [ -87.700911, 41.786286 ] ] ] } },
{ "type": "Feature", "properties": { "GEOID": "17031660400", "population": 4719, "perCapitaIncome": 19526, "natureObs2023": 0, "communityArea": 66, "index": 586 }, "geometry": { "type": "Polygon", "coordinates": [ [ [ -87.70823, 41.786172 ], [ -87.704568, 41.786228 ], [ -87.703349, 41.786248 ], [ -87.703246, 41.782607 ], [ -87.703188, 41.780795 ], [ -87.703137, 41.778973 ], [ -87.705559, 41.778935 ], [ -87.707988, 41.778893 ], [ -87.712726, 41.778832 ], [ -87.71285, 41.782461 ], [ -87.712897, 41.786097 ], [ -87.70823, 41.786172 ] ] ] } },
{ "type": "Feature", "properties": { "GEOID": "17031660500", "population": 4284, "perCapitaIncome": 22472, "natureObs2023": 0, "communityArea": 66, "index": 587 }, "geometry": { "type": "Polygon", "coordinates": [ [ [ -87.712726, 41.778832 ], [ -87.707988, 41.778893 ], [ -87.705559, 41.778935 ], [ -87.703137, 41.778973 ], [ -87.703116, 41.778047 ], [ -87.703095, 41.777144 ], [ -87.703052, 41.775322 ], [ -87.702967, 41.771675 ], [ -87.705382, 41.771637 ], [ -87.70781, 41.771599 ], [ -87.712549, 41.771523 ], [ -87.712724, 41.771522 ], [ -87.712811, 41.775167 ], [ -87.712897, 41.778831 ], [ -87.712726, 41.778832 ] ] ] } },
{ "type": "Feature", "properties": { "GEOID": "17031660600", "population": 5849, "perCapitaIncome": 18023, "natureObs2023": 0, "communityArea": 66, "index": 588 }, "geometry": { "type": "Polygon", "coordinates": [ [ [ -87.698266, 41.779044 ], [ -87.694611, 41.779099 ], [ -87.693392, 41.779116 ], [ -87.690959, 41.779153 ], [ -87.687305, 41.779205 ], [ -87.683639, 41.779216 ], [ -87.683548, 41.775599 ], [ -87.687209, 41.775562 ], [ -87.690863, 41.77546 ], [ -87.693298, 41.775427 ], [ -87.693299, 41.775471 ], [ -87.694519, 41.775451 ], [ -87.698171, 41.7754 ], [ -87.703052, 41.775322 ], [ -87.703095, 41.777144 ], [ -87.703116, 41.778047 ], [ -87.703137, 41.778973 ], [ -87.698266, 41.779044 ] ] ] } },
{ "type": "Feature", "properties": { "GEOID": "17031660700", "population": 1617, "perCapitaIncome": 21160, "natureObs2023": 2, "communityArea": 66, "index": 589 }, "geometry": { "type": "Polygon", "coordinates": [ [ [ -87.67849, 41.779247 ], [ -87.678817, 41.775935 ], [ -87.678715, 41.772015 ], [ -87.67862, 41.768385 ], [ -87.683343, 41.768332 ], [ -87.683444, 41.771978 ], [ -87.683494, 41.773783 ], [ -87.683548, 41.775599 ], [ -87.683639, 41.779216 ], [ -87.67849, 41.779247 ] ] ] } },
{ "type": "Feature", "properties": { "GEOID": "17031660800", "population": 5832, "perCapitaIncome": 24850, "natureObs2023": 0, "communityArea": 66, "index": 590 }, "geometry": { "type": "Polygon", "coordinates": [ [ [ -87.698171, 41.7754 ], [ -87.694519, 41.775451 ], [ -87.693299, 41.775471 ], [ -87.693298, 41.775427 ], [ -87.690863, 41.77546 ], [ -87.687209, 41.775562 ], [ -87.683548, 41.775599 ], [ -87.683494, 41.773783 ], [ -87.683444, 41.771978 ], [ -87.687109, 41.771919 ], [ -87.688333, 41.771902 ], [ -87.690769, 41.771862 ], [ -87.693206, 41.771824 ], [ -87.69443, 41.771807 ], [ -87.698083, 41.771749 ], [ -87.702967, 41.771675 ], [ -87.703052, 41.775322 ], [ -87.698171, 41.7754 ] ] ] } },
{ "type": "Feature", "properties": { "GEOID": "17031660900", "population": 5631, "perCapitaIncome": 15531, "natureObs2023": 26, "communityArea": 66, "index": 591 }, "geometry": { "type": "Polygon", "coordinates": [ [ [ -87.712549, 41.771523 ], [ -87.70781, 41.771599 ], [ -87.705382, 41.771637 ], [ -87.702967, 41.771675 ], [ -87.698083, 41.771749 ], [ -87.69443, 41.771807 ], [ -87.693206, 41.771824 ], [ -87.690769, 41.771862 ], [ -87.688333, 41.771902 ], [ -87.687109, 41.771919 ], [ -87.683444, 41.771978 ], [ -87.683343, 41.768332 ], [ -87.683243, 41.764702 ], [ -87.688136, 41.764618 ], [ -87.68936, 41.764598 ], [ -87.693029, 41.76454 ], [ -87.69792, 41.764458 ], [ -87.702813, 41.764389 ], [ -87.707701, 41.764308 ], [ -87.712349, 41.764245 ], [ -87.71254, 41.764242 ], [ -87.712652, 41.767851 ], [ -87.712724, 41.771522 ], [ -87.712549, 41.771523 ] ] ] } },
{ "type": "Feature", "properties": { "GEOID": "17031661000", "population": 5424, "perCapitaIncome": 30049, "natureObs2023": 0, "communityArea": 66, "index": 592 }, "geometry": { "type": "Polygon", "coordinates": [ [ [ -87.68936, 41.764598 ], [ -87.688136, 41.764618 ], [ -87.683243, 41.764702 ], [ -87.683343, 41.768332 ], [ -87.67862, 41.768385 ], [ -87.678583, 41.764755 ], [ -87.678466, 41.757452 ], [ -87.680126, 41.757456 ], [ -87.683047, 41.757379 ], [ -87.683666, 41.757544 ], [ -87.686682, 41.757478 ], [ -87.687953, 41.757491 ], [ -87.69282, 41.757303 ], [ -87.692919, 41.75798 ], [ -87.692926, 41.760892 ], [ -87.693029, 41.76454 ], [ -87.68936, 41.764598 ] ] ] } },
{ "type": "Feature", "properties": { "GEOID": "17031661100", "population": 7186, "perCapitaIncome": 28707, "natureObs2023": 0, "communityArea": 66, "index": 593 }, "geometry": { "type": "Polygon", "coordinates": [ [ [ -87.707701, 41.764308 ], [ -87.702813, 41.764389 ], [ -87.69792, 41.764458 ], [ -87.693029, 41.76454 ], [ -87.692926, 41.760892 ], [ -87.692919, 41.75798 ], [ -87.69282, 41.757303 ], [ -87.702615, 41.757216 ], [ -87.711521, 41.757072 ], [ -87.71233, 41.757192 ], [ -87.71254, 41.764242 ], [ -87.712349, 41.764245 ], [ -87.707701, 41.764308 ] ] ] } },
{ "type": "Feature", "properties": { "GEOID": "17031670100", "population": 1472, "perCapitaIncome": 16083, "natureObs2023": 0, "communityArea": 67, "index": 594 }, "geometry": { "type": "Polygon", "coordinates": [ [ [ -87.657301, 41.794141 ], [ -87.654874, 41.794172 ], [ -87.654684, 41.786886 ], [ -87.657114, 41.786851 ], [ -87.659541, 41.786816 ], [ -87.659729, 41.7941 ], [ -87.657301, 41.794141 ] ] ] } },
{ "type": "Feature", "properties": { "GEOID": "17031670200", "population": 724, "perCapitaIncome": 20594, "natureObs2023": 0, "communityArea": 67, "index": 595 }, "geometry": { "type": "Polygon", "coordinates": [ [ [ -87.660946, 41.794087 ], [ -87.659729, 41.7941 ], [ -87.659541, 41.786816 ], [ -87.661963, 41.786781 ], [ -87.664394, 41.786747 ], [ -87.664539, 41.792207 ], [ -87.664582, 41.794024 ], [ -87.660946, 41.794087 ] ] ] } },
{ "type": "Feature", "properties": { "GEOID": "17031670300", "population": 1332, "perCapitaIncome": 16718, "natureObs2023": 0, "communityArea": 67, "index": 596 }, "geometry": { "type": "Polygon", "coordinates": [ [ [ -87.667016, 41.793996 ], [ -87.664582, 41.794024 ], [ -87.664539, 41.792207 ], [ -87.664394, 41.786747 ], [ -87.669245, 41.786688 ], [ -87.669295, 41.78851 ], [ -87.669443, 41.793969 ], [ -87.667016, 41.793996 ] ] ] } },
{ "type": "Feature", "properties": { "GEOID": "17031670400", "population": 1616, "perCapitaIncome": 25690, "natureObs2023": 0, "communityArea": 67, "index": 597 }, "geometry": { "type": "Polygon", "coordinates": [ [ [ -87.671874, 41.793943 ], [ -87.669443, 41.793969 ], [ -87.669295, 41.78851 ], [ -87.669245, 41.786688 ], [ -87.6741, 41.786628 ], [ -87.674301, 41.793916 ], [ -87.671874, 41.793943 ] ] ] } },
{ "type": "Feature", "properties": { "GEOID": "17031670500", "population": 1004, "perCapitaIncome": 15506, "natureObs2023": 0, "communityArea": 67, "index": 598 }, "geometry": { "type": "Polygon", "coordinates": [ [ [ -87.674301, 41.793916 ], [ -87.6741, 41.786628 ], [ -87.674001, 41.782982 ], [ -87.673905, 41.779316 ], [ -87.67849, 41.779247 ], [ -87.678716, 41.786569 ], [ -87.678815, 41.793868 ], [ -87.674301, 41.793916 ] ] ] } },
{ "type": "Feature", "properties": { "GEOID": "17031670600", "population": 1174, "perCapitaIncome": 26029, "natureObs2023": 1, "communityArea": 67, "index": 599 }, "geometry": { "type": "Polygon", "coordinates": [ [ [ -87.669245, 41.786688 ], [ -87.669156, 41.783046 ], [ -87.669064, 41.779544 ], [ -87.669079, 41.779383 ], [ -87.673905, 41.779316 ], [ -87.674001, 41.782982 ], [ -87.6741, 41.786628 ], [ -87.669245, 41.786688 ] ] ] } },
{ "type": "Feature", "properties": { "GEOID": "17031670700", "population": 1092, "perCapitaIncome": 17592, "natureObs2023": 0, "communityArea": 67, "index": 600 }, "geometry": { "type": "Polygon", "coordinates": [ [ [ -87.664394, 41.786747 ], [ -87.664309, 41.78311 ], [ -87.664221, 41.779465 ], [ -87.669079, 41.779383 ], [ -87.669064, 41.779544 ], [ -87.669156, 41.783046 ], [ -87.669245, 41.786688 ], [ -87.664394, 41.786747 ] ] ] } },
{ "type": "Feature", "properties": { "GEOID": "17031670800", "population": 1022, "perCapitaIncome": 26827, "natureObs2023": 0, "communityArea": 67, "index": 601 }, "geometry": { "type": "Polygon", "coordinates": [ [ [ -87.661963, 41.786781 ], [ -87.659541, 41.786816 ], [ -87.659405, 41.781358 ], [ -87.659361, 41.779543 ], [ -87.664221, 41.779465 ], [ -87.664309, 41.78311 ], [ -87.664394, 41.786747 ], [ -87.661963, 41.786781 ] ] ] } },
{ "type": "Feature", "properties": { "GEOID": "17031670900", "population": 1246, "perCapitaIncome": 20936, "natureObs2023": 0, "communityArea": 67, "index": 602 }, "geometry": { "type": "Polygon", "coordinates": [ [ [ -87.657114, 41.786851 ], [ -87.654684, 41.786886 ], [ -87.65455, 41.781427 ], [ -87.654502, 41.779608 ], [ -87.659361, 41.779543 ], [ -87.659405, 41.781358 ], [ -87.659541, 41.786816 ], [ -87.657114, 41.786851 ] ] ] } },
{ "type": "Feature", "properties": { "GEOID": "17031671100", "population": 915, "perCapitaIncome": 14829, "natureObs2023": 0, "communityArea": 67, "index": 603 }, "geometry": { "type": "Polygon", "coordinates": [ [ [ -87.659361, 41.779543 ], [ -87.659216, 41.774078 ], [ -87.661633, 41.774044 ], [ -87.66407, 41.774013 ], [ -87.664221, 41.779465 ], [ -87.659361, 41.779543 ] ] ] } },
{ "type": "Feature", "properties": { "GEOID": "17031671200", "population": 840, "perCapitaIncome": 19524, "natureObs2023": 0, "communityArea": 67, "index": 604 }, "geometry": { "type": "Polygon", "coordinates": [ [ [ -87.664221, 41.779465 ], [ -87.66407, 41.774013 ], [ -87.668946, 41.773952 ], [ -87.669079, 41.779383 ], [ -87.664221, 41.779465 ] ] ] } },
{ "type": "Feature", "properties": { "GEOID": "17031671300", "population": 1657, "perCapitaIncome": 18023, "natureObs2023": 0, "communityArea": 67, "index": 605 }, "geometry": { "type": "Polygon", "coordinates": [ [ [ -87.669079, 41.779383 ], [ -87.668946, 41.773952 ], [ -87.668886, 41.772132 ], [ -87.668825, 41.770314 ], [ -87.668774, 41.768496 ], [ -87.669986, 41.768485 ], [ -87.671198, 41.768471 ], [ -87.673625, 41.768441 ], [ -87.673713, 41.772076 ], [ -87.673757, 41.773891 ], [ -87.673905, 41.779316 ], [ -87.669079, 41.779383 ] ] ] } },
{ "type": "Feature", "properties": { "GEOID": "17031671400", "population": 1299, "perCapitaIncome": 19501, "natureObs2023": 0, "communityArea": 67, "index": 606 }, "geometry": { "type": "Polygon", "coordinates": [ [ [ -87.67849, 41.779247 ], [ -87.673905, 41.779316 ], [ -87.673757, 41.773891 ], [ -87.673713, 41.772076 ], [ -87.673625, 41.768441 ], [ -87.67862, 41.768385 ], [ -87.678715, 41.772015 ], [ -87.678817, 41.775935 ], [ -87.67849, 41.779247 ] ] ] } },
{ "type": "Feature", "properties": { "GEOID": "17031671500", "population": 2308, "perCapitaIncome": 26500, "natureObs2023": 0, "communityArea": 67, "index": 607 }, "geometry": { "type": "Polygon", "coordinates": [ [ [ -87.673625, 41.768441 ], [ -87.671198, 41.768471 ], [ -87.669986, 41.768485 ], [ -87.668774, 41.768496 ], [ -87.668825, 41.770314 ], [ -87.668886, 41.772132 ], [ -87.668946, 41.773952 ], [ -87.66407, 41.774013 ], [ -87.664021, 41.772192 ], [ -87.663968, 41.770372 ], [ -87.663898, 41.768552 ], [ -87.663796, 41.764909 ], [ -87.667461, 41.764868 ], [ -87.669887, 41.764846 ], [ -87.671103, 41.764834 ], [ -87.674745, 41.764799 ], [ -87.678583, 41.764755 ], [ -87.67862, 41.768385 ], [ -87.673625, 41.768441 ] ] ] } },
{ "type": "Feature", "properties": { "GEOID": "17031671600", "population": 1709, "perCapitaIncome": 19972, "natureObs2023": 0, "communityArea": 67, "index": 608 }, "geometry": { "type": "Polygon", "coordinates": [ [ [ -87.661633, 41.774044 ], [ -87.659216, 41.774078 ], [ -87.659166, 41.772263 ], [ -87.659066, 41.768622 ], [ -87.658967, 41.764981 ], [ -87.663796, 41.764909 ], [ -87.663898, 41.768552 ], [ -87.663968, 41.770372 ], [ -87.664021, 41.772192 ], [ -87.66407, 41.774013 ], [ -87.661633, 41.774044 ] ] ] } },
{ "type": "Feature", "properties": { "GEOID": "17031671800", "population": 1128, "perCapitaIncome": 26311, "natureObs2023": 0, "communityArea": 67, "index": 609 }, "geometry": { "type": "Polygon", "coordinates": [ [ [ -87.654116, 41.765057 ], [ -87.653973, 41.759596 ], [ -87.653929, 41.757846 ], [ -87.658777, 41.757734 ], [ -87.658825, 41.759524 ], [ -87.658967, 41.764981 ], [ -87.654116, 41.765057 ] ] ] } },
{ "type": "Feature", "properties": { "GEOID": "17031671900", "population": 1034, "perCapitaIncome": 17293, "natureObs2023": 1, "communityArea": 67, "index": 610 }, "geometry": { "type": "Polygon", "coordinates": [ [ [ -87.658967, 41.764981 ], [ -87.658825, 41.759524 ], [ -87.658777, 41.757734 ], [ -87.663607, 41.757677 ], [ -87.66364, 41.759454 ], [ -87.663796, 41.764909 ], [ -87.658967, 41.764981 ] ] ] } },
{ "type": "Feature", "properties": { "GEOID": "17031672000", "population": 3295, "perCapitaIncome": 20513, "natureObs2023": 0, "communityArea": 67, "index": 611 }, "geometry": { "type": "Polygon", "coordinates": [ [ [ -87.674745, 41.764799 ], [ -87.671103, 41.764834 ], [ -87.669887, 41.764846 ], [ -87.667461, 41.764868 ], [ -87.663796, 41.764909 ], [ -87.66364, 41.759454 ], [ -87.663607, 41.757677 ], [ -87.66729, 41.757631 ], [ -87.670901, 41.757563 ], [ -87.673339, 41.757524 ], [ -87.678466, 41.757452 ], [ -87.678583, 41.764755 ], [ -87.674745, 41.764799 ] ] ] } },
{ "type": "Feature", "properties": { "GEOID": "17031680500", "population": 1474, "perCapitaIncome": 20606, "natureObs2023": 0, "communityArea": 68, "index": 612 }, "geometry": { "type": "Polygon", "coordinates": [ [ [ -87.650016, 41.79424 ], [ -87.649828, 41.786956 ], [ -87.654684, 41.786886 ], [ -87.654874, 41.794172 ], [ -87.650016, 41.79424 ] ] ] } },
{ "type": "Feature", "properties": { "GEOID": "17031680600", "population": 1178, "perCapitaIncome": 27208, "natureObs2023": 0, "communityArea": 68, "index": 613 }, "geometry": { "type": "Polygon", "coordinates": [ [ [ -87.649828, 41.786956 ], [ -87.649737, 41.783315 ], [ -87.649643, 41.779674 ], [ -87.652072, 41.779644 ], [ -87.654502, 41.779608 ], [ -87.65455, 41.781427 ], [ -87.654684, 41.786886 ], [ -87.649828, 41.786956 ] ] ] } },
{ "type": "Feature", "properties": { "GEOID": "17031680900", "population": 3560, "perCapitaIncome": 18578, "natureObs2023": 0, "communityArea": 68, "index": 614 }, "geometry": { "type": "Polygon", "coordinates": [ [ [ -87.643678, 41.780664 ], [ -87.640028, 41.780745 ], [ -87.64002, 41.779825 ], [ -87.637503, 41.779868 ], [ -87.635048, 41.779909 ], [ -87.63015, 41.779987 ], [ -87.630053, 41.776935 ], [ -87.63007, 41.776596 ], [ -87.629971, 41.772848 ], [ -87.629985, 41.772709 ], [ -87.631045, 41.772694 ], [ -87.639501, 41.772557 ], [ -87.640296, 41.772545 ], [ -87.644597, 41.772472 ], [ -87.644659, 41.77495 ], [ -87.644704, 41.776547 ], [ -87.644786, 41.779751 ], [ -87.644839, 41.781557 ], [ -87.643678, 41.780664 ] ] ] } },
{ "type": "Feature", "properties": { "GEOID": "17031681000", "population": 2297, "perCapitaIncome": 18740, "natureObs2023": 0, "communityArea": 68, "index": 615 }, "geometry": { "type": "Polygon", "coordinates": [ [ [ -87.652072, 41.779644 ], [ -87.649643, 41.779674 ], [ -87.646174, 41.779729 ], [ -87.644786, 41.779751 ], [ -87.644704, 41.776547 ], [ -87.644659, 41.77495 ], [ -87.644597, 41.772472 ], [ -87.645813, 41.772455 ], [ -87.647024, 41.77244 ], [ -87.648235, 41.772421 ], [ -87.651882, 41.772369 ], [ -87.65431, 41.772333 ], [ -87.654402, 41.775974 ], [ -87.654502, 41.779608 ], [ -87.652072, 41.779644 ] ] ] } },
{ "type": "Feature", "properties": { "GEOID": "17031681100", "population": 1932, "perCapitaIncome": 17799, "natureObs2023": 0, "communityArea": 68, "index": 616 }, "geometry": { "type": "Polygon", "coordinates": [ [ [ -87.651882, 41.772369 ], [ -87.648235, 41.772421 ], [ -87.647024, 41.77244 ], [ -87.645813, 41.772455 ], [ -87.644597, 41.772472 ], [ -87.644507, 41.768838 ], [ -87.644413, 41.765203 ], [ -87.645631, 41.765184 ], [ -87.648055, 41.765148 ], [ -87.651689, 41.765092 ], [ -87.654116, 41.765057 ], [ -87.654211, 41.768693 ], [ -87.65431, 41.772333 ], [ -87.651882, 41.772369 ] ] ] } },
{ "type": "Feature", "properties": { "GEOID": "17031681200", "population": 1883, "perCapitaIncome": 16831, "natureObs2023": 0, "communityArea": 68, "index": 617 }, "geometry": { "type": "Polygon", "coordinates": [ [ [ -87.640296, 41.772545 ], [ -87.639501, 41.772557 ], [ -87.631045, 41.772694 ], [ -87.631362, 41.769057 ], [ -87.633546, 41.769015 ], [ -87.633502, 41.767354 ], [ -87.634712, 41.767171 ], [ -87.634666, 41.765356 ], [ -87.644413, 41.765203 ], [ -87.644507, 41.768838 ], [ -87.644597, 41.772472 ], [ -87.640296, 41.772545 ] ] ] } },
{ "type": "Feature", "properties": { "GEOID": "17031681300", "population": 2323, "perCapitaIncome": 18333, "natureObs2023": 0, "communityArea": 68, "index": 618 }, "geometry": { "type": "Polygon", "coordinates": [ [ [ -87.634666, 41.765356 ], [ -87.634438, 41.763455 ], [ -87.634575, 41.761717 ], [ -87.63453, 41.7599 ], [ -87.635747, 41.75988 ], [ -87.635702, 41.758058 ], [ -87.639236, 41.757997 ], [ -87.6399, 41.756146 ], [ -87.64174, 41.756115 ], [ -87.644184, 41.756088 ], [ -87.644232, 41.757994 ], [ -87.644275, 41.759745 ], [ -87.644321, 41.761564 ], [ -87.644366, 41.763383 ], [ -87.644413, 41.765203 ], [ -87.634666, 41.765356 ] ] ] } },
{ "type": "Feature", "properties": { "GEOID": "17031681400", "population": 1879, "perCapitaIncome": 21965, "natureObs2023": 0, "communityArea": 68, "index": 619 }, "geometry": { "type": "Polygon", "coordinates": [ [ [ -87.651689, 41.765092 ], [ -87.648055, 41.765148 ], [ -87.645631, 41.765184 ], [ -87.644413, 41.765203 ], [ -87.644366, 41.763383 ], [ -87.644321, 41.761564 ], [ -87.644275, 41.759745 ], [ -87.644232, 41.757994 ], [ -87.646659, 41.757957 ], [ -87.649081, 41.75792 ], [ -87.651505, 41.757878 ], [ -87.653929, 41.757846 ], [ -87.653973, 41.759596 ], [ -87.654116, 41.765057 ], [ -87.651689, 41.765092 ] ] ] } },
{ "type": "Feature", "properties": { "GEOID": "17031690300", "population": 2303, "perCapitaIncome": 19385, "natureObs2023": 0, "communityArea": 69, "index": 620 }, "geometry": { "type": "Polygon", "coordinates": [ [ [ -87.633502, 41.767354 ], [ -87.633546, 41.769015 ], [ -87.631362, 41.769057 ], [ -87.631045, 41.772694 ], [ -87.629985, 41.772709 ], [ -87.625223, 41.772774 ], [ -87.625111, 41.769154 ], [ -87.624944, 41.769157 ], [ -87.624907, 41.765514 ], [ -87.628163, 41.765454 ], [ -87.634666, 41.765356 ], [ -87.634712, 41.767171 ], [ -87.633502, 41.767354 ] ] ] } },
{ "type": "Feature", "properties": { "GEOID": "17031690400", "population": 2908, "perCapitaIncome": 36121, "natureObs2023": 1, "communityArea": 69, "index": 621 }, "geometry": { "type": "Polygon", "coordinates": [ [ [ -87.621078, 41.772896 ], [ -87.620292, 41.772881 ], [ -87.617943, 41.772925 ], [ -87.61545, 41.77297 ], [ -87.6154, 41.77097 ], [ -87.615355, 41.76934 ], [ -87.615262, 41.765711 ], [ -87.620098, 41.765612 ], [ -87.624907, 41.765514 ], [ -87.624944, 41.769157 ], [ -87.625111, 41.769154 ], [ -87.625223, 41.772774 ], [ -87.621078, 41.772896 ] ] ] } },
{ "type": "Feature", "properties": { "GEOID": "17031690500", "population": 742, "perCapitaIncome": 30841, "natureObs2023": 0, "communityArea": 69, "index": 622 }, "geometry": { "type": "Polygon", "coordinates": [ [ [ -87.612181, 41.770582 ], [ -87.610517, 41.769406 ], [ -87.605586, 41.765881 ], [ -87.609225, 41.765813 ], [ -87.612845, 41.765752 ], [ -87.615262, 41.765711 ], [ -87.615355, 41.76934 ], [ -87.6154, 41.77097 ], [ -87.61545, 41.77297 ], [ -87.612181, 41.770582 ] ] ] } },
{ "type": "Feature", "properties": { "GEOID": "17031690900", "population": 3809, "perCapitaIncome": 23430, "natureObs2023": 0, "communityArea": 69, "index": 623 }, "geometry": { "type": "Polygon", "coordinates": [ [ [ -87.612845, 41.765752 ], [ -87.609225, 41.765813 ], [ -87.605586, 41.765881 ], [ -87.605527, 41.763978 ], [ -87.605489, 41.76223 ], [ -87.605391, 41.75858 ], [ -87.609048, 41.758517 ], [ -87.610256, 41.758485 ], [ -87.612674, 41.758452 ], [ -87.61512, 41.758408 ], [ -87.615206, 41.762059 ], [ -87.615262, 41.765711 ], [ -87.612845, 41.765752 ] ] ] } },
{ "type": "Feature", "properties": { "GEOID": "17031691000", "population": 2655, "perCapitaIncome": 37693, "natureObs2023": 0, "communityArea": 69, "index": 624 }, "geometry": { "type": "Polygon", "coordinates": [ [ [ -87.620098, 41.765612 ], [ -87.615262, 41.765711 ], [ -87.615206, 41.762059 ], [ -87.61512, 41.758408 ], [ -87.616704, 41.758379 ], [ -87.619926, 41.758321 ], [ -87.624759, 41.758237 ], [ -87.624794, 41.759958 ], [ -87.624829, 41.761874 ], [ -87.624907, 41.765514 ], [ -87.620098, 41.765612 ] ] ] } },
{ "type": "Feature", "properties": { "GEOID": "17031691100", "population": 2883, "perCapitaIncome": 17547, "natureObs2023": 0, "communityArea": 69, "index": 625 }, "geometry": { "type": "Polygon", "coordinates": [ [ [ -87.63453, 41.7599 ], [ -87.634575, 41.761717 ], [ -87.634438, 41.763455 ], [ -87.634666, 41.765356 ], [ -87.628163, 41.765454 ], [ -87.624907, 41.765514 ], [ -87.624829, 41.761874 ], [ -87.624794, 41.759958 ], [ -87.624759, 41.758237 ], [ -87.628005, 41.758182 ], [ -87.631377, 41.758128 ], [ -87.632052, 41.758117 ], [ -87.635702, 41.758058 ], [ -87.635747, 41.75988 ], [ -87.63453, 41.7599 ] ] ] } },
{ "type": "Feature", "properties": { "GEOID": "17031691200", "population": 1984, "perCapitaIncome": 23600, "natureObs2023": 0, "communityArea": 69, "index": 626 }, "geometry": { "type": "Polygon", "coordinates": [ [ [ -87.639236, 41.757997 ], [ -87.635702, 41.758058 ], [ -87.632052, 41.758117 ], [ -87.631377, 41.758128 ], [ -87.628005, 41.758182 ], [ -87.624759, 41.758237 ], [ -87.624644, 41.754594 ], [ -87.624546, 41.75096 ], [ -87.625395, 41.750936 ], [ -87.634229, 41.750783 ], [ -87.639316, 41.750711 ], [ -87.639759, 41.750705 ], [ -87.639803, 41.752518 ], [ -87.6399, 41.756146 ], [ -87.639236, 41.757997 ] ] ] } },
{ "type": "Feature", "properties": { "GEOID": "17031691300", "population": 2332, "perCapitaIncome": 38408, "natureObs2023": 0, "communityArea": 69, "index": 627 }, "geometry": { "type": "Polygon", "coordinates": [ [ [ -87.619926, 41.758321 ], [ -87.616704, 41.758379 ], [ -87.61512, 41.758408 ], [ -87.615041, 41.754766 ], [ -87.614958, 41.751114 ], [ -87.618154, 41.751063 ], [ -87.621386, 41.751007 ], [ -87.624546, 41.75096 ], [ -87.624644, 41.754594 ], [ -87.624759, 41.758237 ], [ -87.619926, 41.758321 ] ] ] } },
{ "type": "Feature", "properties": { "GEOID": "17031691400", "population": 2701, "perCapitaIncome": 22183, "natureObs2023": 0, "communityArea": 69, "index": 628 }, "geometry": { "type": "Polygon", "coordinates": [ [ [ -87.612674, 41.758452 ], [ -87.610256, 41.758485 ], [ -87.609048, 41.758517 ], [ -87.605391, 41.75858 ], [ -87.605297, 41.754933 ], [ -87.605215, 41.751286 ], [ -87.608871, 41.751221 ], [ -87.610082, 41.751199 ], [ -87.612502, 41.751159 ], [ -87.614958, 41.751114 ], [ -87.615041, 41.754766 ], [ -87.61512, 41.758408 ], [ -87.612674, 41.758452 ] ] ] } },
{ "type": "Feature", "properties": { "GEOID": "17031691500", "population": 1895, "perCapitaIncome": 18113, "natureObs2023": 0, "communityArea": 69, "index": 629 }, "geometry": { "type": "Polygon", "coordinates": [ [ [ -87.601726, 41.758622 ], [ -87.598223, 41.758652 ], [ -87.595614, 41.758696 ], [ -87.593075, 41.756893 ], [ -87.595715, 41.756858 ], [ -87.594908, 41.755039 ], [ -87.595491, 41.751387 ], [ -87.597235, 41.751369 ], [ -87.597915, 41.751364 ], [ -87.601547, 41.751327 ], [ -87.605215, 41.751286 ], [ -87.605297, 41.754933 ], [ -87.605391, 41.75858 ], [ -87.601726, 41.758622 ] ] ] } },
{ "type": "Feature", "properties": { "GEOID": "17031700100", "population": 3874, "perCapitaIncome": 28287, "natureObs2023": 0, "communityArea": 70, "index": 630 }, "geometry": { "type": "Polygon", "coordinates": [ [ [ -87.711521, 41.757072 ], [ -87.702615, 41.757216 ], [ -87.69282, 41.757303 ], [ -87.687953, 41.757491 ], [ -87.686682, 41.757478 ], [ -87.683666, 41.757544 ], [ -87.683047, 41.757379 ], [ -87.680126, 41.757456 ], [ -87.678466, 41.757452 ], [ -87.678239, 41.750167 ], [ -87.682847, 41.750109 ], [ -87.688959, 41.750011 ], [ -87.695068, 41.749869 ], [ -87.701919, 41.749773 ], [ -87.702394, 41.749774 ], [ -87.704825, 41.749761 ], [ -87.712075, 41.749653 ], [ -87.712323, 41.756907 ], [ -87.71233, 41.757192 ], [ -87.711521, 41.757072 ] ] ] } },
{ "type": "Feature", "properties": { "GEOID": "17031700200", "population": 6888, "perCapitaIncome": 24676, "natureObs2023": 4, "communityArea": 70, "index": 631 }, "geometry": { "type": "Polygon", "coordinates": [ [ [ -87.732206, 41.753174 ], [ -87.72204, 41.753374 ], [ -87.722176, 41.755094 ], [ -87.722191, 41.756838 ], [ -87.722261, 41.761571 ], [ -87.713431, 41.757478 ], [ -87.71233, 41.757192 ], [ -87.712323, 41.756907 ], [ -87.712075, 41.749653 ], [ -87.712549, 41.749645 ], [ -87.714112, 41.749621 ], [ -87.720293, 41.749526 ], [ -87.721912, 41.749502 ], [ -87.721815, 41.746579 ], [ -87.723137, 41.749481 ], [ -87.73163, 41.749325 ], [ -87.741358, 41.749147 ], [ -87.741425, 41.750988 ], [ -87.741496, 41.753292 ], [ -87.732206, 41.753174 ] ] ] } },
{ "type": "Feature", "properties": { "GEOID": "17031700301", "population": 6124, "perCapitaIncome": 27067, "natureObs2023": 59, "communityArea": 70, "index": 632 }, "geometry": { "type": "Polygon", "coordinates": [ [ [ -87.73163, 41.749325 ], [ -87.723137, 41.749481 ], [ -87.721815, 41.746579 ], [ -87.721791, 41.745786 ], [ -87.721763, 41.744925 ], [ -87.721679, 41.742179 ], [ -87.722898, 41.742156 ], [ -87.731384, 41.74201 ], [ -87.740718, 41.741963 ], [ -87.741104, 41.741897 ], [ -87.741358, 41.749147 ], [ -87.73163, 41.749325 ] ] ] } },
{ "type": "Feature", "properties": { "GEOID": "17031700302", "population": 6003, "perCapitaIncome": 34497, "natureObs2023": 6, "communityArea": 70, "index": 633 }, "geometry": { "type": "Polygon", "coordinates": [ [ [ -87.740718, 41.741963 ], [ -87.731384, 41.74201 ], [ -87.722898, 41.742156 ], [ -87.721679, 41.742179 ], [ -87.721649, 41.741267 ], [ -87.721619, 41.740348 ], [ -87.721453, 41.735609 ], [ -87.721436, 41.734862 ], [ -87.723858, 41.734825 ], [ -87.726758, 41.734774 ], [ -87.728713, 41.734741 ], [ -87.732353, 41.734678 ], [ -87.736555, 41.734607 ], [ -87.741067, 41.734524 ], [ -87.740975, 41.738186 ], [ -87.741104, 41.741897 ], [ -87.740718, 41.741963 ] ] ] } },
{ "type": "Feature", "properties": { "GEOID": "17031700401", "population": 6218, "perCapitaIncome": 32338, "natureObs2023": 1, "communityArea": 70, "index": 634 }, "geometry": { "type": "Polygon", "coordinates": [ [ [ -87.720293, 41.749526 ], [ -87.714112, 41.749621 ], [ -87.712549, 41.749645 ], [ -87.712075, 41.749653 ], [ -87.704825, 41.749761 ], [ -87.702394, 41.749774 ], [ -87.702343, 41.747978 ], [ -87.702292, 41.746152 ], [ -87.702185, 41.742039 ], [ -87.702173, 41.741583 ], [ -87.707041, 41.741501 ], [ -87.711845, 41.741424 ], [ -87.714345, 41.741384 ], [ -87.721649, 41.741267 ], [ -87.721679, 41.742179 ], [ -87.721763, 41.744925 ], [ -87.721791, 41.745786 ], [ -87.721815, 41.746579 ], [ -87.721912, 41.749502 ], [ -87.720293, 41.749526 ] ] ] } },
{ "type": "Feature", "properties": { "GEOID": "17031700402", "population": 3417, "perCapitaIncome": 37028, "natureObs2023": 0, "communityArea": 70, "index": 635 }, "geometry": { "type": "Polygon", "coordinates": [ [ [ -87.714345, 41.741384 ], [ -87.711845, 41.741424 ], [ -87.707041, 41.741501 ], [ -87.702173, 41.741583 ], [ -87.702032, 41.735546 ], [ -87.702124, 41.735203 ], [ -87.711706, 41.735034 ], [ -87.711978, 41.735029 ], [ -87.721436, 41.734862 ], [ -87.721453, 41.735609 ], [ -87.721619, 41.740348 ], [ -87.721649, 41.741267 ], [ -87.714345, 41.741384 ] ] ] } },
{ "type": "Feature", "properties": { "GEOID": "17031700501", "population": 6565, "perCapitaIncome": 30915, "natureObs2023": 0, "communityArea": 70, "index": 636 }, "geometry": { "type": "Polygon", "coordinates": [ [ [ -87.701919, 41.749773 ], [ -87.695068, 41.749869 ], [ -87.688959, 41.750011 ], [ -87.682847, 41.750109 ], [ -87.678239, 41.750167 ], [ -87.67836, 41.746532 ], [ -87.678037, 41.744733 ], [ -87.677901, 41.74288 ], [ -87.682679, 41.742816 ], [ -87.687715, 41.742735 ], [ -87.687719, 41.742288 ], [ -87.689828, 41.742254 ], [ -87.695536, 41.742166 ], [ -87.69554, 41.742607 ], [ -87.698311, 41.742561 ], [ -87.698305, 41.742102 ], [ -87.702185, 41.742039 ], [ -87.702292, 41.746152 ], [ -87.702343, 41.747978 ], [ -87.702394, 41.749774 ], [ -87.701919, 41.749773 ] ] ] } },
{ "type": "Feature", "properties": { "GEOID": "17031700502", "population": 3656, "perCapitaIncome": 37669, "natureObs2023": 9, "communityArea": 70, "index": 637 }, "geometry": { "type": "Polygon", "coordinates": [ [ [ -87.698305, 41.742102 ], [ -87.698311, 41.742561 ], [ -87.69554, 41.742607 ], [ -87.695536, 41.742166 ], [ -87.689828, 41.742254 ], [ -87.687719, 41.742288 ], [ -87.687715, 41.742735 ], [ -87.682679, 41.742816 ], [ -87.677901, 41.74288 ], [ -87.677247, 41.741025 ], [ -87.67309, 41.73565 ], [ -87.682514, 41.735525 ], [ -87.687395, 41.735444 ], [ -87.689661, 41.735407 ], [ -87.697109, 41.73528 ], [ -87.702124, 41.735203 ], [ -87.702032, 41.735546 ], [ -87.702173, 41.741583 ], [ -87.702185, 41.742039 ], [ -87.698305, 41.742102 ] ] ] } },
{ "type": "Feature", "properties": { "GEOID": "17031710100", "population": 1026, "perCapitaIncome": 26410, "natureObs2023": 0, "communityArea": 71, "index": 638 }, "geometry": { "type": "Polygon", "coordinates": [ [ [ -87.64174, 41.756115 ], [ -87.6399, 41.756146 ], [ -87.639803, 41.752518 ], [ -87.639759, 41.750705 ], [ -87.644044, 41.750642 ], [ -87.644089, 41.752455 ], [ -87.644184, 41.756088 ], [ -87.64174, 41.756115 ] ] ] } },
{ "type": "Feature", "properties": { "GEOID": "17031710200", "population": 4056, "perCapitaIncome": 25114, "natureObs2023": 0, "communityArea": 71, "index": 639 }, "geometry": { "type": "Polygon", "coordinates": [ [ [ -87.653929, 41.757846 ], [ -87.651505, 41.757878 ], [ -87.649081, 41.75792 ], [ -87.646659, 41.757957 ], [ -87.644232, 41.757994 ], [ -87.644184, 41.756088 ], [ -87.644089, 41.752455 ], [ -87.646515, 41.752425 ], [ -87.647727, 41.752408 ], [ -87.64894, 41.75239 ], [ -87.650151, 41.752372 ], [ -87.651363, 41.752354 ], [ -87.653786, 41.752318 ], [ -87.658634, 41.752248 ], [ -87.658777, 41.757734 ], [ -87.653929, 41.757846 ] ] ] } },
{ "type": "Feature", "properties": { "GEOID": "17031710300", "population": 1382, "perCapitaIncome": 32881, "natureObs2023": 0, "communityArea": 71, "index": 640 }, "geometry": { "type": "Polygon", "coordinates": [ [ [ -87.658777, 41.757734 ], [ -87.658634, 41.752248 ], [ -87.65859, 41.750426 ], [ -87.661014, 41.750391 ], [ -87.663437, 41.750357 ], [ -87.663526, 41.753994 ], [ -87.663607, 41.757677 ], [ -87.658777, 41.757734 ] ] ] } },
{ "type": "Feature", "properties": { "GEOID": "17031710400", "population": 5668, "perCapitaIncome": 25365, "natureObs2023": 0, "communityArea": 71, "index": 641 }, "geometry": { "type": "Polygon", "coordinates": [ [ [ -87.673339, 41.757524 ], [ -87.670901, 41.757563 ], [ -87.66729, 41.757631 ], [ -87.663607, 41.757677 ], [ -87.663526, 41.753994 ], [ -87.663437, 41.750357 ], [ -87.665864, 41.750325 ], [ -87.667079, 41.75031 ], [ -87.668291, 41.750293 ], [ -87.670708, 41.750262 ], [ -87.678239, 41.750167 ], [ -87.678466, 41.757452 ], [ -87.673339, 41.757524 ] ] ] } },
{ "type": "Feature", "properties": { "GEOID": "17031710500", "population": 4087, "perCapitaIncome": 21952, "natureObs2023": 1, "communityArea": 71, "index": 642 }, "geometry": { "type": "Polygon", "coordinates": [ [ [ -87.670708, 41.750262 ], [ -87.668291, 41.750293 ], [ -87.667079, 41.75031 ], [ -87.665864, 41.750325 ], [ -87.663437, 41.750357 ], [ -87.663302, 41.744894 ], [ -87.66573, 41.744864 ], [ -87.668157, 41.74483 ], [ -87.669365, 41.744815 ], [ -87.670579, 41.744799 ], [ -87.678037, 41.744733 ], [ -87.67836, 41.746532 ], [ -87.678239, 41.750167 ], [ -87.670708, 41.750262 ] ] ] } },
{ "type": "Feature", "properties": { "GEOID": "17031710600", "population": 1720, "perCapitaIncome": 32051, "natureObs2023": 0, "communityArea": 71, "index": 643 }, "geometry": { "type": "Polygon", "coordinates": [ [ [ -87.661014, 41.750391 ], [ -87.65859, 41.750426 ], [ -87.658541, 41.748607 ], [ -87.658493, 41.746786 ], [ -87.658445, 41.744966 ], [ -87.660872, 41.744929 ], [ -87.663302, 41.744894 ], [ -87.663437, 41.750357 ], [ -87.661014, 41.750391 ] ] ] } },
{ "type": "Feature", "properties": { "GEOID": "17031710700", "population": 3412, "perCapitaIncome": 26451, "natureObs2023": 0, "communityArea": 71, "index": 644 }, "geometry": { "type": "Polygon", "coordinates": [ [ [ -87.660872, 41.744929 ], [ -87.658445, 41.744966 ], [ -87.658493, 41.746786 ], [ -87.658541, 41.748607 ], [ -87.65859, 41.750426 ], [ -87.658634, 41.752248 ], [ -87.653786, 41.752318 ], [ -87.653737, 41.750497 ], [ -87.65369, 41.748677 ], [ -87.65364, 41.746858 ], [ -87.653539, 41.743216 ], [ -87.65597, 41.743177 ], [ -87.657185, 41.74316 ], [ -87.663252, 41.743077 ], [ -87.663302, 41.744894 ], [ -87.660872, 41.744929 ] ] ] } },
{ "type": "Feature", "properties": { "GEOID": "17031710800", "population": 4536, "perCapitaIncome": 19654, "natureObs2023": 0, "communityArea": 71, "index": 645 }, "geometry": { "type": "Polygon", "coordinates": [ [ [ -87.651363, 41.752354 ], [ -87.650151, 41.752372 ], [ -87.64894, 41.75239 ], [ -87.647727, 41.752408 ], [ -87.646515, 41.752425 ], [ -87.644089, 41.752455 ], [ -87.644044, 41.750642 ], [ -87.643989, 41.748819 ], [ -87.643882, 41.745189 ], [ -87.643831, 41.743358 ], [ -87.648686, 41.743288 ], [ -87.649899, 41.743271 ], [ -87.653539, 41.743216 ], [ -87.65364, 41.746858 ], [ -87.65369, 41.748677 ], [ -87.653737, 41.750497 ], [ -87.653786, 41.752318 ], [ -87.651363, 41.752354 ] ] ] } },
{ "type": "Feature", "properties": { "GEOID": "17031710900", "population": 2151, "perCapitaIncome": 23807, "natureObs2023": 1, "communityArea": 71, "index": 646 }, "geometry": { "type": "Polygon", "coordinates": [ [ [ -87.639759, 41.750705 ], [ -87.639316, 41.750711 ], [ -87.639028, 41.743455 ], [ -87.635999, 41.744079 ], [ -87.634108, 41.743498 ], [ -87.633757, 41.737406 ], [ -87.634055, 41.735944 ], [ -87.635104, 41.736055 ], [ -87.638752, 41.7361 ], [ -87.643611, 41.73607 ], [ -87.643777, 41.741529 ], [ -87.643831, 41.743358 ], [ -87.643882, 41.745189 ], [ -87.643989, 41.748819 ], [ -87.644044, 41.750642 ], [ -87.639759, 41.750705 ] ] ] } },
{ "type": "Feature", "properties": { "GEOID": "17031711000", "population": 3779, "perCapitaIncome": 25385, "natureObs2023": 0, "communityArea": 71, "index": 647 }, "geometry": { "type": "Polygon", "coordinates": [ [ [ -87.649899, 41.743271 ], [ -87.648686, 41.743288 ], [ -87.643831, 41.743358 ], [ -87.643777, 41.741529 ], [ -87.643611, 41.73607 ], [ -87.648492, 41.736003 ], [ -87.652128, 41.735953 ], [ -87.65334, 41.735935 ], [ -87.653392, 41.737754 ], [ -87.653441, 41.739577 ], [ -87.653539, 41.743216 ], [ -87.649899, 41.743271 ] ] ] } },
{ "type": "Feature", "properties": { "GEOID": "17031711100", "population": 2808, "perCapitaIncome": 29223, "natureObs2023": 0, "communityArea": 71, "index": 648 }, "geometry": { "type": "Polygon", "coordinates": [ [ [ -87.657185, 41.74316 ], [ -87.65597, 41.743177 ], [ -87.653539, 41.743216 ], [ -87.653441, 41.739577 ], [ -87.653392, 41.737754 ], [ -87.65334, 41.735935 ], [ -87.656987, 41.735879 ], [ -87.658205, 41.735862 ], [ -87.660635, 41.735827 ], [ -87.663065, 41.73579 ], [ -87.663157, 41.739432 ], [ -87.663205, 41.741252 ], [ -87.663252, 41.743077 ], [ -87.657185, 41.74316 ] ] ] } },
{ "type": "Feature", "properties": { "GEOID": "17031711200", "population": 4869, "perCapitaIncome": 26801, "natureObs2023": 0, "communityArea": 71, "index": 649 }, "geometry": { "type": "Polygon", "coordinates": [ [ [ -87.670579, 41.744799 ], [ -87.669365, 41.744815 ], [ -87.668157, 41.74483 ], [ -87.66573, 41.744864 ], [ -87.663302, 41.744894 ], [ -87.663252, 41.743077 ], [ -87.663205, 41.741252 ], [ -87.663157, 41.739432 ], [ -87.663065, 41.73579 ], [ -87.66671, 41.735741 ], [ -87.670358, 41.735694 ], [ -87.672785, 41.735654 ], [ -87.67309, 41.73565 ], [ -87.677247, 41.741025 ], [ -87.677901, 41.74288 ], [ -87.678037, 41.744733 ], [ -87.670579, 41.744799 ] ] ] } },
{ "type": "Feature", "properties": { "GEOID": "17031711300", "population": 1618, "perCapitaIncome": 31205, "natureObs2023": 0, "communityArea": 71, "index": 650 }, "geometry": { "type": "Polygon", "coordinates": [ [ [ -87.670358, 41.735694 ], [ -87.66671, 41.735741 ], [ -87.663065, 41.73579 ], [ -87.663015, 41.733972 ], [ -87.662961, 41.732189 ], [ -87.665387, 41.732086 ], [ -87.665331, 41.730237 ], [ -87.668216, 41.730177 ], [ -87.67309, 41.73565 ], [ -87.672785, 41.735654 ], [ -87.670358, 41.735694 ] ] ] } },
{ "type": "Feature", "properties": { "GEOID": "17031711400", "population": 2728, "perCapitaIncome": 25017, "natureObs2023": 0, "communityArea": 71, "index": 651 }, "geometry": { "type": "Polygon", "coordinates": [ [ [ -87.660635, 41.735827 ], [ -87.658205, 41.735862 ], [ -87.656987, 41.735879 ], [ -87.65334, 41.735935 ], [ -87.652128, 41.735953 ], [ -87.648492, 41.736003 ], [ -87.643611, 41.73607 ], [ -87.643521, 41.732551 ], [ -87.64341, 41.728769 ], [ -87.644526, 41.730001 ], [ -87.647518, 41.728646 ], [ -87.646513, 41.732527 ], [ -87.650816, 41.732435 ], [ -87.652026, 41.732417 ], [ -87.653239, 41.732386 ], [ -87.655668, 41.732366 ], [ -87.656885, 41.73235 ], [ -87.66053, 41.732298 ], [ -87.662961, 41.732189 ], [ -87.663015, 41.733972 ], [ -87.663065, 41.73579 ], [ -87.660635, 41.735827 ] ] ] } },
{ "type": "Feature", "properties": { "GEOID": "17031711500", "population": 2628, "perCapitaIncome": 27619, "natureObs2023": 0, "communityArea": 71, "index": 652 }, "geometry": { "type": "Polygon", "coordinates": [ [ [ -87.638752, 41.7361 ], [ -87.635104, 41.736055 ], [ -87.634055, 41.735944 ], [ -87.633638, 41.728882 ], [ -87.637344, 41.728851 ], [ -87.638556, 41.728833 ], [ -87.64341, 41.728769 ], [ -87.643521, 41.732551 ], [ -87.643611, 41.73607 ], [ -87.638752, 41.7361 ] ] ] } },
{ "type": "Feature", "properties": { "GEOID": "17031720100", "population": 3370, "perCapitaIncome": 63017, "natureObs2023": 42, "communityArea": 72, "index": 653 }, "geometry": { "type": "Polygon", "coordinates": [ [ [ -87.67309, 41.73565 ], [ -87.668216, 41.730177 ], [ -87.667436, 41.728451 ], [ -87.667149, 41.72813 ], [ -87.665717, 41.725613 ], [ -87.664409, 41.722973 ], [ -87.663477, 41.721246 ], [ -87.66742, 41.721188 ], [ -87.668339, 41.721181 ], [ -87.669151, 41.721164 ], [ -87.672353, 41.721124 ], [ -87.672788, 41.721112 ], [ -87.674793, 41.72107 ], [ -87.682067, 41.72094 ], [ -87.682206, 41.725278 ], [ -87.682291, 41.728236 ], [ -87.682514, 41.735525 ], [ -87.67309, 41.73565 ] ] ] } },
{ "type": "Feature", "properties": { "GEOID": "17031720200", "population": 4097, "perCapitaIncome": 57397, "natureObs2023": 51, "communityArea": 72, "index": 654 }, "geometry": { "type": "Polygon", "coordinates": [ [ [ -87.672062, 41.710188 ], [ -87.672255, 41.717443 ], [ -87.672353, 41.721124 ], [ -87.669151, 41.721164 ], [ -87.668339, 41.721181 ], [ -87.66742, 41.721188 ], [ -87.663477, 41.721246 ], [ -87.663029, 41.718387 ], [ -87.659764, 41.714004 ], [ -87.656146, 41.706784 ], [ -87.658641, 41.706748 ], [ -87.662084, 41.706701 ], [ -87.667105, 41.706615 ], [ -87.670697, 41.706563 ], [ -87.672081, 41.706538 ], [ -87.673506, 41.708031 ], [ -87.673616, 41.710152 ], [ -87.672062, 41.710188 ] ] ] } },
{ "type": "Feature", "properties": { "GEOID": "17031720300", "population": 3614, "perCapitaIncome": 74913, "natureObs2023": 9, "communityArea": 72, "index": 655 }, "geometry": { "type": "Polygon", "coordinates": [ [ [ -87.674793, 41.72107 ], [ -87.672788, 41.721112 ], [ -87.672353, 41.721124 ], [ -87.672255, 41.717443 ], [ -87.672062, 41.710188 ], [ -87.673616, 41.710152 ], [ -87.673506, 41.708031 ], [ -87.672081, 41.706538 ], [ -87.673033, 41.706521 ], [ -87.68162, 41.706376 ], [ -87.681843, 41.713672 ], [ -87.681962, 41.717284 ], [ -87.682067, 41.72094 ], [ -87.674793, 41.72107 ] ] ] } },
{ "type": "Feature", "properties": { "GEOID": "17031720400", "population": 1872, "perCapitaIncome": 63647, "natureObs2023": 21, "communityArea": 72, "index": 656 }, "geometry": { "type": "Polygon", "coordinates": [ [ [ -87.686804, 41.713619 ], [ -87.681843, 41.713672 ], [ -87.68162, 41.706376 ], [ -87.686571, 41.706368 ], [ -87.691495, 41.706407 ], [ -87.691535, 41.707218 ], [ -87.691646, 41.710837 ], [ -87.691732, 41.713566 ], [ -87.686804, 41.713619 ] ] ] } },
{ "type": "Feature", "properties": { "GEOID": "17031720500", "population": 1833, "perCapitaIncome": 62210, "natureObs2023": 0, "communityArea": 72, "index": 657 }, "geometry": { "type": "Polygon", "coordinates": [ [ [ -87.691535, 41.707218 ], [ -87.691495, 41.706407 ], [ -87.686571, 41.706368 ], [ -87.68162, 41.706376 ], [ -87.681503, 41.702733 ], [ -87.681388, 41.699079 ], [ -87.687542, 41.699026 ], [ -87.688074, 41.69902 ], [ -87.6912, 41.698986 ], [ -87.696152, 41.69896 ], [ -87.696451, 41.707151 ], [ -87.691535, 41.707218 ] ] ] } },
{ "type": "Feature", "properties": { "GEOID": "17031720600", "population": 1860, "perCapitaIncome": 66237, "natureObs2023": 2, "communityArea": 72, "index": 658 }, "geometry": { "type": "Polygon", "coordinates": [ [ [ -87.673033, 41.706521 ], [ -87.672915, 41.702856 ], [ -87.672797, 41.699187 ], [ -87.67436, 41.699154 ], [ -87.681388, 41.699079 ], [ -87.681503, 41.702733 ], [ -87.68162, 41.706376 ], [ -87.673033, 41.706521 ] ] ] } },
{ "type": "Feature", "properties": { "GEOID": "17031720700", "population": 3135, "perCapitaIncome": 52939, "natureObs2023": 10, "communityArea": 72, "index": 659 }, "geometry": { "type": "Polygon", "coordinates": [ [ [ -87.672081, 41.706538 ], [ -87.670697, 41.706563 ], [ -87.667105, 41.706615 ], [ -87.662084, 41.706701 ], [ -87.658641, 41.706748 ], [ -87.656146, 41.706784 ], [ -87.656019, 41.706786 ], [ -87.657236, 41.703536 ], [ -87.658742, 41.699444 ], [ -87.660445, 41.699423 ], [ -87.666891, 41.699306 ], [ -87.671199, 41.699218 ], [ -87.672797, 41.699187 ], [ -87.672915, 41.702856 ], [ -87.673033, 41.706521 ], [ -87.672081, 41.706538 ] ] ] } },
{ "type": "Feature", "properties": { "GEOID": "17031730100", "population": 2669, "perCapitaIncome": 32334, "natureObs2023": 0, "communityArea": 73, "index": 660 }, "geometry": { "type": "Polygon", "coordinates": [ [ [ -87.638556, 41.728833 ], [ -87.637344, 41.728851 ], [ -87.633638, 41.728882 ], [ -87.633446, 41.721637 ], [ -87.637157, 41.721574 ], [ -87.643211, 41.721503 ], [ -87.643312, 41.724943 ], [ -87.643316, 41.72511 ], [ -87.64341, 41.728769 ], [ -87.638556, 41.728833 ] ] ] } },
{ "type": "Feature", "properties": { "GEOID": "17031730201", "population": 5671, "perCapitaIncome": 26675, "natureObs2023": 2, "communityArea": 73, "index": 661 }, "geometry": { "type": "Polygon", "coordinates": [ [ [ -87.66053, 41.732298 ], [ -87.656885, 41.73235 ], [ -87.655668, 41.732366 ], [ -87.653239, 41.732386 ], [ -87.652619, 41.732068 ], [ -87.653182, 41.730465 ], [ -87.652948, 41.721372 ], [ -87.655384, 41.721342 ], [ -87.6577, 41.72133 ], [ -87.657813, 41.721327 ], [ -87.659032, 41.721298 ], [ -87.662684, 41.721265 ], [ -87.662806, 41.726667 ], [ -87.662961, 41.732189 ], [ -87.66053, 41.732298 ] ] ] } },
{ "type": "Feature", "properties": { "GEOID": "17031730202", "population": 3093, "perCapitaIncome": 31373, "natureObs2023": 0, "communityArea": 73, "index": 662 }, "geometry": { "type": "Polygon", "coordinates": [ [ [ -87.652026, 41.732417 ], [ -87.650816, 41.732435 ], [ -87.646513, 41.732527 ], [ -87.647518, 41.728646 ], [ -87.644526, 41.730001 ], [ -87.64341, 41.728769 ], [ -87.643316, 41.72511 ], [ -87.643312, 41.724943 ], [ -87.643211, 41.721503 ], [ -87.65062, 41.721416 ], [ -87.651716, 41.721396 ], [ -87.652948, 41.721372 ], [ -87.653182, 41.730465 ], [ -87.652619, 41.732068 ], [ -87.653239, 41.732386 ], [ -87.652026, 41.732417 ] ] ] } },
{ "type": "Feature", "properties": { "GEOID": "17031730300", "population": 1042, "perCapitaIncome": 25015, "natureObs2023": 0, "communityArea": 73, "index": 663 }, "geometry": { "type": "Polygon", "coordinates": [ [ [ -87.665331, 41.730237 ], [ -87.665387, 41.732086 ], [ -87.662961, 41.732189 ], [ -87.662806, 41.726667 ], [ -87.662684, 41.721265 ], [ -87.663477, 41.721246 ], [ -87.664409, 41.722973 ], [ -87.665717, 41.725613 ], [ -87.667149, 41.72813 ], [ -87.667436, 41.728451 ], [ -87.668216, 41.730177 ], [ -87.665331, 41.730237 ] ] ] } },
{ "type": "Feature", "properties": { "GEOID": "17031730400", "population": 4070, "perCapitaIncome": 37192, "natureObs2023": 1, "communityArea": 73, "index": 664 }, "geometry": { "type": "Polygon", "coordinates": [ [ [ -87.662684, 41.721265 ], [ -87.659032, 41.721298 ], [ -87.657813, 41.721327 ], [ -87.6577, 41.72133 ], [ -87.655384, 41.721342 ], [ -87.652948, 41.721372 ], [ -87.651716, 41.721396 ], [ -87.65062, 41.721416 ], [ -87.643211, 41.721503 ], [ -87.643108, 41.71762 ], [ -87.643196, 41.714805 ], [ -87.643003, 41.714214 ], [ -87.647883, 41.714145 ], [ -87.651782, 41.713861 ], [ -87.652887, 41.714093 ], [ -87.65332, 41.714084 ], [ -87.657496, 41.714032 ], [ -87.659764, 41.714004 ], [ -87.663029, 41.718387 ], [ -87.663477, 41.721246 ], [ -87.662684, 41.721265 ] ] ] } },
{ "type": "Feature", "properties": { "GEOID": "17031730500", "population": 4053, "perCapitaIncome": 36670, "natureObs2023": 0, "communityArea": 73, "index": 665 }, "geometry": { "type": "Polygon", "coordinates": [ [ [ -87.637157, 41.721574 ], [ -87.633446, 41.721637 ], [ -87.633329, 41.714924 ], [ -87.633307, 41.714277 ], [ -87.633035, 41.707044 ], [ -87.636763, 41.706995 ], [ -87.637977, 41.70698 ], [ -87.642834, 41.706917 ], [ -87.642972, 41.712373 ], [ -87.643003, 41.714214 ], [ -87.643196, 41.714805 ], [ -87.643108, 41.71762 ], [ -87.643211, 41.721503 ], [ -87.637157, 41.721574 ] ] ] } },
{ "type": "Feature", "properties": { "GEOID": "17031730600", "population": 3570, "perCapitaIncome": 31919, "natureObs2023": 0, "communityArea": 73, "index": 666 }, "geometry": { "type": "Polygon", "coordinates": [ [ [ -87.65332, 41.714084 ], [ -87.652887, 41.714093 ], [ -87.651782, 41.713861 ], [ -87.647883, 41.714145 ], [ -87.643003, 41.714214 ], [ -87.642972, 41.712373 ], [ -87.642834, 41.706917 ], [ -87.64648, 41.706883 ], [ -87.647694, 41.706873 ], [ -87.655657, 41.706794 ], [ -87.656019, 41.706786 ], [ -87.656146, 41.706784 ], [ -87.659764, 41.714004 ], [ -87.657496, 41.714032 ], [ -87.65332, 41.714084 ] ] ] } },
{ "type": "Feature", "properties": { "GEOID": "17031730700", "population": 2288, "perCapitaIncome": 31494, "natureObs2023": 0, "communityArea": 73, "index": 667 }, "geometry": { "type": "Polygon", "coordinates": [ [ [ -87.656019, 41.706786 ], [ -87.655657, 41.706794 ], [ -87.647694, 41.706873 ], [ -87.64648, 41.706883 ], [ -87.642834, 41.706917 ], [ -87.642608, 41.699641 ], [ -87.646255, 41.699605 ], [ -87.647481, 41.699593 ], [ -87.652606, 41.69953 ], [ -87.654281, 41.69951 ], [ -87.658742, 41.699444 ], [ -87.657236, 41.703536 ], [ -87.656019, 41.706786 ] ] ] } },
{ "type": "Feature", "properties": { "GEOID": "17031740100", "population": 3075, "perCapitaIncome": 56899, "natureObs2023": 0, "communityArea": 74, "index": 668 }, "geometry": { "type": "Polygon", "coordinates": [ [ [ -87.696451, 41.707151 ], [ -87.696152, 41.69896 ], [ -87.695953, 41.692537 ], [ -87.695895, 41.691625 ], [ -87.695717, 41.688032 ], [ -87.699473, 41.687933 ], [ -87.700624, 41.686134 ], [ -87.700722, 41.688799 ], [ -87.700828, 41.691568 ], [ -87.700951, 41.695219 ], [ -87.701083, 41.698871 ], [ -87.701217, 41.702525 ], [ -87.701325, 41.706186 ], [ -87.701371, 41.707085 ], [ -87.696451, 41.707151 ] ] ] } },
{ "type": "Feature", "properties": { "GEOID": "17031740200", "population": 6473, "perCapitaIncome": 48795, "natureObs2023": 40, "communityArea": 74, "index": 669 }, "geometry": { "type": "Polygon", "coordinates": [ [ [ -87.719907, 41.713188 ], [ -87.715011, 41.71326 ], [ -87.712578, 41.713296 ], [ -87.711299, 41.711491 ], [ -87.711123, 41.706079 ], [ -87.705038, 41.706141 ], [ -87.701325, 41.706186 ], [ -87.701217, 41.702525 ], [ -87.701083, 41.698871 ], [ -87.707235, 41.698775 ], [ -87.710851, 41.698721 ], [ -87.713294, 41.698683 ], [ -87.720639, 41.698566 ], [ -87.720759, 41.702225 ], [ -87.721036, 41.709523 ], [ -87.721125, 41.71317 ], [ -87.719907, 41.713188 ] ] ] } },
{ "type": "Feature", "properties": { "GEOID": "17031740300", "population": 5043, "perCapitaIncome": 54717, "natureObs2023": 5, "communityArea": 74, "index": 670 }, "geometry": { "type": "Polygon", "coordinates": [ [ [ -87.713294, 41.698683 ], [ -87.710851, 41.698721 ], [ -87.707235, 41.698775 ], [ -87.701083, 41.698871 ], [ -87.700951, 41.695219 ], [ -87.700828, 41.691568 ], [ -87.706942, 41.69147 ], [ -87.708156, 41.691443 ], [ -87.710579, 41.691415 ], [ -87.71309, 41.691375 ], [ -87.720317, 41.691271 ], [ -87.72052, 41.694854 ], [ -87.720519, 41.69595 ], [ -87.720639, 41.698566 ], [ -87.713294, 41.698683 ] ] ] } },
{ "type": "Feature", "properties": { "GEOID": "17031740400", "population": 4530, "perCapitaIncome": 49388, "natureObs2023": 5, "communityArea": 74, "index": 671 }, "geometry": { "type": "Polygon", "coordinates": [ [ [ -87.737318, 41.690982 ], [ -87.730073, 41.691141 ], [ -87.720317, 41.691271 ], [ -87.71309, 41.691375 ], [ -87.710579, 41.691415 ], [ -87.708156, 41.691443 ], [ -87.706942, 41.69147 ], [ -87.700828, 41.691568 ], [ -87.700722, 41.688799 ], [ -87.700624, 41.686134 ], [ -87.700553, 41.684263 ], [ -87.705417, 41.684187 ], [ -87.705285, 41.680579 ], [ -87.71013, 41.680479 ], [ -87.71136, 41.680438 ], [ -87.711516, 41.684093 ], [ -87.715154, 41.684042 ], [ -87.718911, 41.683983 ], [ -87.720065, 41.683967 ], [ -87.728308, 41.683827 ], [ -87.729747, 41.683804 ], [ -87.737364, 41.683668 ], [ -87.739449, 41.683632 ], [ -87.73973, 41.690891 ], [ -87.737318, 41.690982 ] ] ] } },
{ "type": "Feature", "properties": { "GEOID": "17031750100", "population": 3636, "perCapitaIncome": 37585, "natureObs2023": 0, "communityArea": 75, "index": 672 }, "geometry": { "type": "Polygon", "coordinates": [ [ [ -87.660445, 41.699423 ], [ -87.658742, 41.699444 ], [ -87.654281, 41.69951 ], [ -87.652606, 41.69953 ], [ -87.647481, 41.699593 ], [ -87.646255, 41.699605 ], [ -87.642608, 41.699641 ], [ -87.642378, 41.692356 ], [ -87.647243, 41.692298 ], [ -87.648889, 41.692276 ], [ -87.649676, 41.692268 ], [ -87.656975, 41.692182 ], [ -87.660545, 41.692136 ], [ -87.661844, 41.692117 ], [ -87.661803, 41.694304 ], [ -87.66198, 41.696679 ], [ -87.660445, 41.699423 ] ] ] } },
{ "type": "Feature", "properties": { "GEOID": "17031750200", "population": 3141, "perCapitaIncome": 53472, "natureObs2023": 7, "communityArea": 75, "index": 673 }, "geometry": { "type": "Polygon", "coordinates": [ [ [ -87.67436, 41.699154 ], [ -87.672797, 41.699187 ], [ -87.671199, 41.699218 ], [ -87.666891, 41.699306 ], [ -87.660445, 41.699423 ], [ -87.66198, 41.696679 ], [ -87.661803, 41.694304 ], [ -87.661844, 41.692117 ], [ -87.663311, 41.692156 ], [ -87.663943, 41.691245 ], [ -87.668893, 41.693207 ], [ -87.66976, 41.691711 ], [ -87.671895, 41.691932 ], [ -87.681155, 41.691779 ], [ -87.681271, 41.695422 ], [ -87.681388, 41.699079 ], [ -87.67436, 41.699154 ] ] ] } },
{ "type": "Feature", "properties": { "GEOID": "17031750300", "population": 2546, "perCapitaIncome": 53179, "natureObs2023": 2, "communityArea": 75, "index": 674 }, "geometry": { "type": "Polygon", "coordinates": [ [ [ -87.688074, 41.69902 ], [ -87.687542, 41.699026 ], [ -87.681388, 41.699079 ], [ -87.681271, 41.695422 ], [ -87.681155, 41.691779 ], [ -87.687301, 41.691727 ], [ -87.690943, 41.691688 ], [ -87.690967, 41.692284 ], [ -87.6912, 41.698986 ], [ -87.688074, 41.69902 ] ] ] } },
{ "type": "Feature", "properties": { "GEOID": "17031750400", "population": 2790, "perCapitaIncome": 48605, "natureObs2023": 1, "communityArea": 75, "index": 675 }, "geometry": { "type": "Polygon", "coordinates": [ [ [ -87.687301, 41.691727 ], [ -87.681155, 41.691779 ], [ -87.680928, 41.684504 ], [ -87.680875, 41.68273 ], [ -87.680834, 41.681512 ], [ -87.680696, 41.677257 ], [ -87.681681, 41.6773 ], [ -87.684377, 41.677237 ], [ -87.685602, 41.677214 ], [ -87.686363, 41.677205 ], [ -87.68576, 41.678619 ], [ -87.685864, 41.684475 ], [ -87.690823, 41.684402 ], [ -87.690874, 41.688145 ], [ -87.690943, 41.691688 ], [ -87.687301, 41.691727 ] ] ] } },
{ "type": "Feature", "properties": { "GEOID": "17031750500", "population": 4761, "perCapitaIncome": 32156, "natureObs2023": 246, "communityArea": 75, "index": 676 }, "geometry": { "type": "Polygon", "coordinates": [ [ [ -87.671895, 41.691932 ], [ -87.66976, 41.691711 ], [ -87.668893, 41.693207 ], [ -87.663943, 41.691245 ], [ -87.663311, 41.692156 ], [ -87.661844, 41.692117 ], [ -87.663371, 41.689665 ], [ -87.660786, 41.689293 ], [ -87.661599, 41.68482 ], [ -87.661365, 41.677544 ], [ -87.66657, 41.677442 ], [ -87.667148, 41.675834 ], [ -87.668549, 41.676127 ], [ -87.66785, 41.677419 ], [ -87.671049, 41.67736 ], [ -87.675162, 41.677288 ], [ -87.680696, 41.677257 ], [ -87.680834, 41.681512 ], [ -87.680875, 41.68273 ], [ -87.680928, 41.684504 ], [ -87.681155, 41.691779 ], [ -87.671895, 41.691932 ] ] ] } },
{ "type": "Feature", "properties": { "GEOID": "17031750600", "population": 3844, "perCapitaIncome": 23282, "natureObs2023": 0, "communityArea": 75, "index": 677 }, "geometry": { "type": "Polygon", "coordinates": [ [ [ -87.660545, 41.692136 ], [ -87.656975, 41.692182 ], [ -87.649676, 41.692268 ], [ -87.648889, 41.692276 ], [ -87.647243, 41.692298 ], [ -87.642378, 41.692356 ], [ -87.642266, 41.68872 ], [ -87.642208, 41.686903 ], [ -87.642152, 41.685082 ], [ -87.647016, 41.685017 ], [ -87.649446, 41.684986 ], [ -87.651875, 41.684952 ], [ -87.656742, 41.684886 ], [ -87.661599, 41.68482 ], [ -87.660786, 41.689293 ], [ -87.663371, 41.689665 ], [ -87.661844, 41.692117 ], [ -87.660545, 41.692136 ] ] ] } },
{ "type": "Feature", "properties": { "GEOID": "17031760801", "population": 4718, "perCapitaIncome": 43529, "natureObs2023": 11, "communityArea": 76, "index": 678 }, "geometry": { "type": "Polygon", "coordinates": [ [ [ -87.856028, 41.986792 ], [ -87.855675, 41.987516 ], [ -87.855514, 41.987964 ], [ -87.855506, 41.988128 ], [ -87.855617, 41.9884 ], [ -87.85573, 41.98882 ], [ -87.855851, 41.989057 ], [ -87.854607, 41.988718 ], [ -87.846529, 41.987853 ], [ -87.841946, 41.987167 ], [ -87.836618, 41.986365 ], [ -87.836573, 41.980432 ], [ -87.836579, 41.979761 ], [ -87.836608, 41.977471 ], [ -87.841535, 41.97744 ], [ -87.846477, 41.977351 ], [ -87.846427, 41.980078 ], [ -87.846447, 41.983761 ], [ -87.856369, 41.983628 ], [ -87.856727, 41.984781 ], [ -87.856028, 41.986792 ] ] ] } },
{ "type": "Feature", "properties": { "GEOID": "17031760802", "population": 2191, "perCapitaIncome": 50166, "natureObs2023": 340, "communityArea": 76, "index": 679 }, "geometry": { "type": "Polygon", "coordinates": [ [ [ -87.855833, 41.981194 ], [ -87.856369, 41.983628 ], [ -87.846447, 41.983761 ], [ -87.846427, 41.980078 ], [ -87.850827, 41.980223 ], [ -87.851708, 41.979601 ], [ -87.851479, 41.976585 ], [ -87.849937, 41.973698 ], [ -87.846493, 41.973706 ], [ -87.846533, 41.97227 ], [ -87.846539, 41.97193 ], [ -87.846563, 41.969138 ], [ -87.84656, 41.966407 ], [ -87.841595, 41.966507 ], [ -87.836685, 41.966597 ], [ -87.836695, 41.961599 ], [ -87.836699, 41.95936 ], [ -87.836748, 41.952055 ], [ -87.836735, 41.950218 ], [ -87.836622, 41.948398 ], [ -87.836433, 41.944761 ], [ -87.835178, 41.944793 ], [ -87.835111, 41.944595 ], [ -87.83481, 41.937576 ], [ -87.83606, 41.937559 ], [ -87.849588, 41.937286 ], [ -87.851499, 41.93881 ], [ -87.853018, 41.94307 ], [ -87.853758, 41.945085 ], [ -87.854205, 41.945988 ], [ -87.855249, 41.948213 ], [ -87.854117, 41.951328 ], [ -87.847765, 41.951676 ], [ -87.847654, 41.952686 ], [ -87.847392, 41.955758 ], [ -87.857954, 41.955338 ], [ -87.858507, 41.95593 ], [ -87.858884, 41.956954 ], [ -87.855694, 41.96262 ], [ -87.855796, 41.96432 ], [ -87.854841, 41.966138 ], [ -87.855117, 41.968102 ], [ -87.85415, 41.971434 ], [ -87.85878, 41.971462 ], [ -87.861854, 41.973359 ], [ -87.861996, 41.973862 ], [ -87.861932, 41.975161 ], [ -87.855833, 41.981194 ] ] ] } },
{ "type": "Feature", "properties": { "GEOID": "17031760803", "population": 6862, "perCapitaIncome": 52376, "natureObs2023": 14, "communityArea": 76, "index": 680 }, "geometry": { "type": "Polygon", "coordinates": [ [ [ -87.850827, 41.980223 ], [ -87.846427, 41.980078 ], [ -87.846477, 41.977351 ], [ -87.841535, 41.97744 ], [ -87.836608, 41.977471 ], [ -87.836627, 41.975222 ], [ -87.836629, 41.97479 ], [ -87.841554, 41.974695 ], [ -87.84155, 41.973788 ], [ -87.837965, 41.973842 ], [ -87.836652, 41.971328 ], [ -87.836658, 41.970232 ], [ -87.841591, 41.970143 ], [ -87.841562, 41.971917 ], [ -87.844036, 41.972241 ], [ -87.846533, 41.97227 ], [ -87.846493, 41.973706 ], [ -87.849937, 41.973698 ], [ -87.851479, 41.976585 ], [ -87.851708, 41.979601 ], [ -87.850827, 41.980223 ] ] ] } },
{ "type": "Feature", "properties": { "GEOID": "17031830500", "population": 3948, "perCapitaIncome": 24195, "natureObs2023": 22, "communityArea": 30, "index": 681 }, "geometry": { "type": "Polygon", "coordinates": [ [ [ -87.731638, 41.836802 ], [ -87.729212, 41.836827 ], [ -87.724351, 41.836882 ], [ -87.721909, 41.836925 ], [ -87.717031, 41.837012 ], [ -87.714594, 41.837056 ], [ -87.709714, 41.837145 ], [ -87.704823, 41.837233 ], [ -87.704646, 41.829233 ], [ -87.714319, 41.826189 ], [ -87.724054, 41.823135 ], [ -87.738535, 41.818574 ], [ -87.738654, 41.822132 ], [ -87.738875, 41.834283 ], [ -87.739152, 41.836718 ], [ -87.731638, 41.836802 ] ] ] } },
{ "type": "Feature", "properties": { "GEOID": "17031830600", "population": 4788, "perCapitaIncome": 36182, "natureObs2023": 47, "communityArea": 1, "index": 682 }, "geometry": { "type": "Polygon", "coordinates": [ [ [ -87.675227, 42.005302 ], [ -87.674025, 42.005319 ], [ -87.670593, 42.005374 ], [ -87.670543, 42.003549 ], [ -87.668111, 42.003587 ], [ -87.667962, 41.998109 ], [ -87.670623, 41.998075 ], [ -87.675012, 41.997993 ], [ -87.675207, 41.997989 ], [ -87.676837, 41.997959 ], [ -87.677938, 42.000357 ], [ -87.680171, 42.005206 ], [ -87.675227, 42.005302 ] ] ] } },
{ "type": "Feature", "properties": { "GEOID": "17031830700", "population": 4249, "perCapitaIncome": 56276, "natureObs2023": 158, "communityArea": 3, "index": 683 }, "geometry": { "type": "Polygon", "coordinates": [ [ [ -87.659585, 41.961716 ], [ -87.659644, 41.963522 ], [ -87.659627, 41.965367 ], [ -87.65965, 41.967198 ], [ -87.65967, 41.969025 ], [ -87.657625, 41.969052 ], [ -87.654822, 41.96909 ], [ -87.654798, 41.967272 ], [ -87.654787, 41.96543 ], [ -87.654777, 41.964446 ], [ -87.654769, 41.963607 ], [ -87.654748, 41.961779 ], [ -87.656343, 41.961756 ], [ -87.655975, 41.958424 ], [ -87.656234, 41.958144 ], [ -87.656136, 41.954462 ], [ -87.656792, 41.954452 ], [ -87.66225, 41.954378 ], [ -87.664258, 41.957621 ], [ -87.665954, 41.961635 ], [ -87.664935, 41.961647 ], [ -87.659585, 41.961716 ] ] ] } },
{ "type": "Feature", "properties": { "GEOID": "17031830800", "population": 2415, "perCapitaIncome": 72955, "natureObs2023": 353, "communityArea": 4, "index": 684 }, "geometry": { "type": "Polygon", "coordinates": [ [ [ -87.677697, 41.968776 ], [ -87.674174, 41.968822 ], [ -87.674078, 41.965169 ], [ -87.674026, 41.963349 ], [ -87.673977, 41.961525 ], [ -87.677488, 41.961473 ], [ -87.678959, 41.961458 ], [ -87.679029, 41.963274 ], [ -87.679083, 41.965096 ], [ -87.679186, 41.968756 ], [ -87.677697, 41.968776 ] ] ] } },
{ "type": "Feature", "properties": { "GEOID": "17031830900", "population": 2957, "perCapitaIncome": 90281, "natureObs2023": 42, "communityArea": 22, "index": 685 }, "geometry": { "type": "Polygon", "coordinates": [ [ [ -87.687904, 41.93217 ], [ -87.687924, 41.933079 ], [ -87.687986, 41.936062 ], [ -87.687404, 41.935777 ], [ -87.68563, 41.933871 ], [ -87.683285, 41.93327 ], [ -87.682661, 41.932231 ], [ -87.679577, 41.928349 ], [ -87.675094, 41.926748 ], [ -87.674403, 41.925069 ], [ -87.677899, 41.925026 ], [ -87.682457, 41.924973 ], [ -87.683641, 41.924955 ], [ -87.685209, 41.924932 ], [ -87.687642, 41.924901 ], [ -87.689397, 41.924883 ], [ -87.692528, 41.924855 ], [ -87.692591, 41.926671 ], [ -87.692658, 41.928508 ], [ -87.692737, 41.930801 ], [ -87.692773, 41.93213 ], [ -87.687904, 41.93217 ] ] ] } },
{ "type": "Feature", "properties": { "GEOID": "17031831000", "population": 2224, "perCapitaIncome": 142484, "natureObs2023": 19, "communityArea": 24, "index": 686 }, "geometry": { "type": "Polygon", "coordinates": [ [ [ -87.680014, 41.91467 ], [ -87.677555, 41.914716 ], [ -87.677581, 41.915942 ], [ -87.677586, 41.916238 ], [ -87.677622, 41.917758 ], [ -87.672762, 41.91785 ], [ -87.672714, 41.91603 ], [ -87.672667, 41.91425 ], [ -87.676326, 41.914179 ], [ -87.677547, 41.914249 ], [ -87.677463, 41.91047 ], [ -87.68242, 41.913582 ], [ -87.682447, 41.914619 ], [ -87.680014, 41.91467 ] ] ] } },
{ "type": "Feature", "properties": { "GEOID": "17031831100", "population": 7191, "perCapitaIncome": 51776, "natureObs2023": 33, "communityArea": 21, "index": 687 }, "geometry": { "type": "Polygon", "coordinates": [ [ [ -87.724954, 41.946405 ], [ -87.722506, 41.946439 ], [ -87.719768, 41.946475 ], [ -87.718764, 41.946488 ], [ -87.717559, 41.946504 ], [ -87.716388, 41.946519 ], [ -87.712713, 41.946567 ], [ -87.707822, 41.946631 ], [ -87.707716, 41.942733 ], [ -87.707625, 41.939928 ], [ -87.707698, 41.939331 ], [ -87.707664, 41.938886 ], [ -87.708841, 41.93932 ], [ -87.712492, 41.939279 ], [ -87.717399, 41.939216 ], [ -87.720694, 41.939174 ], [ -87.723919, 41.939133 ], [ -87.727185, 41.939095 ], [ -87.727328, 41.943984 ], [ -87.727345, 41.94456 ], [ -87.727377, 41.945614 ], [ -87.727401, 41.946373 ], [ -87.724954, 41.946405 ] ] ] } },
{ "type": "Feature", "properties": { "GEOID": "17031831200", "population": 4710, "perCapitaIncome": 26903, "natureObs2023": 1, "communityArea": 20, "index": 688 }, "geometry": { "type": "Polygon", "coordinates": [ [ [ -87.736328, 41.917045 ], [ -87.733887, 41.91707 ], [ -87.731446, 41.917104 ], [ -87.726559, 41.917166 ], [ -87.724217, 41.917196 ], [ -87.724059, 41.915373 ], [ -87.723004, 41.915388 ], [ -87.722109, 41.913651 ], [ -87.724246, 41.9138 ], [ -87.726454, 41.91378 ], [ -87.72645, 41.913645 ], [ -87.731329, 41.913583 ], [ -87.737683, 41.91355 ], [ -87.741301, 41.913906 ], [ -87.741422, 41.916985 ], [ -87.736328, 41.917045 ] ] ] } },
{ "type": "Feature", "properties": { "GEOID": "17031831300", "population": 1176, "perCapitaIncome": 17864, "natureObs2023": 0, "communityArea": 25, "index": 689 }, "geometry": { "type": "Polygon", "coordinates": [ [ [ -87.746036, 41.905988 ], [ -87.746114, 41.909626 ], [ -87.745913, 41.91071 ], [ -87.74594, 41.912375 ], [ -87.74599, 41.913924 ], [ -87.74601, 41.914493 ], [ -87.741301, 41.913906 ], [ -87.741381, 41.909676 ], [ -87.741657, 41.907754 ], [ -87.741518, 41.902427 ], [ -87.745978, 41.902352 ], [ -87.74842, 41.902327 ], [ -87.748502, 41.905961 ], [ -87.746036, 41.905988 ] ] ] } },
{ "type": "Feature", "properties": { "GEOID": "17031831400", "population": 2962, "perCapitaIncome": 24760, "natureObs2023": 1, "communityArea": 25, "index": 690 }, "geometry": { "type": "Polygon", "coordinates": [ [ [ -87.768635, 41.870634 ], [ -87.76454, 41.87102 ], [ -87.764587, 41.872827 ], [ -87.754806, 41.872946 ], [ -87.749145, 41.873027 ], [ -87.744998, 41.873141 ], [ -87.740123, 41.873251 ], [ -87.740078, 41.871899 ], [ -87.739984, 41.868939 ], [ -87.739957, 41.868333 ], [ -87.739932, 41.86596 ], [ -87.74964, 41.865825 ], [ -87.752082, 41.865787 ], [ -87.754533, 41.865752 ], [ -87.759409, 41.865678 ], [ -87.767986, 41.865546 ], [ -87.772896, 41.865479 ], [ -87.774139, 41.865459 ], [ -87.774146, 41.865915 ], [ -87.774264, 41.869114 ], [ -87.774301, 41.870924 ], [ -87.768635, 41.870634 ] ] ] } },
{ "type": "Feature", "properties": { "GEOID": "17031831500", "population": 3859, "perCapitaIncome": 36678, "natureObs2023": 8, "communityArea": 19, "index": 691 }, "geometry": { "type": "Polygon", "coordinates": [ [ [ -87.786031, 41.938317 ], [ -87.785922, 41.937862 ], [ -87.78581, 41.934661 ], [ -87.785689, 41.931002 ], [ -87.785645, 41.929168 ], [ -87.785443, 41.923678 ], [ -87.785411, 41.922631 ], [ -87.785277, 41.918228 ], [ -87.785226, 41.916452 ], [ -87.787423, 41.916795 ], [ -87.789348, 41.917485 ], [ -87.79013, 41.918456 ], [ -87.790407, 41.923636 ], [ -87.790638, 41.930942 ], [ -87.790659, 41.934594 ], [ -87.790796, 41.938238 ], [ -87.786031, 41.938317 ] ] ] } },
{ "type": "Feature", "properties": { "GEOID": "17031831600", "population": 7221, "perCapitaIncome": 27820, "natureObs2023": 1, "communityArea": 18, "index": 692 }, "geometry": { "type": "Polygon", "coordinates": [ [ [ -87.806251, 41.930789 ], [ -87.802826, 41.930797 ], [ -87.800978, 41.930818 ], [ -87.797915, 41.930852 ], [ -87.796692, 41.930868 ], [ -87.790638, 41.930942 ], [ -87.790407, 41.923636 ], [ -87.79013, 41.918456 ], [ -87.789348, 41.917485 ], [ -87.795116, 41.919538 ], [ -87.797011, 41.920252 ], [ -87.804207, 41.922812 ], [ -87.80623, 41.92336 ], [ -87.806255, 41.924007 ], [ -87.806365, 41.927131 ], [ -87.806387, 41.927752 ], [ -87.806443, 41.929338 ], [ -87.806495, 41.930815 ], [ -87.806251, 41.930789 ] ] ] } },
{ "type": "Feature", "properties": { "GEOID": "17031831700", "population": 2224, "perCapitaIncome": 50362, "natureObs2023": 0, "communityArea": 15, "index": 693 }, "geometry": { "type": "Polygon", "coordinates": [ [ [ -87.747373, 41.962433 ], [ -87.747276, 41.962379 ], [ -87.744541, 41.960756 ], [ -87.746458, 41.960736 ], [ -87.74275, 41.953474 ], [ -87.742525, 41.953007 ], [ -87.74243, 41.949838 ], [ -87.742361, 41.946185 ], [ -87.747065, 41.946124 ], [ -87.747141, 41.947942 ], [ -87.747239, 41.950669 ], [ -87.747305, 41.953418 ], [ -87.747354, 41.955242 ], [ -87.747446, 41.957982 ], [ -87.7475, 41.959811 ], [ -87.747588, 41.962235 ], [ -87.747373, 41.962433 ] ] ] } },
{ "type": "Feature", "properties": { "GEOID": "17031831800", "population": 7918, "perCapitaIncome": 40914, "natureObs2023": 347, "communityArea": 13, "index": 694 }, "geometry": { "type": "Polygon", "coordinates": [ [ [ -87.718655, 41.98294 ], [ -87.716176, 41.982973 ], [ -87.712522, 41.983022 ], [ -87.711301, 41.983039 ], [ -87.706982, 41.98308 ], [ -87.704748, 41.975775 ], [ -87.70411, 41.973651 ], [ -87.707371, 41.974433 ], [ -87.708647, 41.974523 ], [ -87.709967, 41.974271 ], [ -87.713464, 41.971947 ], [ -87.71582, 41.971867 ], [ -87.716521, 41.97213 ], [ -87.717144, 41.972435 ], [ -87.718384, 41.973092 ], [ -87.723028, 41.974586 ], [ -87.724174, 41.975575 ], [ -87.724598, 41.97557 ], [ -87.728233, 41.975532 ], [ -87.728433, 41.982832 ], [ -87.718655, 41.98294 ] ] ] } },
{ "type": "Feature", "properties": { "GEOID": "17031831900", "population": 3074, "perCapitaIncome": 89090, "natureObs2023": 15, "communityArea": 6, "index": 695 }, "geometry": { "type": "Polygon", "coordinates": [ [ [ -87.668858, 41.94699 ], [ -87.667652, 41.94701 ], [ -87.664015, 41.947068 ], [ -87.663917, 41.943418 ], [ -87.668763, 41.943343 ], [ -87.67356, 41.943277 ], [ -87.673625, 41.946928 ], [ -87.668858, 41.94699 ] ] ] } },
{ "type": "Feature", "properties": { "GEOID": "17031832000", "population": 1701, "perCapitaIncome": 99797, "natureObs2023": 10, "communityArea": 6, "index": 696 }, "geometry": { "type": "Polygon", "coordinates": [ [ [ -87.65433, 41.947245 ], [ -87.649486, 41.947315 ], [ -87.64943, 41.945461 ], [ -87.654272, 41.945396 ], [ -87.654245, 41.944466 ], [ -87.65523, 41.945605 ], [ -87.656699, 41.945351 ], [ -87.659122, 41.945316 ], [ -87.659168, 41.947149 ], [ -87.65433, 41.947245 ] ] ] } },
{ "type": "Feature", "properties": { "GEOID": "17031832100", "population": 3592, "perCapitaIncome": 55656, "natureObs2023": 54, "communityArea": 6, "index": 697 }, "geometry": { "type": "Polygon", "coordinates": [ [ [ -87.656792, 41.954452 ], [ -87.656136, 41.954462 ], [ -87.654545, 41.954488 ], [ -87.6497, 41.954561 ], [ -87.649654, 41.952748 ], [ -87.64962, 41.951198 ], [ -87.654444, 41.951124 ], [ -87.656806, 41.951087 ], [ -87.656848, 41.953972 ], [ -87.656792, 41.954452 ] ] ] } },
{ "type": "Feature", "properties": { "GEOID": "17031832200", "population": 3216, "perCapitaIncome": 111942, "natureObs2023": 10, "communityArea": 22, "index": 698 }, "geometry": { "type": "Polygon", "coordinates": [ [ [ -87.682457, 41.924973 ], [ -87.677899, 41.925026 ], [ -87.67779, 41.922318 ], [ -87.677752, 41.921398 ], [ -87.677622, 41.917758 ], [ -87.677586, 41.916238 ], [ -87.677581, 41.915942 ], [ -87.677555, 41.914716 ], [ -87.680014, 41.91467 ], [ -87.68005, 41.916188 ], [ -87.680096, 41.917707 ], [ -87.682519, 41.917659 ], [ -87.68264, 41.921313 ], [ -87.682732, 41.924465 ], [ -87.683641, 41.924955 ], [ -87.682457, 41.924973 ] ] ] } },
{ "type": "Feature", "properties": { "GEOID": "17031832300", "population": 1938, "perCapitaIncome": 107547, "natureObs2023": 18, "communityArea": 22, "index": 699 }, "geometry": { "type": "Polygon", "coordinates": [ [ [ -87.674403, 41.925069 ], [ -87.673933, 41.923993 ], [ -87.670386, 41.922315 ], [ -87.668406, 41.922062 ], [ -87.66785, 41.921576 ], [ -87.664421, 41.917581 ], [ -87.664214, 41.916968 ], [ -87.6636, 41.91559 ], [ -87.666243, 41.91446 ], [ -87.667802, 41.914329 ], [ -87.672667, 41.91425 ], [ -87.672714, 41.91603 ], [ -87.672762, 41.91785 ], [ -87.677622, 41.917758 ], [ -87.677752, 41.921398 ], [ -87.67779, 41.922318 ], [ -87.677899, 41.925026 ], [ -87.674403, 41.925069 ] ] ] } },
{ "type": "Feature", "properties": { "GEOID": "17031832400", "population": 3558, "perCapitaIncome": 83437, "natureObs2023": 28, "communityArea": 22, "index": 700 }, "geometry": { "type": "Polygon", "coordinates": [ [ [ -87.692306, 41.917531 ], [ -87.688596, 41.917563 ], [ -87.68741, 41.917568 ], [ -87.687362, 41.915701 ], [ -87.687316, 41.913995 ], [ -87.692203, 41.91395 ], [ -87.697094, 41.913907 ], [ -87.697201, 41.917489 ], [ -87.692306, 41.917531 ] ] ] } },
{ "type": "Feature", "properties": { "GEOID": "17031832500", "population": 3277, "perCapitaIncome": 96916, "natureObs2023": 17, "communityArea": 7, "index": 701 }, "geometry": { "type": "Polygon", "coordinates": [ [ [ -87.671666, 41.925106 ], [ -87.668146, 41.925152 ], [ -87.665769, 41.925183 ], [ -87.663327, 41.925218 ], [ -87.658453, 41.925292 ], [ -87.658335, 41.921661 ], [ -87.658219, 41.918034 ], [ -87.658203, 41.917343 ], [ -87.664214, 41.916968 ], [ -87.664421, 41.917581 ], [ -87.66785, 41.921576 ], [ -87.668406, 41.922062 ], [ -87.670386, 41.922315 ], [ -87.673933, 41.923993 ], [ -87.674403, 41.925069 ], [ -87.671666, 41.925106 ] ] ] } },
{ "type": "Feature", "properties": { "GEOID": "17031832600", "population": 4348, "perCapitaIncome": 139824, "natureObs2023": 17, "communityArea": 7, "index": 702 }, "geometry": { "type": "Polygon", "coordinates": [ [ [ -87.658203, 41.917343 ], [ -87.658219, 41.918034 ], [ -87.653367, 41.918105 ], [ -87.650939, 41.918143 ], [ -87.649725, 41.918161 ], [ -87.649129, 41.918171 ], [ -87.648509, 41.91818 ], [ -87.648361, 41.913827 ], [ -87.648272, 41.91092 ], [ -87.649501, 41.9109 ], [ -87.653107, 41.91084 ], [ -87.655912, 41.910794 ], [ -87.656873, 41.910785 ], [ -87.658445, 41.914465 ], [ -87.66086, 41.915966 ], [ -87.6636, 41.91559 ], [ -87.664214, 41.916968 ], [ -87.658203, 41.917343 ] ] ] } },
{ "type": "Feature", "properties": { "GEOID": "17031832900", "population": 2092, "perCapitaIncome": 50195, "natureObs2023": 19, "communityArea": 28, "index": 703 }, "geometry": { "type": "Polygon", "coordinates": [ [ [ -87.661853, 41.876438 ], [ -87.657003, 41.876519 ], [ -87.656853, 41.872254 ], [ -87.661026, 41.872169 ], [ -87.661724, 41.87211 ], [ -87.661714, 41.871752 ], [ -87.666616, 41.871626 ], [ -87.666686, 41.874251 ], [ -87.666739, 41.876351 ], [ -87.661853, 41.876438 ] ] ] } },
{ "type": "Feature", "properties": { "GEOID": "17031833000", "population": 4677, "perCapitaIncome": 136610, "natureObs2023": 39, "communityArea": 28, "index": 704 }, "geometry": { "type": "Polygon", "coordinates": [ [ [ -87.66281, 41.888718 ], [ -87.662211, 41.889005 ], [ -87.658926, 41.888924 ], [ -87.657347, 41.888944 ], [ -87.654567, 41.888978 ], [ -87.648265, 41.889042 ], [ -87.647622, 41.889049 ], [ -87.64736, 41.881778 ], [ -87.652031, 41.8817 ], [ -87.65436, 41.8817 ], [ -87.657143, 41.881652 ], [ -87.666852, 41.881455 ], [ -87.666945, 41.883298 ], [ -87.667069, 41.888852 ], [ -87.66281, 41.888718 ] ] ] } },
{ "type": "Feature", "properties": { "GEOID": "17031833100", "population": 8469, "perCapitaIncome": 141574, "natureObs2023": 57, "communityArea": 28, "index": 705 }, "geometry": { "type": "Polygon", "coordinates": [ [ [ -87.657143, 41.881652 ], [ -87.65436, 41.8817 ], [ -87.652031, 41.8817 ], [ -87.64736, 41.881778 ], [ -87.647322, 41.880492 ], [ -87.647202, 41.876672 ], [ -87.649538, 41.876637 ], [ -87.651874, 41.876601 ], [ -87.657003, 41.876519 ], [ -87.661853, 41.876438 ], [ -87.666739, 41.876351 ], [ -87.666852, 41.881455 ], [ -87.657143, 41.881652 ] ] ] } },
{ "type": "Feature", "properties": { "GEOID": "17031833300", "population": 2686, "perCapitaIncome": 65424, "natureObs2023": 26, "communityArea": 28, "index": 706 }, "geometry": { "type": "Polygon", "coordinates": [ [ [ -87.651874, 41.876601 ], [ -87.651046, 41.867087 ], [ -87.656681, 41.866997 ], [ -87.656853, 41.872254 ], [ -87.657003, 41.876519 ], [ -87.651874, 41.876601 ] ] ] } },
{ "type": "Feature", "properties": { "GEOID": "17031833900", "population": 2696, "perCapitaIncome": 13486, "natureObs2023": 1, "communityArea": 46, "index": 707 }, "geometry": { "type": "Polygon", "coordinates": [ [ [ -87.559702, 41.733602 ], [ -87.555494, 41.73368 ], [ -87.54859, 41.733763 ], [ -87.542983, 41.733834 ], [ -87.539445, 41.734035 ], [ -87.536545, 41.729635 ], [ -87.539326, 41.728639 ], [ -87.5398, 41.730036 ], [ -87.540583, 41.730524 ], [ -87.541483, 41.729725 ], [ -87.541497, 41.730201 ], [ -87.555405, 41.730014 ], [ -87.555653, 41.729961 ], [ -87.559861, 41.732995 ], [ -87.560186, 41.73323 ], [ -87.559702, 41.733602 ] ] ] } },
{ "type": "Feature", "properties": { "GEOID": "17031834000", "population": 3274, "perCapitaIncome": 19372, "natureObs2023": 1, "communityArea": 49, "index": 708 }, "geometry": { "type": "Polygon", "coordinates": [ [ [ -87.632721, 41.735972 ], [ -87.62895, 41.732577 ], [ -87.625624, 41.729019 ], [ -87.623938, 41.729042 ], [ -87.62373, 41.721703 ], [ -87.628665, 41.721698 ], [ -87.633446, 41.721637 ], [ -87.633638, 41.728882 ], [ -87.634055, 41.735944 ], [ -87.632721, 41.735972 ] ] ] } },
{ "type": "Feature", "properties": { "GEOID": "17031834200", "population": 5689, "perCapitaIncome": 30272, "natureObs2023": 0, "communityArea": 43, "index": 709 }, "geometry": { "type": "Polygon", "coordinates": [ [ [ -87.5908, 41.758724 ], [ -87.588368, 41.758745 ], [ -87.586136, 41.758764 ], [ -87.585738, 41.758768 ], [ -87.581042, 41.758822 ], [ -87.576142, 41.758876 ], [ -87.576066, 41.755242 ], [ -87.575982, 41.751606 ], [ -87.580867, 41.751545 ], [ -87.585596, 41.751509 ], [ -87.585824, 41.751506 ], [ -87.585821, 41.751672 ], [ -87.590008, 41.754689 ], [ -87.59121, 41.755553 ], [ -87.593075, 41.756893 ], [ -87.595614, 41.758696 ], [ -87.595523, 41.758696 ], [ -87.5908, 41.758724 ] ] ] } },
{ "type": "Feature", "properties": { "GEOID": "17031834300", "population": 6186, "perCapitaIncome": 38425, "natureObs2023": 3, "communityArea": 45, "index": 710 }, "geometry": { "type": "Polygon", "coordinates": [ [ [ -87.597849, 41.747691 ], [ -87.597235, 41.751369 ], [ -87.595491, 41.751387 ], [ -87.594908, 41.755039 ], [ -87.595715, 41.756858 ], [ -87.593075, 41.756893 ], [ -87.59121, 41.755553 ], [ -87.590008, 41.754689 ], [ -87.585821, 41.751672 ], [ -87.585824, 41.751506 ], [ -87.585799, 41.744198 ], [ -87.585729, 41.740554 ], [ -87.585637, 41.736913 ], [ -87.589346, 41.736864 ], [ -87.590276, 41.736852 ], [ -87.595308, 41.736783 ], [ -87.597589, 41.740743 ], [ -87.5987, 41.744047 ], [ -87.598269, 41.745867 ], [ -87.597849, 41.747691 ] ] ] } },
{ "type": "Feature", "properties": { "GEOID": "17031834400", "population": 4263, "perCapitaIncome": 43885, "natureObs2023": 50, "communityArea": 42, "index": 711 }, "geometry": { "type": "Polygon", "coordinates": [ [ [ -87.600374, 41.776836 ], [ -87.600459, 41.780475 ], [ -87.597824, 41.780504 ], [ -87.596204, 41.780522 ], [ -87.591528, 41.780566 ], [ -87.59145, 41.77802 ], [ -87.5917, 41.776918 ], [ -87.592115, 41.775097 ], [ -87.59295, 41.775079 ], [ -87.592914, 41.773268 ], [ -87.596041, 41.773236 ], [ -87.600902, 41.773188 ], [ -87.600983, 41.77683 ], [ -87.600374, 41.776836 ] ] ] } },
{ "type": "Feature", "properties": { "GEOID": "17031834500", "population": 1572, "perCapitaIncome": 22313, "natureObs2023": 1, "communityArea": 40, "index": 712 }, "geometry": { "type": "Polygon", "coordinates": [ [ [ -87.625701, 41.794643 ], [ -87.625562, 41.789187 ], [ -87.625513, 41.787362 ], [ -87.620658, 41.787445 ], [ -87.619045, 41.787472 ], [ -87.615802, 41.787523 ], [ -87.61576, 41.785699 ], [ -87.620613, 41.785615 ], [ -87.625466, 41.785537 ], [ -87.625404, 41.78321 ], [ -87.628195, 41.783161 ], [ -87.628258, 41.785496 ], [ -87.628562, 41.794599 ], [ -87.625701, 41.794643 ] ] ] } },
{ "type": "Feature", "properties": { "GEOID": "17031834600", "population": 1825, "perCapitaIncome": 24610, "natureObs2023": 4, "communityArea": 68, "index": 713 }, "geometry": { "type": "Polygon", "coordinates": [ [ [ -87.635362, 41.794478 ], [ -87.634212, 41.794499 ], [ -87.628562, 41.794599 ], [ -87.628258, 41.785496 ], [ -87.628195, 41.783161 ], [ -87.62897, 41.783147 ], [ -87.628543, 41.780005 ], [ -87.63015, 41.779987 ], [ -87.635048, 41.779909 ], [ -87.637503, 41.779868 ], [ -87.64002, 41.779825 ], [ -87.640028, 41.780745 ], [ -87.640081, 41.783466 ], [ -87.640171, 41.787107 ], [ -87.64023, 41.79201 ], [ -87.639682, 41.793038 ], [ -87.640329, 41.794387 ], [ -87.635362, 41.794478 ] ] ] } },
{ "type": "Feature", "properties": { "GEOID": "17031834700", "population": 1344, "perCapitaIncome": 21705, "natureObs2023": 0, "communityArea": 68, "index": 714 }, "geometry": { "type": "Polygon", "coordinates": [ [ [ -87.647599, 41.794279 ], [ -87.64516, 41.794302 ], [ -87.640329, 41.794387 ], [ -87.639682, 41.793038 ], [ -87.64023, 41.79201 ], [ -87.640171, 41.787107 ], [ -87.644969, 41.787025 ], [ -87.647403, 41.786989 ], [ -87.649828, 41.786956 ], [ -87.650016, 41.79424 ], [ -87.647599, 41.794279 ] ] ] } },
{ "type": "Feature", "properties": { "GEOID": "17031834800", "population": 1683, "perCapitaIncome": 17353, "natureObs2023": 0, "communityArea": 68, "index": 715 }, "geometry": { "type": "Polygon", "coordinates": [ [ [ -87.647403, 41.786989 ], [ -87.644969, 41.787025 ], [ -87.640171, 41.787107 ], [ -87.640081, 41.783466 ], [ -87.640028, 41.780745 ], [ -87.643678, 41.780664 ], [ -87.644839, 41.781557 ], [ -87.644786, 41.779751 ], [ -87.646174, 41.779729 ], [ -87.649643, 41.779674 ], [ -87.649737, 41.783315 ], [ -87.649828, 41.786956 ], [ -87.647403, 41.786989 ] ] ] } },
{ "type": "Feature", "properties": { "GEOID": "17031834900", "population": 905, "perCapitaIncome": 19750, "natureObs2023": 0, "communityArea": 67, "index": 716 }, "geometry": { "type": "Polygon", "coordinates": [ [ [ -87.654502, 41.779608 ], [ -87.654402, 41.775974 ], [ -87.65431, 41.772333 ], [ -87.654211, 41.768693 ], [ -87.654116, 41.765057 ], [ -87.658967, 41.764981 ], [ -87.659066, 41.768622 ], [ -87.659166, 41.772263 ], [ -87.659216, 41.774078 ], [ -87.659361, 41.779543 ], [ -87.654502, 41.779608 ] ] ] } },
{ "type": "Feature", "properties": { "GEOID": "17031835000", "population": 5549, "perCapitaIncome": 34482, "natureObs2023": 0, "communityArea": 66, "index": 717 }, "geometry": { "type": "Polygon", "coordinates": [ [ [ -87.692376, 41.786427 ], [ -87.691156, 41.786447 ], [ -87.687498, 41.786504 ], [ -87.683831, 41.786529 ], [ -87.683686, 41.78651 ], [ -87.678716, 41.786569 ], [ -87.67849, 41.779247 ], [ -87.683639, 41.779216 ], [ -87.687305, 41.779205 ], [ -87.690959, 41.779153 ], [ -87.693392, 41.779116 ], [ -87.693445, 41.780939 ], [ -87.693497, 41.78276 ], [ -87.693595, 41.786407 ], [ -87.692376, 41.786427 ] ] ] } },
{ "type": "Feature", "properties": { "GEOID": "17031835100", "population": 4666, "perCapitaIncome": 24606, "natureObs2023": 0, "communityArea": 63, "index": 718 }, "geometry": { "type": "Polygon", "coordinates": [ [ [ -87.691361, 41.793736 ], [ -87.688931, 41.793783 ], [ -87.684042, 41.793877 ], [ -87.683478, 41.793853 ], [ -87.682292, 41.793828 ], [ -87.678815, 41.793868 ], [ -87.678716, 41.786569 ], [ -87.683686, 41.78651 ], [ -87.683831, 41.786529 ], [ -87.687498, 41.786504 ], [ -87.691156, 41.786447 ], [ -87.692376, 41.786427 ], [ -87.693595, 41.786407 ], [ -87.693647, 41.788229 ], [ -87.693697, 41.790048 ], [ -87.693747, 41.791871 ], [ -87.693798, 41.793691 ], [ -87.691361, 41.793736 ] ] ] } },
{ "type": "Feature", "properties": { "GEOID": "17031835200", "population": 2276, "perCapitaIncome": 30401, "natureObs2023": 2, "communityArea": 56, "index": 719 }, "geometry": { "type": "Polygon", "coordinates": [ [ [ -87.743034, 41.800326 ], [ -87.738013, 41.800382 ], [ -87.738033, 41.799455 ], [ -87.737857, 41.795292 ], [ -87.737984, 41.793071 ], [ -87.752507, 41.792888 ], [ -87.752585, 41.795783 ], [ -87.752639, 41.797215 ], [ -87.752736, 41.800187 ], [ -87.743034, 41.800326 ] ] ] } },
{ "type": "Feature", "properties": { "GEOID": "17031835500", "population": 1393, "perCapitaIncome": 16382, "natureObs2023": 2, "communityArea": 37, "index": 720 }, "geometry": { "type": "Polygon", "coordinates": [ [ [ -87.631339, 41.823646 ], [ -87.630296, 41.823662 ], [ -87.629357, 41.823676 ], [ -87.629191, 41.819161 ], [ -87.629126, 41.816451 ], [ -87.628916, 41.809185 ], [ -87.635839, 41.809046 ], [ -87.635996, 41.81635 ], [ -87.635205, 41.816358 ], [ -87.636036, 41.818152 ], [ -87.636151, 41.821833 ], [ -87.636354, 41.823583 ], [ -87.631339, 41.823646 ] ] ] } },
{ "type": "Feature", "properties": { "GEOID": "17031835600", "population": 749, "perCapitaIncome": 15835, "natureObs2023": 3, "communityArea": 37, "index": 721 }, "geometry": { "type": "Polygon", "coordinates": [ [ [ -87.628916, 41.809185 ], [ -87.628831, 41.801892 ], [ -87.628562, 41.794599 ], [ -87.634212, 41.794499 ], [ -87.635362, 41.794478 ], [ -87.635622, 41.801767 ], [ -87.635839, 41.809046 ], [ -87.628916, 41.809185 ] ] ] } },
{ "type": "Feature", "properties": { "GEOID": "17031835800", "population": 1852, "perCapitaIncome": 38309, "natureObs2023": 0, "communityArea": 38, "index": 722 }, "geometry": { "type": "Polygon", "coordinates": [ [ [ -87.616792, 41.816635 ], [ -87.61669, 41.81301 ], [ -87.616639, 41.811197 ], [ -87.61654, 41.807563 ], [ -87.616802, 41.807559 ], [ -87.618107, 41.807538 ], [ -87.618153, 41.809359 ], [ -87.618204, 41.811173 ], [ -87.619642, 41.811151 ], [ -87.62126, 41.811125 ], [ -87.621407, 41.816564 ], [ -87.616792, 41.816635 ] ] ] } },
{ "type": "Feature", "properties": { "GEOID": "17031836000", "population": 3022, "perCapitaIncome": 53473, "natureObs2023": 0, "communityArea": 38, "index": 723 }, "geometry": { "type": "Polygon", "coordinates": [ [ [ -87.616529, 41.816638 ], [ -87.61409, 41.816683 ], [ -87.611642, 41.816729 ], [ -87.606708, 41.816814 ], [ -87.606605, 41.811354 ], [ -87.611499, 41.81128 ], [ -87.613831, 41.811242 ], [ -87.616639, 41.811197 ], [ -87.61669, 41.81301 ], [ -87.616792, 41.816635 ], [ -87.616529, 41.816638 ] ] ] } },
{ "type": "Feature", "properties": { "GEOID": "17031836100", "population": 1827, "perCapitaIncome": 23735, "natureObs2023": 0, "communityArea": 40, "index": 724 }, "geometry": { "type": "Polygon", "coordinates": [ [ [ -87.62589, 41.801946 ], [ -87.624273, 41.801973 ], [ -87.617747, 41.802079 ], [ -87.616526, 41.802098 ], [ -87.616111, 41.802103 ], [ -87.614968, 41.802115 ], [ -87.614192, 41.802126 ], [ -87.611286, 41.802169 ], [ -87.606407, 41.802251 ], [ -87.606353, 41.800434 ], [ -87.606318, 41.798613 ], [ -87.613933, 41.79845 ], [ -87.616074, 41.798465 ], [ -87.617697, 41.798436 ], [ -87.619639, 41.798399 ], [ -87.625792, 41.798114 ], [ -87.625701, 41.794643 ], [ -87.628562, 41.794599 ], [ -87.628831, 41.801892 ], [ -87.62589, 41.801946 ] ] ] } },
{ "type": "Feature", "properties": { "GEOID": "17031836200", "population": 1709, "perCapitaIncome": 16857, "natureObs2023": 475, "communityArea": 41, "index": 725 }, "geometry": { "type": "Polygon", "coordinates": [ [ [ -87.603752, 41.794989 ], [ -87.60131, 41.795015 ], [ -87.596544, 41.795066 ], [ -87.596457, 41.791447 ], [ -87.596372, 41.787805 ], [ -87.596332, 41.786014 ], [ -87.601191, 41.785928 ], [ -87.606037, 41.785874 ], [ -87.606059, 41.78713 ], [ -87.606216, 41.794965 ], [ -87.603752, 41.794989 ] ] ] } },
{ "type": "Feature", "properties": { "GEOID": "17031836300", "population": 1744, "perCapitaIncome": 41671, "natureObs2023": 25, "communityArea": 41, "index": 726 }, "geometry": { "type": "Polygon", "coordinates": [ [ [ -87.603784, 41.802286 ], [ -87.601558, 41.802313 ], [ -87.601367, 41.802315 ], [ -87.596707, 41.802366 ], [ -87.596677, 41.800923 ], [ -87.601337, 41.800871 ], [ -87.603947, 41.800839 ], [ -87.60394, 41.80047 ], [ -87.606353, 41.800434 ], [ -87.606407, 41.802251 ], [ -87.603784, 41.802286 ] ] ] } },
{ "type": "Feature", "properties": { "GEOID": "17031836400", "population": 3783, "perCapitaIncome": 53321, "natureObs2023": 48, "communityArea": 36, "index": 727 }, "geometry": { "type": "Polygon", "coordinates": [ [ [ -87.604955, 41.823779 ], [ -87.603469, 41.824294 ], [ -87.600914, 41.825235 ], [ -87.599431, 41.825464 ], [ -87.592463, 41.816938 ], [ -87.596664, 41.816841 ], [ -87.598882, 41.816905 ], [ -87.599417, 41.816895 ], [ -87.60063, 41.816884 ], [ -87.601852, 41.81687 ], [ -87.604064, 41.816846 ], [ -87.606708, 41.816814 ], [ -87.606515, 41.82337 ], [ -87.604955, 41.823779 ] ] ] } },
{ "type": "Feature", "properties": { "GEOID": "17031836500", "population": 1522, "perCapitaIncome": 30288, "natureObs2023": 17, "communityArea": 36, "index": 728 }, "geometry": { "type": "Polygon", "coordinates": [ [ [ -87.602733, 41.831347 ], [ -87.602388, 41.830635 ], [ -87.600549, 41.826833 ], [ -87.599431, 41.825464 ], [ -87.600914, 41.825235 ], [ -87.603469, 41.824294 ], [ -87.604955, 41.823779 ], [ -87.606515, 41.82337 ], [ -87.606895, 41.824002 ], [ -87.608825, 41.827722 ], [ -87.607535, 41.828115 ], [ -87.609556, 41.831197 ], [ -87.602733, 41.831347 ] ] ] } },
{ "type": "Feature", "properties": { "GEOID": "17031836600", "population": 2275, "perCapitaIncome": 41814, "natureObs2023": 3, "communityArea": 23, "index": 729 }, "geometry": { "type": "Polygon", "coordinates": [ [ [ -87.70679, 41.90285 ], [ -87.706674, 41.899195 ], [ -87.701951, 41.899238 ], [ -87.701881, 41.896418 ], [ -87.702204, 41.895595 ], [ -87.706556, 41.895553 ], [ -87.711436, 41.895507 ], [ -87.712655, 41.895495 ], [ -87.713873, 41.895483 ], [ -87.713997, 41.89913 ], [ -87.714057, 41.90095 ], [ -87.711551, 41.900148 ], [ -87.714583, 41.90277 ], [ -87.711675, 41.902788 ], [ -87.70679, 41.90285 ] ] ] } },
{ "type": "Feature", "properties": { "GEOID": "17031836700", "population": 2507, "perCapitaIncome": 24011, "natureObs2023": 92, "communityArea": 23, "index": 730 }, "geometry": { "type": "Polygon", "coordinates": [ [ [ -87.706556, 41.895553 ], [ -87.702204, 41.895595 ], [ -87.699911, 41.895629 ], [ -87.696703, 41.895654 ], [ -87.696671, 41.894333 ], [ -87.691668, 41.892332 ], [ -87.691754, 41.891732 ], [ -87.691474, 41.888371 ], [ -87.701412, 41.888235 ], [ -87.706335, 41.888175 ], [ -87.711219, 41.888113 ], [ -87.711326, 41.891843 ], [ -87.711436, 41.895507 ], [ -87.706556, 41.895553 ] ] ] } },
{ "type": "Feature", "properties": { "GEOID": "17031836800", "population": 2635, "perCapitaIncome": 19592, "natureObs2023": 82, "communityArea": 27, "index": 731 }, "geometry": { "type": "Polygon", "coordinates": [ [ [ -87.718541, 41.88804 ], [ -87.711219, 41.888113 ], [ -87.706335, 41.888175 ], [ -87.70617, 41.882794 ], [ -87.711061, 41.882743 ], [ -87.713845, 41.881266 ], [ -87.72082, 41.881897 ], [ -87.720982, 41.888018 ], [ -87.718541, 41.88804 ] ] ] } },
{ "type": "Feature", "properties": { "GEOID": "17031836900", "population": 1994, "perCapitaIncome": 18010, "natureObs2023": 0, "communityArea": 27, "index": 732 }, "geometry": { "type": "Polygon", "coordinates": [ [ [ -87.70617, 41.882794 ], [ -87.701254, 41.882847 ], [ -87.701208, 41.881026 ], [ -87.706123, 41.880973 ], [ -87.711006, 41.880917 ], [ -87.711061, 41.882743 ], [ -87.70617, 41.882794 ] ] ] } },
{ "type": "Feature", "properties": { "GEOID": "17031837000", "population": 1843, "perCapitaIncome": 24959, "natureObs2023": 0, "communityArea": 27, "index": 733 }, "geometry": { "type": "Polygon", "coordinates": [ [ [ -87.696335, 41.882898 ], [ -87.69624, 41.879255 ], [ -87.696153, 41.875981 ], [ -87.696101, 41.873794 ], [ -87.701013, 41.873747 ], [ -87.70108, 41.875929 ], [ -87.701154, 41.879205 ], [ -87.701208, 41.881026 ], [ -87.701254, 41.882847 ], [ -87.696335, 41.882898 ] ] ] } },
{ "type": "Feature", "properties": { "GEOID": "17031837100", "population": 1515, "perCapitaIncome": 34678, "natureObs2023": 1, "communityArea": 27, "index": 734 }, "geometry": { "type": "Polygon", "coordinates": [ [ [ -87.701412, 41.888235 ], [ -87.691474, 41.888371 ], [ -87.687092, 41.888415 ], [ -87.690304, 41.887674 ], [ -87.692277, 41.884403 ], [ -87.692231, 41.882941 ], [ -87.696335, 41.882898 ], [ -87.701254, 41.882847 ], [ -87.70617, 41.882794 ], [ -87.706335, 41.888175 ], [ -87.701412, 41.888235 ] ] ] } },
{ "type": "Feature", "properties": { "GEOID": "17031837300", "population": 2515, "perCapitaIncome": 23891, "natureObs2023": 0, "communityArea": 27, "index": 735 }, "geometry": { "type": "Polygon", "coordinates": [ [ [ -87.705917, 41.873688 ], [ -87.701013, 41.873747 ], [ -87.700869, 41.869189 ], [ -87.705756, 41.869133 ], [ -87.70579, 41.870053 ], [ -87.71066, 41.870004 ], [ -87.710689, 41.870901 ], [ -87.710782, 41.873628 ], [ -87.705917, 41.873688 ] ] ] } },
{ "type": "Feature", "properties": { "GEOID": "17031837400", "population": 2186, "perCapitaIncome": 35238, "natureObs2023": 0, "communityArea": 27, "index": 736 }, "geometry": { "type": "Polygon", "coordinates": [ [ [ -87.692231, 41.882941 ], [ -87.692162, 41.881106 ], [ -87.691505, 41.881113 ], [ -87.691371, 41.876035 ], [ -87.691361, 41.87572 ], [ -87.691235, 41.871111 ], [ -87.691193, 41.869295 ], [ -87.695979, 41.869233 ], [ -87.696101, 41.873794 ], [ -87.696153, 41.875981 ], [ -87.69624, 41.879255 ], [ -87.696335, 41.882898 ], [ -87.692231, 41.882941 ] ] ] } },
{ "type": "Feature", "properties": { "GEOID": "17031837800", "population": 2875, "perCapitaIncome": 35647, "natureObs2023": 3, "communityArea": 28, "index": 737 }, "geometry": { "type": "Polygon", "coordinates": [ [ [ -87.690304, 41.887674 ], [ -87.687092, 41.888415 ], [ -87.686623, 41.888527 ], [ -87.685993, 41.888572 ], [ -87.68174, 41.888641 ], [ -87.676846, 41.88872 ], [ -87.67669, 41.883147 ], [ -87.676642, 41.881314 ], [ -87.681529, 41.881198 ], [ -87.68396, 41.881159 ], [ -87.686431, 41.881162 ], [ -87.691505, 41.881113 ], [ -87.692162, 41.881106 ], [ -87.692231, 41.882941 ], [ -87.692277, 41.884403 ], [ -87.690304, 41.887674 ] ] ] } },
{ "type": "Feature", "properties": { "GEOID": "17031838000", "population": 2671, "perCapitaIncome": 29188, "natureObs2023": 5, "communityArea": 28, "index": 738 }, "geometry": { "type": "Polygon", "coordinates": [ [ [ -87.683828, 41.87612 ], [ -87.683901, 41.878624 ], [ -87.68396, 41.881159 ], [ -87.681529, 41.881198 ], [ -87.676642, 41.881314 ], [ -87.67658, 41.878746 ], [ -87.676546, 41.877479 ], [ -87.676528, 41.876207 ], [ -87.676515, 41.875844 ], [ -87.676456, 41.874043 ], [ -87.683781, 41.873927 ], [ -87.686235, 41.873891 ], [ -87.686256, 41.875778 ], [ -87.686269, 41.876084 ], [ -87.683828, 41.87612 ] ] ] } },
{ "type": "Feature", "properties": { "GEOID": "17031838100", "population": 1501, "perCapitaIncome": 75716, "natureObs2023": 11, "communityArea": 28, "index": 739 }, "geometry": { "type": "Polygon", "coordinates": [ [ [ -87.666945, 41.883298 ], [ -87.666852, 41.881455 ], [ -87.666739, 41.876351 ], [ -87.666686, 41.874251 ], [ -87.674859, 41.874067 ], [ -87.676456, 41.874043 ], [ -87.676515, 41.875844 ], [ -87.676528, 41.876207 ], [ -87.676546, 41.877479 ], [ -87.67658, 41.878746 ], [ -87.676642, 41.881314 ], [ -87.67669, 41.883147 ], [ -87.666945, 41.883298 ] ] ] } },
{ "type": "Feature", "properties": { "GEOID": "17031838200", "population": 1834, "perCapitaIncome": 52077, "natureObs2023": 44, "communityArea": 28, "index": 740 }, "geometry": { "type": "Polygon", "coordinates": [ [ [ -87.676456, 41.874043 ], [ -87.674859, 41.874067 ], [ -87.666686, 41.874251 ], [ -87.666616, 41.871626 ], [ -87.666549, 41.869261 ], [ -87.666414, 41.866855 ], [ -87.68359, 41.866647 ], [ -87.683654, 41.869012 ], [ -87.683781, 41.873927 ], [ -87.676456, 41.874043 ] ] ] } },
{ "type": "Feature", "properties": { "GEOID": "17031838300", "population": 2483, "perCapitaIncome": 103799, "natureObs2023": 7, "communityArea": 8, "index": 741 }, "geometry": { "type": "Polygon", "coordinates": [ [ [ -87.63837, 41.903793 ], [ -87.637445, 41.903804 ], [ -87.637016, 41.903811 ], [ -87.634478, 41.903853 ], [ -87.634442, 41.902884 ], [ -87.634291, 41.898982 ], [ -87.637262, 41.898944 ], [ -87.639984, 41.898905 ], [ -87.640044, 41.900468 ], [ -87.643092, 41.900413 ], [ -87.64322, 41.903716 ], [ -87.63837, 41.903793 ] ] ] } },
{ "type": "Feature", "properties": { "GEOID": "17031838600", "population": 1518, "perCapitaIncome": 27656, "natureObs2023": 1, "communityArea": 29, "index": 742 }, "geometry": { "type": "Polygon", "coordinates": [ [ [ -87.700869, 41.869189 ], [ -87.695979, 41.869233 ], [ -87.695907, 41.866511 ], [ -87.700788, 41.866456 ], [ -87.705669, 41.866405 ], [ -87.705756, 41.869133 ], [ -87.700869, 41.869189 ] ] ] } },
{ "type": "Feature", "properties": { "GEOID": "17031838700", "population": 3737, "perCapitaIncome": 16194, "natureObs2023": 1, "communityArea": 29, "index": 743 }, "geometry": { "type": "Polygon", "coordinates": [ [ [ -87.721516, 41.866222 ], [ -87.720123, 41.86624 ], [ -87.715421, 41.86629 ], [ -87.715305, 41.862398 ], [ -87.715206, 41.858974 ], [ -87.717662, 41.858946 ], [ -87.718882, 41.858931 ], [ -87.720066, 41.858921 ], [ -87.722489, 41.858894 ], [ -87.724955, 41.858868 ], [ -87.725061, 41.862524 ], [ -87.72517, 41.866172 ], [ -87.721516, 41.866222 ] ] ] } },
{ "type": "Feature", "properties": { "GEOID": "17031838800", "population": 3225, "perCapitaIncome": 16148, "natureObs2023": 1180, "communityArea": 51, "index": 744 }, "geometry": { "type": "Polygon", "coordinates": [ [ [ -87.601601, 41.686138 ], [ -87.59829, 41.692368 ], [ -87.59485, 41.698762 ], [ -87.591928, 41.703134 ], [ -87.587072, 41.706574 ], [ -87.5873, 41.70775 ], [ -87.586051, 41.707765 ], [ -87.573663, 41.707966 ], [ -87.566927, 41.708066 ], [ -87.564511, 41.708103 ], [ -87.559662, 41.708168 ], [ -87.559603, 41.702777 ], [ -87.558206, 41.702772 ], [ -87.545867, 41.702767 ], [ -87.543823, 41.702763 ], [ -87.545197, 41.700885 ], [ -87.545161, 41.695463 ], [ -87.545129, 41.682733 ], [ -87.545128, 41.673826 ], [ -87.546435, 41.668017 ], [ -87.546288, 41.661117 ], [ -87.544594, 41.659115 ], [ -87.549542, 41.661933 ], [ -87.552449, 41.663895 ], [ -87.556408, 41.670347 ], [ -87.557719, 41.669356 ], [ -87.559257, 41.66897 ], [ -87.558896, 41.661172 ], [ -87.559286, 41.659189 ], [ -87.581387, 41.659212 ], [ -87.58715, 41.660377 ], [ -87.589278, 41.660388 ], [ -87.600195, 41.673091 ], [ -87.601544, 41.675667 ], [ -87.601733, 41.676896 ], [ -87.6019, 41.685062 ], [ -87.601601, 41.686138 ] ] ] } },
{ "type": "Feature", "properties": { "GEOID": "17031839000", "population": 10190, "perCapitaIncome": 83826, "natureObs2023": 34, "communityArea": 32, "index": 745 }, "geometry": { "type": "Polygon", "coordinates": [ [ [ -87.635085, 41.87446 ], [ -87.629669, 41.874534 ], [ -87.627545, 41.874552 ], [ -87.627541, 41.874373 ], [ -87.627469, 41.872304 ], [ -87.627399, 41.869237 ], [ -87.627338, 41.867477 ], [ -87.63479, 41.867364 ], [ -87.635489, 41.87202 ], [ -87.636035, 41.874448 ], [ -87.635085, 41.87446 ] ] ] } },
{ "type": "Feature", "properties": { "GEOID": "17031839100", "population": 8227, "perCapitaIncome": 116544, "natureObs2023": 185, "communityArea": 32, "index": 746 }, "geometry": { "type": "Polygon", "coordinates": [ [ [ -87.638161, 41.88319 ], [ -87.637864, 41.884874 ], [ -87.637778, 41.885722 ], [ -87.637685, 41.886456 ], [ -87.635813, 41.887378 ], [ -87.633971, 41.887513 ], [ -87.629537, 41.887508 ], [ -87.628004, 41.887506 ], [ -87.62794, 41.885749 ], [ -87.627911, 41.884491 ], [ -87.627806, 41.882042 ], [ -87.627724, 41.880094 ], [ -87.627652, 41.87693 ], [ -87.627545, 41.874552 ], [ -87.629669, 41.874534 ], [ -87.635085, 41.87446 ], [ -87.636035, 41.874448 ], [ -87.636171, 41.874903 ], [ -87.637377, 41.876799 ], [ -87.638085, 41.879335 ], [ -87.638253, 41.880604 ], [ -87.638248, 41.881898 ], [ -87.638161, 41.88319 ] ] ] } },
{ "type": "Feature", "properties": { "GEOID": "17031839200", "population": 2375, "perCapitaIncome": 42365, "natureObs2023": 9, "communityArea": 35, "index": 747 }, "geometry": { "type": "Polygon", "coordinates": [ [ [ -87.626265, 41.845598 ], [ -87.623392, 41.845642 ], [ -87.622138, 41.84566 ], [ -87.618864, 41.84571 ], [ -87.617671, 41.845723 ], [ -87.617299, 41.845668 ], [ -87.617179, 41.841184 ], [ -87.617123, 41.838423 ], [ -87.617467, 41.838419 ], [ -87.618269, 41.838409 ], [ -87.621925, 41.838365 ], [ -87.623313, 41.838346 ], [ -87.623443, 41.838345 ], [ -87.626583, 41.838303 ], [ -87.626773, 41.838301 ], [ -87.626961, 41.845585 ], [ -87.626265, 41.845598 ] ] ] } },
{ "type": "Feature", "properties": { "GEOID": "17031839500", "population": 1804, "perCapitaIncome": 41111, "natureObs2023": 0, "communityArea": 35, "index": 748 }, "geometry": { "type": "Polygon", "coordinates": [ [ [ -87.618229, 41.836583 ], [ -87.618269, 41.838409 ], [ -87.617467, 41.838419 ], [ -87.617123, 41.838423 ], [ -87.617019, 41.833616 ], [ -87.616967, 41.8311 ], [ -87.617312, 41.831131 ], [ -87.618406, 41.831091 ], [ -87.621764, 41.831059 ], [ -87.621879, 41.836497 ], [ -87.618229, 41.836583 ] ] ] } },
{ "type": "Feature", "properties": { "GEOID": "17031839600", "population": 1965, "perCapitaIncome": 47506, "natureObs2023": 0, "communityArea": 35, "index": 749 }, "geometry": { "type": "Polygon", "coordinates": [ [ [ -87.618406, 41.831091 ], [ -87.617312, 41.831131 ], [ -87.616967, 41.8311 ], [ -87.616873, 41.83039 ], [ -87.616732, 41.823838 ], [ -87.617259, 41.82383 ], [ -87.618214, 41.823817 ], [ -87.621602, 41.823775 ], [ -87.621764, 41.831059 ], [ -87.618406, 41.831091 ] ] ] } },
{ "type": "Feature", "properties": { "GEOID": "17031839700", "population": 4753, "perCapitaIncome": 56788, "natureObs2023": 24, "communityArea": 60, "index": 750 }, "geometry": { "type": "Polygon", "coordinates": [ [ [ -87.66085, 41.837848 ], [ -87.660343, 41.835698 ], [ -87.655946, 41.835188 ], [ -87.653514, 41.835226 ], [ -87.651074, 41.835271 ], [ -87.651063, 41.834766 ], [ -87.648628, 41.834797 ], [ -87.646202, 41.83483 ], [ -87.646194, 41.834399 ], [ -87.643757, 41.834432 ], [ -87.643673, 41.830781 ], [ -87.646106, 41.83075 ], [ -87.648541, 41.830719 ], [ -87.653392, 41.830653 ], [ -87.657326, 41.830601 ], [ -87.657371, 41.83123 ], [ -87.661711, 41.835377 ], [ -87.661801, 41.83784 ], [ -87.66085, 41.837848 ] ] ] } },
{ "type": "Feature", "properties": { "GEOID": "17031839800", "population": 2662, "perCapitaIncome": 42545, "natureObs2023": 1, "communityArea": 60, "index": 751 }, "geometry": { "type": "Polygon", "coordinates": [ [ [ -87.643848, 41.838076 ], [ -87.641416, 41.838107 ], [ -87.641368, 41.836285 ], [ -87.640098, 41.83448 ], [ -87.641325, 41.834464 ], [ -87.641235, 41.830815 ], [ -87.643673, 41.830781 ], [ -87.643757, 41.834432 ], [ -87.646194, 41.834399 ], [ -87.646202, 41.83483 ], [ -87.646278, 41.838046 ], [ -87.643848, 41.838076 ] ] ] } },
{ "type": "Feature", "properties": { "GEOID": "17031839900", "population": 4558, "perCapitaIncome": 64813, "natureObs2023": 7, "communityArea": 60, "index": 752 }, "geometry": { "type": "Polygon", "coordinates": [ [ [ -87.653392, 41.830653 ], [ -87.648541, 41.830719 ], [ -87.646106, 41.83075 ], [ -87.643673, 41.830781 ], [ -87.641235, 41.830815 ], [ -87.640016, 41.830831 ], [ -87.63997, 41.829008 ], [ -87.639925, 41.827183 ], [ -87.639882, 41.825361 ], [ -87.639841, 41.823539 ], [ -87.641063, 41.823523 ], [ -87.645928, 41.823459 ], [ -87.65598, 41.823316 ], [ -87.657439, 41.824885 ], [ -87.657326, 41.830601 ], [ -87.653392, 41.830653 ] ] ] } },
{ "type": "Feature", "properties": { "GEOID": "17031840000", "population": 2651, "perCapitaIncome": 48158, "natureObs2023": 3, "communityArea": 60, "index": 753 }, "geometry": { "type": "Polygon", "coordinates": [ [ [ -87.636376, 41.838173 ], [ -87.636144, 41.838175 ], [ -87.63589, 41.834535 ], [ -87.636139, 41.834532 ], [ -87.636251, 41.830881 ], [ -87.636354, 41.823583 ], [ -87.639841, 41.823539 ], [ -87.639882, 41.825361 ], [ -87.639925, 41.827183 ], [ -87.63997, 41.829008 ], [ -87.640016, 41.830831 ], [ -87.641235, 41.830815 ], [ -87.641325, 41.834464 ], [ -87.640098, 41.83448 ], [ -87.641368, 41.836285 ], [ -87.641416, 41.838107 ], [ -87.636376, 41.838173 ] ] ] } },
{ "type": "Feature", "properties": { "GEOID": "17031840100", "population": 2880, "perCapitaIncome": 36708, "natureObs2023": 3, "communityArea": 60, "index": 754 }, "geometry": { "type": "Polygon", "coordinates": [ [ [ -87.639728, 41.846299 ], [ -87.63835, 41.84593 ], [ -87.638291, 41.843617 ], [ -87.636512, 41.843643 ], [ -87.636376, 41.838173 ], [ -87.641416, 41.838107 ], [ -87.641458, 41.83993 ], [ -87.641497, 41.84175 ], [ -87.64158, 41.845393 ], [ -87.6416, 41.846301 ], [ -87.639728, 41.846299 ] ] ] } },
{ "type": "Feature", "properties": { "GEOID": "17031840200", "population": 2198, "perCapitaIncome": 30203, "natureObs2023": 123, "communityArea": 60, "index": 755 }, "geometry": { "type": "Polygon", "coordinates": [ [ [ -87.649678, 41.848279 ], [ -87.64442, 41.849411 ], [ -87.644161, 41.849437 ], [ -87.643958, 41.849471 ], [ -87.641546, 41.847238 ], [ -87.6416, 41.846301 ], [ -87.64158, 41.845393 ], [ -87.644023, 41.845359 ], [ -87.646449, 41.845327 ], [ -87.646431, 41.844513 ], [ -87.646369, 41.841657 ], [ -87.646278, 41.838046 ], [ -87.648705, 41.838013 ], [ -87.649408, 41.838005 ], [ -87.652372, 41.841447 ], [ -87.656693, 41.846508 ], [ -87.658043, 41.847724 ], [ -87.657074, 41.848187 ], [ -87.649678, 41.848279 ] ] ] } },
{ "type": "Feature", "properties": { "GEOID": "17031840300", "population": 3646, "perCapitaIncome": 35111, "natureObs2023": 1, "communityArea": 59, "index": 756 }, "geometry": { "type": "Polygon", "coordinates": [ [ [ -87.684574, 41.83555 ], [ -87.680004, 41.836931 ], [ -87.677949, 41.837119 ], [ -87.675441, 41.837163 ], [ -87.675441, 41.837048 ], [ -87.675314, 41.831819 ], [ -87.67528, 41.83039 ], [ -87.677721, 41.830364 ], [ -87.684459, 41.830289 ], [ -87.68424, 41.823 ], [ -87.68608, 41.822956 ], [ -87.686191, 41.825178 ], [ -87.686945, 41.826633 ], [ -87.687286, 41.827671 ], [ -87.687449, 41.834632 ], [ -87.684574, 41.83555 ] ] ] } },
{ "type": "Feature", "properties": { "GEOID": "17031840400", "population": 3434, "perCapitaIncome": 37337, "natureObs2023": 4, "communityArea": 59, "index": 757 }, "geometry": { "type": "Polygon", "coordinates": [ [ [ -87.667903, 41.837533 ], [ -87.664251, 41.839206 ], [ -87.663061, 41.83692 ], [ -87.661711, 41.835377 ], [ -87.657371, 41.83123 ], [ -87.657326, 41.830601 ], [ -87.665568, 41.830501 ], [ -87.666736, 41.830488 ], [ -87.667953, 41.830474 ], [ -87.670399, 41.830447 ], [ -87.67528, 41.83039 ], [ -87.675314, 41.831819 ], [ -87.675441, 41.837048 ], [ -87.675441, 41.837163 ], [ -87.667903, 41.837533 ] ] ] } },
{ "type": "Feature", "properties": { "GEOID": "17031840700", "population": 3930, "perCapitaIncome": 34110, "natureObs2023": 3, "communityArea": 30, "index": 758 }, "geometry": { "type": "Polygon", "coordinates": [ [ [ -87.695569, 41.855552 ], [ -87.695558, 41.85524 ], [ -87.693129, 41.855782 ], [ -87.688171, 41.856915 ], [ -87.687952, 41.852009 ], [ -87.695446, 41.851902 ], [ -87.695398, 41.85008 ], [ -87.695333, 41.847883 ], [ -87.698697, 41.847864 ], [ -87.69898, 41.848157 ], [ -87.699089, 41.851853 ], [ -87.699176, 41.854456 ], [ -87.699213, 41.855505 ], [ -87.695569, 41.855552 ] ] ] } },
{ "type": "Feature", "properties": { "GEOID": "17031840800", "population": 3258, "perCapitaIncome": 21953, "natureObs2023": 0, "communityArea": 30, "index": 759 }, "geometry": { "type": "Polygon", "coordinates": [ [ [ -87.70504, 41.844518 ], [ -87.70493, 41.840877 ], [ -87.704823, 41.837233 ], [ -87.709714, 41.837145 ], [ -87.709811, 41.840798 ], [ -87.70991, 41.84445 ], [ -87.70504, 41.844518 ] ] ] } },
{ "type": "Feature", "properties": { "GEOID": "17031841000", "population": 1148, "perCapitaIncome": 75200, "natureObs2023": 49, "communityArea": 33, "index": 760 }, "geometry": { "type": "Polygon", "coordinates": [ [ [ -87.629352, 41.852952 ], [ -87.62709, 41.852943 ], [ -87.626363, 41.852915 ], [ -87.622279, 41.852962 ], [ -87.619041, 41.853002 ], [ -87.617737, 41.853022 ], [ -87.617577, 41.853011 ], [ -87.617912, 41.85124 ], [ -87.618104, 41.851058 ], [ -87.618942, 41.850855 ], [ -87.61901, 41.850213 ], [ -87.617743, 41.848176 ], [ -87.614896, 41.848305 ], [ -87.610181, 41.849869 ], [ -87.609452, 41.845246 ], [ -87.616238, 41.8452 ], [ -87.617299, 41.845668 ], [ -87.617671, 41.845723 ], [ -87.618864, 41.84571 ], [ -87.622138, 41.84566 ], [ -87.623392, 41.845642 ], [ -87.626265, 41.845598 ], [ -87.626961, 41.845585 ], [ -87.629168, 41.845557 ], [ -87.629373, 41.847063 ], [ -87.629223, 41.847827 ], [ -87.629352, 41.852952 ] ] ] } },
{ "type": "Feature", "properties": { "GEOID": "17031841100", "population": 6990, "perCapitaIncome": 29216, "natureObs2023": 75, "communityArea": 34, "index": 761 }, "geometry": { "type": "Polygon", "coordinates": [ [ [ -87.640461, 41.852715 ], [ -87.639164, 41.854367 ], [ -87.63562, 41.856668 ], [ -87.635131, 41.857759 ], [ -87.630226, 41.857779 ], [ -87.630158, 41.855122 ], [ -87.630068, 41.852941 ], [ -87.629352, 41.852952 ], [ -87.629223, 41.847827 ], [ -87.629373, 41.847063 ], [ -87.629168, 41.845557 ], [ -87.629949, 41.845544 ], [ -87.634283, 41.845502 ], [ -87.634631, 41.846396 ], [ -87.63835, 41.84593 ], [ -87.639728, 41.846299 ], [ -87.6416, 41.846301 ], [ -87.641546, 41.847238 ], [ -87.643958, 41.849471 ], [ -87.642508, 41.850021 ], [ -87.640461, 41.852715 ] ] ] } },
{ "type": "Feature", "properties": { "GEOID": "17031841200", "population": 4414, "perCapitaIncome": 42849, "natureObs2023": 7, "communityArea": 31, "index": 762 }, "geometry": { "type": "Polygon", "coordinates": [ [ [ -87.685834, 41.859366 ], [ -87.68217, 41.858763 ], [ -87.678491, 41.858942 ], [ -87.678455, 41.858484 ], [ -87.678417, 41.856722 ], [ -87.678357, 41.854534 ], [ -87.678318, 41.85306 ], [ -87.678293, 41.852137 ], [ -87.683188, 41.852062 ], [ -87.687952, 41.852009 ], [ -87.688171, 41.856915 ], [ -87.688217, 41.859337 ], [ -87.685834, 41.859366 ] ] ] } },
{ "type": "Feature", "properties": { "GEOID": "17031841300", "population": 4317, "perCapitaIncome": 45017, "natureObs2023": 4, "communityArea": 31, "index": 763 }, "geometry": { "type": "Polygon", "coordinates": [ [ [ -87.683188, 41.852062 ], [ -87.678293, 41.852137 ], [ -87.678221, 41.849425 ], [ -87.678145, 41.846715 ], [ -87.677933, 41.842149 ], [ -87.677949, 41.837119 ], [ -87.680004, 41.836931 ], [ -87.684574, 41.83555 ], [ -87.687449, 41.834632 ], [ -87.687617, 41.838189 ], [ -87.687618, 41.83837 ], [ -87.687442, 41.84364 ], [ -87.687615, 41.844794 ], [ -87.687952, 41.852009 ], [ -87.683188, 41.852062 ] ] ] } },
{ "type": "Feature", "properties": { "GEOID": "17031841500", "population": 1909, "perCapitaIncome": 15484, "natureObs2023": 0, "communityArea": 29, "index": 764 }, "geometry": { "type": "Polygon", "coordinates": [ [ [ -87.705669, 41.866405 ], [ -87.705557, 41.86251 ], [ -87.705456, 41.859084 ], [ -87.702939, 41.858841 ], [ -87.70543, 41.857978 ], [ -87.710256, 41.856271 ], [ -87.710333, 41.859025 ], [ -87.710433, 41.862454 ], [ -87.710543, 41.866349 ], [ -87.705669, 41.866405 ] ] ] } },
{ "type": "Feature", "properties": { "GEOID": "17031841700", "population": 1137, "perCapitaIncome": 31022, "natureObs2023": 4, "communityArea": 30, "index": 765 }, "geometry": { "type": "Polygon", "coordinates": [ [ [ -87.710178, 41.853549 ], [ -87.705307, 41.853587 ], [ -87.704216, 41.853603 ], [ -87.702892, 41.854183 ], [ -87.702929, 41.855451 ], [ -87.699213, 41.855505 ], [ -87.699176, 41.854456 ], [ -87.699089, 41.851853 ], [ -87.700364, 41.851838 ], [ -87.701581, 41.851818 ], [ -87.702813, 41.851799 ], [ -87.705255, 41.851765 ], [ -87.710128, 41.851706 ], [ -87.711143, 41.851991 ], [ -87.711101, 41.853542 ], [ -87.710178, 41.853549 ] ] ] } },
{ "type": "Feature", "properties": { "GEOID": "17031841800", "population": 2330, "perCapitaIncome": 28649, "natureObs2023": 24, "communityArea": 69, "index": 766 }, "geometry": { "type": "Polygon", "coordinates": [ [ [ -87.600902, 41.773188 ], [ -87.596041, 41.773236 ], [ -87.592914, 41.773268 ], [ -87.592221, 41.773275 ], [ -87.592845, 41.770565 ], [ -87.592445, 41.766011 ], [ -87.593826, 41.766004 ], [ -87.593374, 41.764177 ], [ -87.593324, 41.762354 ], [ -87.59472, 41.762345 ], [ -87.59513, 41.760556 ], [ -87.595523, 41.758696 ], [ -87.595614, 41.758696 ], [ -87.598223, 41.758652 ], [ -87.601726, 41.758622 ], [ -87.605391, 41.75858 ], [ -87.605489, 41.76223 ], [ -87.605527, 41.763978 ], [ -87.605586, 41.765881 ], [ -87.605662, 41.768501 ], [ -87.605727, 41.771322 ], [ -87.605769, 41.773141 ], [ -87.600902, 41.773188 ] ] ] } },
{ "type": "Feature", "properties": { "GEOID": "17031841900", "population": 5983, "perCapitaIncome": 53169, "natureObs2023": 247, "communityArea": 28, "index": 767 }, "geometry": { "type": "Polygon", "coordinates": [ [ [ -87.649538, 41.876637 ], [ -87.647202, 41.876672 ], [ -87.637377, 41.876799 ], [ -87.636171, 41.874903 ], [ -87.636035, 41.874448 ], [ -87.635489, 41.87202 ], [ -87.63479, 41.867364 ], [ -87.634502, 41.859934 ], [ -87.634485, 41.859073 ], [ -87.635131, 41.857759 ], [ -87.638936, 41.857665 ], [ -87.639014, 41.860018 ], [ -87.64194, 41.859984 ], [ -87.644222, 41.859956 ], [ -87.644468, 41.859954 ], [ -87.646706, 41.859911 ], [ -87.650822, 41.859853 ], [ -87.650937, 41.863499 ], [ -87.651046, 41.867087 ], [ -87.651874, 41.876601 ], [ -87.649538, 41.876637 ] ] ] } },
{ "type": "Feature", "properties": { "GEOID": "17031842000", "population": 2794, "perCapitaIncome": 29708, "natureObs2023": 10, "communityArea": 35, "index": 768 }, "geometry": { "type": "Polygon", "coordinates": [ [ [ -87.626773, 41.838301 ], [ -87.626583, 41.838303 ], [ -87.623443, 41.838345 ], [ -87.623313, 41.838346 ], [ -87.621925, 41.838365 ], [ -87.618269, 41.838409 ], [ -87.618229, 41.836583 ], [ -87.621879, 41.836497 ], [ -87.621764, 41.831059 ], [ -87.622506, 41.831052 ], [ -87.626479, 41.831019 ], [ -87.626644, 41.831014 ], [ -87.628996, 41.830975 ], [ -87.629594, 41.83097 ], [ -87.629684, 41.834625 ], [ -87.629784, 41.83828 ], [ -87.626773, 41.838301 ] ] ] } },
{ "type": "Feature", "properties": { "GEOID": "17031842100", "population": 7110, "perCapitaIncome": 25522, "natureObs2023": 0, "communityArea": 23, "index": 769 }, "geometry": { "type": "Polygon", "coordinates": [ [ [ -87.736146, 41.902513 ], [ -87.733683, 41.902554 ], [ -87.731225, 41.902592 ], [ -87.726303, 41.902671 ], [ -87.726249, 41.900847 ], [ -87.726193, 41.89902 ], [ -87.72614, 41.897201 ], [ -87.72608, 41.895368 ], [ -87.725972, 41.891694 ], [ -87.725873, 41.887957 ], [ -87.730786, 41.887944 ], [ -87.735714, 41.887878 ], [ -87.740613, 41.887808 ], [ -87.741203, 41.895093 ], [ -87.74148, 41.898772 ], [ -87.741518, 41.902427 ], [ -87.736146, 41.902513 ] ] ] } },
{ "type": "Feature", "properties": { "GEOID": "17031842200", "population": 3602, "perCapitaIncome": 108131, "natureObs2023": 112, "communityArea": 8, "index": 770 }, "geometry": { "type": "Polygon", "coordinates": [ [ [ -87.656873, 41.910785 ], [ -87.655912, 41.910794 ], [ -87.653107, 41.91084 ], [ -87.649501, 41.9109 ], [ -87.648272, 41.91092 ], [ -87.647076, 41.910937 ], [ -87.643431, 41.911018 ], [ -87.643299, 41.906447 ], [ -87.64322, 41.903716 ], [ -87.643092, 41.900413 ], [ -87.642929, 41.896476 ], [ -87.644139, 41.896456 ], [ -87.644713, 41.897497 ], [ -87.647832, 41.898041 ], [ -87.65126, 41.899722 ], [ -87.655118, 41.900646 ], [ -87.657364, 41.903502 ], [ -87.658011, 41.904147 ], [ -87.657923, 41.907196 ], [ -87.656873, 41.910785 ] ] ] } },
{ "type": "Feature", "properties": { "GEOID": "17031842300", "population": 3672, "perCapitaIncome": 99645, "natureObs2023": 19, "communityArea": 24, "index": 771 }, "geometry": { "type": "Polygon", "coordinates": [ [ [ -87.666243, 41.91446 ], [ -87.6636, 41.91559 ], [ -87.66086, 41.915966 ], [ -87.658445, 41.914465 ], [ -87.656873, 41.910785 ], [ -87.657923, 41.907196 ], [ -87.658011, 41.904147 ], [ -87.657364, 41.903502 ], [ -87.655118, 41.900646 ], [ -87.65126, 41.899722 ], [ -87.647832, 41.898041 ], [ -87.644713, 41.897497 ], [ -87.644139, 41.896456 ], [ -87.643886, 41.894 ], [ -87.64196, 41.892538 ], [ -87.639356, 41.889081 ], [ -87.639973, 41.889048 ], [ -87.644334, 41.889034 ], [ -87.647622, 41.889049 ], [ -87.647745, 41.896399 ], [ -87.65751, 41.896228 ], [ -87.662405, 41.89615 ], [ -87.662479, 41.89888 ], [ -87.662583, 41.901526 ], [ -87.662628, 41.903409 ], [ -87.662625, 41.903857 ], [ -87.662727, 41.907056 ], [ -87.665192, 41.910665 ], [ -87.667692, 41.91063 ], [ -87.667802, 41.914329 ], [ -87.666243, 41.91446 ] ] ] } },
{ "type": "Feature", "properties": { "GEOID": "17031842400", "population": 3207, "perCapitaIncome": 43971, "natureObs2023": 0, "communityArea": 44, "index": 772 }, "geometry": { "type": "Polygon", "coordinates": [ [ [ -87.634229, 41.750783 ], [ -87.625395, 41.750936 ], [ -87.624546, 41.75096 ], [ -87.624332, 41.743655 ], [ -87.624284, 41.74183 ], [ -87.624165, 41.736299 ], [ -87.623938, 41.729042 ], [ -87.625624, 41.729019 ], [ -87.62895, 41.732577 ], [ -87.632721, 41.735972 ], [ -87.634055, 41.735944 ], [ -87.633757, 41.737406 ], [ -87.634108, 41.743498 ], [ -87.635999, 41.744079 ], [ -87.639028, 41.743455 ], [ -87.639316, 41.750711 ], [ -87.634229, 41.750783 ] ] ] } },
{ "type": "Feature", "properties": { "GEOID": "17031842500", "population": 2449, "perCapitaIncome": 16516, "natureObs2023": 0, "communityArea": 69, "index": 773 }, "geometry": { "type": "Polygon", "coordinates": [ [ [ -87.628543, 41.780005 ], [ -87.62897, 41.783147 ], [ -87.628195, 41.783161 ], [ -87.625404, 41.78321 ], [ -87.625375, 41.780058 ], [ -87.620834, 41.780058 ], [ -87.620412, 41.780108 ], [ -87.615622, 41.780239 ], [ -87.61545, 41.77297 ], [ -87.617943, 41.772925 ], [ -87.620292, 41.772881 ], [ -87.621078, 41.772896 ], [ -87.625223, 41.772774 ], [ -87.629985, 41.772709 ], [ -87.629971, 41.772848 ], [ -87.63007, 41.776596 ], [ -87.630053, 41.776935 ], [ -87.63015, 41.779987 ], [ -87.628543, 41.780005 ] ] ] } },
{ "type": "Feature", "properties": { "GEOID": "17031842600", "population": 4540, "perCapitaIncome": 39881, "natureObs2023": 4, "communityArea": 61, "index": 774 }, "geometry": { "type": "Polygon", "coordinates": [ [ [ -87.65598, 41.823316 ], [ -87.645928, 41.823459 ], [ -87.641063, 41.823523 ], [ -87.639841, 41.823539 ], [ -87.636354, 41.823583 ], [ -87.636151, 41.821833 ], [ -87.636036, 41.818152 ], [ -87.635205, 41.816358 ], [ -87.635996, 41.81635 ], [ -87.64125, 41.816258 ], [ -87.640722, 41.810782 ], [ -87.640679, 41.808952 ], [ -87.645538, 41.808864 ], [ -87.650397, 41.808795 ], [ -87.650343, 41.806972 ], [ -87.655198, 41.806912 ], [ -87.65524, 41.808734 ], [ -87.657672, 41.808699 ], [ -87.660106, 41.808669 ], [ -87.662534, 41.808637 ], [ -87.664973, 41.808604 ], [ -87.665064, 41.812222 ], [ -87.665109, 41.81406 ], [ -87.665148, 41.815871 ], [ -87.665462, 41.82315 ], [ -87.65598, 41.823316 ] ] ] } },
{ "type": "Feature", "properties": { "GEOID": "17031842800", "population": 6069, "perCapitaIncome": 30923, "natureObs2023": 0, "communityArea": 58, "index": 775 }, "geometry": { "type": "Polygon", "coordinates": [ [ [ -87.703975, 41.808115 ], [ -87.704046, 41.809939 ], [ -87.704118, 41.811759 ], [ -87.701651, 41.811797 ], [ -87.700433, 41.811816 ], [ -87.69799, 41.811855 ], [ -87.694315, 41.811913 ], [ -87.691871, 41.811951 ], [ -87.689427, 41.811992 ], [ -87.689324, 41.80836 ], [ -87.685103, 41.808428 ], [ -87.684425, 41.808426 ], [ -87.68437, 41.804632 ], [ -87.703865, 41.804309 ], [ -87.711222, 41.804329 ], [ -87.713635, 41.804189 ], [ -87.713762, 41.805851 ], [ -87.713872, 41.807992 ], [ -87.703975, 41.808115 ] ] ] } },
{ "type": "Feature", "properties": { "GEOID": "17031842900", "population": 3216, "perCapitaIncome": 33908, "natureObs2023": 13, "communityArea": 28, "index": 776 }, "geometry": { "type": "Polygon", "coordinates": [ [ [ -87.686038, 41.866613 ], [ -87.68359, 41.866647 ], [ -87.666414, 41.866855 ], [ -87.661571, 41.866916 ], [ -87.656681, 41.866997 ], [ -87.656574, 41.863238 ], [ -87.656479, 41.859765 ], [ -87.663808, 41.859647 ], [ -87.666198, 41.859607 ], [ -87.671143, 41.859542 ], [ -87.673599, 41.859517 ], [ -87.676042, 41.859286 ], [ -87.678491, 41.858942 ], [ -87.68217, 41.858763 ], [ -87.685834, 41.859366 ], [ -87.688217, 41.859337 ], [ -87.688185, 41.862686 ], [ -87.690445, 41.866568 ], [ -87.686038, 41.866613 ] ] ] } },
{ "type": "Feature", "properties": { "GEOID": "17031843000", "population": 2399, "perCapitaIncome": 22061, "natureObs2023": 1, "communityArea": 29, "index": 777 }, "geometry": { "type": "Polygon", "coordinates": [ [ [ -87.732673, 41.870977 ], [ -87.732578, 41.868999 ], [ -87.725287, 41.869089 ], [ -87.725272, 41.868555 ], [ -87.720198, 41.868623 ], [ -87.720239, 41.869869 ], [ -87.717969, 41.869941 ], [ -87.715535, 41.869943 ], [ -87.71066, 41.870004 ], [ -87.70579, 41.870053 ], [ -87.705756, 41.869133 ], [ -87.705669, 41.866405 ], [ -87.710543, 41.866349 ], [ -87.712982, 41.86632 ], [ -87.715421, 41.86629 ], [ -87.720123, 41.86624 ], [ -87.721516, 41.866222 ], [ -87.72517, 41.866172 ], [ -87.730064, 41.866102 ], [ -87.739932, 41.86596 ], [ -87.739957, 41.868333 ], [ -87.739984, 41.868939 ], [ -87.732673, 41.870977 ] ] ] } },
{ "type": "Feature", "properties": { "GEOID": "17031843100", "population": 1564, "perCapitaIncome": 39082, "natureObs2023": 17, "communityArea": 29, "index": 778 }, "geometry": { "type": "Polygon", "coordinates": [ [ [ -87.700788, 41.866456 ], [ -87.695907, 41.866511 ], [ -87.695692, 41.859221 ], [ -87.695569, 41.855552 ], [ -87.699213, 41.855505 ], [ -87.702929, 41.855451 ], [ -87.702892, 41.854183 ], [ -87.704216, 41.853603 ], [ -87.705307, 41.853587 ], [ -87.70543, 41.857978 ], [ -87.702939, 41.858841 ], [ -87.705456, 41.859084 ], [ -87.705557, 41.86251 ], [ -87.705669, 41.866405 ], [ -87.700788, 41.866456 ] ] ] } },
{ "type": "Feature", "properties": { "GEOID": "17031843200", "population": 2348, "perCapitaIncome": 47051, "natureObs2023": 190, "communityArea": 31, "index": 779 }, "geometry": { "type": "Polygon", "coordinates": [ [ [ -87.67584, 41.852176 ], [ -87.670938, 41.852248 ], [ -87.666024, 41.852331 ], [ -87.663614, 41.85238 ], [ -87.656276, 41.852483 ], [ -87.653051, 41.852545 ], [ -87.651411, 41.852575 ], [ -87.646495, 41.852647 ], [ -87.645415, 41.852662 ], [ -87.645187, 41.852664 ], [ -87.644465, 41.852669 ], [ -87.641706, 41.852764 ], [ -87.64194, 41.859984 ], [ -87.639014, 41.860018 ], [ -87.638936, 41.857665 ], [ -87.635131, 41.857759 ], [ -87.63562, 41.856668 ], [ -87.639164, 41.854367 ], [ -87.640461, 41.852715 ], [ -87.642508, 41.850021 ], [ -87.643958, 41.849471 ], [ -87.644161, 41.849437 ], [ -87.64442, 41.849411 ], [ -87.649678, 41.848279 ], [ -87.657074, 41.848187 ], [ -87.658043, 41.847724 ], [ -87.658843, 41.84729 ], [ -87.660811, 41.845927 ], [ -87.663149, 41.844685 ], [ -87.664983, 41.841461 ], [ -87.664251, 41.839206 ], [ -87.667903, 41.837533 ], [ -87.675441, 41.837163 ], [ -87.677949, 41.837119 ], [ -87.677933, 41.842149 ], [ -87.678145, 41.846715 ], [ -87.678221, 41.849425 ], [ -87.678293, 41.852137 ], [ -87.67584, 41.852176 ] ] ] } },
{ "type": "Feature", "properties": { "GEOID": "17031843300", "population": 1572, "perCapitaIncome": 24136, "natureObs2023": 1, "communityArea": 29, "index": 780 }, "geometry": { "type": "Polygon", "coordinates": [ [ [ -87.691193, 41.869295 ], [ -87.691081, 41.867839 ], [ -87.690445, 41.866568 ], [ -87.688185, 41.862686 ], [ -87.688217, 41.859337 ], [ -87.695692, 41.859221 ], [ -87.695907, 41.866511 ], [ -87.695979, 41.869233 ], [ -87.691193, 41.869295 ] ] ] } },
{ "type": "Feature", "properties": { "GEOID": "17031843400", "population": 1209, "perCapitaIncome": 18049, "natureObs2023": 0, "communityArea": 29, "index": 781 }, "geometry": { "type": "Polygon", "coordinates": [ [ [ -87.729617, 41.851589 ], [ -87.724761, 41.851651 ], [ -87.723544, 41.851484 ], [ -87.72228, 41.851545 ], [ -87.722152, 41.849447 ], [ -87.722261, 41.849309 ], [ -87.724685, 41.848774 ], [ -87.731115, 41.847314 ], [ -87.734357, 41.846567 ], [ -87.739198, 41.845473 ], [ -87.739221, 41.845979 ], [ -87.739423, 41.851351 ], [ -87.729617, 41.851589 ] ] ] } },
{ "type": "Feature", "properties": { "GEOID": "17031843500", "population": 9398, "perCapitaIncome": 4297, "natureObs2023": 2, "communityArea": 30, "index": 782 }, "geometry": { "type": "Polygon", "coordinates": [ [ [ -87.702584, 41.844552 ], [ -87.700148, 41.844613 ], [ -87.700137, 41.844252 ], [ -87.694661, 41.844701 ], [ -87.690339, 41.844756 ], [ -87.687615, 41.844794 ], [ -87.687442, 41.84364 ], [ -87.687618, 41.83837 ], [ -87.687617, 41.838189 ], [ -87.687449, 41.834632 ], [ -87.694967, 41.832279 ], [ -87.704646, 41.829233 ], [ -87.704823, 41.837233 ], [ -87.70493, 41.840877 ], [ -87.70504, 41.844518 ], [ -87.702584, 41.844552 ] ] ] } },
{ "type": "Feature", "properties": { "GEOID": "17031843600", "population": 2966, "perCapitaIncome": 43421, "natureObs2023": 2, "communityArea": 38, "index": 783 }, "geometry": { "type": "Polygon", "coordinates": [ [ [ -87.606605, 41.811354 ], [ -87.606565, 41.809533 ], [ -87.606407, 41.802251 ], [ -87.611286, 41.802169 ], [ -87.611328, 41.804002 ], [ -87.611371, 41.805822 ], [ -87.611499, 41.81128 ], [ -87.606605, 41.811354 ] ] ] } },
{ "type": "Feature", "properties": { "GEOID": "17031843700", "population": 2453, "perCapitaIncome": 90330, "natureObs2023": 115, "communityArea": 5, "index": 784 }, "geometry": { "type": "Polygon", "coordinates": [ [ [ -87.694446, 41.953994 ], [ -87.692068, 41.954007 ], [ -87.690877, 41.954013 ], [ -87.688467, 41.954032 ], [ -87.688361, 41.950379 ], [ -87.688258, 41.946731 ], [ -87.688153, 41.943098 ], [ -87.688243, 41.94274 ], [ -87.688173, 41.939461 ], [ -87.688052, 41.93946 ], [ -87.683201, 41.939513 ], [ -87.683109, 41.935872 ], [ -87.685521, 41.934932 ], [ -87.68563, 41.933871 ], [ -87.687404, 41.935777 ], [ -87.687986, 41.936062 ], [ -87.689974, 41.936659 ], [ -87.692462, 41.939427 ], [ -87.695199, 41.942369 ], [ -87.696208, 41.946696 ], [ -87.696759, 41.950456 ], [ -87.694446, 41.953994 ] ] ] } },
{ "type": "Feature", "properties": { "GEOID": "17031843800", "population": 1479, "perCapitaIncome": 28755, "natureObs2023": 2, "communityArea": 61, "index": 785 }, "geometry": { "type": "Polygon", "coordinates": [ [ [ -87.640679, 41.808952 ], [ -87.635839, 41.809046 ], [ -87.635622, 41.801767 ], [ -87.635362, 41.794478 ], [ -87.640329, 41.794387 ], [ -87.64516, 41.794302 ], [ -87.645345, 41.801584 ], [ -87.645416, 41.804313 ], [ -87.645538, 41.808864 ], [ -87.640679, 41.808952 ] ] ] } },
{ "type": "Feature", "properties": { "GEOID": "17031843900", "population": 3700, "perCapitaIncome": 37062, "natureObs2023": 312, "communityArea": 42, "index": 786 }, "geometry": { "type": "Polygon", "coordinates": [ [ [ -87.592115, 41.775097 ], [ -87.5917, 41.776918 ], [ -87.59145, 41.77802 ], [ -87.591528, 41.780566 ], [ -87.588973, 41.780581 ], [ -87.586458, 41.780619 ], [ -87.579498, 41.779757 ], [ -87.575235, 41.780714 ], [ -87.575817, 41.781389 ], [ -87.572407, 41.780744 ], [ -87.572507, 41.780436 ], [ -87.572791, 41.779557 ], [ -87.57286, 41.779343 ], [ -87.566688, 41.774084 ], [ -87.566138, 41.773594 ], [ -87.566811, 41.773559 ], [ -87.566548, 41.769906 ], [ -87.568243, 41.769887 ], [ -87.571509, 41.769854 ], [ -87.57156, 41.771679 ], [ -87.571617, 41.773502 ], [ -87.576487, 41.773456 ], [ -87.58018, 41.773405 ], [ -87.581414, 41.77339 ], [ -87.583861, 41.773361 ], [ -87.586296, 41.773339 ], [ -87.591169, 41.773285 ], [ -87.592221, 41.773275 ], [ -87.592914, 41.773268 ], [ -87.59295, 41.775079 ], [ -87.592115, 41.775097 ] ] ] } },
{ "type": "Feature", "properties": { "GEOID": "17031844600", "population": 2275, "perCapitaIncome": 28451, "natureObs2023": 23, "communityArea": 38, "index": 787 }, "geometry": { "type": "Polygon", "coordinates": [ [ [ -87.626271, 41.81649 ], [ -87.621407, 41.816564 ], [ -87.62126, 41.811125 ], [ -87.62613, 41.811054 ], [ -87.626085, 41.809236 ], [ -87.628916, 41.809185 ], [ -87.629126, 41.816451 ], [ -87.626271, 41.81649 ] ] ] } },
{ "type": "Feature", "properties": { "GEOID": "17031844700", "population": 1753, "perCapitaIncome": 28447, "natureObs2023": 1, "communityArea": 29, "index": 788 }, "geometry": { "type": "Polygon", "coordinates": [ [ [ -87.718723, 41.853286 ], [ -87.713813, 41.85501 ], [ -87.710256, 41.856271 ], [ -87.70543, 41.857978 ], [ -87.705307, 41.853587 ], [ -87.710178, 41.853549 ], [ -87.711101, 41.853542 ], [ -87.711143, 41.851991 ], [ -87.712422, 41.851707 ], [ -87.713627, 41.851679 ], [ -87.713778, 41.851677 ], [ -87.714999, 41.851663 ], [ -87.719872, 41.851607 ], [ -87.719889, 41.852874 ], [ -87.718723, 41.853286 ] ] ] } },
{ "type": "Feature", "properties": { "GEOID": "17031980000", "population": 0, "perCapitaIncome": null, "natureObs2023": 19, "communityArea": 76, "index": 789 }, "geometry": { "type": "Polygon", "coordinates": [ [ [ -87.935473, 42.005912 ], [ -87.935283, 42.005871 ], [ -87.934299, 42.005696 ], [ -87.933506, 42.005583 ], [ -87.929251, 42.004996 ], [ -87.929219, 42.004991 ], [ -87.929067, 42.004964 ], [ -87.921516, 42.003853 ], [ -87.920838, 42.003945 ], [ -87.920754, 42.003968 ], [ -87.920505, 42.005077 ], [ -87.920464, 42.005629 ], [ -87.91891, 42.005401 ], [ -87.915263, 42.005102 ], [ -87.912856, 42.004739 ], [ -87.908887, 42.003822 ], [ -87.907903, 42.003618 ], [ -87.903723, 42.003724 ], [ -87.903523, 42.003677 ], [ -87.903302, 42.003649 ], [ -87.902846, 42.003523 ], [ -87.902507, 42.003402 ], [ -87.899122, 42.00177 ], [ -87.89603, 42.001837 ], [ -87.891062, 42.001855 ], [ -87.888671, 42.000268 ], [ -87.884541, 41.998959 ], [ -87.884531, 41.998223 ], [ -87.884493, 41.997971 ], [ -87.884532, 41.995132 ], [ -87.884329, 41.993205 ], [ -87.879185, 41.988105 ], [ -87.879041, 41.981044 ], [ -87.878972, 41.97715 ], [ -87.877874, 41.973039 ], [ -87.876746, 41.969302 ], [ -87.876507, 41.967384 ], [ -87.876847, 41.965388 ], [ -87.878138, 41.962979 ], [ -87.879393, 41.96156 ], [ -87.880726, 41.960479 ], [ -87.883703, 41.958134 ], [ -87.884297, 41.957526 ], [ -87.890763, 41.95803 ], [ -87.893087, 41.958086 ], [ -87.893248, 41.954707 ], [ -87.892663, 41.95213 ], [ -87.892661, 41.950712 ], [ -87.897162, 41.950637 ], [ -87.901349, 41.950999 ], [ -87.902082, 41.951036 ], [ -87.90667, 41.951546 ], [ -87.908677, 41.951963 ], [ -87.914454, 41.953536 ], [ -87.914451, 41.956808 ], [ -87.915854, 41.957449 ], [ -87.916804, 41.957701 ], [ -87.920171, 41.958165 ], [ -87.920229, 41.97184 ], [ -87.920476, 41.993886 ], [ -87.938967, 41.993515 ], [ -87.939946, 41.993481 ], [ -87.940032, 41.998131 ], [ -87.94007, 41.99973 ], [ -87.940097, 42.000792 ], [ -87.940247, 42.007172 ], [ -87.935473, 42.005912 ] ] ] } },
{ "type": "Feature", "properties": { "GEOID": "17031980100", "population": 0, "perCapitaIncome": null, "natureObs2023": 1, "communityArea": 64, "index": 790 }, "geometry": { "type": "Polygon", "coordinates": [ [ [ -87.752507, 41.792888 ], [ -87.737984, 41.793071 ], [ -87.73773, 41.787628 ], [ -87.737756, 41.785782 ], [ -87.741422, 41.785742 ], [ -87.741399, 41.784596 ], [ -87.742222, 41.78334 ], [ -87.742293, 41.778429 ], [ -87.747149, 41.778335 ], [ -87.753219, 41.778218 ], [ -87.756864, 41.778148 ], [ -87.761715, 41.778053 ], [ -87.761948, 41.783556 ], [ -87.762007, 41.785019 ], [ -87.762302, 41.792736 ], [ -87.752507, 41.792888 ] ] ] } }
]
}
