ID,name,state
BF000078073,NASSAU AIRPORT NEW,
BF1BY000001,BULLOCKS HARBOUR 10.6 NW,BH
BF1CE000008,GOVERNOR'S HARBOUR 8.9 NW,BH
BF1CO000004,CHEROKEE 5.7 NW,BH
BF1CS000002,ANDROS TOWN 2.9 SE,BH
BF1EG000001,FREE TOWN PARK 0.6 ESE,BH
BF1FP000001,FREEPORT LUCAYA 7.4 WNW,BH
BF1NP000001,NASSAU 14.4 SW,BH
BF1NP000011,NASSAU 4.1 ESE,BH
BF1NP000013,NASSAU 4.8 S,BH
BF1NP000014,PARADISE ISLAND 5.1 ENE,BH
BF1NP000016,NASSAU 5.2 SW,BH
BF1NP000021,LYFORD CAY 0.7 WSW,BH
BF1NP000026,NASSAU 16.1 W,BH
BF1NP000027,NASSAU 4.3 SE,BH
BF1NP000028,NASSAU 4.2 SSW,BH
BF1NP000029,NASSAU 7.0 WSW,BH
BF1NP000030,NASSAU 8.6 W,BH
BF1NP000033,NASSAU 1.5 ESE,BH
BF1NP000034,NASSAU 8.1 SE,BH
BF1SS000007,COCKBURN TOWN 9.7 NE,BH
BF1SW000002,SPANISH WELLS 3.8 W,BH
BF1SW000003,SPANISH WELLS 0.6 SE,BH
US1ALAT0013,DEATSVILLE 3.4 NW,AL
US1ALBL0005,SPRINGVILLE 5.3 WNW,AL
US1ALBL0009,ONEONTA 0.9 SE,AL
US1ALBL0013,ONEONTA 7.5 ESE,AL
US1ALBL0018,WARRIOR 5.1 NE,AL
US1ALBL0026,ONEONTA 7.6 SW,AL
US1ALBL0027,BLOUNTSVILLE 4.6 ESE,AL
US1ALBR0007,EUFAULA 6.8 S,AL
US1ALBT0002,GEORGIANA 9.8 NW,AL
US1ALBT0004,FOREST HOME 0.2 W,AL
US1ALBT0005,GREENVILLE 10.2 WNW,AL
US1ALBT0007,FORT DEPOSIT 5.3 SE,AL
US1ALBW0003,DAPHNE 1.2 NNW,AL
US1ALBW0008,FOLEY 7.4 SW,AL
US1ALBW0013,FAIRHOPE 3.7 NNW,AL
US1ALBW0026,LOXLEY 0.4 SSW,AL
US1ALBW0031,FOLEY 2.0 SSW,AL
US1ALBW0032,FAIRHOPE 3.1 NNW,AL
US1ALBW0036,DAPHNE 4.2 NE,AL
US1ALBW0040,FAIRHOPE 1.5 WSW,AL
US1ALBW0058,SPANISH FORT 1.2 NE,AL
US1ALBW0060,DAPHNE 1.5 SSW,AL
US1ALBW0071,BAY MINETTE 7.0 N,AL
US1ALBW0079,DAPHNE 4.9 SE,AL
US1ALBW0085,SUMMERDALE 2.7 WNW,AL
US1ALBW0086,POINT CLEAR 0.6 SW,AL
US1ALBW0088,BAY MINETTE 11.0 N,AL
US1ALBW0089,ELBERTA 0.3 NE,AL
US1ALBW0094,GULF SHORES 2.3 SW,AL
US1ALBW0096,ELBERTA 3.9 S,AL
US1ALBW0099,GULF SHORES 5.5 WSW,AL
US1ALBW0103,NATURE CENTER-GULF SHORES 3.6,AL
US1ALBW0104,LEARNING CAMPUS-GULF SHORES 1.,AL
US1ALBW0105,GULF SHORES 2.6 NNE,AL
US1ALBW0106,FAIRHOPE 3.3 ENE,AL
US1ALBW0107,FORT MORGAN 2.5 E,AL
US1ALBW0108,DAPHNE 4.4 SE,AL
US1ALBW0109,FOLEY 1.0 W,AL
US1ALBW0112,FOLEY 2.8 NW,AL
US1ALBW0113,ORANGE BEACH 0.5 E,AL
US1ALBW0114,ROBERTSDALE 1.0 SSW,AL
US1ALBW0115,FAIRHOPE 0.6 S,AL
US1ALBW0120,FOLEY 3.6 W,AL
US1ALBW0122,SILVERHILL 0.1 S,AL
US1ALBW0125,FAIRHOPE 1.7 WNW,AL
US1ALBW0126,FOLEY 5.3 SE,AL
US1ALBW0128,FAIRHOPE 1.7 SSE,AL
US1ALBW0130,FAIRHOPE 4.0 ENE,AL
US1ALBW0131,STAPLETON 0.1 WNW,AL
US1ALBW0132,FAIRHOPE 5.5 SE,AL
US1ALBW0133,ROBERTSDALE 5.5 E,AL
US1ALBW0134,SUMMERDALE 6.7 WSW,AL
US1ALBW0135,LILLIAN 3.6 WSW,AL
US1ALCE0004,SAND ROCK 0.5 WNW,AL
US1ALCK0003,GROVE HILL 6.1 SW,AL
US1ALCK0009,GROVE HILL 0.4 NNW,AL
US1ALCK0010,THOMASVILLE 5.2 SSW,AL
US1ALCM0004,HANCEVILLE 1.6 E,AL
US1ALCM0006,CULLMAN 7.5 SW,AL
US1ALCM0029,BAILEYTON 0.8 SSW,AL
US1ALCN0008,WEAVER 0.7 NW,AL
US1ALCN0017,GLENCOE 4.8 SSE,AL
US1ALCT0001,TUSCUMBIA 8.9 SW,AL
US1ALCT0004,MUSCLE SHOALS 1.3 SSW,AL
US1ALCT0014,MUSCLE SHOALS 9.7 NNE,AL
US1ALCV0013,RED LEVEL 0.3 SW,AL
US1ALCY0002,GOODWATER 8.4 N,AL
US1ALDK0008,SYLVANIA 3.4 ESE,AL
US1ALDK0009,FORT PAYNE 1.4 WSW,AL
US1ALDK0018,CROSSVILLE 2.2 NNE,AL
US1ALDK0019,BOAZ 4.6 E,AL
US1ALDK0020,FORT PAYNE 3.4 SSW,AL
US1ALDK0022,FORT PAYNE 3.6 ENE,AL
US1ALDS0001,SELMA 1.5 WSW,AL
US1ALEL0022,WETUMPKA 5.4 WNW,AL
US1ALES0004,BREWTON 5.8 NNE,AL
US1ALET0007,RAINBOW CITY 2.8 NNE,AL
US1ALFY0013,FAYETTE 1.3 S,AL
US1ALGV0006,HARTFORD 0.9 SSW,AL
US1ALHS0013,REHOBETH 2.1 SSW,AL
US1ALHS0017,DOTHAN 3.5 WSW,AL
US1ALHS0023,PANSEY 1.6 NNE,AL
US1ALJC0009,SCOTTSBORO 4.6 NW,AL
US1ALJC0012,WOODVILLE 8.0 NNE,AL
US1ALJC0016,PISGAH 1.8 W,AL
US1ALJC0022,BRIDGEPORT 0.2 NE,AL
US1ALJC0023,PAINT ROCK 0.6 SSW,AL
US1ALJF0024,ARGO 1.5 NW,AL
US1ALJF0025,FAIRFIELD 1.8 NE,AL
US1ALJF0047,HOOVER 1.9 NW,AL
US1ALJF0054,HUEYTOWN 1.4 NW,AL
US1ALJF0069,CONCORD 0.4 ESE,AL
US1ALJF0073,HOOVER 3.4 NNW,AL
US1ALJF0075,TRUSSVILLE 3.6 SSW,AL
US1ALJF0076,MORRIS 4.1 E,AL
US1ALJF0077,PINSON 6.1 NE,AL
US1ALJF0081,ARGO 1.6 WNW,AL
US1ALJF0083,MCCALLA 0.2 N,AL
US1ALJF0084,HOOVER 3.3 NE,AL
US1ALJF0085,SUMITON 6.1 ENE,AL
US1ALLD0009,CLOVERDALE 6.6 WSW,AL
US1ALLD0023,FLORENCE 0.6 NE,AL
US1ALLD0025,FLORENCE 5.4 E,AL
US1ALLD0039,FLORENCE 9.9 NW,AL
US1ALLD0047,FLORENCE 2.0 NNE,AL
US1ALLD0055,KILLEN 5.7 ESE,AL
US1ALLE0007,AUBURN 6.6 W,AL
US1ALLE0015,AUBURN 1.2 SSW,AL
US1ALLE0016,VALLEY 6.1 S,AL
US1ALLE0022,PHENIX CITY 5.0 WNW,AL
US1ALLM0004,VERNON 1.1 NNE,AL
US1ALLR0005,TRINITY 1.7 SW,AL
US1ALLR0008,HILLSBORO 4.1 SSW,AL
US1ALLR0009,DANVILLE 10.6 WSW,AL
US1ALLS0002,CAPSHAW 3.0 NW,AL
US1ALLS0015,LESTER 10.5 S,AL
US1ALLS0023,ATHENS 1.5 SE,AL
US1ALLS0036,ATHENS 2.5 WSW,AL
US1ALLS0040,ATHENS 8.0 ENE,AL
US1ALLS0043,ATHENS 4.9 W,AL
US1ALLS0046,ATHENS 5.0 ESE,AL
US1ALMB0001,TILLMANS CORNER 4.3 WNW,AL
US1ALMB0004,MOBILE 2.6 WNW,AL
US1ALMB0024,WILMER 7.9 SE,AL
US1ALMB0049,MOBILE 1.2 WSW,AL
US1ALMB0060,MOBILE 5.0 WNW,AL
US1ALMB0063,TILLMANS CORNER 8.7 WNW,AL
US1ALMB0071,MOBILE 10.4 W,AL
US1ALMB0072,MOBILE 11.2 WSW,AL
US1ALMB0085,MOBILE 5.5 SSW,AL
US1ALMB0086,THEODORE 6.8 SSE,AL
US1ALMB0087,MOBILE 6.1 SSW,AL
US1ALMB0089,THEODORE 4.8 ENE,AL
US1ALMB0095,MOBILE 8.6 WSW,AL
US1ALMB0096,THEODORE 6.4 SSE,AL
US1ALMB0101,CHICKASAW 0.8 S,AL
US1ALMB0110,MOBILE 7.7 WSW,AL
US1ALMB0118,MOBILE 2.9 W,AL
US1ALMB0119,MOBILE 4.5 WNW,AL
US1ALMB0122,IRVINGTON 1.2 W,AL
US1ALMB0123,PRICHARD 4.1 NW,AL
US1ALMB0126,SARALAND 3.1 NW,AL
US1ALMD0003,HUNTSVILLE 4.0 E,AL
US1ALMD0006,HAZEL GREEN 1.2 NW,AL
US1ALMD0012,HUNTSVILLE 7.9 SSE,AL
US1ALMD0017,BROWNSBORO 1.9 NNE,AL
US1ALMD0033,HAMPTON COVE 2.1 WNW,AL
US1ALMD0085,HARVEST 3.9 SE,AL
US1ALMD0088,MADISON 1.8 N,AL
US1ALMD0090,HUNTSVILLE 3.7 ENE,AL
US1ALMD0097,HUNTSVILLE 4.1 ENE,AL
US1ALMD0098,HUNTSVILLE 7.7 NW,AL
US1ALMD0099,RYLAND 0.3 ENE,AL
US1ALMD0105,HARVEST 3.2 SSW,AL
US1ALMD0107,HUNTSVILLE 4.5 WNW,AL
US1ALMD0112,OWENS CROSSROADS 4.2 NNW,AL
US1ALMD0113,TONEY 4.0 SE,AL
US1ALMD0116,HUNTSVILLE 3.0 SW (BOTANICAL G,AL
US1ALMD0118,HUNTSVILLE 4.8 SE,AL
US1ALMD0120,HUNTSVILLE 4.0 NE,AL
US1ALMD0121,HUNTSVILLE 4.4 ENE,AL
US1ALMD0122,GURLEY 6.6 N,AL
US1ALMD0123,MADISON 6.1 S,AL
US1ALMD0124,HUNTSVILLE 10.2 NE,AL
US1ALMG0009,FALKVILLE 5.1 E,AL
US1ALMG0012,LACEY'S SPRING 3.4 SSW,AL
US1ALMG0014,SOMERVILLE 2.0 SE,AL
US1ALMG0017,PRICEVILLE 1.8 WSW,AL
US1ALMG0027,SOMERVILLE 7.7 SE,AL
US1ALMG0030,DECATUR 5.0 SE,AL
US1ALMG0035,HARTSELLE 3.5 SW,AL
US1ALMG0036,DECATUR 2.1 W,AL
US1ALMG0038,HARTSELLE 2.6 NNE,AL
US1ALMN0003,URIAH 8.1 W,AL
US1ALMN0006,FRISCO CITY 5.0 WSW,AL
US1ALMN0007,MEXIA 0.4 S,AL
US1ALMN0008,MONROEVILLE 1.3 SE,AL
US1ALMR0001,GUIN 1.1 NW,AL
US1ALMS0006,GUNTERSVILLE 2.2 SW,AL
US1ALMS0011,GUNTERSVILLE 2.0 ENE,AL
US1ALMS0013,ALBERTVILLE 4.8 WNW,AL
US1ALMS0018,GUNTERSVILLE 1.2 S,AL
US1ALMS0019,DOUGLAS 6.8 NW,AL
US1ALMS0020,UNION GROVE 7.2 WNW,AL
US1ALMS0022,ALBERTVILLE 5.5 N,AL
US1ALMS0028,BOAZ 1.1 WNW,AL
US1ALMS0029,GUNTERSVILLE 4.7 W,AL
US1ALMS0039,GUNTERSVILLE 4.4 WNW,AL
US1ALMS0041,ARAB 1.7 ESE,AL
US1ALMY0006,RAMER 1.5 SE,AL
US1ALMY0007,MONTGOMERY 2.2 NE,AL
US1ALMY0011,MONTGOMERY 12.9 S,AL
US1ALMY0014,MONTGOMERY 8.8 E,AL
US1ALRN0002,ROANOKE 4.2 NNE,AL
US1ALRN0006,WOODLAND 0.2 N,AL
US1ALRS0008,FORT MITCHELL 2.3 SSW,AL
US1ALSC0006,MOODY 2.0 ESE,AL
US1ALSC0011,ASHVILLE 2.7 SW,AL
US1ALSC0012,ODENVILLE 3.8 NW,AL
US1ALSC0015,ODENVILLE 2.2 W,AL
US1ALSH0011,MEADOWBROOK 1.7 E,AL
US1ALSH0016,MEADOWBROOK 3.6 E,AL
US1ALSH0023,PELHAM 2.8 SE,AL
US1ALSH0024,CALERA 3.1 NNW,AL
US1ALSH0027,PELHAM 0.6 NNW,AL
US1ALSH0048,LAKE PURDY 2.6 ESE,AL
US1ALSH0052,ALABASTER 2.2 SSW,AL
US1ALSH0055,PELHAM 1.3 WNW,AL
US1ALSH0062,INVERNESS 1.4 SW,AL
US1ALSH0067,HELENA 1.2 SE,AL
US1ALSH0071,CHELSEA 3.5 ENE,AL
US1ALSH0072,HOOVER 0.8 SSE,AL
US1ALSH0074,MONTEVALLO 0.5 NNE,AL
US1ALSH0076,CHELSEA 3.4 WSW,AL
US1ALSM0002,LIVINGSTON 16.0 SW,AL
US1ALTG0006,BON AIR 2.8 SSE,AL
US1ALTP0007,ALEXANDER CITY 3.1 NNE,AL
US1ALTS0003,HOLT 11.4 SSE,AL
US1ALTS0004,TUSCALOOSA 4.4 SE,AL
US1ALTS0017,COKER 0.6 S,AL
US1ALTS0022,TUSCALOOSA 1.3 ENE,AL
US1ALTS0025,NORTHPORT 18.7 N,AL
US1ALWK0004,JASPER 3.4 SE,AL
US1ALWK0010,JASPER 4.1 ENE,AL
US1ALWN0001,DOUBLE SPRINGS 3.2 NNE,AL
US1ALWN0005,ARLEY 5.9 S,AL
US1ALWN0006,ARLEY 5.7 SSE,AL
US1ALWN0007,HALEYVILLE 0.3 SSE,AL
US1ALWS0001,JACKSON 4.3 WSW,AL
US1ALWX0001,PINE HILL 3.6 WSW,AL
US1ALWX0002,CAMDEN 1.0 NNE,AL
US1ARAS0009,CROSSETT 0.9 S,AR
US1ARAS0012,CROSSETT 4.2 E,AR
US1ARCS0005,WYNNE 1.3 ENE,AR
US1ARCT0004,MARION 0.5 ESE,AR
US1ARDR0014,MONTICELLO 3.0 NNW,AR
US1ARDR0016,MONTICELLO 3.7 N,AR
US1ARGN0006,LAFE 1.8 W,AR
US1ARIN0018,SULPHUR ROCK 7.1 ENE,AR
US1ARIN0022,BATESVILLE 2.7 NE,AR
US1ARJF0010,PINE BLUFF 7.9 E,AR
US1ARLW0002,SMITHVILLE 4.4 SSE,AR
US1ARLW0011,SMITHVILLE 0.8 ESE,AR
US1ARMS0007,BLYTHEVILLE 0.9 NE,AR
US1ARMS0012,BLYTHEVILLE 6.1 E,AR
US1ARPH0006,MARVELL 4.1 W,AR
US1ARPR0002,BISCOE 0.3 WNW,AR
US1ARSH0003,EVENING SHADE 2.7 SSE,AR
US1ARSH0011,HARDY 8.0 SSW,AR
US1ARSH0017,HARDY 10.7 S,AR
US1ARSH0019,ASH FLAT 1.3 NE,AR
US1ARST0027,MOUNTAIN VIEW 12.3 ESE,AR
US1ARWH0002,BEEBE 0.4 ESE,AR
US1ARWH0005,SEARCY 4.1 SE,AR
US1DCDC0009,WASHINGTON 2.0 SSW,DC
US1DCDC0014,WASHINGTON 5.1 NW,DC
US1DCDC0026,WASHINGTON 2.6 NE,DC
US1DCDC0031,WASHINGTON 3.1 NNE,DC
US1DCDC0040,WASHINGTON 2.2 ESE,DC
US1DEKN0001,FELTON 3.6 NE,DE
US1DEKN0009,DOVER 5.1 WSW,DE
US1DEKN0012,CAMDEN 3.7 ESE,DE
US1DEKN0016,HARRINGTON 2.1 ENE,DE
US1DEKN0020,CLAYTON 1.5 SW,DE
US1DEKN0024,FELTON 0.4 E,DE
US1DEKN0032,DOVER 0.5 SSW,DE
US1DEKN0033,SMYRNA 3.5 SSW,DE
US1DEKN0036,FELTON 1.7 NW,DE
US1DEKN0037,MAGNOLIA 2.4 NNW,DE
US1DENC0002,NEWARK 3.9 SSW,DE
US1DENC0004,MIDDLETOWN 0.9 SSE,DE
US1DENC0010,NEWPORT 2.4 WNW,DE
US1DENC0013,NEWARK 1.5 S,DE
US1DENC0032,WILMINGTON 2.0 NW,DE
US1DENC0034,NEWARK 2.3 NNW,DE
US1DENC0035,MIDDLETOWN 5.2 ENE,DE
US1DENC0040,WILMINGTON 5.6 N,DE
US1DENC0067,WILMINGTON 8.3 W,DE
US1DENC0068,WILMINGTON 6.8 W,DE
US1DENC0073,WILMINGTON 4.0 W,DE
US1DENC0074,NEWPORT 1.0 WNW,DE
US1DENC0076,MIDDLETOWN 4.9 NW,DE
US1DESS0003,DELMAR 4.3 E,DE
US1DESS0006,SEAFORD 2.3 SSE,DE
US1DESS0015,SELBYVILLE 7.1 E,DE
US1DESS0016,SEAFORD 0.8 SW,DE
US1DESS0031,DAGSBORO 7.1 ENE,DE
US1DESS0044,LEWES 3.9 SW,DE
US1DESS0046,SEAFORD 0.6 WSW,DE
US1DESS0048,ELLENDALE 3.4 ENE,DE
US1DESS0060,LEWES 4.6 SSW,DE
US1DESS0062,DELMAR 0.1 WSW,DE
US1DESS0064,LAUREL 3.5 NNE,DE
US1DESS0066,LEWES 3.6 SW,DE
US1DESS0073,LAUREL 5.6 ESE,DE
US1DESS0076,LONG NECK 6.5 NW,DE
US1DESS0079,FRANKFORD 6.2 E,DE
US1DESS0084,MILLSBORO 5.6 ENE,DE
US1DESS0085,GREENWOOD 4.6 WNW,DE
US1DESS0086,MILLSBORO 1.3 W,DE
US1DESS0087,MILTON 3.7 SW,DE
US1DESS0089,MILTON 7.6 SSE,DE
US1DESS0091,MILTON 3.7 ESE,DE
US1DESS0092,DAGSBORO 6.3 E,DE
US1DESS0094,BRIDGEVILLE 2.6 W,DE
US1FLAL0007,GAINESVILLE 8.1 SW,FL
US1FLAL0026,GAINESVILLE 1.7 SE,FL
US1FLAL0031,GAINESVILLE 6.5 NW,FL
US1FLAL0048,GAINESVILLE 5.4 W,FL
US1FLAL0050,GAINESVILLE 2.4 SW,FL
US1FLAL0051,MICANOPY 2.1 NNE,FL
US1FLAL0054,MICANOPY 2.1 WNW,FL
US1FLAL0055,GAINESVILLE 7.7 W,FL
US1FLAL0058,GAINESVILLE 5.0 SSW,FL
US1FLAL0061,GAINESVILLE 5.8 WSW,FL
US1FLAL0063,GAINESVILLE 3.0 WNW,FL
US1FLAL0071,HAWTHORNE 5.0 WNW,FL
US1FLAL0072,GAINESVILLE 0.6 NE,FL
US1FLAL0075,GAINESVILLE 0.9 WSW,FL
US1FLAL0078,GAINESVILLE 5.1 S,FL
US1FLAL0080,GAINESVILLE 6.5 NW,FL
US1FLAL0081,GAINESVILLE 8.0 WSW,FL
US1FLAL0086,GAINESVILLE 8.5 SW,FL
US1FLAL0095,GAINESVILLE 0.5 N,FL
US1FLAL0096,GAINESVILLE 7.8 WSW,FL
US1FLAL0097,GAINESVILLE 3.0 WNW,FL
US1FLAL0099,ARCHER 3.8 N,FL
US1FLAL0102,NEWBERRY 3.0 NNE,FL
US1FLAL0103,BROOKER 1.6 SW,FL
US1FLAL0104,NEWBERRY 1.0 SW,FL
US1FLAL0106,GAINESVILLE 5.4 W,FL
US1FLBK0006,GLEN ST. MARY 1.7 N,FL
US1FLBK0007,MACCLENNY 4.9 SSW,FL
US1FLBV0001,PALM BAY 2.6 SSE,FL
US1FLBV0002,PALM SHORES 1.4 W,FL
US1FLBV0005,PALM BAY 3.1 NNW,FL
US1FLBV0006,MELBOURNE 1.1 N,FL
US1FLBV0011,MELBOURNE BEACH 3.9 SSE,FL
US1FLBV0013,ROCKLEDGE 1.1 WSW,FL
US1FLBV0020,PALM SHORES 4.3 NNW,FL
US1FLBV0023,COCOA 2.6 WNW,FL
US1FLBV0036,MERRIT ISLAND 9.1 N,FL
US1FLBV0038,TITUSVILLE 3.5 NW,FL
US1FLBV0047,ROCKLEDGE 1.8 NNE,FL
US1FLBV0052,INDIALANTIC 3.3 NNW,FL
US1FLBV0054,MERRITT ISLAND 3.8 N,FL
US1FLBV0055,MELBOURNE 4.1 S,FL
US1FLBV0059,PALM BAY 2.7 SSE,FL
US1FLBV0067,PALM BAY 4.9 S,FL
US1FLBV0072,PALM BAY 3.2 S,FL
US1FLBV0078,COCOA 5.1 NW,FL
US1FLBV0085,COCOA 4.6 NW,FL
US1FLBV0095,MERRITT ISLAND 10.6 NNW,FL
US1FLBV0107,INDIALANTIC 2.1 NNW,FL
US1FLBV0109,SATELLITE BEACH 1.7 NNW,FL
US1FLBV0110,PALM BAY 3.7 NE,FL
US1FLBV0111,MELBOURNE 7.7 WNW,FL
US1FLBV0123,PALM BAY 2.5 W,FL
US1FLBV0125,MELBOURNE 2.5 S,FL
US1FLBV0126,ROCKLEDGE 0.9 NW,FL
US1FLBV0134,COCOA 1.1 WNW,FL
US1FLBV0136,PALM BAY 1.5 NNW,FL
US1FLBV0137,WEST MELBOURNE 1.6 WNW,FL
US1FLBV0143,MERRITT ISLAND 3.4 NNW,FL
US1FLBV0146,MERRITT ISLAND 3.1 NNW,FL
US1FLBV0151,PALM BAY 1.8 NNE,FL
US1FLBV0154,MELBOURNE 3.5 N,FL
US1FLBW0007,POMPANO BEACH HIGHLANDS 0.7 E,FL
US1FLBW0076,PLANTATION 3.4 E,FL
US1FLBW0079,MARGATE 0.4 W,FL
US1FLBW0095,PLANTATION 1.9 SE,FL
US1FLBW0099,WESTON 2.8 SE,FL
US1FLBW0121,POMPANO BEACH 3.1 NE,FL
US1FLBW0131,MIRAMAR 2.3 W,FL
US1FLBW0137,POMPANO BEACH 1.2 NNE,FL
US1FLBW0139,SUNRISE 2.1 N,FL
US1FLBW0145,OAKLAND PARK 1.0 WNW,FL
US1FLBW0151,SUNRISE 0.4 NNE,FL
US1FLBW0159,FORT LAUDERDALE 3.7 NNE,FL
US1FLBW0160,SUNRISE 1.3 NW,FL
US1FLBW0161,PEMBROKE PINES 0.7 N,FL
US1FLBW0162,MARGATE 0.8 NNW,FL
US1FLBW0167,DEERFIELD BEACH 1.7 E,FL
US1FLBW0168,PEMBROKE PINES 1.6 NE,FL
US1FLBW0170,HOLLYWOOD 2.2 SE,FL
US1FLBW0172,WILTON MANORS 0.3 NNW,FL
US1FLBW0175,PLANTATION 1.2 NW,FL
US1FLBW0179,FORT LAUDERDALE 2.0 ENE,FL
US1FLBY0007,PANAMA CITY BEACH 0.3 SW,FL
US1FLBY0010,PANAMA CITY BEACH 5.9 WNW,FL
US1FLBY0015,FOUNTAIN 3.4 SSE,FL
US1FLBY0022,PANAMA CITY BEACH 4.4 ESE,FL
US1FLBY0023,LYNN HAVEN 1.0 W,FL
US1FLBY0024,PANAMA CITY 1.9 SE,FL
US1FLBY0025,PANAMA CITY BEACH 0.8 SE,FL
US1FLBY0026,PARKER 0.6 NNE,FL
US1FLBY0027,YOUNGSTOWN 6.7 WNW,FL
US1FLCB0012,LAKE CITY 7.9 SSW,FL
US1FLCB0019,LAKE CITY 8.7 S,FL
US1FLCB0024,FORT WHITE 3.8 SSW,FL
US1FLCB0026,FORT WHITE 2.4 E,FL
US1FLCB0028,FORT WHITE 4.4 NE,FL
US1FLCB0029,WHITE SPRINGS 2.3 WSW,FL
US1FLCH0029,PORT CHARLOTTE 9.3 SW,FL
US1FLCH0030,PORT CHARLOTTE 4.0 WSW,FL
US1FLCH0035,NORTH PORT 1.2 SSE,FL
US1FLCH0036,PORT CHARLOTTE 3.8 NE,FL
US1FLCH0037,PORT CHARLOTTE 3.7 NE,FL
US1FLCH0039,GROVE CITY 2.8 NE,FL
US1FLCH0040,NORTH PORT 5.4 SW,FL
US1FLCH0044,PORT CHARLOTTE 9.5 SW,FL
US1FLCH0046,PORT CHARLOTTE 9.8 WSW,FL
US1FLCH0047,HARBOUR HEIGHTS 3.0 NNW,FL
US1FLCH0054,HARBOUR HEIGHTS 2.3 NNE,FL
US1FLCR0012,NAPLES 5.7 SE,FL
US1FLCR0013,NAPLES PARK 3.7 ENE,FL
US1FLCR0052,NAPLES 18.6 ENE,FL
US1FLCR0053,NAPLES 16.6 ENE,FL
US1FLCR0057,AVE MARIA 0.4 SE,FL
US1FLCR0059,NAPLES 11.8 ENE,FL
US1FLCR0062,GOLDEN GATE 2.2 SW,FL
US1FLCR0063,MARCO ISLAND 6.6 NNE,FL
US1FLCR0065,NAPLES 11.9 SSE,FL
US1FLCR0071,NAPLES MANOR 2.3 ENE,FL
US1FLCR0075,EAST NAPLES 2.0 ENE,FL
US1FLCR0076,NAPLES 6.5 NE,FL
US1FLCR0077,NAPLES 2.9 SSE,FL
US1FLCT0008,CRYSTAL RIVER 4.7 ESE,FL
US1FLCT0011,HERNANDO 1.6 N,FL
US1FLCT0029,HOMOSASSA 6.0 SE,FL
US1FLCT0030,HERNANDO 4.4 WSW,FL
US1FLCT0035,INVERNESS 4.7 WNW,FL
US1FLCT0037,CITRUS SPRINGS 1.3 WNW,FL
US1FLCT0045,INVERNESS 1.6 SE,FL
US1FLCT0046,INVERNESS 4.5 WNW,FL
US1FLCT0047,INVERNESS 2.6 ENE,FL
US1FLCT0049,BEVERLY HILLS 1.0 ENE,FL
US1FLCY0001,FLEMING ISLAND 1.7 SE,FL
US1FLCY0007,KEYSTONE HEIGHTS 3.5 ENE,FL
US1FLCY0024,KEYSTONE HEIGHTS 1.8 ESE,FL
US1FLCY0025,ORANGE PARK 4.1 WSW,FL
US1FLCY0038,KEYSTONE HEIGHTS 10.1 ENE,FL
US1FLCY0042,GREEN COVE SPRINGS 2.6 WNW,FL
US1FLCY0054,KEYSTONE HEIGHTS 9.7 ENE,FL
US1FLCY0055,FLEMING ISLAND 1.3 NW,FL
US1FLCY0064,MIDDLEBURG 8.9 ENE,FL
US1FLDV0003,JACKSONVILLE 5.9 SW,FL
US1FLDV0026,JACKSONVILLE 7.3 SW,FL
US1FLDV0028,JACKSONVILLE 3.8 ESE,FL
US1FLDV0033,JACKSONVILLE 10.0 WSW,FL
US1FLDV0071,JACKSONVILLE 11.3 WNW,FL
US1FLDV0079,JACKSONVILLE 9.6 SE,FL
US1FLDV0091,JACKSONVILLE 10.6 NNW,FL
US1FLDV0094,JACKSONVILLE 4.1 SW,FL
US1FLDV0098,FRUIT COVE 5.9 E,FL
US1FLDV0120,JACKSONVILLE 10.6 SSE,FL
US1FLDV0122,JACKSONVILLE BEACH 1.7 NW,FL
US1FLDV0126,JACKSONVILLE 7.1 SW,FL
US1FLDV0131,JACKSONVILLE 4.3 NE,FL
US1FLDV0133,ORANGE PARK 5.9 ENE,FL
US1FLES0015,GONZALEZ 2.1 E,FL
US1FLES0024,PENSACOLA 18.9 WSW,FL
US1FLES0035,PENSACOLA 13.5 WNW,FL
US1FLES0054,PENSACOLA 6.4 N,FL
US1FLES0055,PENSACOLA 12.4 WNW,FL
US1FLES0056,PENSACOLA 1.0 SW,FL
US1FLES0058,PENSACOLA 1.2 SSW,FL
US1FLES0059,PENSACOLA 9.4 NNW,FL
US1FLES0062,PENSACOLA 12.3 SW,FL
US1FLES0067,CANTONMENT 5.3 NNW,FL
US1FLES0070,PENSACOLA 14.2 SW,FL
US1FLES0071,PENSACOLA 0.2 SW,FL
US1FLFL0019,BUNNELL 1.0 ENE,FL
US1FLFL0024,PALM COAST 2.1 NNE,FL
US1FLFL0030,PALM COAST 4.2 SSW,FL
US1FLFL0032,PALM COAST 1.9 NNE,FL
US1FLFL0033,FLAGLER BEACH 1.3 SE,FL
US1FLFL0036,PALM COAST 2.4 NE,FL
US1FLFL0037,PALM COAST 3.9 SSW,FL
US1FLFL0038,PALM COAST 4.1 S,FL
US1FLFL0039,FLAGLER BEACH 2.3 SSE,FL
US1FLFL0040,PALM COAST 0.8 NNW,FL
US1FLFL0043,PALM COAST 8.3 S,FL
US1FLFL0047,PALM COAST 4.5 SSW,FL
US1FLFL0049,PALM COAST 1.9 S,FL
US1FLFL0050,PALM COAST 2.4 SW,FL
US1FLFL0053,PALM COAST 4.6 NW,FL
US1FLGC0008,TRENTON 4.0 NW,FL
US1FLGC0012,TRENTON 7.0 E,FL
US1FLGD0001,QUINCY 6.0 SW,FL
US1FLGD0003,QUINCY 6.0 SW,FL
US1FLGD0004,QUINCY 7.5 SSW,FL
US1FLGD0007,HAVANA 5.1 SSW,FL
US1FLGD0009,QUINCY 7.8 WSW,FL
US1FLGD0011,HAVANA 5.5 NE,FL
US1FLGF0007,WEWAHITCHKA 1.0 ESE,FL
US1FLHB0001,PLANT CITY 6.5 NW,FL
US1FLHB0004,VALRICO 2.2 SE,FL
US1FLHB0010,TAMPA 5.1 S,FL
US1FLHB0027,LUTZ 1.3 SSE,FL
US1FLHB0029,TAMPA 6.5 NNE,FL
US1FLHB0033,BLOOMINGDALE 7.6 ESE,FL
US1FLHB0044,RUSKIN 1.8 ESE,FL
US1FLHB0048,GREATER NORTHDALE 0.4 ENE,FL
US1FLHB0051,LUTZ 2.2 SSE,FL
US1FLHB0055,TAMPA 5.0 NNE,FL
US1FLHB0060,VALRICO 2.8 SSE,FL
US1FLHB0069,RIVERVIEW 2.1 W,FL
US1FLHB0098,RIVERVIEW 4.8 SSW,FL
US1FLHB0114,RIVERVIEW 0.9 ENE,FL
US1FLHB0116,LUTZ 0.6 WSW,FL
US1FLHB0123,THONOTOSASSA 3.6 NE,FL
US1FLHB0128,RUSKIN 2.1 SE,FL
US1FLHB0136,BRANDON 2.8 SW,FL
US1FLHB0140,GREATER NORTHDALE 1.2 S,FL
US1FLHB0141,CARROLLWOOD 1.3 N,FL
US1FLHB0150,RIVERVIEW 2.1 NNW,FL
US1FLHB0153,SUN CITY CENTER 1.1 N,FL
US1FLHB0154,SEFFNER 0.4 ESE,FL
US1FLHB0156,CARROLLWOOD 0.7 NNE,FL
US1FLHB0160,VALRICO 1.6 NNW,FL
US1FLHB0162,BRANDON 2.8 N,FL
US1FLHB0166,RIVERVIEW 2.1 WNW,FL
US1FLHB0168,CARROLLWOOD VILLAGE 2.3 W,FL
US1FLHB0173,APOLLO BEACH 0.6 W,FL
US1FLHB0177,PLANT CITY 3.9 SE,FL
US1FLHB0180,THONOTOSASSA 2.3 ESE,FL
US1FLHB0181,RUSKIN 3.9 ENE,FL
US1FLHB0182,PLANT CITY 1.2 SW,FL
US1FLHB0183,SUN CITY CENTER 0.5 ENE,FL
US1FLHB0184,SEFFNER 0.9 W,FL
US1FLHB0187,RUSKIN 6.2 ENE,FL
US1FLHB0189,LUTZ 4.1 W,FL
US1FLHL0003,LAKE PLACID 1.1 WSW,FL
US1FLHL0012,SYLVAN SHORES 8.5 NE,FL
US1FLHL0030,SEBRING 2.8 WNW,FL
US1FLHL0038,SEBRING 2.7 SE,FL
US1FLHL0043,SEBRING 7.9 ESE,FL
US1FLHL0046,LAKE PLACID 3.6 SW,FL
US1FLHM0005,WHITE SPRINGS 0.3 NW,FL
US1FLHN0007,SPRING HILL 3.3 SE,FL
US1FLHN0008,WEEKI WACHEE 3.0 N,FL
US1FLHN0014,SPRING HILL 2.4 NW,FL
US1FLHN0024,WEEKI WACHEE 7.1 NNE,FL
US1FLHN0026,SPRING HILL 2.4 WSW,FL
US1FLHN0039,BROOKSVILLE 3.7 SE,FL
US1FLHN0040,WEEKI WACHEE 1.7 NNE,FL
US1FLHN0041,SPRING HILL 3.6 ESE,FL
US1FLHN0050,BROOKSVILLE 7.1 W,FL
US1FLHS0005,BONIFAY 1.9 NE,FL
US1FLHY0003,LA BELLE 2.3 WNW,FL
US1FLHY0011,LABELLE 1.5 ENE,FL
US1FLHY0013,CLEWISTON 13.4 WSW,FL
US1FLIR0019,SEBASTIAN 2.0 SSW,FL
US1FLIR0024,VERO BEACH 3.4 W,FL
US1FLIR0026,VERO BEACH 3.5 SSW,FL
US1FLIR0027,VERO BEACH 2.5 S,FL
US1FLIR0047,VERO BEACH 6.0 S,FL
US1FLIR0048,VERO BEACH 5.4 NNW,FL
US1FLIR0050,VERO BEACH SOUTH 2.4 WNW,FL
US1FLIR0051,FELLSMERE 3.8 N,FL
US1FLIR0054,VERO BEACH 11.9 NW,FL
US1FLIR0059,FELLSMERE 1.4 N,FL
US1FLIR0061,VERO BEACH 3.6 WNW,FL
US1FLIR0063,FELLSMERE 4.3 ESE,FL
US1FLIR0064,FLORIDA RIDGE 1.3 SW,FL
US1FLJF0009,MONTICELLO 4.3 ENE,FL
US1FLJF0010,MONTICELLO 2.9 WSW,FL
US1FLJK0002,ALFORD 0.6 SSE,FL
US1FLJK0006,MARIANNA 0.8 NNE,FL
US1FLJK0007,GRACEVILLE 7.0 S,FL
US1FLLE0006,BUCKINGHAM 1.7 SE,FL
US1FLLE0037,FORT MYERS 0.8 N,FL
US1FLLE0055,FORT MYERS 2.3 SW,FL
US1FLLE0057,CAPE CORAL 4.9 S,FL
US1FLLE0065,CYPRESS LAKE 0.5 SSW,FL
US1FLLE0068,LEHIGH ACRES 3.8 SSW,FL
US1FLLE0072,FORT MYERS 1.7 WNW,FL
US1FLLE0074,NORTH FORT MYERS 2.8 ESE,FL
US1FLLE0076,FORT MYERS 10.0 NE,FL
US1FLLE0078,CAPE CORAL 3.1 ESE,FL
US1FLLE0079,CYPRESS LAKE 1.2 SE,FL
US1FLLE0080,CAPE CORAL 2.2 WNW,FL
US1FLLE0081,ESTERO 1.5 SE,FL
US1FLLK0003,GROVELAND 1.7 E,FL
US1FLLK0017,LEESBURG 5.4 SSE,FL
US1FLLK0021,LADY LAKE 1.2 ESE,FL
US1FLLK0022,LADY LAKE 2.0 NNW,FL
US1FLLK0023,LEESBURG 9.9 NE,FL
US1FLLK0027,OAKLAND 3.4 WSW,FL
US1FLLK0028,FRUITLAND PARK 0.8 NNW,FL
US1FLLK0030,LEESBURG 2.7 NW,FL
US1FLLK0031,LADY LAKE 5.5 S,FL
US1FLLK0042,CLERMONT 4.1 S,FL
US1FLLK0043,LADY LAKE 4.0 ESE,FL
US1FLLK0044,PAISLEY 2.4 E,FL
US1FLLK0046,CLERMONT 6.5 S,FL
US1FLLK0048,TAVARES 0.4 SSE,FL
US1FLLK0049,CLERMONT 12.7 SSE,FL
US1FLLK0052,GROVELAND 5.1 NE,FL
US1FLLK0054,TAVARES 2.4 WNW,FL
US1FLLK0056,LEESBURG 4.9 WSW,FL
US1FLLK0057,CLERMONT 6.1 NNE,FL
US1FLLK0059,YALAHA 6.1 SSW,FL
US1FLLN0010,TALLAHASSEE 1.3 SW,FL
US1FLLN0011,TALLAHASSEE 8.0 N,FL
US1FLLN0018,MIDWAY 6.9 SW,FL
US1FLLN0025,TALLAHASSEE 3.5 N,FL
US1FLLN0034,TALLAHASSEE 9.6 N,FL
US1FLLN0047,TALLAHASSEE 5.2 E,FL
US1FLLN0051,TALLAHASSEE 5.1 NE,FL
US1FLLN0055,TALLAHASSEE 5.5 ENE,FL
US1FLLN0060,TALLAHASSEE 6.2 E,FL
US1FLLN0072,TALLAHASSEE 5.0 SE,FL
US1FLLN0074,TALLAHASSEE 5.6 ESE,FL
US1FLLN0079,TALLAHASSEE 0.6 ENE,FL
US1FLLN0080,TALLAHASSEE 4.7 ENE,FL
US1FLLN0081,TALLAHASSEE 10.6 ENE,FL
US1FLLN0084,TALLAHASSEE 5.0 E,FL
US1FLLN0089,TALLAHASSEE 7.6 NNE,FL
US1FLLN0091,TALLAHASSEE 3.9 E,FL
US1FLLN0093,TALLAHASSEE 9.8 N,FL
US1FLLV0001,DUNNELLON 10.1 NW,FL
US1FLLV0015,INGLIS 0.6 N,FL
US1FLLV0018,DUNNELLON 7.4 W,FL
US1FLLV0019,ARCHER 6.7 SW,FL
US1FLLV0021,BRONSON 3.0 SSE,FL
US1FLMA0006,ELLENTON 6.6 E,FL
US1FLMA0010,BRADENTON 10.8 SE,FL
US1FLMA0017,BRADENTON 4.9 WNW,FL
US1FLMA0018,BRADENTON 11.0 E,FL
US1FLMA0020,BRADENTON 3.5 WNW,FL
US1FLMA0029,LAKEWOOD RANCH 3.5 E,FL
US1FLMA0032,THE MEADOWS 6.2 NE,FL
US1FLMA0034,SAMOSET 4.7 ESE,FL
US1FLMA0038,BRADENTON 1.4 SW,FL
US1FLMA0040,PARRISH 5.6 SE,FL
US1FLMA0041,SARASOTA 5.9 NE,FL
US1FLMA0043,DESOTO LAKES 4.2 NNE,FL
US1FLMA0050,PALMETTO 7.8 NE,FL
US1FLMA0052,PARRISH 5.0 SSE,FL
US1FLMD0003,LINDGREN ACRES 0.5 WSW,FL
US1FLMD0007,SUNSET 2.4 SW,FL
US1FLMD0022,HAMMOCKS 0.5 SSE,FL
US1FLMD0026,MIAMI LAKES 0.3 NNW,FL
US1FLMD0033,BISCAYNE PARK 0.3 E,FL
US1FLMD0041,LINDGREN ACRES 0.7 SW,FL
US1FLMD0051,CUTLER RIDGE 1.5 SSW,FL
US1FLMD0061,MIAMI 15.1 WSW,FL
US1FLMD0069,HOMESTEAD 3.0 NW,FL
US1FLMD0079,MIAMI 5.7 N,FL
US1FLMD0094,MIAMI 2.2 S,FL
US1FLMD0097,HOMESTEAD 3.1 WNW,FL
US1FLMD0111,MIAMI 3.1 SSW,FL
US1FLMD0115,CUTLER BAY 0.4 NNE,FL
US1FLMD0119,NORTH MIAMI BEACH 1.7 NNE,FL
US1FLMD0123,MIAMI 2.1 SW,FL
US1FLMN0023,MARATHON 6.8 ENE,FL
US1FLMN0025,KEY LARGO 6.2 NE,FL
US1FLMN0034,BIG PINE KEY 0.9 WNW,FL
US1FLMN0037,KEY LARGO 17.9 NE,FL
US1FLMN0039,ISLAMORADA 7.8 SW,FL
US1FLMN0049,MARATHON 1.7 ENE,FL
US1FLMN0050,KEY LARGO 3.4 NE,FL
US1FLMN0052,KEY WEST 0.4 E,FL
US1FLMN0053,LOWER SUGARLOAF KEY 0.5 SW,FL
US1FLMN0060,BIG PINE KEY 0.7 NW,FL
US1FLMN0066,CUDJOE KEY 1.7 ESE,FL
US1FLMN0070,KEY WEST 0.6 ESE,FL
US1FLMN0073,KEY WEST 2.8 ENE,FL
US1FLMN0076,KEY WEST 2.2 ENE,FL
US1FLMN0077,SUMMERLAND KEY 0.8 SE,FL
US1FLMN0079,SUMMERLAND KEY 0.7 S,FL
US1FLMR0003,BELLEVIEW 6.0 SSE,FL
US1FLMR0004,LADY LAKE 4.8 WNW,FL
US1FLMR0013,MICANOPY 3.6 SSW,FL
US1FLMR0018,BELLEVIEW 4.8 E,FL
US1FLMR0020,THE VILLAGES 2.7 NNW,FL
US1FLMR0036,OCALA 14.3 S,FL
US1FLMR0057,OCALA 4.6 N,FL
US1FLMR0065,BELLEVIEW 3.3 SSW,FL
US1FLMR0079,OCALA 8.3 W,FL
US1FLMR0088,THE VILLAGES 3.7 NNW,FL
US1FLMR0089,OCALA 12.5 W,FL
US1FLMR0092,OCALA 9.9 SW,FL
US1FLMR0094,OCALA 8.4 SSW,FL
US1FLMR0095,OCALA 3.1 SSE,FL
US1FLMR0096,SALT SPRINGS 2.5 NW,FL
US1FLMT0001,PALM CITY 4.0 SW,FL
US1FLMT0018,STUART 1.0 ESE,FL
US1FLMT0019,JENSEN BEACH 2.2 NW,FL
US1FLMT0021,PALM CITY 3.1 NW,FL
US1FLMT0028,JENSEN BEACH 1.5 N,FL
US1FLMT0031,PALM CITY 1.4 NW,FL
US1FLMT0035,STUART 8.4 S,FL
US1FLMT0036,JENSEN BEACH 1.4 N,FL
US1FLMT0037,STUART 5.9 SSE,FL
US1FLMT0039,PALM CITY 0.9 SW,FL
US1FLMT0042,HOBE SOUND 0.6 WNW,FL
US1FLMT0046,PORT SALERNO 2.4 SW,FL
US1FLMT0048,STUART 5.8 S,FL
US1FLNS0014,FERNANDINA BEACH 6.3 SW,FL
US1FLNS0017,FERNANDINA BEACH 2.3 S,FL
US1FLNS0021,FERNANDINA BEACH 2.4 S,FL
US1FLOB0002,OKEECHOBEE 27.1 NNW,FL
US1FLOB0005,OKEECHOBEE 18.0 NNW,FL
US1FLOB0008,OKEECHOBEE 5.2 SSW,FL
US1FLOK0001,NICEVILLE 3.6 SE,FL
US1FLOK0002,EGLIN AFB 5.6 NE,FL
US1FLOK0020,NICEVILLE 3.4 ESE,FL
US1FLOK0028,DESTIN 1.5 WNW,FL
US1FLOK0029,MARY ESTHER 0.6 E,FL
US1FLOK0041,SHALIMAR 1.2 NNW,FL
US1FLOK0042,VALPARAISO 1.4 N,FL
US1FLOK0043,FORT WALTON BEACH 1.7 ESE,FL
US1FLOK0049,WRIGHT 0.7 NNW,FL
US1FLOK0052,BAKER 1.8 SSE,FL
US1FLOK0056,CRESTVIEW 3.0 SSE,FL
US1FLOK0058,CRESTVIEW 2.8 SSE,FL
US1FLOR0019,UNION PARK 1.1 E,FL
US1FLOR0026,ORLANDO 4.8 NNW,FL
US1FLOR0027,ORLANDO 4.9 N,FL
US1FLOR0030,ORLANDO 12.0 S,FL
US1FLOR0034,OCOEE 1.4 N,FL
US1FLOR0054,APOPKA 1.0 E,FL
US1FLOR0061,OAKLAND 1.5 WSW,FL
US1FLOR0062,OAKLAND 2.6 SSE,FL
US1FLOR0065,ORLANDO 5.3 ENE,FL
US1FLOR0072,UNION PARK 3.1 SE,FL
US1FLOR0074,MEADOW WOOD 1.1 SSE,FL
US1FLOR0080,BITHLO 7.6 S,FL
US1FLOR0081,APOPKA 2.6 ENE,FL
US1FLOR0085,BITHLO 0.8 NW,FL
US1FLOS0031,CAMPBELL 1.4 NNW,FL
US1FLOS0036,ST. CLOUD 8.0 E,FL
US1FLOS0037,ST CLOUD 3.1 E,FL
US1FLOS0041,KISSIMMEE 3.7 SSW,FL
US1FLPB0007,SUN VALLEY 0.8 SW,FL
US1FLPB0009,JUPITER 7.9 W,FL
US1FLPB0012,ABERDEEN 4.2 NNW,FL
US1FLPB0013,LAKE WORTH 1.0 NNW,FL
US1FLPB0031,ROYAL PALM BEACH 5.0 W,FL
US1FLPB0034,PAHOKEE 1.6 NE,FL
US1FLPB0037,WELLINGTON 0.7 SE,FL
US1FLPB0043,JUPITER 2.0 SW,FL
US1FLPB0061,DELRAY BEACH 1.6 WSW,FL
US1FLPB0063,DELRAY BEACH 1.9 SSE,FL
US1FLPB0072,BOYNTON BEACH 6.5 WNW,FL
US1FLPB0080,BOCA RATON 3.8 WSW,FL
US1FLPB0081,PALM BEACH SHORES 1.4 N,FL
US1FLPB0087,GOLDEN LAKES 2.4 SSW,FL
US1FLPB0096,BELLE GLADE 2.6 N,FL
US1FLPB0098,ROYAL PALM BEACH 6.9 WNW,FL
US1FLPB0116,JUPITER 2.9 NW,FL
US1FLPB0117,GREENACRES CITY 2.9 SW,FL
US1FLPB0122,NORTH PALM BEACH 0.7 W,FL
US1FLPB0124,NORTH PALM BEACH 0.3 SW,FL
US1FLPB0127,BOCA RATON 5.5 WNW,FL
US1FLPB0129,BOCA RATON 3.2 SSE,FL
US1FLPK0032,LAKELAND 5.3 WNW,FL
US1FLPK0035,FROSTPROOF 4.6 SW,FL
US1FLPK0039,BARTOW 7.8 SE,FL
US1FLPK0076,AUBURNDALE 2.4 NNE,FL
US1FLPK0078,LOUGHMAN 2.0 ESE,FL
US1FLPK0081,AUBURNDALE 3.1 WSW,FL
US1FLPK0084,BARTOW 1.9 NW,FL
US1FLPK0087,LAKELAND 5.8 NE,FL
US1FLPK0090,LAKELAND 2.8 SSW,FL
US1FLPK0091,WINTER HAVEN 7.7 SSE,FL
US1FLPK0094,MULBERRY 0.4 SW,FL
US1FLPK0096,WINTER HAVEN 6.6 SSE,FL
US1FLPK0098,CROOKED LAKE PARK 4.5 WSW,FL
US1FLPN0006,SOUTH PASADENA 1.0 NE,FL
US1FLPN0034,ST. PETERSBURG 3.2 NNW,FL
US1FLPN0035,GULFPORT 0.9 NNW,FL
US1FLPN0036,DUNEDIN 2.8 ESE,FL
US1FLPN0060,ST. PETERSBURG 4.5 NW,FL
US1FLPN0071,PALM HARBOR 1.0 S,FL
US1FLPN0074,ST. PETERSBURG 1.6 WNW,FL
US1FLPN0077,SEMINOLE 3.3 WNW,FL
US1FLPN0079,ST. PETERSBURG 2.2 N,FL
US1FLPN0083,CLEARWATER 1.6 N,FL
US1FLPN0087,GULFPORT 0.6 SSE,FL
US1FLPN0090,PINELLAS PARK 1.7 ENE,FL
US1FLPN0094,LARGO 3.1 SE,FL
US1FLPN0096,CLEARWATER 2.9 SE,FL
US1FLPN0099,ST. PETERSBURG 4.9 WNW,FL
US1FLPN0104,LARGO 1.5 SSW,FL
US1FLPN0105,FEATHER SOUND 1.3 S,FL
US1FLPN0115,PALM HARBOR 0.8 WNW,FL
US1FLPN0116,TARPON SPRINGS 3.1 E,FL
US1FLPN0122,ST. PETERSBURG 3.5 NNW,FL
US1FLPN0126,DUNEDIN 2.4 ESE,FL
US1FLPN0129,ST. PETERSBURG 5.5 N,FL
US1FLPN0130,ST. PETERSBURG 6.4 W,FL
US1FLPN0131,SEMINOLE 0.9 S,FL
US1FLPN0133,PALM HARBOR 2.7 SE,FL
US1FLPN0134,CLEARWATER 1.0 SW,FL
US1FLPN0135,LARGO 2.3 SSE,FL
US1FLPN0136,CLEARWATER 3.1 ENE,FL
US1FLPN0139,CLEARWATER 1.0 NNE,FL
US1FLPS0001,HUDSON 1.1 ESE,FL
US1FLPS0004,PORT RICHEY 2.0 NNE,FL
US1FLPS0006,LUTZ 3.4 NE,FL
US1FLPS0010,DADE CITY 1.8 WSW,FL
US1FLPS0015,DADE CITY 4.3 N,FL
US1FLPS0018,ZEPHYRHILLS NORTH 2.3 N,FL
US1FLPS0043,LAND O LAKES 1.5 SSE,FL
US1FLPS0065,TRINITY 3.0 ENE,FL
US1FLPS0073,WESLEY CHAPEL 1.7 ESE,FL
US1FLPS0081,DADE CITY 5.1 W,FL
US1FLPS0084,ZEPHYRHILLS 2.0 SSE,FL
US1FLPS0089,NEW PORT RICHEY 4.7 S,FL
US1FLPS0094,ZEPHYRHILLS 1.6 NW,FL
US1FLPS0097,WESLEY CHAPEL 1.2 SSE,FL
US1FLPT0004,SATSUMA 0.2 WSW,FL
US1FLPT0007,SATSUMA 4.0 NE,FL
US1FLPT0008,EAST PALATKA 3.5 NNW,FL
US1FLPT0009,INTERLACHEN 2.8 NNE,FL
US1FLPT0012,FLORAHOME 4.1 NNE,FL
US1FLPT0021,CRESCENT CITY 2.0 N,FL
US1FLPT0024,SAN MATEO 2.5 SE,FL
US1FLPT0026,INTERLACHEN 3.6 NNE,FL
US1FLPT0027,HOLLISTER 0.5 NW,FL
US1FLPT0029,PALATKA 3.6 W,FL
US1FLPT0032,INTERLACHEN 4.4 WNW,FL
US1FLPT0033,EAST PALATKA 1.0 SW,FL
US1FLSJ0004,ST. AUGUSTINE SOUTH 2.1 SSW,FL
US1FLSJ0020,ST. AUGUSTINE 3.1 SSE,FL
US1FLSJ0028,ST. AUGUSTINE 3.4 SW,FL
US1FLSJ0029,SAWGRASS 0.0 E,FL
US1FLSJ0031,PALM VALLEY 5.9 SSW,FL
US1FLSJ0033,SAWGRASS 2.2 S,FL
US1FLSJ0034,ST. AUGUSTINE 5.1 WNW,FL
US1FLSL0013,PORT ST. LUCIE 2.4 SSW,FL
US1FLSL0017,TRADITION 5.6 W,FL
US1FLSL0019,PORT ST. LUCIE 4.0 NE,FL
US1FLSL0022,PORT ST. LUCIE 2.4 N,FL
US1FLSL0033,FORT PIERCE 5.1 SSW,FL
US1FLSL0043,PORT ST. LUCIE 4.1 SW,FL
US1FLSL0050,PORT ST. LUCIE 1.8 SW,FL
US1FLSL0054,JENSEN BEACH 4.1 NNE,FL
US1FLSL0059,FORT PIERCE 5.8 SSE,FL
US1FLSM0004,SANFORD 0.3 ESE,FL
US1FLSM0008,CHULUOTA 0.9 N,FL
US1FLSM0026,ALTAMONTE SPRINGS 1.5 N,FL
US1FLSM0027,ALTAMONTE SPRINGS 1.4 SE,FL
US1FLSM0034,OVIEDO 2.1 N,FL
US1FLSM0035,CASSELBERRY 2.3 ESE,FL
US1FLSM0037,CHULUOTA 0.6 WSW,FL
US1FLSM0038,WINTER SPRINGS 1.8 SSE,FL
US1FLSM0039,LONGWOOD 2.8 NW,FL
US1FLSM0043,WINTER SPRINGS 0.6 S,FL
US1FLSM0044,MAITLAND 1.4 NE,FL
US1FLSM0047,SANFORD 2.5 W,FL
US1FLSM0049,WINTER SPRINGS 0.6 E,FL
US1FLSM0050,LONGWOOD 1.5 N,FL
US1FLSM0052,CASSELBERRY 1.9 E,FL
US1FLSM0053,WINTER SPRINGS 0.8 ESE,FL
US1FLSM0055,OVIEDO 3.2 NNE,FL
US1FLSM0057,CHULUOTA 2.4 SE,FL
US1FLSM0059,SANFORD 2.1 SW,FL
US1FLSR0012,NAVARRE 2.1 WNW,FL
US1FLSR0026,MILTON 2.9 NW,FL
US1FLSR0030,NAVARRE 4.1 ENE,FL
US1FLSR0033,NAVARRE 2.3 ENE,FL
US1FLSR0036,JAY 4.0 WSW,FL
US1FLSR0038,NAVARRE 3.0 ENE,FL
US1FLSR0042,MILTON 8.0 E,FL
US1FLSR0043,MILTON 0.9 NNW,FL
US1FLSR0044,NAVARRE 0.6 N,FL
US1FLSS0015,NORTH PORT 4.7 NNE,FL
US1FLSS0022,ENGLEWOOD 2.0 NNW,FL
US1FLSS0034,NORTH PORT 2.6 E,FL
US1FLSS0040,VENICE 4.8 SSE,FL
US1FLSS0053,NORTH PORT 2.1 NNW,FL
US1FLSS0059,NORTH PORT 4.2 E,FL
US1FLSS0062,VAMO 2.1 E,FL
US1FLSS0063,SARASOTA 4.8 ENE,FL
US1FLSS0082,ENGLEWOOD 0.2 ENE,FL
US1FLSS0084,NORTH PORT 5.2 NNE,FL
US1FLSS0088,OSPREY 1.1 ESE,FL
US1FLSS0091,SARASOTA 2.6 SE,FL
US1FLSS0098,SARASOTA 3.8 SSE,FL
US1FLSS0100,VENICE 4.9 SSE,FL
US1FLSS0102,VENICE 4.2 ESE,FL
US1FLST0009,LADY LAKE 4.3 SSW,FL
US1FLST0026,THE VILLAGES 2.8 ESE,FL
US1FLST0032,LADY LAKE 4.3 W,FL
US1FLST0035,OXFORD 0.8 SW,FL
US1FLST0037,THE VILLAGES 5.3 S,FL
US1FLST0038,WILDWOOD 2.8 ENE,FL
US1FLSW0001,LIVE OAK 0.4 NE,FL
US1FLSW0008,LIVE OAK 10.0 W,FL
US1FLSW0014,SUWANNEE SPRINGS 0.9 S,FL
US1FLSW0016,LIVE OAK 6.4 NE,FL
US1FLTY0008,STEINHATCHEE 2.0 SE,FL
US1FLVL0001,NEW SMYRNA BEACH 1.5 E,FL
US1FLVL0003,DE LAND 4.5 NW,FL
US1FLVL0005,ORMOND BEACH 3.5 SE,FL
US1FLVL0006,EDGEWATER 2.4 N,FL
US1FLVL0009,DE LAND 5.7 NW,FL
US1FLVL0040,EDGEWATER 0.1 SW,FL
US1FLVL0042,DAYTONA BEACH SHORES 1.8 SSE,FL
US1FLVL0044,PORT ORANGE 2.9 WSW,FL
US1FLVL0051,DE BARY 1.7 NE,FL
US1FLVL0060,PORT ORANGE 2.5 NNE,FL
US1FLVL0061,ORMOND BEACH 4.8 NNE,FL
US1FLVL0062,PORT ORANGE 0.2 NNW,FL
US1FLVL0063,ORMOND-BY-THE-SEA 0.1 SSE,FL
US1FLVL0070,DE LAND 0.6 SSE,FL
US1FLVL0071,DE LEON SPRINGS 3.2 ENE,FL
US1FLVL0077,NEW SMYRNA BEACH 3.9 W,FL
US1FLVL0081,ORMOND-BY-THE-SEA 0.8 SSE,FL
US1FLVL0082,ORMOND BEACH 4.1 ESE,FL
US1FLVL0083,DE LAND 3.9 SSE,FL
US1FLVL0084,LAKE HELEN 0.4 SW,FL
US1FLVL0087,PORT ORANGE 0.8 NNW,FL
US1FLVL0089,NEW SMYRNA BEACH 8.5 W,FL
US1FLVL0090,LAKE HELEN 0.9 S,FL
US1FLVL0091,DELAND 4.2 NW,FL
US1FLVL0099,ORMOND BEACH 2.0 ENE,FL
US1FLVL0101,NEW SMYRNA BEACH 1.4 WNW,FL
US1FLVL0103,ORANGE CITY 1.4 ENE,FL
US1FLVL0104,ORMOND BEACH 3.9 SW,FL
US1FLVL0105,PIERSON 1.0 ENE,FL
US1FLVL0114,DELTONA 2.6 SSW,FL
US1FLVL0115,ORMOND BEACH 2.7 NE,FL
US1FLWS0001,VERNON 10.6 WSW,FL
US1FLWS0003,SUNNY HILLS 3.3 N,FL
US1FLWS0006,VERNON 0.5 NW,FL
US1FLWT0003,MIRAMAR BEACH 9.5 ESE,FL
US1FLWT0005,DE FUNIAK SPRINGS 12.5 NW,FL
US1FLWT0022,DE FUNIAK SPRINGS 4.1 NNW,FL
US1FLWT0023,DE FUNIAK SPRINGS 7.3 NNE,FL
US1FLWT0025,INLET BEACH 2.7 WNW,FL
US1FLWT0028,SEACREST 0.4 NW,FL
US1FLWT0029,DE FUNIAK SPRINGS 4.8 S,FL
US1GAAT0002,PEARSON 3.5 NE,GA
US1GABB0006,MACON 5.8 NW,GA
US1GABB0016,MACON 6.3 E,GA
US1GABB0019,MACON 2.5 NNE,GA
US1GABD0001,MILLEDGEVILLE 6.5 SSE,GA
US1GABD0005,MILLEDGEVILLE 0.9 N,GA
US1GABN0001,BALDWIN 1.4 ESE,GA
US1GABR0002,RICHMOND HILL 0.5 NE,GA
US1GABR0005,RICHMOND HILL 7.0 ESE,GA
US1GABR0012,ELLABELL 5.0 NNW,GA
US1GABS0006,JACKSON 5.6 NE,GA
US1GABT0001,ADAIRSVILLE 6.4 WSW,GA
US1GABT0007,EUHARLEE 1.1 NNE,GA
US1GABU0013,STATESBORO 4.4 N,GA
US1GABW0004,WINDER 3.9 NNE,GA
US1GABW0007,WINDER 1.1 SE,GA
US1GABW0012,AUBURN 1.6 E,GA
US1GACB0002,SMYRNA 2.3 NE,GA
US1GACB0004,SANDY SPRINGS 3.2 WNW,GA
US1GACB0006,KENNESAW 5.6 SW,GA
US1GACB0008,KENNESAW 2.9 NE,GA
US1GACB0037,SMYRNA 0.4 NE,GA
US1GACB0061,MARIETTA 4.0 WNW,GA
US1GACB0064,MARIETTA 0.8 WSW,GA
US1GACB0070,MARIETTA 4.2 SW,GA
US1GACB0071,MARIETTA 4.0 NNE,GA
US1GACD0002,METTER 7.0 N,GA
US1GACE0023,BALL GROUND 0.5 NNW,GA
US1GACE0052,WOODSTOCK 7.3 ENE,GA
US1GACE0054,BALL GROUND 0.1 W,GA
US1GACF0001,DOUGLAS 2.5 WSW,GA
US1GACG0011,SUMMERVILLE 9.4 ENE,GA
US1GACK0006,ATHENS 4.6 SE,GA
US1GACK0010,ATHENS 4.5 SE,GA
US1GACK0011,ATHENS 7.6 SE,GA
US1GACK0017,ATHENS 3.2 NW,GA
US1GACK0027,ATHENS 3.8 WNW,GA
US1GACK0030,GAINES SCHOOL 3.7 SE,GA
US1GACK0038,ATHENS 4.7 ESE,GA
US1GACK0040,GAINES SCHOOL 2.4 SSE,GA
US1GACK0042,ATHENS 1.7 ENE,GA
US1GACL0005,TEMPLE 0.7 E,GA
US1GACL0006,CARROLLTON 3.2 SW,GA
US1GACL0007,VILLA RICA 1.1 SSE,GA
US1GACL0015,VILLA RICA 2.6 NNW,GA
US1GACL0021,CARROLLTON 7.0 S,GA
US1GACM0014,KINGSLAND 3.1 NE,GA
US1GACM0018,KINGSLAND 1.2 WSW,GA
US1GACM0019,ST. MARYS 3.0 SE,GA
US1GACN0005,RIVERDALE 3.0 WSW,GA
US1GACQ0002,MOULTRIE 6.2 SW,GA
US1GACQ0012,MOULTRIE 9.1 NW,GA
US1GACQ0013,MOULTRIE 1.4 NNE,GA
US1GACS0016,RINGGOLD 3.7 NNW,GA
US1GACS0018,RINGGOLD 0.1 ENE,GA
US1GACS0020,RINGGOLD 2.8 WNW,GA
US1GACT0001,POOLER 1.2 NNE,GA
US1GACT0015,COFFEE BLUFF,GA
US1GACT0019,SKIDAWAY ISLAND 0.8 NE,GA
US1GACT0028,GARDEN CITY 1.2 NNE,GA
US1GACT0036,SAVANNAH 5.9 SSW,GA
US1GACT0057,SAVANNAH 4.7 ESE,GA
US1GACT0060,SAVANNAH 2.3 SSW,GA
US1GACT0064,SAVANNAH 10.4 E,GA
US1GACT0080,SAVANNAH 9.6 E,GA
US1GACT0089,SAVANNAH 7.9 SSE,GA
US1GACT0099,SAVANNAH 6.0 SSE,GA
US1GACT0100,TYBEE ISLAND 1.1 NNE,GA
US1GACU0003,EVANS 2.1 NNW,GA
US1GACU0006,MARTINEZ 0.9 NW,GA
US1GACU0009,APPLING 2.0 SE,GA
US1GACU0021,MARTINEZ 3.0 NE,GA
US1GACU0026,MARTINEZ 2.7 WSW,GA
US1GACU0029,EVANS 5.3 WNW,GA
US1GACU0031,EVANS 4.5 NW,GA
US1GACW0002,SHARPSBURG 6.0 N,GA
US1GACW0004,NEWNAN 5.7 W,GA
US1GACW0009,NEWNAN 2.6 W,GA
US1GACW0025,NEWNAN 3.6 N,GA
US1GACW0026,SHARPSBURG 6.1 N,GA
US1GACW0029,SENOIA 4.0 W,GA
US1GADC0003,BAINBRIDGE 2.3 ESE,GA
US1GADD0001,TRENTON 5.8 S,GA
US1GADG0004,CHAUNCEY 2.6 SW,GA
US1GADG0005,EASTMAN 2.1 ENE,GA
US1GADG0009,EASTMAN 4.5 W,GA
US1GADH0008,ALBANY 5.8 W,GA
US1GADH0010,ALBANY 7.3 W,GA
US1GADH0012,ALBANY 2.5 WNW,GA
US1GADK0001,TUCKER 1.3 ENE,GA
US1GADK0007,NORTH DECATUR 3.0 NNE,GA
US1GADK0033,DECATUR 1.2 NE,GA
US1GADK0036,DUNWOODY 1.2 SW,GA
US1GADK0041,DECATUR 2.6 NE,GA
US1GADK0051,TUCKER 0.6 N,GA
US1GADK0061,CHAMBLEE 1.2 SW,GA
US1GADK0064,DECATUR 2.6 NNE,GA
US1GADK0070,TUCKER 2.2 W,GA
US1GAEF0013,MARLOW 0.0 S,GA
US1GAEF0018,RINCON 5.3 NNE,GA
US1GAEF0022,GUYTON 11.1 SE,GA
US1GAEL0003,ELBERTON 12.7 ESE,GA
US1GAEL0011,DEWY ROSE 3.4 SW,GA
US1GAEM0004,SWAINSBORO 0.9 W,GA
US1GAEM0005,SWAINSBORO 4.5 SSE,GA
US1GAEV0001,BELLVILLE 2.8 N,GA
US1GAFL0018,ROME 2.1 SE,GA
US1GAFL0021,ROME 5.2 N,GA
US1GAFL0023,CALHOUN 9.9 WSW,GA
US1GAFL0026,ROME 3.7 SSE,GA
US1GAFN0001,BLUE RIDGE 9.4 WNW,GA
US1GAFN0007,MORGANTON 3.1 SSE,GA
US1GAFN0008,MORGANTON 0.8 W,GA
US1GAFN0013,BLUE RIDGE 9.5 SE,GA
US1GAFR0001,CARNESVILLE 7.3 SW,GA
US1GAFR0006,ROYSTON 4.0 W,GA
US1GAFS0003,FLOWERY BRANCH 6.1 NW,GA
US1GAFS0020,CUMMING 3.1 SSE,GA
US1GAFS0023,CUMMING 6.9 WSW,GA
US1GAFS0027,GAINESVILLE 9.0 W,GA
US1GAFS0035,CUMMING 3.2 SW,GA
US1GAFS0041,CUMMING 1.5 NW,GA
US1GAFS0043,CUMMING 4.0 NE,GA
US1GAFT0005,ATLANTA 3.7 N,GA
US1GAFT0024,ATLANTA 2.3 NE,GA
US1GAFT0037,ATLANTA 3.2 S,GA
US1GAFT0048,ROSWELL 5.9 SE,GA
US1GAFT0051,ALPHARETTA 3.7 ENE,GA
US1GAFT0063,ROSWELL 0.7 SE,GA
US1GAFT0069,ALPHARETTA 4.8 WNW,GA
US1GAFT0073,ATLANTA 5.3 NE,GA
US1GAFT0074,FAIRBURN 4.7 WNW,GA
US1GAFY0001,WOOLSEY 2.5 SSW,GA
US1GAFY0007,FAYETTEVILLE 3.3 SSE,GA
US1GAFY0016,PEACHTREE CITY 2.9 SSE,GA
US1GAFY0017,PEACHTREE CITY 2.9 SE,GA
US1GAFY0028,FAYETTEVILLE 2.1 NNE,GA
US1GAFY0030,PEACHTREE CITY 0.3 SE,GA
US1GAFY0035,TYRONE 1.8 ENE,GA
US1GAGD0003,SUGAR VALLEY 2.9 NW,GA
US1GAGD0009,PLAINVILLE 3.6 W,GA
US1GAGE0001,GREENSBORO 11.2 S,GA
US1GAGE0005,BUCKHEAD 6.4 SE,GA
US1GAGM0004,ELLIJAY 9.9 NW,GA
US1GAGM0012,ELLIJAY 2.2 W,GA
US1GAGM0015,ELLIJAY 7.2 SSE,GA
US1GAGN0005,ST. SIMONS 1.1 SW,GA
US1GAGN0007,JEKYLL ISLAND 0.6 E,GA
US1GAGW0017,DACULA 2.1 NNW,GA
US1GAGW0033,DULUTH 0.9 ENE,GA
US1GAGW0040,BUFORD 2.8 SSE,GA
US1GAGW0057,LAWRENCEVILLE 6.2 SW,GA
US1GAGW0059,SUWANEE 1.6 ENE,GA
US1GAGW0060,SUWANEE 1.7 ESE,GA
US1GAGW0062,TUCKER 2.3 NNE,GA
US1GAGW0063,BUFORD 4.2 ESE,GA
US1GAGW0064,SUWANEE 0.5 NNW,GA
US1GAGW0069,DULUTH 4.0 S,GA
US1GAGW0071,NORCROSS 4.5 ESE,GA
US1GAGY0002,CAIRO 9.2 NNW,GA
US1GAGY0003,CAIRO 3.7 ESE,GA
US1GAHB0005,HELEN 9.5 ENE,GA
US1GAHL0001,FLOWERY BRANCH 1.1 SSW,GA
US1GAHL0010,FLOWERY BRANCH 3.9 NE,GA
US1GAHL0022,CLERMONT 1.4 SW,GA
US1GAHN0005,BREMEN 1.4 E,GA
US1GAHR0002,PINE MOUNTAIN 2.8 SE,GA
US1GAHR0007,WAVERLY HALL 6.9 S,GA
US1GAHS0005,BONAIRE 3.0 W,GA
US1GAHS0024,BYRON 2.0 E,GA
US1GAHS0029,ROBINS AFB 2.8 NNW,GA
US1GAHS0030,PERRY 1.5 WNW,GA
US1GAHT0002,HARTWELL 5.6 NW,GA
US1GAHY0003,MCDONOUGH 1.7 NW,GA
US1GAHY0007,ELLENWOOD 2.5 NE,GA
US1GAHY0018,MCDONOUGH 7.5 NE,GA
US1GAHY0021,MCDONOUGH 3.6 E,GA
US1GAJC0003,NICHOLSON 4.2 S,GA
US1GAJC0017,BRASELTON 0.7 NW,GA
US1GAJC0023,JEFFERSON 1.5 SSW,GA
US1GAJC0024,HOSCHTON 0.3 WSW,GA
US1GAJC0027,NICHOLSON 2.1 E,GA
US1GAJN0006,MACON 6.8 ENE,GA
US1GAJN0007,GRAY 0.3 SW,GA
US1GALB0004,MIDWAY 3.3 ENE,GA
US1GALB0006,MIDWAY 3.8 NE,GA
US1GALB0010,MIDWAY 12.7 ESE,GA
US1GALN0003,LAKELAND 4.8 W,GA
US1GALW0004,LAKE PARK 2.8 W,GA
US1GALW0027,VALDOSTA 5.1 WSW,GA
US1GALW0028,VALDOSTA 4.0 NNE,GA
US1GAMA0005,DANIELSVILLE 3.3 SE,GA
US1GAMA0008,ILA 4.1 SW,GA
US1GAMA0009,COMMERCE 3.2 E,GA
US1GAMA0010,NICHOLSON 4.9 SE,GA
US1GAMA0016,NICHOLSON 5.7 SE,GA
US1GAMA0019,COMER 8.0 N,GA
US1GAMA0023,DANIELSVILLE 5.1 NE,GA
US1GAMA0024,HULL 0.6 NNE,GA
US1GAMD0005,THOMSON 2.6 S,GA
US1GAMD0006,THOMSON 5.1 NE,GA
US1GAMG0003,MADISON 1.5 NNE,GA
US1GAMG0007,MADISON 9.6 S,GA
US1GAMG0009,MADISON 7.8 SSE,GA
US1GAMG0010,MADISON 7.0 NNW,GA
US1GAMI0001,RICEBORO 11.4 SE,GA
US1GAMI0002,SAPELO ISLAND 2.3 NW,GA
US1GAMN0004,BERNER 0.4 ENE,GA
US1GAMN0007,FORSYTH 1.1 W,GA
US1GAMN0010,FORSYTH 8.3 S,GA
US1GAMS0004,COLUMBUS 5.6 NNE,GA
US1GAMS0007,WAVERLY HALL 8.2 S,GA
US1GAMS0010,COLUMBUS 4.6 NNW,GA
US1GAMT0002,PELHAM 10.8 W,GA
US1GAMW0008,GREENVILLE 0.4 E,GA
US1GANW0001,COVINGTON 2.4 SW,GA
US1GANW0007,COVINGTON 7.7 SE,GA
US1GAOC0001,WATKINSVILLE 1.8 NNE,GA
US1GAOC0002,ATHENS 4.4 SSW,GA
US1GAOC0009,WATKINSVILLE 1.6 ENE,GA
US1GAOC0012,WATKINSVILLE 5.4 NW,GA
US1GAOC0014,BISHOP 2.6 WSW,GA
US1GAOC0015,BOGART 4.7 SSE,GA
US1GAOC0016,BISHOP 2.6 WSW,GA
US1GAOC0018,WATKINSVILLE 3.7 S,GA
US1GAOC0020,BOGART 2.4 S,GA
US1GAOG0002,RAYLE 7.2 N,GA
US1GAOG0010,LEXINGTON 5.5 ESE,GA
US1GAOG0012,ARNOLDSVILLE 3.7 SSW,GA
US1GAOG0015,COLBERT 3.1 SSE,GA
US1GAOG0021,CARLTON 1.9 SSE,GA
US1GAOG0029,LEXINGTON 0.4 ESE,GA
US1GAPC0001,JASPER 0.6 ENE,GA
US1GAPC0007,NELSON 6.6 NE,GA
US1GAPC0015,BIG CANOE 0.6 E,GA
US1GAPE0001,FORT VALLEY 0.7 ESE,GA
US1GAPE0003,BYRON 3.0 S,GA
US1GAPG0017,DALLAS 7.7 NNE,GA
US1GAPG0020,DALLAS 7.0 NNE,GA
US1GAPG0022,DALLAS 5.0 ENE,GA
US1GAPL0003,CEDARTOWN 2.9 SE,GA
US1GAPL0005,CEDARTOWN 4.6 SSW,GA
US1GAPL0012,ROCKMART 7.8 SW,GA
US1GAPT0006,EATONTON 9.6 S,GA
US1GAPT0008,EATONTON 5.8 NE,GA
US1GARB0001,DILLARD 3.5 NE,GA
US1GARB0004,RABUN GAP 2.1 SW,GA
US1GARB0006,RABUN GAP 1.1 WNW,GA
US1GARB0015,MOUNTAIN CITY 2.0 W,GA
US1GARC0015,AUGUSTA 3.0 WNW,GA
US1GARC0016,AUGUSTA 6.6 S,GA
US1GARC0018,MARTINEZ 1.3 SE,GA
US1GARC0019,SOUTH AUGUSTA 4.1 S,GA
US1GARK0001,CONYERS 4.0 S,GA
US1GARK0007,CONYERS 7.3 SSW,GA
US1GASM0002,DONALSONVILLE 17.7 S,GA
US1GASP0003,GRIFFIN 0.5 ESE,GA
US1GASP0009,GRIFFIN 5.8 WNW,GA
US1GASR0006,AMERICUS 3.0 SSW,GA
US1GAST0008,TOCCOA 6.3 SSW,GA
US1GAST0009,MARTIN 0.7 SE,GA
US1GASV0005,NEWINGTON 0.5 SSE,GA
US1GASV0007,SYLVANIA 5.5 ENE,GA
US1GASV0008,ROCKY FORD 4.2 N,GA
US1GASY0003,ELLAVILLE 4.5 ENE,GA
US1GATE0004,MCRAE 6.6 SE,GA
US1GATF0003,TIFTON 1.4 ENE,GA
US1GATG0001,DANVILLE 3.3 W,GA
US1GATH0004,THOMASVILLE 5.1 ESE,GA
US1GATN0004,COLLINS 7.3 NNE,GA
US1GATP0001,LA GRANGE 10.6 ESE,GA
US1GATP0003,LA GRANGE 1.2 NNE,GA
US1GATW0001,HIAWASSEE 4.8 SSE,GA
US1GATY0001,BUTLER 8.3 NNW,GA
US1GAUN0012,BLAIRSVILLE 2.6 W,GA
US1GAUN0013,BLAIRSVILLE 3.9 NW,GA
US1GAUP0001,THE ROCK 1.0 N,GA
US1GAWA0003,LA FAYETTE 11.0 W,GA
US1GAWF0004,DALTON 7.8 SE,GA
US1GAWG0006,HARRISON 2.2 ESE,GA
US1GAWH0003,CLEVELAND 3.9 WNW,GA
US1GAWH0005,HELEN 3.7 ENE,GA
US1GAWH0007,CLEVELAND 0.6 NE,GA
US1GAWH0009,CLEVELAND 4.7 W,GA
US1GAWH0011,HELEN 3.5 NE,GA
US1GAWH0014,CLEVELAND 7.1 SSE,GA
US1GAWL0001,LOGANVILLE 4.5 SW,GA
US1GAWL0012,LOGANVILLE 4.0 E,GA
US1GAWL0018,MONROE 4.4 WSW,GA
US1GAWL0024,MONROE 1.8 ENE,GA
US1GAWN0001,WARRENTON 0.7 WNW,GA
US1GAWT0003,SYLVESTER 5.5 WSW,GA
US1GAWY0002,JESUP 7.1 N,GA
US1GAWY0007,SCREVEN 2.3 ENE,GA
US1ILAD0016,QUINCY 4.4 ESE,IL
US1ILAD0021,QUINCY 2.7 N,IL
US1ILAL0002,CAIRO 0.8 N,IL
US1ILCE0008,CHARLESTON 4.7 SSW,IL
US1ILCE0012,MATTOON 0.5 NW,IL
US1ILCE0013,CHARLESTON 0.8 NW,IL
US1ILCH0002,HARDIN 3.9 S,IL
US1ILCL0003,MARSHALL 1.1 SSW,IL
US1ILCL0004,MARSHALL 0.4 W,IL
US1ILCN0003,PANA 6.2 NNE,IL
US1ILCN0004,EDINBURG 3.0 W,IL
US1ILCN0013,MORRISONVILLE 0.5 SSE,IL
US1ILCN0015,PANA 0.9 NW,IL
US1ILCP0021,BROADLANDS 0.1 SSW,IL
US1ILCP0118,SADORUS 0.2 WSW,IL
US1ILCP0166,PHILO 0.4 SE,IL
US1ILCP0170,TOLONO 0.4 W,IL
US1ILCS0003,ARENZVILLE 5.3 NNE,IL
US1ILCT0009,BREESE 0.6 NNE,IL
US1ILCT0010,BARTELSO 1.7 E,IL
US1ILCT0012,TRENTON 3.3 NE,IL
US1ILCW0007,PALESTINE 0.4 WNW,IL
US1ILDG0011,TUSCOLA 0.6 NNE,IL
US1ILDG0012,CAMARGO 4.5 ESE,IL
US1ILDG0015,NEWMAN 0.3 SE,IL
US1ILEF0006,EFFINGHAM 2.3 WNW,IL
US1ILEF0010,WATSON 0.3 NE,IL
US1ILEF0029,ALTAMONT 3.8 SSW,IL
US1ILEF0032,EFFINGHAM 4.2 WNW,IL
US1ILEF0034,DIETERICH 10.1 SW,IL
US1ILEF0035,SHUMWAY 2.1 NW,IL
US1ILEW0003,ALBION 0.2 SW,IL
US1ILEW0004,ALBION 1.4 E,IL
US1ILEW0005,WEST SALEM 0.2 E,IL
US1ILFK0006,BENTON 1.3 NNE,IL
US1ILFK0007,CHRISTOPHER 1.1 NNW,IL
US1ILFK0015,WEST FRANKFORT 7.5 E,IL
US1ILFY0002,ST. ELMO 2.4 NNW,IL
US1ILGL0005,SHAWNEETOWN 3.1 WSW,IL
US1ILHM0003,MCLEANSBORO 4.9 W,IL
US1ILHM0004,MCLEANSBORO 7.8 SE,IL
US1ILJF0009,BELLE RIVE 1.7 NNE,IL
US1ILJF0010,MOUNT VERNON 5.2 SSW,IL
US1ILJF0014,MOUNT VERNON 1.3 WSW,IL
US1ILJH0002,GOREVILLE 3.8 NE,IL
US1ILJH0003,CYPRESS 1.4 WSW,IL
US1ILJK0013,CARBONDALE 2.5 W,IL
US1ILJK0014,DE SOTO 0.3 ESE,IL
US1ILJK0018,CARBONDALE 3.8 S,IL
US1ILJK0019,MURPHYSBORO 2.8 NNE,IL
US1ILJK0020,MURPHYSBORO 1.3 NW,IL
US1ILJK0024,CARBONDALE 1.2 W,IL
US1ILJK0025,CARBONDALE 3.7 S,IL
US1ILJK0031,CARBONDALE 0.7 W,IL
US1ILJK0032,MAKANDA 1.5 SSE,IL
US1ILJK0033,CARBONDALE 1.7 ESE,IL
US1ILJR0003,JERSEYVILLE 3.4 SW,IL
US1ILJS0005,YALE 0.1 SSW,IL
US1ILLW0003,LAWRENCEVILLE 1.4 W,IL
US1ILMA0029,OREANA 1.3 S,IL
US1ILMA0031,DALTON CITY 2.5 NW,IL
US1ILMA0032,WARRENSBURG 0.6 E,IL
US1ILMA0034,ILLIOPOLIS 4.4 NNE,IL
US1ILMA0036,DECATUR 3.3 WSW,IL
US1ILMC0003,BROOKPORT 7.3 ENE,IL
US1ILMC0004,METROPOLIS 2.9 NNE,IL
US1ILMD0010,GRANITE CITY 1.4 ENE,IL
US1ILMD0037,HIGHLAND 1.0 E,IL
US1ILMD0038,ST. JACOB 4.6 WNW,IL
US1ILMD0039,MARYVILLE 1.4 ENE,IL
US1ILMD0040,EDWARDSVILLE 1.1 ENE,IL
US1ILMD0041,TROY 1.9 S,IL
US1ILMD0045,EDWARDSVILLE 1.2 ENE,IL
US1ILMD0047,GRANITE CITY 2.7 NE,IL
US1ILMD0053,EDWARDSVILLE 5.5 E,IL
US1ILMD0054,BETHALTO 0.9 NW,IL
US1ILME0013,TALLULA 3.0 WSW,IL
US1ILMG0009,JACKSONVILLE 1.2 SW,IL
US1ILMG0014,JACKSONVILLE 2.6 SE,IL
US1ILMG0017,JACKSONVILLE 4.6 N,IL
US1ILMN0006,CENTRALIA 5.2 E,IL
US1ILMO0010,WATERLOO 2.9 ENE,IL
US1ILMP0004,GIRARD 1.2 W,IL
US1ILMP0007,CARLINVILLE 3.4 SW,IL
US1ILMP0010,MOUNT OLIVE 0.4 S,IL
US1ILMP0022,EAGARVILLE 0.2 S,IL
US1ILMU0001,ARTHUR 0.8 NNW,IL
US1ILMU0008,LOVINGTON 4.1 NNW,IL
US1ILMU0011,SULLIVAN 1.4 ENE,IL
US1ILMY0001,NOKOMIS 4.5 NW,IL
US1ILPL0002,NEW GRAND CHAIN 1.1 NNW,IL
US1ILPL0003,ULLIN 0.4 WSW,IL
US1ILPL0004,VILLA RIDGE 2.1 ESE,IL
US1ILPP0004,GOLCONDA 2.0 N,IL
US1ILPT0006,MONTICELLO 6.5 WSW,IL
US1ILPT0014,CERRO GORDO 3.9 N,IL
US1ILPT0026,BEMENT 1.5 SE,IL
US1ILPY0004,COULTERVILLE 5.5 E,IL
US1ILRC0006,OLNEY 1.5 NE,IL
US1ILRC0007,DUNDAS 1.4 E,IL
US1ILRH0007,SPARTA 2.4 NW,IL
US1ILRH0013,RED BUD 0.3 S,IL
US1ILRH0014,CHESTER 5.1 ENE,IL
US1ILRH0016,ELLIS GROVE 1.5 SW,IL
US1ILSC0016,FAIRVIEW HEIGHTS 2.0 ENE,IL
US1ILSC0018,FAIRMONT CITY 0.9 ENE,IL
US1ILSC0023,BELLEVILLE 2.7 SSE,IL
US1ILSC0026,MASCOUTAH 1.5 SSE,IL
US1ILSC0029,SMITHTON 2.1 W,IL
US1ILSC0037,BELLEVILLE 1.9 WNW,IL
US1ILSC0040,SWANSEA 0.7 ESE,IL
US1ILSC0042,LEBANON 0.3 NE,IL
US1ILSG0004,RIVERTON 1.9 W,IL
US1ILSG0011,CHATHAM 1.4 ESE,IL
US1ILSG0017,SPRINGFIELD 4.4 W,IL
US1ILSG0034,SPRINGFIELD 4.2 W,IL
US1ILSG0048,SPRINGFIELD 2.6 WNW,IL
US1ILSG0066,SPRINGFIELD 2.2 SE,IL
US1ILSG0072,SPRINGFIELD 2.0 N,IL
US1ILSG0076,SPRINGFIELD 6.3 S,IL
US1ILSH0001,SHELBYVILLE 0.5 NE,IL
US1ILSH0003,MODE 3.7 NW,IL
US1ILSL0001,HARRISBURG 4.6 NNE,IL
US1ILSL0004,ELDORADO 2.9 ESE,IL
US1ILSL0005,THOMPSONVILLE 3.5 ESE,IL
US1ILSL0007,HARRISBURG 3.5 NNE,IL
US1ILUN0008,COBDEN 4.1 ENE,IL
US1ILUN0012,COBDEN 4.2 N,IL
US1ILUN0013,COBDEN 0.1 WNW,IL
US1ILVR0035,GEORGETOWN 0.5 NNW,IL
US1ILWB0003,MOUNT CARMEL 4.2 NW,IL
US1ILWH0004,CROSSVILLE 3.0 E,IL
US1ILWM0004,BUSH 2.0 ESE,IL
US1ILWM0012,MARION 8.0 SSW,IL
US1ILWM0017,MARION 3.3 NNE,IL
US1ILWM0018,CREAL SPRINGS 2.2 W,IL
US1ILWM0019,MARION 1.8 NE,IL
US1ILWM0024,CARTERVILLE 0.6 NW,IL
US1ILWS0001,ASHLEY 1.4 NNE,IL
US1ILWS0003,OKAWVILLE 2.3 SW,IL
US1ILWS0006,HOYLETON 2.8 WNW,IL
US1INBN0002,NEW ROSS 2.0 E,IN
US1INBN0055,ZIONSVILLE 0.5 ESE,IN
US1INBN0065,ZIONSVILLE 0.5 NNW,IN
US1INBN0066,LEBANON 9.1 SSE,IN
US1INBR0003,NASHVILLE 6.6 WNW,IN
US1INBR0005,(W9DBA)MORGANTOWN 6.7 SSE,IN
US1INBR0006,NASHVILLE 7.8 SE,IN
US1INBW0005,COLUMBUS 0.4 WSW,IN
US1INBW0011,TAYLORSVILLE 0.8 SSW,IN
US1INBW0016,COLUMBUS 1.9 NNE,IN
US1INBW0022,COLUMBUS 3.6 SW,IN
US1INBW0024,HOPE 5.2 NW,IN
US1INBW0027,COLUMBUS 2.1 ENE,IN
US1INBW0031,COLUMBUS 7.2 SSW,IN
US1INCK0006,CHARLESTOWN 2.6 N,IN
US1INCK0018,JEFFERSONVILLE 0.8 NW,IN
US1INCK0035,HENRYVILLE 2.6 E,IN
US1INCK0038,JEFFERSONVILLE 1.6 ESE,IN
US1INCK0041,JEFFERSONVILLE 2.7 ENE,IN
US1INCW0003,MILLTOWN 3.7 WSW,IN
US1INCW0009,ENGLISH 7.9 SSW,IN
US1INCW0014,MILLTOWN 3.6 S,IN
US1INCY0005,CLAY CITY 0.4 SE,IN
US1INCY0013,BRAZIL 1.2 SSW,IN
US1INDB0001,HUNTINGBURG 0.4 SSW,IN
US1INDB0006,JASPER 5.7 ESE,IN
US1INDB0007,JASPER 8.8 NW,IN
US1INDB0011,(KA9GDW)CELESTINE 0.3 WSW,IN
US1INDB0017,(KC9KAS)HOLLAND 0.2 W,IN
US1INDB0018,BIRDSEYE 1.6 W,IN
US1INDB0019,OTWELL 4.4 ENE,IN
US1INDB0020,BIRDSEYE 3.8 WNW,IN
US1INDB0021,HUNTINGBURG 1.3 N,IN
US1INDC0006,(KB9CIY)GREENSBURG 6.0 SW,IN
US1INDR0003,AURORA 3.9 W,IN
US1INDR0012,(KA9OOO)BRIGHT 2.4 N,IN
US1INDR0013,(WD8NMZ)BRIGHT 3.5 NNW,IN
US1INDR0015,LAWRENCEBURG 3.1 WNW,IN
US1INDR0022,DILLSBORO 0.4 E,IN
US1INDV0001,WASHINGTON 1.5 NW,IN
US1INDV0012,PLAINVILLE 1.3 S,IN
US1INDV0017,WASHINGTON 3.3 SE,IN
US1INDV0025,ODON 0.8 E,IN
US1INFD0002,GALENA 4.3 ENE,IN
US1INFD0022,GALENA 3.0 SE,IN
US1INFD0030,GREENVILLE 2.6 SSW,IN
US1INFD0032,CLARKSVILLE 2.3 N,IN
US1INFD0033,GEORGETOWN 1.6 E,IN
US1INFD0034,NEW ALBANY 4.6 NE,IN
US1INFY0011,CONNERSVILLE 7.7 SW,IN
US1INGB0009,FRANCISCO 0.1 SE,IN
US1INGN0007,BLOOMFIELD 4.5 ENE,IN
US1INGN0009,SPRINGVILLE 6.0 W,IN
US1INGN0011,BLOOMFIELD 5.3 ESE,IN
US1INGN0012,SOLSBERRY 4.0 ESE,IN
US1INGN0016,(KE9AKL)BLOOMFIELD 0.5 SSW,IN
US1INHM0005,CARMEL 1.5 W,IN
US1INHM0034,CARMEL 1.4 NNE,IN
US1INHM0048,FISHERS 1.1 N,IN
US1INHM0067,FISHERS 4.3 ENE,IN
US1INHM0074,FISHERS 0.7 WSW,IN
US1INHM0084,CARMEL 2.8 NE,IN
US1INHM0093,FISHERS 6.1 E,IN
US1INHM0099,CARMEL 1.3 SSE,IN
US1INHM0102,CARMEL 5.1 WSW,IN
US1INHM0106,FISHERS 4.0 ENE,IN
US1INHM0107,FISHERS 5.7 ENE,IN
US1INHN0011,MCCORDSVILLE 2.6 NE,IN
US1INHN0012,GREENFIELD 0.4 SW,IN
US1INHN0026,GREENFIELD 1.5 S,IN
US1INHN0034,(N9MRC)WILKINSON 4.1 W,IN
US1INHN0037,NEW PALESTINE 1.2 NW,IN
US1INHN0040,FORTVILLE 1.5 NW,IN
US1INHN0043,GREENFIELD 1.6 S,IN
US1INHR0005,MILLTOWN 5.7 SSE,IN
US1INHR0017,NEW SALISBURY 1.2 WNW,IN
US1INHR0031,PALMYRA 0.2 E,IN
US1INHS0004,BROWNSBURG 4.6 S,IN
US1INHS0007,PLAINFIELD 0.5 SE,IN
US1INHS0008,PLAINFIELD 1.1 W,IN
US1INHS0033,CLAYTON 0.4 WNW,IN
US1INHS0043,DANVILLE 1.6 NE,IN
US1INHS0045,INDIANAPOLIS 11.8 NW,IN
US1INHS0047,BROWNSBURG 0.8 NNW,IN
US1INHS0048,PLAINFIELD 2.2 W,IN
US1INHS0054,BROWNSBURG 5.1 NNE,IN
US1INHS0055,DANVILLE 0.2 WNW,IN
US1INHS0056,AVON 1.4 SSW,IN
US1INHS0060,AVON 1.5 SSE,IN
US1INHY0001,LEWISVILLE 1.8 ENE,IN
US1INHY0028,NEW CASTLE 5.4 WSW,IN
US1INHY0032,NEW CASTLE 3.9 SW,IN
US1INHY0037,STRAUGHN 2.0 NW,IN
US1INHY0038,(N9HT) STRAUGHN 0.1 NE,IN
US1INJF0001,HANOVER 1.4 S,IN
US1INJF0010,MADISON 2.4 N,IN
US1INJH0012,GREENWOOD 4.8 WSW,IN
US1INJH0022,GREENWOOD 4.6 SW,IN
US1INJH0023,EDINBURGH 0.8 ENE,IN
US1INJH0025,GREENWOOD 0.6 ESE,IN
US1INJH0026,FRANKLIN 2.0 NW,IN
US1INJH0027,GREENWOOD 2.1 ESE,IN
US1INJH0031,GREENWOOD 2.6 W,IN
US1INJH0032,GREENWOOD 3.8 W,IN
US1INJH0037,GREENWOOD 4.9 SW,IN
US1INJH0041,FRANKLIN 4.4 S,IN
US1INJK0020,SEYMOUR 0.6 SSW,IN
US1INJK0021,BROWNSTOWN 0.1 NNW,IN
US1INJN0014,NORTH VERNON 7.8 W,IN
US1INJN0017,SCIPIO 2.2 NNW,IN
US1INKN0004,BICKNELL 0.3 W,IN
US1INLW0004,MITCHELL 4.1 E,IN
US1INLW0005,BEDFORD 6.5 SE,IN
US1INLW0008,BEDFORD 8.6 NNW,IN
US1INLW0009,BEDFORD 3.7 N,IN
US1INLW0031,MITCHELL 2.1 N,IN
US1INLW0033,BEDFORD 5.1 NNW,IN
US1INMD0038,PENDLETON 5.9 WSW,IN
US1INMG0011,BROOKLYN 0.5 ENE,IN
US1INMG0014,GOSPORT 4.2 E,IN
US1INMG0018,MOORESVILLE 3.8 NE,IN
US1INMG0021,MARTINSVILLE 2.3 SE,IN
US1INMG0024,(N9JPX)PARAGON 3.2 ENE,IN
US1INMG0030,MARTINSVILLE 11.5 WNW,IN
US1INMG0031,MARTINSVILLE 3.9 ESE,IN
US1INMG0032,MARTINSVILLE 3.2 E,IN
US1INMG0033,MOORESVILLE 2.1 WSW,IN
US1INMG0037,MOORESVILLE 1.6 SSE,IN
US1INMN0003,ELLETTSVILLE 2.7 NE,IN
US1INMN0023,(KC9RPX)ELLETTSVILLE 0.5 W,IN
US1INMN0031,BLOOMINGTON 7.1 E,IN
US1INMN0032,BLOOMINGTON 2.8 SSE,IN
US1INMN0034,UNIONVILLE 3.2 NNW,IN
US1INMN0039,BLOOMINGTON 2.7 E,IN
US1INMN0040,BLOOMINGTON 4.1 SSW,IN
US1INMN0041,BLOOMINGTON 1.3 SE,IN
US1INMN0050,BLOOMINGTON 4.3 NW,IN
US1INMR0002,LAWRENCE 2.0 ENE,IN
US1INMR0013,SPEEDWAY 6.2 SSW,IN
US1INMR0016,INDIANAPOLIS 3.2 S,IN
US1INMR0048,INDIANAPOLIS 6.7 N,IN
US1INMR0052,INDIANAPOLIS 9.2 NNE,IN
US1INMR0080,INDIANAPOLIS 12.6 NW,IN
US1INMR0132,INDIANAPOLIS 8.0 N,IN
US1INMR0139,INDIANAPOLIS 7.8 N,IN
US1INMR0154,INDIANAPOLIS 10.7 NE,IN
US1INMR0163,BEECH GROVE 2.3 SSE,IN
US1INMR0166,INDIANAPOLIS 7.0 S,IN
US1INMR0168,INDIANAPOLIS 6.2 E,IN
US1INMR0173,INDIANAPOLIS 10.4 NE,IN
US1INMR0174,MCCORDSVILLE 1.3 W,IN
US1INMR0175,INDIANAPOLIS 8.5 SSE,IN
US1INMR0177,INDIANAPOLIS 5.8 NNE,IN
US1INMR0190,INDIANAPOLIS 9.8 WNW,IN
US1INMR0198,SPEEDWAY 0.3 W,IN
US1INMR0200,MCCORDSVILLE 1.4 WSW,IN
US1INMR0210,INDIANAPOLIS 7.6 NNE,IN
US1INMR0214,INDIANAPOLIS 9.1 NNW,IN
US1INMR0217,INDIANAPOLIS 7.9 SSE,IN
US1INMR0218,INDIANAPOLIS 9.6 N,IN
US1INMR0221,INDIANAPOLIS 5.7 N,IN
US1INMT0003,SHOALS 4.0 E,IN
US1INMY0018,LADOGA 3.4 E,IN
US1INMY0020,NEW MARKET 2.6 WNW,IN
US1INOH0001,AURORA 3.6 SSE,IN
US1INOR0009,ORLEANS 4.4 ENE,IN
US1INOR0034,PAOLI 1.3 ESE,IN
US1INOW0006,GOSPORT 4.0 WSW,IN
US1INOW0009,SPENCER 7.0 S,IN
US1INOW0018,SPENCER 5.7 SE,IN
US1INOW0021,(KD9LES) GOSPORT 1.2 WNW,IN
US1INPK0001,PETERSBURG 1.4 ENE,IN
US1INPK0004,HOLLAND 6.3 NW,IN
US1INPM0011,GREENCASTLE 3.6 ESE,IN
US1INPM0012,REELSVILLE 2.6 SSW,IN
US1INPM0017,CLOVERDALE 3.5 W,IN
US1INPR0003,ROCKVILLE 3.6 ENE,IN
US1INPR0005,ROCKVILLE 0.6 NNE,IN
US1INPS0001,POSEYVILLE 2.8 NW,IN
US1INPS0004,POSEYVILLE 2.9 SSE,IN
US1INPS0005,NEW HARMONY 1.5 E,IN
US1INPS0006,MOUNT VERNON 10.6 ENE,IN
US1INPS0008,EVANSVILLE 8.9 W,IN
US1INPY0003,CANNELTON 6.8 NE,IN
US1INPY0004,TELL CITY 0.9 NNE,IN
US1INPY0006,LEOPOLD 1.7 ESE,IN
US1INRP0004,OSGOOD 4.1 NE,IN
US1INRP0006,BATESVILLE 0.4 SSW,IN
US1INRP0014,BATESVILLE 6.7 S,IN
US1INRP0015,VERSAILLES 5.7 ESE,IN
US1INRP0018,VERSAILLES 5.2 SE,IN
US1INRP0020,SUNMAN 0.9 ENE,IN
US1INRS0004,MORRISTOWN 3.8 ENE,IN
US1INRS0005,HOMER 0.4 NE,IN
US1INRS0009,RUSHVILLE 0.7 ENE,IN
US1INSC0010,SCOTTSBURG 2.9 SSW,IN
US1INSH0004,SHELBYVILLE 7.1 WSW,IN
US1INSH0020,(KB9RBB)FAIRLAND 0.9 SSW,IN
US1INSH0024,FLATROCK 4.3 ENE,IN
US1INSH0025,SHELBYVILLE 1.6 SSE,IN
US1INSH0029,WALDRON 0.1 ESE,IN
US1INSH0031,SHELBYVILLE 1.0 NNW,IN
US1INSL0004,HYMERA 0.4 W,IN
US1INSL0005,SULLIVAN 0.5 SW,IN
US1INSP0004,ROCKPORT 4.0 WNW,IN
US1INSP0007,FERDINAND 2.3 SSE,IN
US1INVG0019,WEST TERRE HAUTE 5.0 SW,IN
US1INVG0023,RILEY 0.3 NNW,IN
US1INVG0024,TERRE HAUTE 6.5 N,IN
US1INVG0026,TERRE HAUTE 6.1 ESE,IN
US1INVG0030,TERRE HAUTE 2.4 E,IN
US1INVG0033,TERRE HAUTE 1.7 SW,IN
US1INVN0031,EVANSVILLE 10.0 NW,IN
US1INVN0037,EVANSVILLE 8.8 WSW,IN
US1INVN0038,EVANSVILLE 2.5 NE,IN
US1INVN0040,EVANSVILLE 6.7 NW,IN
US1INVN0041,EVANSVILLE 5.4 NNE,IN
US1INVN0045,EVANSVILLE 11.2 NNW,IN
US1INVR0004,NEWPORT 0.4 WSW,IN
US1INWK0005,BOONVILLE 2.4 N,IN
US1INWK0012,BOONVILLE 1.4 N WBNL RADIO,IN
US1INWK0019,NEWBURGH 1.3 ENE,IN
US1INWK0022,BOONVILLE 4.5 WSW,IN
US1INWK0025,NEWBURGH 0.3 SE,IN
US1INWK0027,NEWBURGH 1.1 NNE,IN
US1INWK0033,NEWBURGH 1.2 NNW,IN
US1INWN0004,CENTERVILLE 0.3 N,IN
US1INWN0020,RICHMOND 1.2 S,IN
US1INWN0025,RICHMOND 2.4 E,IN
US1INWS0008,FREDERICKSBURG 3.6 NNE,IN
US1INWS0014,NEW SALEM 1.4 SSE,IN
US1INWS0027,CAMPBELLSBURG 8.4 NNE,IN
US1INWS0030,FREDERICKSBURG 2.8 NE,IN
US1KYAL0014,SCOTTSVILLE 3.5 WNW,KY
US1KYAL0017,SCOTTSVILLE 5.5 N,KY
US1KYAL0020,SCOTTSVILLE 2.3 WNW,KY
US1KYAL0021,SCOTTSVILLE 1.6 NE,KY
US1KYAN0003,LAWRENCEBURG 5.2 S,KY
US1KYAN0011,LAWRENCEBURG 9.0 WNW,KY
US1KYAN0014,LAWRENCEBURG 4.5 SSW,KY
US1KYBA0003,KEVIL 4.6 NW,KY
US1KYBA0004,LA CENTER 2.0 SSE,KY
US1KYBA0005,KEVIL 5.7 NNW,KY
US1KYBE0009,JACKSON 1.9 SSE,KY
US1KYBN0012,BURLINGTON 0.4 SW,KY
US1KYBN0013,WALTON 2.5 NW,KY
US1KYBN0018,FLORENCE 3.2 SSE,KY
US1KYBN0024,FLORENCE 1.4 WSW,KY
US1KYBN0032,PETERSBURG 2.2 ESE,KY
US1KYBN0033,UNION 6.0 SW,KY
US1KYBT0001,FOX CHASE 1.4 W,KY
US1KYBT0020,SHEPHERDSVILLE 3.2 ENE,KY
US1KYBT0022,MOUNT WASHINGTON 2.4 W,KY
US1KYBU0003,WOODBURY 4.1 SW,KY
US1KYBY0011,DANVILLE 1.2 NE,KY
US1KYCB0010,WILDER 0.2 ESE,KY
US1KYCB0016,SILVER GROVE 0.4 E,KY
US1KYCB0017,ALEXANDRIA 1.3 NNW,KY
US1KYCB0019,NEWPORT 0.7 N,KY
US1KYCH0006,HOPKINSVILLE 0.3 NW,KY
US1KYCH0009,OAK GROVE 4.6 NW,KY
US1KYCH0012,CROFTON 0.3 W,KY
US1KYCK0008,WINCHESTER 1.0 SSW,KY
US1KYCM0001,DUBRE 1.0 NE,KY
US1KYCM0003,DUBRE 1.1 NNE,KY
US1KYCR0002,CARROLLTON 0.9 W,KY
US1KYCS0001,BRADFORDSVILLE 8.5 ENE,KY
US1KYCS0004,LIBERTY 1.1 SE,KY
US1KYCW0005,MURRAY 0.2 SSW,KY
US1KYDV0003,OWENSBORO 4.9 S,KY
US1KYDV0019,PHILPOT 2.0 S,KY
US1KYDV0021,MASONVILLE 0.8 ENE,KY
US1KYDV0030,OWENSBORO 3.5 ESE,KY
US1KYDV0031,UTICA 5.4 ESE,KY
US1KYDV0032,OWENSBORO 4.1 W,KY
US1KYDV0033,OWENSBORO 1.7 SSW,KY
US1KYDV0037,CALHOUN 6.2 N,KY
US1KYDV0038,OWENSBORO 3.4 WNW,KY
US1KYDV0042,MASONVILLE 0.1 SSE,KY
US1KYDV0048,MASONVILLE 0.7 NW,KY
US1KYDV0054,OWENSBORO 4.4 ESE,KY
US1KYDV0055,OWENSBORO 4.8 ESE,KY
US1KYFD0010,GRETHEL 1.7 S,KY
US1KYFM0004,EWING 1.9 ESE,KY
US1KYFR0001,FRANKFORT 3.3 NE,KY
US1KYFR0005,FRANKFORT 1.5 ENE,KY
US1KYFR0008,FRANKFORT 8.0 NNE,KY
US1KYFR0023,FRANKFORT 5.0 SW,KY
US1KYFR0025,FRANKFORT 0.5 S,KY
US1KYFT0001,FULTON 5.0 W,KY
US1KYFY0002,LEXINGTON-FAYETTE 6.3 S,KY
US1KYFY0003,LEXINGTON 3.7 WSW,KY
US1KYFY0009,LEXINGTON 1.7 SSE,KY
US1KYFY0019,LEXINGTON 4.3 W,KY
US1KYFY0041,LEXINGTON 4.5 SSW,KY
US1KYFY0044,LEXINGTON 6.6 S,KY
US1KYFY0046,LEXINGTON 5.1 ESE,KY
US1KYGP0006,GREENUP 5.8 W,KY
US1KYGV0007,SEDALIA 5.0 SE,KY
US1KYHC0001,FULTON 3.3 NE,KY
US1KYHD0005,ELIZABETHTOWN 1.8 SE,KY
US1KYHD0020,ELIZABETHTOWN 7.9 ENE,KY
US1KYHD0023,ELIZABETHTOWN 6.5 N,KY
US1KYHD0030,LEBANON JUNCTION 4.8 S,KY
US1KYHD0031,ELIZABETHTOWN 4.6 E,KY
US1KYHL0006,BAXTER 5.3 NE,KY
US1KYHP0001,HANSON 2.2 NE,KY
US1KYHP0015,MADISONVILLE 1.6 NE,KY
US1KYHR0006,CYNTHIANA 6.2 W,KY
US1KYHR0008,CYNTHIANA 5.6 NNE,KY
US1KYHR0010,BERRY 3.6 S,KY
US1KYHS0010,HENDERSON 4.5 S,KY
US1KYHS0011,ROBARDS 4.9 NNW,KY
US1KYHY0006,PLEASUREVILLE 2.3 NE,KY
US1KYHY0010,EMINENCE 4.0 NW,KY
US1KYJC0006,MCKEE 8.3 W,KY
US1KYJF0002,OLD BROWNSBORO PLACE 0.3 SW,KY
US1KYJF0032,MIDDLETOWN 4.9 ENE,KY
US1KYJF0040,LOUISVILLE 11.0 ENE (SPRINGHUR,KY
US1KYJF0047,MIDDLETOWN 1.1 WSW,KY
US1KYJF0069,LOUISVILLE 8.3 ESE,KY
US1KYJF0082,ST. MATTHEWS 0.4 N,KY
US1KYJF0083,LYNDON 0.8 E,KY
US1KYJF0085,AUDUBON PARK 0.8 NE,KY
US1KYJF0087,LOUISVILLE 6.0 E,KY
US1KYJF0089,PLEASURE RIDGE PARK 2.1 NW,KY
US1KYJF0090,MIDDLETOWN 3.0 E,KY
US1KYJF0094,MIDDLETOWN 4.0 ENE,KY
US1KYJS0009,NICHOLASVILLE 1.2 SE,KY
US1KYJS0013,KEENE 2.6 N,KY
US1KYJS0015,NICHOLASVILLE 0.8 E,KY
US1KYKN0015,COVINGTON 1.3 SSE,KY
US1KYKN0027,INDEPENDENCE 2.2 W,KY
US1KYKN0029,COVINGTON 1.3 SSE,KY
US1KYKN0037,VILLA HILLS 0.7 S,KY
US1KYKN0040,INDEPENDENCE 1.1 SE,KY
US1KYKN0041,VILLA HILLS 0.6 ENE,KY
US1KYKN0042,COVINGTON 2.6 S,KY
US1KYKX0004,BARBOURVILLE 0.4 N,KY
US1KYLA0006,SONORA 2.7 SE,KY
US1KYLG0003,RUSSELLVILLE 1.3 NNE,KY
US1KYLG0004,AUBURN 0.3 SW,KY
US1KYLG0009,LEWISBURG 0.2 E,KY
US1KYLG0010,RUSSELLVILLE 6.6 N,KY
US1KYLG0011,RUSSELLVILLE 5.8 NE,KY
US1KYLG0013,LEWISBURG 5.6 NW,KY
US1KYLG0015,OLMSTEAD 2.9 N,KY
US1KYLL0006,LONDON 4.2 S,KY
US1KYLN0008,STANFORD 7.6 W,KY
US1KYLN0009,WAYNESBURG 6.0 NE,KY
US1KYLY0002,EDDYVILLE 2.0 NNE,KY
US1KYLY0003,KUTTAWA 3.4 NW,KY
US1KYLY0004,EDDYVILLE 11.5 SSE,KY
US1KYLY0005,EDDYVILLE 5.9 SE,KY
US1KYLY0006,EDDYVILLE 11.6 SSE,KY
US1KYMD0002,EKRON 2.6 ESE,KY
US1KYME0008,HARRODSBURG 10.8 NW,KY
US1KYMF0001,MEANS 2.3 ENE,KY
US1KYMH0006,CALVERT CITY 2.5 SSW,KY
US1KYMK0006,PADUCAH 4.5 SW,KY
US1KYMK0011,WEST PADUCAH 3.1 SSW,KY
US1KYMK0015,PADUCAH 3.1 SW,KY
US1KYMK0017,PADUCAH 8.5 WSW,KY
US1KYMM0003,MOUNT STERLING 2.4 W,KY
US1KYMN0003,BEREA 8.5 ENE,KY
US1KYMN0019,RICHMOND 5.8 SSE,KY
US1KYMN0022,BEREA 3.2 W,KY
US1KYMN0025,BEREA 4.1 NNE,KY
US1KYMO0001,TOMPKINSVILLE 12.1 WNW,KY
US1KYMR0002,LEBANON 5.6 E,KY
US1KYMS0002,MAYSVILLE 6.8 SSE,KY
US1KYMT0001,PILGRIM 4.5 WSW,KY
US1KYMU0001,GREENVILLE 6.2 WSW,KY
US1KYMU0009,GREENVILLE 0.3 ESE,KY
US1KYNC0001,CARLISLE 7.6 NNW,KY
US1KYNC0002,CARLISLE 4.2 NNE,KY
US1KYNC0003,CARLISLE 7.8 NNW,KY
US1KYNL0001,BARDSTOWN 4.6 NW,KY
US1KYNL0004,NEW HAVEN 6.4 NE,KY
US1KYOH0010,BEAVER DAM 0.6 NW,KY
US1KYOH0011,WHITESVILLE 8.8 SW,KY
US1KYOH0013,REYNOLDS STATION 2.5 SSW,KY
US1KYOL0001,PARK LAKE 1.8 NE,KY
US1KYOL0006,LA GRANGE 3.9 SW,KY
US1KYOL0008,LA GRANGE 2.2 NNE,KY
US1KYOL0017,GOSHEN 0.3 ENE,KY
US1KYOY0001,BOONEVILLE 3.6 ENE,KY
US1KYPL0004,SOMERSET 1.7 WNW,KY
US1KYPL0008,BURNSIDE 4.2 SSE,KY
US1KYRW0003,MOREHEAD 6.4 NE,KY
US1KYSC0001,GEORGETOWN 1.7 N,KY
US1KYSC0007,GEORGETOWN 7.2 ENE,KY
US1KYSC0020,GEORGETOWN 1.2 N,KY
US1KYSC0022,SADIEVILLE 3.8 NW,KY
US1KYSC0023,GEORGETOWN 1.0 NW,KY
US1KYSH0007,SHELBYVILLE 7.6 NNW,KY
US1KYSH0015,SHELBYVILLE 2.0 NNW,KY
US1KYSH0017,WADDY 2.2 SW,KY
US1KYSM0006,FRANKLIN 2.1 SSW,KY
US1KYSP0008,SIMPSONVILLE 6.6 SSW,KY
US1KYTB0001,BEDFORD 4.2 NNW,KY
US1KYTB0005,MILTON 1.7 W,KY
US1KYTB0008,BEDFORD 4.7 N,KY
US1KYTD0002,GUTHRIE 0.8 WNW,KY
US1KYTD0005,TRENTON 2.3 SSW,KY
US1KYTY0007,BRADFORDSVILLE 6.8 S,KY
US1KYUN0001,STURGIS 5.4 ENE,KY
US1KYWB0001,SEBREE 2.4 WNW,KY
US1KYWF0015,MIDWAY 0.2 SSW,KY
US1KYWH0011,CORBIN 0.4 ESE,KY
US1KYWR0015,SMITHS GROVE 0.3 SE,KY
US1KYWR0017,BOWLING GREEN 4.3 S,KY
US1KYWR0034,BOWLING GREEN 0.7 WSW,KY
US1KYWR0043,BOWLING GREEN 5.5 SSE,KY
US1KYWR0046,BOWLING GREEN 1.1 E,KY
US1KYWR0048,ROCKFIELD 3.0 N,KY
US1KYWR0050,BOWLING GREEN 4.4 WNW,KY
US1KYWS0002,SPRINGFIELD 1.7 N,KY
US1LAAS0005,GONZALES 4.0 S,LA
US1LAAS0011,GONZALES 4.5 S,LA
US1LAAS0019,PRAIRIEVILLE 2.0 S,LA
US1LAAS0020,ST AMANT 3.3 N,LA
US1LACN0003,FSA-FERRIDAY 1.0 WSW,LA
US1LACT0003,FSA-JONESVILLE 0.9 W,LA
US1LACT0004,JONESVILLE 6.8 N,LA
US1LAEB0014,BATON ROUGE 3.5 E,LA
US1LAEB0022,SHENANDOAH 1.5 E,LA
US1LAEB0027,BATON ROUGE 2.5 E,LA
US1LAEB0031,CENTRAL 2.2 SE,LA
US1LAEB0033,LSU,LA
US1LAEB0053,BATON ROUGE 3.0 SSE,LA
US1LAEB0060,BATON ROUGE 4.0 SSE,LA
US1LAEB0063,SHENANDOAH 1.5 S,LA
US1LAEB0065,BATON ROUGE 6.2 SSE,LA
US1LAEB0069,BATON ROUGE 4.4 S,LA
US1LAEB0070,GARDERE 2.5 SE,LA
US1LAEB0072,BATON ROUGE 0.5 ESE,LA
US1LAEB0073,OLD JEFFERSON 1.8 SSE,LA
US1LAEF0007,JACKSON 3.6 NNE,LA
US1LAEF0008,CLINTON 0.4 S,LA
US1LAEF0009,CLINTON 0.2 NNW,LA
US1LAEF0011,CLINTON 0.4 NW,LA
US1LAFP0007,FSA-WINNSBORO 1.0 SSW,LA
US1LAIB0005,NEW IBERIA 6.1 WNW,LA
US1LAIB0006,JEANERETTE 0.2 E,LA
US1LAIV0006,ST. GABRIEL 2.8 NNW,LA
US1LAIV0007,ST GABRIEL 4.4 NNE,LA
US1LAJF0005,RIVER RIDGE 0.7 N,LA
US1LAJF0014,METAIRIE 2.8 ENE,LA
US1LAJF0020,METAIRIE 2.2 WSW,LA
US1LAJF0022,MARRERO 1.8 E,LA
US1LALF0007,FSA-THIBODAUX 0.8 N,LA
US1LALF0008,CUT OFF 0.8 WNW,LA
US1LALF0009,CUT OFF 0.4 E,LA
US1LALF0010,RACELAND 2.1 WSW,LA
US1LALV0002,DENHAM SPRINGS 6.8 N,LA
US1LALY0007,CARENCRO 3.9 ENE,LA
US1LALY0010,LAFAYETTE 2.9 ENE,LA
US1LAMY0003,BALDWIN 1.8 N,LA
US1LAOC0023,MONROE 5.5 ENE,LA
US1LAOR0013,WESTWEGO 2.4 ENE,LA
US1LAOR0014,NEW ORLEANS 3.8 WSW,LA
US1LAOR0019,NEW ORLEANS 2.8 E,LA
US1LAOR0024,BRIDGE CITY 2.4 NE,LA
US1LAPL0001,BELLE CHASSE 1.6 NNE,LA
US1LARC0003,FSA-RAYVILLE 1.1 W,LA
US1LASB0002,ST. BERNARD 2.7 E,LA
US1LASC0006,ST ROSE 0.3 W,LA
US1LASC0007,DES ALLEMANDS 2.0 NNE,LA
US1LASJ0004,FSA-DONALDSONVILLE 3.7 E,LA
US1LASL0001,GRAND COTEAU 2.7 E,LA
US1LASL0008,ARNAUDVILLE 3.6 ENE,LA
US1LASL0010,ARNAUDVILLE 4.7 NW,LA
US1LASM0002,ST. MARTINVILLE 0.2 S,LA
US1LASM0003,BREAUX BRIDGE 0.7 NNW,LA
US1LASM0005,PARKS 1.1 NW,LA
US1LAST0008,LACOMBE 1.4 N,LA
US1LAST0010,SLIDELL 0.2 SE,LA
US1LAST0011,COVINGTON 4.0 NNE,LA
US1LAST0017,SLIDELL 4.4 E,LA
US1LAST0023,SLIDELL 1.7 NE,LA
US1LAST0028,SLIDELL 2.4 E,LA
US1LAST0029,MANDEVILLE 1.6 ENE,LA
US1LATG0017,HAMMOND 2.5 NNW,LA
US1LATG0019,FSA-AMITE CITY 0.8 SW,LA
US1LATG0021,PONCHATOULA 5.3 W,LA
US1LATR0012,HOUMA 4.1 NNE,LA
US1LATR0015,HOUMA 4.4 NNW,LA
US1LAWB0004,ADDIS 1.6 NNE,LA
US1LAWC0001,PIONEER 0.3 WSW,LA
US1LAWC0002,OAK GROVE 1.9 E,LA
US1LAWF0006,WAKEFIELD 0.2 E,LA
US1LAWF0007,ST FRANCISVILLE 8.8 NNW,LA
US1LAWS0004,BOGALUSA 8.8 WNW,LA
US1LAWS0005,FSA-FRANKLINTON 0.6 WSW,LA
US1LAWS0008,FRANKLINTON 9.4 SSW,LA
US1MDAA0001,BIRDSVILLE 0.2 WSW,MD
US1MDAA0004,SEVERN 2.0 W,MD
US1MDAA0010,PASADENA 0.7 SE,MD
US1MDAA0035,LINTHICUM 0.4 ENE,MD
US1MDAA0043,DEALE 0.9 SE,MD
US1MDAA0051,SEVERN 1.5 SSW,MD
US1MDAA0059,ANNAPOLIS 1.2 SE,MD
US1MDAA0063,SEVERN 1.0 SSE,MD
US1MDAA0065,ODENTON 1.0 N,MD
US1MDAA0066,SEVERNA PARK 1.9 W,MD
US1MDAA0071,CROFTON 1.1 SSE,MD
US1MDAA0090,LAUREL 3.9 E,MD
US1MDAA0091,ARNOLD 1.6 N,MD
US1MDAA0096,SEVERNA PARK 0.9 ESE,MD
US1MDAA0098,ANNAPOLIS 2.4 S,MD
US1MDAL0002,CRESAPTOWN-BEL AIR 0.9 SSE,MD
US1MDBL0009,LONG GREEN 0.6 SW,MD
US1MDBL0013,JACKSONVILLE 1.5 NE,MD
US1MDBL0015,JACKSONVILLE 1.0 SW,MD
US1MDBL0016,TOWSON 0.8 SW,MD
US1MDBL0025,WHITE MARSH 2.3 ESE,MD
US1MDBL0028,KINGSVILLE 1.2 E,MD
US1MDBL0035,REISTERSTOWN 1.2 NW,MD
US1MDBL0038,PIKESVILLE 1.8 SW,MD
US1MDBL0052,TIMONIUM 0.2 NE,MD
US1MDCC0010,ELKTON 7.0 NNW,MD
US1MDCC0015,CHARLESTOWN 0.4 WSW,MD
US1MDCC0016,ELKTON 4.8 NW,MD
US1MDCC0018,ELKTON 6.8 N,MD
US1MDCC0020,ELKTON 1.1 NNW,MD
US1MDCC0023,CECILTON 3.5 WSW,MD
US1MDCC0026,NORTH EAST 3.4 NNW,MD
US1MDCH0011,PORT TOBACCO VILLAGE 1.0 S,MD
US1MDCH0035,WALDORF 3.3 S,MD
US1MDCH0038,NANJEMOY 5.3 S,MD
US1MDCH0041,BRYANTOWN 1.9 NE,MD
US1MDCH0044,WALDORF 7.9 ESE,MD
US1MDCL0010,DENTON 5.8 WSW,MD
US1MDCR0005,TANEYTOWN 3.8 NE,MD
US1MDCR0019,ELDERSBURG 0.9 E,MD
US1MDCR0021,GAMBER 0.8 W,MD
US1MDCR0036,WESTMINSTER 3.4 SSW,MD
US1MDCR0037,SYKESVILLE 6.1 NNW,MD
US1MDCV0006,DUNKIRK 3.2NNE,MD
US1MDCV0007,PRINCE FREDERICK 1.4 W,MD
US1MDCV0017,HUNTINGTOWN 2.9 NNW,MD
US1MDCV0028,PRINCE FREDERICK 2.6 NW,MD
US1MDDR0007,CAMBRIDGE 1.4 WNW,MD
US1MDDR0010,EAST NEW MARKET 0.0 WNW,MD
US1MDDR0013,CAMBRIDGE 1.8 NNW,MD
US1MDDR0015,HURLOCK 1.9 SW,MD
US1MDFR0004,NEW MARKET 4.8 WSW,MD
US1MDFR0010,THURMONT 0.8 SSE,MD
US1MDFR0011,MIDDLETOWN 1.8 ESE,MD
US1MDFR0020,MIDDLETOWN 1.8 NNE,MD
US1MDFR0023,ADAMSTOWN 0.7 ESE,MD
US1MDFR0024,JEFFERSON 1.6 SSE,MD
US1MDFR0038,FREDERICK 1.0 SW,MD
US1MDFR0040,FREDERICK 2.7 N,MD
US1MDFR0041,NEW MARKET 1.7 NW,MD
US1MDFR0047,FREDERICK 8.4 ENE,MD
US1MDFR0050,MIDDLETOWN 0.3 N,MD
US1MDFR0053,JEFFERSON 0.8 WNW,MD
US1MDGR0004,MC HENRY 4.8 SSE,MD
US1MDGR0015,GRANTSVILLE 2.0 ESE,MD
US1MDHR0006,KINGSVILLE 2.5 NNE,MD
US1MDHR0011,BEL AIR 1.7 W,MD
US1MDHR0015,FOREST HILL 1.7 SSE,MD
US1MDHR0023,NORRISVILLE 0.6 WSW,MD
US1MDHR0028,JARRETTSVILLE 1.9 ESE,MD
US1MDHR0035,BEL AIR 2.5 NNE,MD
US1MDHR0036,JARRETTSVILLE 4.2 E,MD
US1MDHR0039,JOPPATOWNE 0.9 SSW,MD
US1MDHW0002,SYKESVILLE 1.7 SSE,MD
US1MDHW0003,ELKRIDGE 1.8 W,MD
US1MDHW0012,SYKESVILLE 2.6 SE,MD
US1MDHW0021,NORTH LAUREL 1.5 ESE,MD
US1MDHW0023,MARRIOTTSVILLE 0.6 SE,MD
US1MDHW0036,COLUMBIA 1.9 N,MD
US1MDHW0041,HIGHLAND 1.6 WNW,MD
US1MDHW0044,SYKESVILLE 2.2 SSE,MD
US1MDHW0046,MARRIOTTSVILLE 2.7 S,MD
US1MDHW0047,GLENWOOD 1.2 SSW,MD
US1MDHW0048,MOUNT AIRY 5.4 SE,MD
US1MDHW0054,COLUMBIA 3.3 SSE,MD
US1MDHW0055,COLUMBIA 2.4 NNW,MD
US1MDHW0056,WOODBINE 4.8 SSW,MD
US1MDKN0004,WORTON 3.9 NW,MD
US1MDKN0008,GALENA 1.9 ENE,MD
US1MDKN0010,ROCK HALL 2.2 NNW,MD
US1MDKN0012,CHESTERTOWN 0.7 NNW,MD
US1MDMG0001,MONTGOMERY VILLAGE 1.3 SSW,MD
US1MDMG0003,POTOMAC 0.9 NNW,MD
US1MDMG0005,NORBECK 1.1 ESE,MD
US1MDMG0024,WHITE OAK 1.2 N,MD
US1MDMG0029,CLARKSBURG 2.1 NE,MD
US1MDMG0040,KENSINGTON 0.1 W,MD
US1MDMG0042,TAKOMA PARK 0.6 NNW,MD
US1MDMG0053,DAMASCUS 1.0 S,MD
US1MDMG0054,GERMANTOWN 4.6 NNE,MD
US1MDMG0055,ROSSMOOR 1.3 ESE,MD
US1MDMG0063,GAITHERSBURG 3.1 NE,MD
US1MDMG0065,POOLESVILLE 0.4 SE,MD
US1MDMG0076,LAYTONSVILLE 4.6 NNW,MD
US1MDMG0078,OLNEY 1.4 ENE,MD
US1MDMG0103,DICKERSON 6.6 SW,MD
US1MDMG0106,SILVER SPRING 6.4 NNE,MD
US1MDMG0109,SILVER SPRING 2.1 NNE,MD
US1MDMG0120,POOLESVILLE 5.4 W,MD
US1MDMG0123,POTOMAC 2.6 NE,MD
US1MDMG0128,NORTH POTOMAC 3.8 N,MD
US1MDMG0137,SILVER SPRING 4.2 N,MD
US1MDMG0138,MONTGOMERY VILLAGE 1.1 ENE,MD
US1MDMG0144,GAITHERSBURG 2.8 NNE,MD
US1MDMG0145,CHEVY CHASE 1.2 SW,MD
US1MDMG0148,SANDY SPRING 1.6 W,MD
US1MDMG0149,DAMASCUS 1.3 SW,MD
US1MDMG0153,SILVER SPRING 2.2 NNW,MD
US1MDMG0154,GAITHERSBURG 2.4 E,MD
US1MDMG0155,ASHTON-SANDY SPRING 1.8 NNW,MD
US1MDMG0156,DAMASCUS 1.0 S,MD
US1MDPG0046,BOWIE 2.4 NNE,MD
US1MDPG0050,BOWIE 3.9 S,MD
US1MDPG0072,LAUREL 2.5 WNW,MD
US1MDPG0079,HYATTSVILLE 0.7 N,MD
US1MDPG0082,BELTSVILLE 1.4 NNW,MD
US1MDPG0085,WEST LAUREL 1.1 N,MD
US1MDPG0091,FORT WASHINGTON 1.3 SSW,MD
US1MDPG0100,COLLEGE PARK 0.7 NE,MD
US1MDQA0006,QUEENSTOWN 2.6 S,MD
US1MDSM0001,RIDGE 1.0 N,MD
US1MDSM0003,LEONARDTOWN 0.6 NE,MD
US1MDSM0018,MECHANICSVILLE 3.8 N,MD
US1MDSM0019,LEXINGTON PARK 6.1 SSE,MD
US1MDSM0022,GREAT MILLS 4.0 S,MD
US1MDSS0001,PRINCESS ANNE 2.1 SSW,MD
US1MDSS0012,DEAL ISLAND 0.5 SSW,MD
US1MDSS0013,PRINCESS ANNE 1.9 WSW,MD
US1MDSS0018,CRISFIELD 0.9 ENE,MD
US1MDTB0016,EASTON 0.8 ESE,MD
US1MDTB0028,EASTON 0.9 SSE,MD
US1MDWC0004,DELMAR 0.2 NE,MD
US1MDWC0026,DELMAR 0.3 ESE,MD
US1MDWC0027,HEBRON 3.6 W,MD
US1MDWH0001,WILLIAMSPORT 2.8 ENE,MD
US1MDWH0003,HAGERSTOWN 1.0 ENE,MD
US1MDWH0011,HANCOCK 0.8 ESE,MD
US1MDWH0019,HAGERSTOWN 4.1 NNW,MD
US1MDWH0022,HAGERSTOWN 3.2 S,MD
US1MDWR0004,BISHOPVILLE 3.1 E,MD
US1MDWR0010,OCEAN PINES 1.2 SSW,MD
US1MDWR0014,SNOW HILL 0.4 S,MD
US1MDWR0017,OCEAN PINES 1.5 SE,MD
US1MDWR0028,OCEAN CITY 4.6 NNW,MD
US1MDWR0030,OCEAN CITY 4.8 NNW,MD
US1MDWR0031,BERLIN 3.9 SE,MD
US1MOBU0003,POPLAR BLUFF 3.7 WNW,MO
US1MOBU0006,POPLAR BLUFF 2.5 SSE,MO
US1MOCF0001,STEELVILLE 5.6 SW,MO
US1MOCF0008,ST. JAMES 7.7 SE,MO
US1MOCF0014,STEELVILLE 7.3 ESE,MO
US1MOCF0015,BOURBON 4.0 WNW,MO
US1MOCG0002,WHITEWATER 3.4 W,MO
US1MOCG0012,CAPE GIRARDEAU 1.8 SE,MO
US1MOCG0014,OAK RIDGE 1.5 WSW,MO
US1MOCG0016,JACKSON 2.5 N,MO
US1MOCG0018,MILLERSVILLE 3.2 WNW,MO
US1MOCG0021,MARBLE HILL 6.8 E,MO
US1MOCG0026,JACKSON 3.7 NE,MO
US1MOCG0027,JACKSON 1.8 NNE,MO
US1MOCT0001,ELLSINORE 4.8 WNW,MO
US1MOCW0018,KINGDOM CITY 3.2 NNW,MO
US1MODT0008,SALEM 14.9 E,MO
US1MODT0011,SALEM 11.7 NNW,MO
US1MODT0014,SALEM 3.5 E,MO
US1MODT0015,SALEM 5.0 WNW,MO
US1MOFR0010,WASHINGTON 2.7 ESE,MO
US1MOFR0027,NEW HAVEN 2.3 S,MO
US1MOFR0028,LABADIE 2.4 E,MO
US1MOFR0031,CATAWISSA 3.0 SSE,MO
US1MOFR0033,WASHINGTON 3.3 ESE,MO
US1MOFSA017,MARBLE HILL 0.4 NE,MO
US1MOFSA027,FULTON 3.4 SW,MO
US1MOFSA031,JACKSON 1.0 SW,MO
US1MOFSA035,VAN BUREN 7.2 SW,MO
US1MOFSA055,STEELVILLE 10.2 SSE,MO
US1MOFSA065,SALEM 1.8 NW,MO
US1MOFSA071,UNION 0.8 NE,MO
US1MOFSA073,OWENSVILLE 0.5 S,MO
US1MOFSA091,WEST PLAINS 2.2 NNW,MO
US1MOFSA113,TROY 1.2 NNE,MO
US1MOFSA127,PALMYRA 1.0 W,MO
US1MOFSA133,ANNISTON 1.9 WNW,MO
US1MOFSA139,MONTGOMERY CITY 0.8 SE,MO
US1MOFSA151,LINN 0.8 SE,MO
US1MOFSA157,PERRYVILLE 1.1 NE,MO
US1MOFSA161,ROLLA 0.9 SE,MO
US1MOFSA163,BOWLING GREEN 0.6 SE,MO
US1MOFSA173,NEW LONDON 0.9 SSW,MO
US1MOFSA181,DONIPHAN 2.7 NE,MO
US1MOFSA201,LAMBERT 0.8 ESE,MO
US1MOFSA215,HOUSTON 2.0 S,MO
US1MOFSA219,WARRENTON 1.1 WSW,MO
US1MOFSA223,GREENVILLE 5.2 WNW,MO
US1MOGS0003,HERMANN 3.0 S,MO
US1MOHL0041,WEST PLAINS 1.5 NW,MO
US1MOHL0045,WEST PLAINS 8.8 E,MO
US1MOHL0046,WEST PLAINS 2.0 WNW,MO
US1MOJF0018,ARNOLD 0.5 E,MO
US1MOJF0021,CEDAR HILL 2.6 N,MO
US1MOJF0025,FENTON 4.1 S,MO
US1MOJF0032,ARNOLD 2.3 S,MO
US1MOJF0034,CEDAR HILL LAKES 7.9 SSW,MO
US1MOJF0036,ARNOLD 0.3 E,MO
US1MOJF0041,PACIFIC 4.2 SE,MO
US1MOMA0005,PALMYRA 4.5 NNW,MO
US1MOMA0010,HANNIBAL 1.3 N,MO
US1MOMA0011,HANNIBAL 9.1 WNW,MO
US1MONM0007,NEW MADRID 0.2 SE,MO
US1MOOR0037,THAYER 0.7 SSW,MO
US1MOPH0015,ROLLA 1.3 S,MO
US1MOPH0016,ROLLA 1.3 NE,MO
US1MOPH0017,ROLLA 8.2 SSE,MO
US1MOPH0020,ST. JAMES 1.2 SE,MO
US1MOPH0025,NEWBURG 9.6 SSW,MO
US1MOPH0027,ST. JAMES 10.1 SSE,MO
US1MOPH0028,ROLLA 7.6 SSE,MO
US1MOPH0029,ROLLA 3.3 WSW,MO
US1MOPH0033,ROLLA 3.2 SSW,MO
US1MOPH0037,ROLLA 8.1 SSE,MO
US1MOPH0044,ROLLA 4.4 WSW,MO
US1MOPH0052,ROLLA 6.4 S,MO
US1MOPH0053,ROLLA 3.7 WNW,MO
US1MOPH0054,ST. JAMES 7.4 NNE,MO
US1MOPH0056,ROLLA 2.8 S,MO
US1MOPH0060,ROLLA 2.1 SE,MO
US1MOPH0062,ROLLA 1.6 ENE,MO
US1MOPH0063,ROLLA 2.2 SSE,MO
US1MOPH0064,ROLLA 2.2 S,MO
US1MOPH0066,ROLLA 3.8 ENE,MO
US1MORL0001,NEW LONDON 3.0 NNW,MO
US1MORP0006,FAIRDEALING 6.0 W,MO
US1MORP0007,DONIPHAN 14.5 NW,MO
US1MOSC0005,SCOTT CITY 0.9 E,MO
US1MOSC0007,SIKESTON 1.7 ENE,MO
US1MOSC0008,CHARLESTON 5.5 WNW,MO
US1MOSC0010,MINER 0.7 SSE,MO
US1MOSC0011,KELSO 0.2 SSE,MO
US1MOSF0007,BISMARCK 1.3 S,MO
US1MOSG0002,STE. GENEVIEVE 10.4 WSW,MO
US1MOSG0004,STE. GENEVIEVE 12.5 WSW,MO
US1MOSH0001,MOUNTAIN VIEW 7.0 NE,MO
US1MOSH0010,EMINENCE 4.7 ESE,MO
US1MOSL0004,KIRKWOOD 1.6 S,MO
US1MOSL0018,MANCHESTER 1.4 SE,MO
US1MOSL0024,FLORISSANT 2.9 W,MO
US1MOSL0027,BALLWIN 0.5 NNW,MO
US1MOSL0050,WEBSTER GROVES 1.6 NNE,MO
US1MOSL0063,CONCORD 0.7 W,MO
US1MOSL0067,MANCHESTER 2.0 S,MO
US1MOSL0074,GLENDALE 0.3 NE,MO
US1MOSL0079,MARYLAND HEIGHTS 1.2 ESE,MO
US1MOSL0081,CLAYTON 1.2 NW,MO
US1MOSL0092,GLENDALE 0.4 S,MO
US1MOSL0094,AFFTON 0.2 SSW,MO
US1MOSL0099,WEBSTER GROVES 0.4 ENE,MO
US1MOSLC007,ST. LOUIS 5.7 SW,MO
US1MOSLC014,SHREWSBURY 2.4 E,MO
US1MOSS0024,WENTZVILLE 2.0 NNW,MO
US1MOSS0027,ST. CHARLES 2.3 NE,MO
US1MOSS0037,ST. PETERS 2.2 NE,MO
US1MOSS0042,O'FALLON 2.6 NNE,MO
US1MOSS0043,O'FALLON 3.9 NNW,MO
US1MOSS0047,O'FALLON 2.1 SSE,MO
US1MOSS0051,ST. CHARLES 2.6 S,MO
US1MOSS0055,LAKE ST LOUIS 1.7 WSW,MO
US1MOSS0058,ST. CHARLES 2.3 S,MO
US1MOST0002,DEXTER 2.3 W,MO
US1MOST0005,ADVANCE 0.1 WSW,MO
US1MOTX0007,HOUSTON 4.5 ESE,MO
US1MOTX0038,RAYMONDVILLE 3.5 SE,MO
US1MOTX0040,HOUSTON 5.0 SE,MO
US1MOTX0044,SUMMERSVILLE 3.6 S,MO
US1MOWR0009,WRIGHT CITY 0.9 WNW,MO
US1MOWR0012,JONESBURG 3.9 SW,MO
US1MOWY0001,PATTERSON 3.6 N,MO
US1MOWY0003,MILL SPRING 1.3 WSW,MO
US1MSAC0002,CORINTH 3.1 SSW (S TATE ST),MS
US1MSAC0005,CORINTH 5.3 SE (CNTYRD 271),MS
US1MSAM0001,LIBERTY 6.4 ENE,MS
US1MSAM0004,LIBERTY 1.4 W,MS
US1MSAT0011,KOSCIUSKO 0.9 E,MS
US1MSCH0003,CLARKSDALE 2.9 SW,MS
US1MSCP0003,HAZLEHURST 0.8 WSW,MS
US1MSCR0001,VAIDEN 4.8 WNW,MS
US1MSCR0004,CARROLLTON 7.6 NNW,MS
US1MSCT0002,ACKERMAN 4.9 W,MS
US1MSCT0005,WEIR 4.3 NW,MS
US1MSCY0001,WEST POINT 1.0 SSE,MS
US1MSDS0015,HERNANDO 2.7 ESE,MS
US1MSGD0010,GRENADA 6.4 SSW,MS
US1MSGG0002,LUCEDALE 13.1 SE,MS
US1MSHC0005,DIAMONDHEAD 0.9 NNW,MS
US1MSHC0009,KILN 3.3 N,MS
US1MSHC0013,KILN 6.6 N,MS
US1MSHC0018,WAVELAND 1.0 NW,MS
US1MSHC0023,BAY ST LOUIS 1.4 WSW,MS
US1MSHC0024,BAY ST. LOUIS 0.6 SSW,MS
US1MSHD0017,CLINTON 2.1 SW,MS
US1MSHD0018,JACKSON 6.0 NE,MS
US1MSHD0025,RAYMOND 2.7 E,MS
US1MSHD0032,JACKSON 2.8 E,MS
US1MSHR0010,PASS CHRISTIAN 3.5 NE,MS
US1MSHR0015,PASS CHRISTIAN 8.9 NNW,MS
US1MSHR0019,PASS CHRISTIAN 5.0 N,MS
US1MSHR0022,SAUCIER 1.7 NNE,MS
US1MSHR0034,BILOXI 13.1 NNW,MS
US1MSHR0037,PASS CHRISTIAN 9.8 NNW,MS
US1MSHR0041,GULFPORT 9.2 NNW,MS
US1MSHR0053,BILOXI 1.8 ESE,MS
US1MSHR0054,GULFPORT 10.0 NW,MS
US1MSIT0001,MANTACHIE 3.4 N,MS
US1MSJC0002,OCEAN SPRINGS 3.3 E,MS
US1MSJC0012,OCEAN SPRINGS 3.6 ESE,MS
US1MSJC0022,GAUTIER 4.9 N,MS
US1MSJC0031,PASCAGOULA 1.4 SE,MS
US1MSJC0032,OCEAN SPRINGS 2.5 NW,MS
US1MSJF0001,FAYETTE 6.0 SE,MS
US1MSJN0007,LAUREL 7.6 E,MS
US1MSLD0008,COLLINSVILLE 4.0 NNE,MS
US1MSLD0013,COLLINSVILLE 0.4 NNE,MS
US1MSLE0011,TUPELO 3.3 WNW (1W ARPT),MS
US1MSLM0002,HATTIESBURG 8.0 WSW,MS
US1MSLN0005,BROOKHAVEN 4.0 NNE,MS
US1MSLW0002,COLUMBUS 5.3 N,MS
US1MSLW0005,COLUMBUS 5.3 ESE,MS
US1MSLW0011,FORRESTON 1.4 SW,MS
US1MSLW0012,COLUMBUS 5.7 ESE,MS
US1MSLY0004,ABBEVILLE 8.2 SE,MS
US1MSMD0008,MADISON 5.7 WNW,MS
US1MSMD0026,CANTON 7.4 WSW,MS
US1MSMN0001,ABERDEEN 7.9 NNW,MS
US1MSNS0002,PHILADELPHIA 4.5 SW,MS
US1MSNS0008,PHILADELPHIA 1.4 SE,MS
US1MSNS0010,PHILADELPHIA 9.6 W,MS
US1MSNW0005,UNION 1.6 W,MS
US1MSNW0009,NEWTON 1.7 SSE,MS
US1MSOK0006,STARKVILLE 5.3 S,MS
US1MSOK0026,STARKVILLE 3.0 WSW,MS
US1MSOK0033,STARKVILLE 3.8 NNE,MS
US1MSPK0002,JAYESS 5.6 SW,MS
US1MSPN0006,BATESVILLE 4.2 ESE,MS
US1MSPR0001,CARRIERE 3.2 SSW,MS
US1MSPR0004,PICAYUNE 5.6 ENE,MS
US1MSPR0008,CARRIERE 5.9 N,MS
US1MSPR0014,LUMBERTON 11.7 SSE,MS
US1MSPR0015,CARRIERE 5.6 ESE,MS
US1MSPS0004,BOONEVILLE 0.6 ESE,MS
US1MSPS0005,BALDWYN 4.3 N,MS
US1MSPY0003,PETAL 7.3 E,MS
US1MSRN0002,FLOWOOD 2.9 NE,MS
US1MSRN0003,BRANDON 1.9 NE,MS
US1MSRN0007,RICHLAND 0.3 WSW,MS
US1MSRN0028,BRANDON 9.0 N,MS
US1MSRN0033,FLORENCE 1.0 WSW,MS
US1MSRN0042,FLOWOOD 1.5 E,MS
US1MSSF0001,INDIANOLA 1.1 N,MS
US1MSSM0003,TAYLORSVILLE 6.0 E,MS
US1MSSP0001,NEW HEBRON 8.7 WNW,MS
US1MSST0004,PERKINSTON 1.7 NE,MS
US1MSST0011,WIGGINS 2.7 NNW,MS
US1MSTL0001,CHARLESTON 3.5 SW,MS
US1MSTP0002,RIPLEY 1.8 ESE,MS
US1MSTP0004,RIPLEY 7.9 E,MS
US1MSTT0001,SENATOBIA 1.5 S,MS
US1MSUN0001,NEW ALBANY 5.3 SSE,MS
US1MSWN0009,LOUISVILLE 8.6 SSE,MS
US1MSWR0002,VICKSBURG 1.7 SSW,MS
US1MSWR0007,VICKSBURG 12.3 S,MS
US1MSWR0008,VICKSBURG 6.9 NE,MS
US1MSWS0001,LELAND 3.3 ENE,MS
US1NCAG0007,SPARTA 3.6 NW,NC
US1NCAG0008,SPARTA 0.8 W,NC
US1NCAG0009,SPARTA 3.8 E,NC
US1NCAL0038,BURLINGTON 3.9 NNW,NC
US1NCAL0039,MEBANE 3.0 SSW,NC
US1NCAL0040,BURLINGTON 3.2 SSE,NC
US1NCAL0044,CHAPEL HILL 12.8 W,NC
US1NCAL0047,BURLINGTON 2.2 SW,NC
US1NCAS0001,WEST JEFFERSON 8.5 SSE,NC
US1NCAS0022,FLEETWOOD 3.1 SSE,NC
US1NCAS0023,WEST JEFFERSON 1.4 SE,NC
US1NCAS0029,DEEP GAP 2.8 NE,NC
US1NCAS0031,FLEETWOOD 1.6 W,NC
US1NCAS0032,WEST JEFFERSON 1.5 W,NC
US1NCAV0007,LINVILLE FALLS 0.5 SW,NC
US1NCAV0010,PLUMTREE 0.5 W,NC
US1NCAV0013,BANNER ELK 1.3 W,NC
US1NCAX0011,TAYLORSVILLE 3.4 SSE,NC
US1NCBC0004,FAIRVIEW 3.8 ENE,NC
US1NCBC0005,ASHEVILLE 2.1 NNW,NC
US1NCBC0014,LEICESTER 2 SE,NC
US1NCBC0022,SKYLAND 1.0 W,NC
US1NCBC0025,SWANNANOA 2.6 WNW,NC
US1NCBC0028,ASHEVILLE 4.2 ESE,NC
US1NCBC0038,ASHEVILLE 7.3 SSW,NC
US1NCBC0040,WEAVERVILLE 4.3 N,NC
US1NCBC0041,ARDEN 1.6 ENE,NC
US1NCBC0043,ASHEVILLE 8.1 NNW,NC
US1NCBC0045,ASHEVILLE 2.9 N,NC
US1NCBC0051,ASHEVILLE 1.2 NNW,NC
US1NCBC0066,WEAVERVILLE 5.6 E,NC
US1NCBC0075,ASHEVILLE 2.5 WNW,NC
US1NCBC0076,BLACK MOUNTAIN 2.4 SE,NC
US1NCBC0083,ARDEN 2.4 WNW,NC
US1NCBC0087,BAT CAVE 1.9 N,NC
US1NCBC0091,CANDLER 1.3 N,NC
US1NCBC0099,ASHEVILLE 4.1 ESE,NC
US1NCBC0105,BLACK MOUNTAIN 1.3 NNE,NC
US1NCBC0110,ASHEVILLE 1.1 NNE,NC
US1NCBC0114,FAIRVIEW 0.3 NNW,NC
US1NCBC0115,BLACK MOUNTAIN 5.5 SE,NC
US1NCBC0124,WEAVERVILLE 0.5 SW,NC
US1NCBC0126,SWANNANOA 0.4 NNE,NC
US1NCBC0129,WOODFIN 3.7 NW,NC
US1NCBC0145,AVERY CREEK 0.9 ESE,NC
US1NCBC0148,BLACK MOUNTAIN 2.1 W,NC
US1NCBC0150,LEICESTER 4.5 SW,NC
US1NCBC0155,FAIRVIEW 2.7 SE,NC
US1NCBC0156,WOODFIN 2.4 N,NC
US1NCBC0161,WEAVERVILLE 0.7 SW,NC
US1NCBC0163,CANDLER 1.9 ESE,NC
US1NCBC0172,CANDLER 6.6 SW,NC
US1NCBC0175,ASHEVILLE 4.8 SSE,NC
US1NCBC0178,FAIRVIEW 1.4 WSW,NC
US1NCBC0181,ASHEVILLE 1.9 NNW,NC
US1NCBC0186,ASHEVILLE 3.2 W,NC
US1NCBD0002,ELIZABETHTOWN 6.2 NW,NC
US1NCBD0020,ELIZABETHTOWN 4.5 ENE,NC
US1NCBF0010,BATH 0.7 N,NC
US1NCBF0029,WASHINGTON 1.0 SSW,NC
US1NCBF0030,WASHINGTON 3.1 ESE,NC
US1NCBF0034,CHOCOWINITY 0.2 W,NC
US1NCBF0035,AURORA 4.8 NE,NC
US1NCBF0037,PANTEGO 0.4 WSW,NC
US1NCBF0043,BELHAVEN 9.5 S,NC
US1NCBK0027,DREXEL 1.6 WSW,NC
US1NCBK0030,MORGANTON 3.0 SSE,NC
US1NCBK0031,VALDESE 3.3 SSW,NC
US1NCBK0036,HILDEBRAN 1.2 NNE,NC
US1NCBK0037,MORGANTON 6.7 SE,NC
US1NCBR0002,LELAND 5.7 WSW,NC
US1NCBR0006,SUNSET BEACH 1.7 WNW,NC
US1NCBR0013,SOUTHPORT 5.9 W,NC
US1NCBR0045,BOLIVIA 7.6 SW,NC
US1NCBR0056,OAK ISLAND 0.9 ENE,NC
US1NCBR0061,SOUTHPORT 2.7 NNW,NC
US1NCBR0071,BOLIVIA 7.8 SW,NC
US1NCBR0073,BOLIVIA 8.0 SW,NC
US1NCBR0076,LELAND 3.5 SSW,NC
US1NCBR0078,LELAND 4.1 S,NC
US1NCBR0085,SOUTHPORT 5.8 W,NC
US1NCBR0090,SUNSET BEACH 2.5 NE,NC
US1NCBR0093,LONG BEACH 2.0 NE,NC
US1NCBR0098,LELAND 1.4 WNW,NC
US1NCBR0099,SOUTHPORT 1.1 NNW,NC
US1NCBR0101,LELAND 5.5 WNW,NC
US1NCBR0102,SOUTHPORT 6.9 W,NC
US1NCBR0105,CALABASH 3.1 N,NC
US1NCBR0106,CALABASH 1.9 WNW,NC
US1NCBR0107,SOUTHPORT 4.0 WNW,NC
US1NCBR0110,LELAND 8.8 WNW,NC
US1NCBR0113,SOUTHPORT 5.7 W,NC
US1NCBR0115,SUNSET BEACH 0.6 SW,NC
US1NCBR0117,HOLDEN BEACH 2.5 WNW,NC
US1NCBR0119,HOLDEN BEACH 1.4 WNW,NC
US1NCBR0120,ST JAMES 1.7 WSW,NC
US1NCCA0004,SOUTH MILLS 0.1 SW,NC
US1NCCA0008,CAMDEN 0.2 NW,NC
US1NCCB0021,MIDLAND 1.9 WSW,NC
US1NCCB0023,CONCORD 1.8 ENE,NC
US1NCCB0026,CONCORD 3.4 NNE,NC
US1NCCB0032,MOUNT PLEASANT 3.9 ENE,NC
US1NCCB0040,CONCORD 5.6 E,NC
US1NCCB0042,CONCORD 8.3 W,NC
US1NCCC0010,POINT HARBOR 0.2 WSW,NC
US1NCCC0015,GRANDY 0.6 E,NC
US1NCCD0014,LENOIR 10.6 NNE,NC
US1NCCD0027,LENOIR 5.7 E,NC
US1NCCD0030,RHODHISS 0.5 NNE,NC
US1NCCD0032,PATTERSON 1.6 SW,NC
US1NCCH0004,GOLDSTON 3.8 N,NC
US1NCCH0006,SILER CITY 2.7 SSW,NC
US1NCCH0015,PITTSBORO 5.0 NE,NC
US1NCCH0016,APEX 9.2 WNW,NC
US1NCCH0018,PITTSBORO 5.9 N,NC
US1NCCH0020,CARY 7.5 WNW,NC
US1NCCH0023,PITTSBORO 5.4 WSW,NC
US1NCCH0024,SANFORD 10.0 N,NC
US1NCCH0026,SILER CITY 7.2 NE,NC
US1NCCH0036,APEX 7.8 NW,NC
US1NCCH0038,PITTSBORO 6.7 NE,NC
US1NCCH0041,PITTSBORO 3.3 NNW,NC
US1NCCH0044,PITTSBORO 5.4 NNW,NC
US1NCCH0049,CHAPEL HILL 6.8 S,NC
US1NCCH0055,SILER CITY 5.6 S,NC
US1NCCH0056,CHAPEL HILL 5.9 SW,NC
US1NCCH0058,PITTSBORO 8.3 SW,NC
US1NCCH0061,PITTSBORO 7.3 NE,NC
US1NCCH0063,PITTSBORO 10.7 NW,NC
US1NCCH0064,PITTSBORO 8.8 NNE,NC
US1NCCH0066,PITTSBORO 8.2 NNW,NC
US1NCCH0068,FEARRINGTON 1.4 SW,NC
US1NCCH0074,PITTSBORO 0.8 NNW,NC
US1NCCH0076,CHAPEL HILL 8.6 SSW,NC
US1NCCH0077,CHAPEL HILL 4.8 SSE,NC
US1NCCH0080,SILER CITY 8.1 ENE,NC
US1NCCH0081,SILER CITY 6.6 ENE,NC
US1NCCH0082,CHAPEL HILL 11.3 S,NC
US1NCCK0007,MURPHY 15.5 WNW,NC
US1NCCK0014,MURPHY 7.0 SSW,NC
US1NCCK0022,MURPHY 11.2 WSW,NC
US1NCCK0025,MURPHY 4.5 SE,NC
US1NCCL0029,WHITEVILLE 0.3 SSE,NC
US1NCCM0003,FAYETTEVILLE 3.2 SSW,NC
US1NCCM0005,FAYETTEVILLE 4.4 SW,NC
US1NCCM0013,HOPE MILLS 4.8 SE,NC
US1NCCM0030,FAYETTEVILLE 5.4 NNE,NC
US1NCCM0042,HOPE MILLS 6.3 SE,NC
US1NCCM0056,LINDEN 4.2 S,NC
US1NCCM0071,HOPE MILLS 0.5 WSW,NC
US1NCCM0087,FAYETTEVILLE 2.5 NNE,NC
US1NCCM0091,FAYETTEVILLE 6.3 WNW,NC
US1NCCM0092,FAYETTEVILLE 11.4 SSE,NC
US1NCCM0093,ROSEBORO 6.5 SW,NC
US1NCCM0098,STEDMAN 0.7 SE,NC
US1NCCM0101,FAYETTEVILLE 2.5 WSW,NC
US1NCCM0103,FAYETTEVILLE 3.0 WSW,NC
US1NCCM0104,ROSEBORO 9.7 SW,NC
US1NCCM0116,FAYETTEVILLE 1.8 WSW,NC
US1NCCM0120,FAYETTEVILLE 3.1 SSW,NC
US1NCCM0125,WADE 0.3 SW,NC
US1NCCN0009,NEW BERN 1.3 NNE,NC
US1NCCN0030,NEW BERN 7.3 ESE,NC
US1NCCN0031,NEW BERN 8.8 W,NC
US1NCCN0034,JAMES CITY 2.0 S,NC
US1NCCN0044,NEW BERN 5.3 SW,NC
US1NCCN0066,RIVER BEND 0.8 ENE,NC
US1NCCN0067,TRENT WOODS 1.0 NNE,NC
US1NCCN0074,NEW BERN 2.6 SW,NC
US1NCCN0089,TRENT WOODS 1.2 ENE,NC
US1NCCN0093,HAVELOCK 1.9 SSE,NC
US1NCCN0094,NEW BERN 3.8 S,NC
US1NCCN0096,TRENT WOODS 0.9 WNW,NC
US1NCCN0116,BRIDGETON 0.3 SSE,NC
US1NCCN0118,NEW BERN 2.9 SSE,NC
US1NCCN0121,BRICE CREEK 0.9 WNW,NC
US1NCCN0124,TRENT WOODS 1.3 WNW,NC
US1NCCR0001,NEWPORT 0.2 SW,NC
US1NCCR0003,MOREHEAD CITY 2.9 WNW,NC
US1NCCR0009,BEAUFORT 5.3 N,NC
US1NCCR0012,MOREHEAD CITY 0.6 NW,NC
US1NCCR0016,MOREHEAD CITY 6.0 WNW,NC
US1NCCR0028,OCEAN 0.5 S,NC
US1NCCR0029,MOREHEAD CITY 0.1 E,NC
US1NCCR0033,NEWPORT 2.5 W,NC
US1NCCR0043,ATLANTIC BEACH 1.0 E,NC
US1NCCR0049,EMERALD ISLE 2.3 WSW,NC
US1NCCR0053,NEWPORT 1.7 SSE,NC
US1NCCR0070,BEAUFORT 1.5 NNW,NC
US1NCCR0072,INDIAN BEACH 0.0 W,NC
US1NCCR0074,NEWPORT 1.0 N,NC
US1NCCR0075,PINE KNOLL SHORES 0.3 NE,NC
US1NCCR0104,MOREHEAD CITY 5.7 W,NC
US1NCCR0106,EMERALD ISLE 2.1 E,NC
US1NCCR0107,CEDAR POINT 0.9 WSW,NC
US1NCCR0109,CAPE CARTERET 0.8 NE,NC
US1NCCR0136,BEAUFORT 3.8 N,NC
US1NCCR0137,CEDAR POINT 0.4 WSW,NC
US1NCCR0138,BEAUFORT 3.4 NNW,NC
US1NCCR0139,BEAUFORT 0.5 W,NC
US1NCCR0150,CEDAR ISLAND 0.3 SSE,NC
US1NCCR0153,BEAUFORT 3.7 NNW,NC
US1NCCR0156,SWANSBORO 3.7 NNE,NC
US1NCCR0158,CAPE CARTERET 1.0 NNW,NC
US1NCCR0159,BEAUFORT 12.1 N,NC
US1NCCR0160,STELLA 2.5 SE,NC
US1NCCR0162,SWANSBORO 2.7 NE,NC
US1NCCR0167,CEDAR POINT 0.7 NNE,NC
US1NCCR0170,NEWPORT 2.3 SE,NC
US1NCCR0173,EMERALD ISLE 0.4 SW,NC
US1NCCR0174,NEWPORT 7.1 ENE,NC
US1NCCR0176,BEAUFORT 3.6 NNW,NC
US1NCCS0002,MEBANE 11.2 N,NC
US1NCCT0005,MILLERSVILLE 2.0 S,NC
US1NCCT0010,HICKORY 4.8 SW,NC
US1NCCT0027,HICKORY 5.3 NE,NC
US1NCCT0037,NEWTON 3.4 S,NC
US1NCCT0038,MAIDEN 3.6 W,NC
US1NCCT0039,NEWTON 2.9 SE,NC
US1NCCT0042,MAIDEN 5.7 ENE,NC
US1NCCT0048,TERRELL 1.2 SE,NC
US1NCCT0050,HICKORY 5.8 NE,NC
US1NCCT0061,HICKORY 3.2 NE,NC
US1NCCV0023,SHELBY 1.7 NNW,NC
US1NCCV0029,SHELBY 6.9 NNE,NC
US1NCCV0033,SHELBY 1.9 E,NC
US1NCCV0045,GROVER 1.8 N,NC
US1NCCV0046,SHELBY 2.3 ESE,NC
US1NCCV0050,PATTERSON SPRINGS 1.3 NW,NC
US1NCCW0020,EDENTON 4.3 SE,NC
US1NCCW0027,TYNER 3.1 NNW,NC
US1NCCW0028,EDENTON 13.3 NNW,NC
US1NCCW0057,EDENTON 0.5 NE,NC
US1NCCW0059,EDENTON 7.4 ESE,NC
US1NCCW0061,EDENTON 1.0 NNW,NC
US1NCCY0003,HAYESVILLE 5.2 E,NC
US1NCCY0005,HAYESVILLE 1.6 E,NC
US1NCCY0006,HAYESVILLE 2.5 SSW,NC
US1NCCY0009,HAYESVILLE 4.6 ESE,NC
US1NCDH0006,DURHAM 1.2 NW,NC
US1NCDH0018,DURHAM 9.1 NNE,NC
US1NCDH0022,DURHAM 6.8 NNW,NC
US1NCDH0026,DURHAM 5.8 NW,NC
US1NCDH0033,CHAPEL HILL 2.5 SE,NC
US1NCDH0034,DURHAM 5.2 NW,NC
US1NCDH0036,CHAPEL HILL 4.9 SSE,NC
US1NCDH0047,DURHAM 4.5 SW,NC
US1NCDH0048,DURHAM 4.5 N,NC
US1NCDH0049,DURHAM 4.5 E,NC
US1NCDH0052,PARKWOOD 2.5 W,NC
US1NCDH0058,MORRISVILLE 4.1 N,NC
US1NCDH0062,DURHAM 7.5 NNE,NC
US1NCDH0066,DURHAM 8.0 NNE,NC
US1NCDH0068,DURHAM 2.3 SW,NC
US1NCDH0077,DURHAM 8.3 ESE,NC
US1NCDH0078,DURHAM 4.6 WNW,NC
US1NCDH0081,DURHAM 8.1 NNW,NC
US1NCDH0082,DURHAM 3.5 SSW,NC
US1NCDH0085,STEM 5.8 WNW,NC
US1NCDH0091,DURHAM 4.8 NNW,NC
US1NCDH0092,DURHAM 3.4 SSW,NC
US1NCDH0096,DURHAM 5.9 ESE,NC
US1NCDH0098,DURHAM 6.7 S,NC
US1NCDH0100,DURHAM 2.4 ENE,NC
US1NCDP0003,MOUNT OLIVE 2.4 SW,NC
US1NCDP0017,ROSE HILL 0.1 NNW,NC
US1NCDP0025,ALBERTSON 1.2 WNW,NC
US1NCDP0036,KENANSVILLE 1.1 SW,NC
US1NCDP0037,WALLACE 14.8 E,NC
US1NCDP0039,FAISON 3.3 SSE,NC
US1NCDR0028,MANTEO 2.5 WNW,NC
US1NCDR0050,SOUTHERN SHORES 1.9 NNW,NC
US1NCDR0051,RODANTHE 1.0 SSE,NC
US1NCDR0062,MANTEO 2.8 NW,NC
US1NCDR0069,SOUTHERN SHORES 0.5 NNE,NC
US1NCDR0088,KITTY HAWK 2.4 NW,NC
US1NCDS0013,CLEMMONS 6.5 SE,NC
US1NCDS0021,HIGH POINT 3.3 WSW,NC
US1NCDS0022,DENTON 1.1 NNW,NC
US1NCDS0025,LEXINGTON 11.4 N,NC
US1NCDS0027,THOMASVILLE 3.0 S,NC
US1NCDS0031,LEXINGTON 10.2 SSW,NC
US1NCDS0033,LEXINGTON 5.1 SSE,NC
US1NCDS0041,MIDWAY 1.6 WNW,NC
US1NCDV0001,SHEFFIELD 1.3 SW,NC
US1NCDV0002,ADVANCE 0.2 ESE,NC
US1NCDV0009,SHEFFIELD 1.9 NE,NC
US1NCDV0012,MOCKSVILLE 3.7 W,NC
US1NCDV0016,MOCKSVILLE 2.6 NE,NC
US1NCDV0017,ADVANCE 2.3 W,NC
US1NCED0011,TARBORO 5.9 SE,NC
US1NCED0015,TARBORO 0.7 S,NC
US1NCED0018,ROCKY MOUNT 3.1 SE,NC
US1NCED0021,TARBORO 4.8 ENE,NC
US1NCFK0001,LOUISBURG 8.2 ESE,NC
US1NCFK0021,YOUNGSVILLE 2.0 NE,NC
US1NCFK0025,FRANKLINTON 3.7 SSE,NC
US1NCFK0027,YOUNGSVILLE 3.9 WNW,NC
US1NCFK0033,LOUISBURG 0.9 NNE,NC
US1NCFR0004,LEWISVILLE 4.2 N,NC
US1NCFR0007,LEWISVILLE 0.5 W,NC
US1NCFR0013,KERNERSVILLE 3.0 NW,NC
US1NCFR0022,KERNERSVILLE 1.1 SSW,NC
US1NCFR0027,WINSTON-SALEM 5.9 W,NC
US1NCFR0034,WINSTON-SALEM 4.2 NNE,NC
US1NCFR0043,RURAL HALL 2.2 ESE,NC
US1NCFR0049,WALNUT COVE 4.5 S,NC
US1NCFR0051,CLEMMONS 1.0 E,NC
US1NCFR0052,CLEMMONS 1.0 S,NC
US1NCFR0053,RURAL HALL 2.5 SE,NC
US1NCFR0054,KERNERSVILLE 3.4 NNW,NC
US1NCFR0055,LEWISVILLE 1.9 NNW,NC
US1NCFR0056,WINSTON-SALEM 1.8 SSW,NC
US1NCFR0058,WINSTON-SALEM 3.9 SSW,NC
US1NCFR0065,KERNERSVILLE 3.2 NNW,NC
US1NCFR0066,WINSTON-SALEM 3.2 NW,NC
US1NCFR0072,PFAFFTOWN 1.4 NNE,NC
US1NCGL0013,BROWNS SUMMIT 3.2 NW,NC
US1NCGL0044,GREENSBORO 6.8 ESE,NC
US1NCGL0054,SUMMERFIELD 2.2 SE,NC
US1NCGL0055,SUMMERFIELD 2.8 NW,NC
US1NCGL0060,HIGH POINT 1.9 NW,NC
US1NCGL0061,SUMMERFIELD 1.7 ESE,NC
US1NCGL0073,BROWNS SUMMIT 2.7 NW,NC
US1NCGL0075,GREENSBORO 2.4 WNW,NC
US1NCGL0078,GREENSBORO 1.2 E,NC
US1NCGL0080,HIGH POINT 1.5 SW,NC
US1NCGL0083,COLFAX 3.2 S,NC
US1NCGL0084,GREENSBORO 3.8 WNW,NC
US1NCGN0012,AYDEN 6.5 WNW,NC
US1NCGS0006,GASTONIA 3.9 ESE,NC
US1NCGS0021,GASTONIA 1.8 SSE,NC
US1NCGS0037,KINGS MOUNTAIN 3.4 NNE,NC
US1NCGS0044,GASTONIA 4.3 E,NC
US1NCGS0052,GASTONIA 8.4 SW,NC
US1NCGS0063,CHERRYVILLE 2.2 SSE,NC
US1NCGS0067,BELMONT 5.3 S,NC
US1NCGS0077,DALLAS 0.3 N,NC
US1NCGV0007,OXFORD 7.4 S,NC
US1NCGV0010,OXFORD 2.5 WSW,NC
US1NCGV0016,CREEDMOOR 4.3 E,NC
US1NCHD0012,OCRACOKE 0.6 SW,NC
US1NCHD0013,ENGELHARD 0.8 NW,NC
US1NCHD0015,SQ TOWER,NC
US1NCHK0003,RAEFORD 9.6 E,NC
US1NCHK0004,FAYETTEVILLE 10.8 WSW,NC
US1NCHK0005,RAEFORD 4.4 NE,NC
US1NCHK0014,RED SPRINGS 3.8 NW,NC
US1NCHL0001,ROANOKE RAPIDS 4.5 WNW,NC
US1NCHL0010,HOBGOOD 0.4 NNE,NC
US1NCHN0012,EAST FLAT ROCK 0.5 NNE,NC
US1NCHN0014,HENDERSONVILLE 4.8 SW,NC
US1NCHN0016,HENDERSONVILLE 3.4 NW,NC
US1NCHN0025,HENDERSONVILLE 6.1 SSW,NC
US1NCHN0027,HENDERSONVILLE 4.9 NNE,NC
US1NCHN0033,HENDERSONVILLE 5.1 WSW,NC
US1NCHN0038,ETOWAH 1.1 WNW,NC
US1NCHN0039,MOUNTAIN HOME 0.9 WNW,NC
US1NCHN0040,HENDERSONVILLE 4.4 NW,NC
US1NCHN0053,FLAT ROCK 1.0 NE,NC
US1NCHN0054,MILLS RIVER 1.1 N,NC
US1NCHN0061,HENDERSONVILLE 1.0 SSW,NC
US1NCHN0065,FLETCHER 2.4 SW,NC
US1NCHN0067,SALUDA 2.8 SSW,NC
US1NCHN0072,MOUNTAIN HOME 0.6 W,NC
US1NCHR0007,LILLINGTON 2.0 W,NC
US1NCHR0026,FUQUAY-VARINA 6.1 SSW,NC
US1NCHR0043,LILLINGTON 0.7 WNW,NC
US1NCHR0050,HOLLY SPRINGS 6.6 SSW,NC
US1NCHR0051,ANGIER 0.4 N,NC
US1NCHR0054,SANFORD 16.1 SSE,NC
US1NCHR0055,SPRING LAKE 5.7 NNW,NC
US1NCHR0056,BUNNLEVEL 7.7 W,NC
US1NCHW0002,MAGGIE VALLEY 2.9 ENE,NC
US1NCHW0004,WAYNESVILLE 0.7 ENE,NC
US1NCHW0025,WAYNESVILLE 1.0 NW,NC
US1NCHW0030,WAYNESVILLE 2.2 SE,NC
US1NCHW0035,WAYNESVILLE 5.5 NNW,NC
US1NCHW0058,CRABTREE 1.7 ENE,NC
US1NCHW0065,WAYNESVILLE 2.1 W,NC
US1NCHW0068,WAYNESVILLE 3.5 NNE,NC
US1NCHW0072,WAYNESVILLE 2.5 SSE,NC
US1NCHW0074,CANTON 4.9 N,NC
US1NCIR0002,HARMONY 3.4 SW,NC
US1NCIR0017,HARMONY 2.2 N,NC
US1NCIR0019,STATESVILLE 6.5 WSW,NC
US1NCIR0025,STATESVILLE 8.3 WSW,NC
US1NCIR0037,STATESVILLE 6.2 NNE,NC
US1NCJC0022,CASHIERS 3.2 NE,NC
US1NCJC0025,SYLVA 1.4 ENE,NC
US1NCJH0014,CLAYTON 1.3 SSW,NC
US1NCJH0015,WENDELL 6.5 S,NC
US1NCJH0020,CLAYTON 4.6 ESE,NC
US1NCJH0026,SELMA 7.0 NNE,NC
US1NCJH0046,CLAYTON 6.8 ESE,NC
US1NCJH0065,FOUR OAKS 5.7 NW,NC
US1NCJH0084,CLAYTON 5.5 S,NC
US1NCJH0089,SELMA 2.3 N,NC
US1NCJH0092,CLAYTON 3.2 SW,NC
US1NCJH0095,CLAYTON 1.3 SSW,NC
US1NCJH0098,CLAYTON 4.2 SSE,NC
US1NCJH0104,DUNN 8.1 ESE,NC
US1NCJH0113,ZEBULON 2.5 SSE,NC
US1NCJH0115,CLAYTON 6.3 ENE,NC
US1NCJH0116,CLAYTON 6.1 E,NC
US1NCJH0117,CLAYTON 5.0 E,NC
US1NCLE0003,SANFORD 6.6 S,NC
US1NCLE0009,SANFORD 6.0 N,NC
US1NCLN0001,LINCOLNTON 2.3 S,NC
US1NCLN0010,VALE 4.2 W,NC
US1NCLN0025,DENVER 6.4 S,NC
US1NCLR0001,LA GRANGE 0.9 SW,NC
US1NCLR0007,KINSTON 4.7 ESE,NC
US1NCLR0010,KINSTON 5.1 WNW,NC
US1NCLR0022,KINSTON 7.0 SW,NC
US1NCLR0023,KINSTON 4.4 WNW,NC
US1NCLR0031,PINK HILL 2.5 NE,NC
US1NCLR0035,GRIFTON 1.8 WNW,NC
US1NCLR0036,KINSTON 4.6 ESE,NC
US1NCMC0004,FRANKLIN 4.9 NNW,NC
US1NCMC0007,FRANKLIN 4.3 SSE,NC
US1NCMC0012,FRANKLIN 4.4 ESE,NC
US1NCMC0039,FRANKLIN 6.0 SW,NC
US1NCMD0008,OLD FORT 3.6 NW,NC
US1NCMD0009,PLEASANT GARDENS 0.8 WSW,NC
US1NCMD0019,OLD FORT 4.9 SW,NC
US1NCMD0028,NEBO 0.9 ESE,NC
US1NCMG0001,STAR 1.0 N,NC
US1NCMK0053,CHARLOTTE 7.0 ENE,NC
US1NCMK0068,HUNTERSVILLE 2.0 W,NC
US1NCMK0070,HUNTERSVILLE 2.8 SSW,NC
US1NCMK0071,CHARLOTTE 5.8 E,NC
US1NCMK0088,CHARLOTTE 7.1 S,NC
US1NCMK0097,CORNELIUS 1.0 WNW,NC
US1NCMK0098,PAW CREEK 1.2 N,NC
US1NCMK0108,HUNTERSVILLE 3.3 SE,NC
US1NCMK0109,HUNTERSVILLE 0.7 SSE,NC
US1NCMK0110,CHARLOTTE 6.5 SSW,NC
US1NCMK0115,CHARLOTTE 8.9 NW,NC
US1NCMK0118,MINT HILL 3.7 NNE,NC
US1NCMK0120,CHARLOTTE 4.1 SE,NC
US1NCMK0123,CHARLOTTE 1.7 ESE,NC
US1NCMK0130,MATTHEWS 1.3 W,NC
US1NCML0002,BAKERSVILLE 2.5 SE,NC
US1NCML0010,SPRUCE PINE 6.6 SW,NC
US1NCML0011,SPRUCE PINE 3.7 ESE,NC
US1NCML0015,BULADEAN 1.3 ESE,NC
US1NCML0016,SPRUCE PINE 1.5 SSW,NC
US1NCMR0009,WHISPERING PINES 2.1 NE,NC
US1NCMR0040,ABERDEEN 0.7 NW,NC
US1NCMR0044,PINEHURST 4.6 NNE,NC
US1NCMR0058,FOXFIRE 0.6 NW,NC
US1NCMR0059,CAMERON 9.1 SSE,NC
US1NCMS0005,MARSHALL 13.6 NNW,NC
US1NCMS0012,MARSHALL 4.8 SW,NC
US1NCMS0018,LEICESTER 6.5 WNW,NC
US1NCMS0019,MARSHALL 15.1 NNE,NC
US1NCMS0020,MARSHALL 7.5 WSW,NC
US1NCMS0022,HOT SPRINGS 6.5 SW,NC
US1NCMS0023,HOT SPRINGS 9.6 SW,NC
US1NCMS0028,MARS HILL 6.8 E,NC
US1NCMS0029,MARSHALL 1.7 W,NC
US1NCMS0031,MARSHALL 2.7 SSE,NC
US1NCMS0034,MARSHALL 3.6 NNE,NC
US1NCMS0036,MARSHALL 1.7 S,NC
US1NCMS0040,MARS HILL 1.4 SSE,NC
US1NCMS0041,MARS HILL 5.7 ENE,NC
US1NCMS0042,MARS HILL 6.5 E,NC
US1NCMT0007,JAMESVILLE 6.1 SW,NC
US1NCMT0014,WILLIAMSTON 8.9 SSE,NC
US1NCNH0010,WILMINGTON 8.0 ENE,NC
US1NCNH0035,WILMINGTON 2.3 SE,NC
US1NCNH0046,WILMINGTON 6.2 SSE,NC
US1NCNH0058,WILMINGTON 3.0 SE,NC
US1NCNH0062,CAROLINA BEACH 1.0 N,NC
US1NCNH0063,SMITH CREEK 0.8 E,NC
US1NCNH0066,WILMINGTON 3.7 S,NC
US1NCNH0068,WILMINGTON 7.3 NE,NC
US1NCNH0082,WILMINGTON 2.8 SE,NC
US1NCNH0088,WRIGHTSBORO 2.9 ENE,NC
US1NCNH0090,SILVER LAKE 0.9 NW,NC
US1NCNH0091,WILMINGTON 0.6 NNW,NC
US1NCNH0095,WILMINGTON 4.3 SE,NC
US1NCNH0099,WILMINGTON 2.8 ESE,NC
US1NCNH0102,WILMINGTON 3.9 SE,NC
US1NCNH0106,WILMINGTON 6.5 NE,NC
US1NCNH0116,BAYSHORE 1.0 NE,NC
US1NCNH0120,WILMINGTON 1.3 W,NC
US1NCNH0122,WILMINGTON 1.6 SSE,NC
US1NCNR0006,HENRICO 0.4 S,NC
US1NCNS0002,NASHVILLE 3.2 W,NC
US1NCNS0021,ROCKY MOUNT 9.2 SW,NC
US1NCNS0030,ZEBULON 5.4 E,NC
US1NCNS0034,ROCKY MOUNT 3.1 WNW,NC
US1NCNS0036,ROCKY MOUNT 2.6 W,NC
US1NCON0019,JACKSONVILLE 1.0 NW,NC
US1NCON0020,HUBERT 4.9 SE,NC
US1NCON0068,JACKSONVILLE 6.8 NW,NC
US1NCON0095,JACKSONVILLE 4.5 NW,NC
US1NCON0106,SNEADS FERRY 3.3 SW,NC
US1NCON0123,JACKSONVILLE 3.3 W,NC
US1NCON0133,HUBERT 3.7 ENE,NC
US1NCON0138,SNEADS FERRY 1.2 SSW,NC
US1NCON0141,JACKSONVILLE 5.4 WSW,NC
US1NCON0142,JACKSONVILLE 4.5 NW,NC
US1NCON0146,SWANSBORO 2.8 WSW,NC
US1NCON0148,HOLLY RIDGE 5.0 E,NC
US1NCON0150,JACKSONVILLE 2.4 NNE,NC
US1NCOR0001,HILLSBOROUGH 4.0 SSW,NC
US1NCOR0002,EFLAND 4.0 NNW,NC
US1NCOR0006,HILLSBOROUGH 7.4 NW,NC
US1NCOR0027,HILLSBOROUGH 1.8 S,NC
US1NCOR0038,CHAPEL HILL 4.3 WSW,NC
US1NCOR0041,HILLSBOROUGH 1.5 NE,NC
US1NCOR0045,CHAPEL HILL 9.4 W,NC
US1NCOR0048,CHAPEL HILL 4.7 SW,NC
US1NCOR0051,CHAPEL HILL 2.5 N,NC
US1NCOR0055,CHAPEL HILL 2.2 N,NC
US1NCOR0056,CHAPEL HILL 10.9 WSW,NC
US1NCOR0060,HILLSBOROUGH 2.8 SSW,NC
US1NCOR0062,CHAPEL HILL 7.2 W,NC
US1NCOR0064,CHAPEL HILL 4.0 WNW,NC
US1NCOR0069,DURHAM 7.8 NW,NC
US1NCOR0073,CHAPEL HILL 6.5 WSW,NC
US1NCOR0074,HILLSBOROUGH 8.4 NNE,NC
US1NCOR0078,CHAPEL HILL 3.9 WNW,NC
US1NCOR0081,HILLSBOROUGH 1.5 NW,NC
US1NCOR0086,CARRBORO 0.6 NNE,NC
US1NCOR0090,CHAPEL HILL 11.4 W,NC
US1NCOR0091,CARRBORO 0.7 NNE,NC
US1NCPD0010,CASTLE HAYNE 2.5 NW,NC
US1NCPD0022,BURGAW 0.3 NE,NC
US1NCPD0029,HAMPSTEAD 1.3 ESE,NC
US1NCPD0031,HAMPSTEAD 4.1 WNW,NC
US1NCPD0039,BURGAW 5.3 WSW,NC
US1NCPK0001,COLUMBUS 1.9 E,NC
US1NCPK0006,SALUDA 0.5 N,NC
US1NCPK0008,RUTHERFORDTON 9.5 S,NC
US1NCPK0025,COLUMBUS 1.7 SSE,NC
US1NCPK0030,SALUDA 0.7 SW,NC
US1NCPK0036,TRYON 3.5 ENE,NC
US1NCPK0038,TRYON 2.8 E,NC
US1NCPK0039,COLUMBUS 1.0 SSE,NC
US1NCPM0002,ORIENTAL 2.1 WSW,NC
US1NCPM0003,MERRITT 1.5 WSW,NC
US1NCPM0010,ORIENTAL 4.3 NNW,NC
US1NCPM0012,ORIENTAL 5.2 NE,NC
US1NCPM0020,GRANTSBORO 4.6 SSW,NC
US1NCPM0021,LOWLAND 0.2 SE,NC
US1NCPM0030,NEW BERN 6.4 ENE,NC
US1NCPM0031,ORIENTAL 1.8 WNW,NC
US1NCPN0017,HURDLE MILLS 5.2 NNW,NC
US1NCPN0021,ROXBORO 2.1 SW,NC
US1NCPR0005,HERTFORD 5.2 SSE,NC
US1NCPR0014,HERTFORD 11.4 E,NC
US1NCPR0015,HERTFORD 6.0 SSE,NC
US1NCPR0018,HERTFORD 0.3 S,NC
US1NCPR0019,HERTFORD 4.2 N,NC
US1NCPS0027,ELIZABETH CITY 5.1 SSE,NC
US1NCPS0030,ELIZABETH CITY 0.8 NW,NC
US1NCPS0034,ELIZABETH CITY 7.7 SSW,NC
US1NCPT0007,WINTERVILLE 3.5 W,NC
US1NCPT0010,FOUNTAIN 0.1 NE,NC
US1NCPT0017,GREENVILLE 4.6 W,NC
US1NCPT0018,GREENVILLE 7.1 SSE,NC
US1NCPT0019,GREENVILLE 4.4 SSE,NC
US1NCPT0023,WINTERVILLE 2.5 NNW,NC
US1NCPT0035,GREENVILLE 2.8 ESE,NC
US1NCPT0047,FARMVILLE 3.1 NW,NC
US1NCPT0055,WINTERVILLE 1.0 ENE,NC
US1NCPT0057,GREENVILLE 5.7 NW,NC
US1NCPT0062,GREENVILLE 2.8 WSW,NC
US1NCPT0067,GREENVILLE 3.3 W,NC
US1NCPT0088,GREENVILLE 5.0 SE,NC
US1NCPT0091,WINTERVILLE 2.6 ENE,NC
US1NCPT0093,GREENVILLE 7.3 SSE,NC
US1NCPT0113,GREENVILLE 1.4 ESE,NC
US1NCRB0007,LUMBERTON 2.6 ESE,NC
US1NCRB0017,LUMBERTON 8.6 SSE,NC
US1NCRB0026,ROWLAND 2.4 SE,NC
US1NCRC0001,MARSTON 2.3 SW,NC
US1NCRC0008,NORMAN 0.4 SSE,NC
US1NCRC0013,HAMLET 0.6 S,NC
US1NCRG0023,STOKESDALE 2.7 NNW,NC
US1NCRG0026,SUMMERFIELD 7.3 N,NC
US1NCRG0030,MAYODAN 2.3 E,NC
US1NCRN0024,ASHEBORO 2.6 NNE,NC
US1NCRN0038,ASHEBORO 5.0 WSW,NC
US1NCRN0046,ASHEBORO 2.3 NE,NC
US1NCRT0003,ELLENBORO 3.1 SW,NC
US1NCRT0008,UNION MILLS 2.6 ENE,NC
US1NCRT0016,FOREST CITY 2.1 WSW,NC
US1NCRT0020,RUTHERFORDTON 1.1 NE,NC
US1NCRT0030,BOSTIC 4.7 ENE,NC
US1NCRW0002,CHINA GROVE 4.4 W,NC
US1NCRW0016,FAITH 0.3 WNW,NC
US1NCRW0017,SALISBURY 3.4 NW,NC
US1NCRW0023,ENOCHVILLE 0.4 S,NC
US1NCRW0025,LANDIS 0.1 SE,NC
US1NCRW0028,ROCKWELL 3.5 NE,NC
US1NCSC0007,WAGRAM 4.5 W,NC
US1NCSC0015,LAURINBURG 2.1 SW,NC
US1NCSK0005,WALNUT COVE 0.5 N,NC
US1NCSK0010,WALNUT COVE 1.5 ENE,NC
US1NCSK0014,LAWSONVILLE 1.1 W,NC
US1NCSK0015,LAWSONVILLE 2.1 NE,NC
US1NCSK0016,KING 4.2 NNE,NC
US1NCSM0001,CLINTON 5.8 SW,NC
US1NCSM0008,CLINTON 1.5 NE,NC
US1NCSM0011,HARRELLS 0.7 SE,NC
US1NCSM0013,ROSEBORO 1.5 WSW,NC
US1NCSM0016,SALEMBURG 2.5 N,NC
US1NCSM0023,NEWTON GROVE 2.6 SSE,NC
US1NCSM0024,HARRELLS 0.7 SE,NC
US1NCSM0025,CLINTON 4.5 SSE,NC
US1NCSN0002,STANFIELD 4.5 SSE,NC
US1NCSN0014,RICHFIELD 1.9 W,NC
US1NCSN0016,STANFIELD 0.9 SE,NC
US1NCSN0018,RICHFIELD 5.9 SW,NC
US1NCSR0002,DOBSON 2.3 SE,NC
US1NCSR0006,ARARAT 4.7 SW,NC
US1NCSR0012,PILOT MOUNTAIN 0.3 W,NC
US1NCSR0014,ELKIN 5.3 NNE,NC
US1NCSR0016,MOUNT AIRY 1.1 NE,NC
US1NCSW0006,WESSER 1.7 SE,NC
US1NCTR0001,BREVARD 1.2 NNW,NC
US1NCTR0023,PISGAH FOREST 2.5 N,NC
US1NCTR0026,BREVARD 2.2 SSW,NC
US1NCTR0029,SAPPHIRE 4.6 SW,NC
US1NCTR0030,CONNESTEE FALLS 1.0 SW,NC
US1NCTR0031,BREVARD 0.4 SE,NC
US1NCTR0032,BREVARD 10.1 S,NC
US1NCTY0005,COLUMBIA 0.8 NNE,NC
US1NCUN0001,MONROE 2.4 N,NC
US1NCUN0010,MONROE 9.2 N,NC
US1NCUN0017,WAXHAW 4.1 ENE,NC
US1NCUN0021,WAXHAW 7.3 SSE,NC
US1NCUN0022,MONROE 7.2 SW,NC
US1NCUN0027,WEDDINGTON 1.9 WSW,NC
US1NCUN0028,MONROE 7.1 SW,NC
US1NCUN0034,WAXHAW 5.1 S,NC
US1NCUN0039,WAXHAW 2.8 NE,NC
US1NCUN0041,MONROE 6.4 WNW,NC
US1NCVN0003,HENDERSON 2.5 WSW,NC
US1NCVN0005,HENDERSON 2.5 NNE,NC
US1NCVN0006,TOWNSVILLE 4.9 NE,NC
US1NCWK0001,RALEIGH 10.3 N,NC
US1NCWK0002,RALEIGH 1.5 SW,NC
US1NCWK0003,RALEIGH 6.2 E,NC
US1NCWK0004,APEX 3.4 ESE,NC
US1NCWK0013,RALEIGH 5.9 ENE,NC
US1NCWK0017,CARY 2.5 SE,NC
US1NCWK0020,HOLLY SPRINGS 6.0 ENE,NC
US1NCWK0022,APEX 6.1 ESE,NC
US1NCWK0023,RALEIGH 3.3 ENE,NC
US1NCWK0040,CARY 0.4 NNW,NC
US1NCWK0044,CLAYTON 3.3 NW,NC
US1NCWK0059,RALEIGH 3.3 E,NC
US1NCWK0061,RALEIGH 8.4 N,NC
US1NCWK0065,HOLLY SPRINGS 3.6 SSE,NC
US1NCWK0077,APEX 2.2 N,NC
US1NCWK0079,CARY 1.1 W,NC
US1NCWK0088,RALEIGH 3.6 NNW,NC
US1NCWK0090,RALEIGH 3.8 SSW,NC
US1NCWK0105,CARY 2.7 S,NC
US1NCWK0106,CARY 0.5 NW,NC
US1NCWK0141,GARNER 3.8 W,NC
US1NCWK0159,APEX 3.3 WSW,NC
US1NCWK0165,RALEIGH 4.4 SW,NC
US1NCWK0176,CARY 0.4 NNW,NC
US1NCWK0185,MORRISVILLE 1.5 SSW,NC
US1NCWK0188,WAKE FOREST 1.9 NNE,NC
US1NCWK0198,CARY 1.9 SE,NC
US1NCWK0199,GARNER 1.6 SSE,NC
US1NCWK0203,RALEIGH 3.6 NNE,NC
US1NCWK0214,HOLLY SPRINGS 3.3 E,NC
US1NCWK0215,APEX 2.0 WNW,NC
US1NCWK0228,HOLLY SPRINGS 2.7 W,NC
US1NCWK0235,RALEIGH 1.2 WNW,NC
US1NCWK0242,RALEIGH 7.9 SSW,NC
US1NCWK0247,APEX 1.8 E,NC
US1NCWK0252,WAKE FOREST 5.9 WNW,NC
US1NCWK0255,GORMAN 7.2 SE,NC
US1NCWK0271,GARNER 6.1 S,NC
US1NCWK0282,RALEIGH 12.7 SSW,NC
US1NCWK0283,FUQUAY-VARINA 1.6 SE,NC
US1NCWK0298,CARY 0.4 NNW,NC
US1NCWK0304,RALEIGH 6.2 N,NC
US1NCWK0305,RALEIGH 10.0 NNW,NC
US1NCWK0312,GARNER 1.8 S,NC
US1NCWK0313,MORRISVILLE 1.4 NW,NC
US1NCWK0317,RALEIGH 0.9 WNW,NC
US1NCWK0320,HOLLY SPRINGS 1.7 WSW,NC
US1NCWK0325,RALEIGH 9.7 SSW,NC
US1NCWK0326,APEX 2.9 NW,NC
US1NCWK0328,RALEIGH 5.8 NW,NC
US1NCWK0330,RALEIGH 6.3 ENE,NC
US1NCWK0341,KNIGHTDALE 4.7 SSE,NC
US1NCWK0345,RALEIGH 2.5 E,NC
US1NCWK0351,RALEIGH 8.6 NNE,NC
US1NCWK0373,GARNER 0.4 SSE,NC
US1NCWK0379,APEX 3.8 NW,NC
US1NCWK0380,RALEIGH 3.0 W,NC
US1NCWK0386,RALEIGH 4.4 NE,NC
US1NCWK0390,RALEIGH 5.4 NNE,NC
US1NCWK0391,FUQUAY-VARINA 3.2 E,NC
US1NCWK0392,RALEIGH 1.8 SW,NC
US1NCWK0394,RALEIGH 5.6 NW,NC
US1NCWK0396,CARY 1.5 NNE,NC
US1NCWK0401,RALEIGH 4.6 SW,NC
US1NCWK0404,CARY 1.0 S,NC
US1NCWK0405,RALEIGH 2.0 N,NC
US1NCWK0417,RALEIGH 5.9 SSW,NC
US1NCWK0418,HOLLY SPRINGS 1.1 SW,NC
US1NCWK0419,WAKE FOREST 5.6 WNW,NC
US1NCWK0424,WAKE FOREST 2.6 ENE,NC
US1NCWK0425,RALEIGH 8.0 SW,NC
US1NCWK0427,RALEIGH 3.5 NNW,NC
US1NCWK0428,RALEIGH 2.0 ESE,NC
US1NCWK0432,RALEIGH 10.3 S,NC
US1NCWK0434,RALEIGH 8.1 SSW,NC
US1NCWK0435,RALEIGH 2.6 SE,NC
US1NCWK0437,RALEIGH 7.8 NNE,NC
US1NCWL0005,WILKESBORO 1.2 SSE,NC
US1NCWL0008,NORTH WILKESBORO 0.4 S,NC
US1NCWL0010,PURLEAR 4.6 WNW,NC
US1NCWL0018,NORTH WILKESBORO 5.5 SE,NC
US1NCWN0006,SIMS 4.0 SW,NC
US1NCWN0015,ELM CITY 7.1 ESE,NC
US1NCWN0017,WILSON 3.3 NNW,NC
US1NCWN0027,WILSON 7.2 SSE,NC
US1NCWN0028,SIMS 3.2 SW,NC
US1NCWR0007,NORLINA 5.0 N,NC
US1NCWS0003,ROPER 2.4 NE,NC
US1NCWT0010,BLOWING ROCK 2.2 NE,NC
US1NCWT0011,FOSCOE 1.2 WSW,NC
US1NCWT0037,BOONE 4.6 E,NC
US1NCWT0051,VILAS 2.0 SSW,NC
US1NCWT0067,BOONE 0.3 WSW,NC
US1NCWT0068,VILAS 6.3 NNW,NC
US1NCWT0079,BOONE 3.8 ENE,NC
US1NCWT0082,BOONE 2.1 W,NC
US1NCWT0084,DEEP GAP 3.2 SSW,NC
US1NCWY0001,GOLDSBORO 4.4 E,NC
US1NCWY0017,KENLY 4.9 SE,NC
US1NCWY0033,GOLDSBORO 7.1 WSW,NC
US1NCWY0050,PIKEVILLE 7.7 ESE,NC
US1NCWY0051,GOLDSBORO 7.5 NW,NC
US1NCYD0004,YADKINVILLE 0.2 E,NC
US1NCYD0005,HAMPTONVILLE 1.4 NNW,NC
US1NCYD0010,JONESVILLE 2.0 WSW,NC
US1NCYN0001,BURNSVILLE 4.6 N,NC
US1NCYN0004,BURNSVILLE 6.5 SSW,NC
US1NCYN0007,BALD CREEK 1.2 NW,NC
US1NCYN0013,BURNSVILLE 5.9 SSW,NC
US1NJAT0001,BUENA VISTA TWP 2.6 NNE,NJ
US1NJAT0002,HAMILTON TWP 5.5 NW,NJ
US1NJAT0005,HAMMONTON 3.3 WSW,NJ
US1NJAT0011,ESTELL MANOR 4.0 WNW,NJ
US1NJAT0017,EGG HARBOR CITY 3.6 SW,NJ
US1NJAT0022,GALLOWAY TWP 0.9 E,NJ
US1NJAT0031,ABSECON CITY 0.4 E,NJ
US1NJAT0034,BRIGANTINE 0.4 ESE,NJ
US1NJAT0036,HAMMONTON 1.9 S,NJ
US1NJAT0039,EGG HARBOR CITY 3.5 SW,NJ
US1NJAT0045,HAMILTON TWP 6.6 ESE,NJ
US1NJAT0046,GALLOWAY TWP 2.9 SW,NJ
US1NJAT0048,SOMERS POINT 0.4 N,NJ
US1NJAT0049,VENTNOR CITY 0.5 SSW,NJ
US1NJAT0053,HAMILTON TWP 4.5 NW,NJ
US1NJAT0056,BRIGANTINE 0.9 ESE,NJ
US1NJAT0058,SOMERS POINT 0.2 NW,NJ
US1NJAT0062,GALLOWAY TWP 1.5 ENE,NJ
US1NJAT0063,EGG HARBOR TWP 1.6 WSW,NJ
US1NJAT0064,MULLICA TWP 2.6 E,NJ
US1NJAT0065,HAMMONTON 2.8 SW,NJ
US1NJBT0004,MOUNT LAUREL TWP 2.5 ENE,NJ
US1NJBT0006,MOORESTOWN TWP 0.6 SE,NJ
US1NJBT0025,WOODLAND TWP 1.8 SW,NJ
US1NJBT0028,MEDFORD LAKES 0.6 W,NJ
US1NJBT0058,EVESHAM TWP 4.2 S,NJ
US1NJBT0089,MEDFORD TWP 3.3 N,NJ
US1NJBT0090,EVESHAM TWP 2.6 NNW,NJ
US1NJBT0091,SOUTHAMPTON TWP 2.3 E,NJ
US1NJBT0098,CINNAMINSON TWP 1.4 SSE,NJ
US1NJCD0001,UPPER DEERFIELD TWP 1.7 SW,NJ
US1NJCD0016,MILLVILLE 1.5 NNE,NJ
US1NJCD0018,DEERFIELD TWP 2.0 E,NJ
US1NJCD0019,VINELAND 3.1 WNW,NJ
US1NJCD0021,MILLVILLE 1.1 W,NJ
US1NJCM0007,WOODBINE 0.8 NNW,NJ
US1NJCM0029,MIDDLE TWP 3.3 NNW,NJ
US1NJCM0030,DENNIS TWP 2.5 S,NJ
US1NJCM0034,MIDDLE TWP 4.2 NNW,NJ
US1NJCM0038,OCEAN CITY 1.6 SW,NJ
US1NJCM0040,LOWER TWP 2.4 W,NJ
US1NJCM0043,LOWER TWP 1.3 ENE,NJ
US1NJCM0044,LOWER TWP 1.5 NNE,NJ
US1NJCM0046,WOODBINE 0.8 NW,NJ
US1NJCM0064,LOWER TWP 3.9 NNW,NJ
US1NJCN0005,WINSLOW TWP 3.5 W,NJ
US1NJCN0024,MOUNT EPHRAIM 0.2 NNE,NJ
US1NJCN0031,HADDON HEIGHTS 0.5 W,NJ
US1NJCN0034,BARRINGTON 0.8 NE,NJ
US1NJCN0039,CHERRY HILL TWP 1.6 WNW,NJ
US1NJGL0001,PITMAN 0.1 W,NJ
US1NJGL0006,FRANKLIN TWP 2.7 W,NJ
US1NJGL0012,WASHINGTON TWP 2.1 NNW,NJ
US1NJGL0033,PITMAN 0.7 ENE,NJ
US1NJGL0041,MONROE TWP 1.8 SE,NJ
US1NJGL0044,SOUTH HARRISON TWP 2.1 ESE,NJ
US1NJGL0045,WENONAH 0.2 SW,NJ
US1NJGL0046,WASHINGTON TWP 1.7 SW,NJ
US1NJGL0052,MANTUA TWP 2.1 ESE,NJ
US1NJGL0053,WEST DEPTFORD TWP 1.9 SSE,NJ
US1NJGL0056,MONROE TWP 0.6 WNW,NJ
US1NJOC0009,TOMS RIVER TWP 3.1 SSE,NJ
US1NJOC0012,STAFFORD TWP 2.1 NW,NJ
US1NJOC0056,BERKELEY TWP 2.7 SSE,NJ
US1NJOC0058,STAFFORD TWP 2.8 NNW,NJ
US1NJOC0090,PINE BEACH 0.4 NW,NJ
US1NJOC0092,TOMS RIVER TWP 3.6 WSW,NJ
US1NJOC0106,BARNEGAT LIGHT 0.6 N,NJ
US1NJOC0107,BEACHWOOD 0.7 S,NJ
US1NJOC0109,LITTLE EGG HARBOR 0.5 WSW,NJ
US1NJSL0002,WOODSTOWN 0.6 NW,NJ
US1OHAD0005,SEAMAN 3.4 E,OH
US1OHAD0006,PEEBLES 4.2 N,OH
US1OHAT0003,STEWART 4.6 NNE,OH
US1OHAT0005,AMESVILLE 2.6 SE,OH
US1OHAT0016,ATHENS 2.3 SSE,OH
US1OHAT0020,CHAUNCEY 1.6 SE,OH
US1OHAT0021,ATHENS 4.6 ESE,OH
US1OHAT0022,ATHENS 7.0 WNW,OH
US1OHAT0026,NELSONVILLE 1.4 W,OH
US1OHAT0028,ATHENS 6.0 NW,OH
US1OHAT0029,THE PLAINS 0.4 ESE,OH
US1OHBR0017,GEORGETOWN 0.5 NE,OH
US1OHBR0018,HAMERSVILLE 1.2 SE,OH
US1OHBR0019,SARDINIA 0.5 ESE,OH
US1OHBT0001,HAMILTON 4.7 E,OH
US1OHBT0022,HAMILTON 1.2 NNW,OH
US1OHBT0034,MIDDLETOWN 2.7 NNE,OH
US1OHBT0037,BECKETT RIDGE 3.3 ESE,OH
US1OHBT0039,HAMILTON 5.3 ENE,OH
US1OHBT0050,OKEANA 1.7 SSE,OH
US1OHBT0053,FAIRFIELD 2.3 SW,OH
US1OHCK0013,SPRINGFIELD 7.4 SW,OH
US1OHCK0014,SPRINGFIELD 7.0 WSW,OH
US1OHCK0019,SOUTH CHARLESTON 0.3 ENE,OH
US1OHCK0020,SPRINGFIELD 6.4 SW,OH
US1OHCK0024,SOUTH CHARLESTON 3.8 NNW,OH
US1OHCK0029,SPRINGFIELD 0.7 N,OH
US1OHCM0001,LOVELAND 5.3 SE,OH
US1OHCM0014,BATAVIA 3.3 NE,OH
US1OHCM0018,WITHAMSVILLE 1.4 NW,OH
US1OHCM0021,LOVELAND 2.1 S,OH
US1OHCM0025,LOVELAND 3.1 SE,OH
US1OHCM0031,WILLIAMSBURG 1.4 ESE,OH
US1OHCM0032,MOUNT CARMEL 0.5 WNW,OH
US1OHCN0006,WILMINGTON 3.6 W,OH
US1OHCN0010,WILMINGTON 2.2 N,OH
US1OHCN0014,WILMINGTON 7.4 NNW,OH
US1OHCN0015,WILMINGTON 3.6 W,OH
US1OHCN0017,CLARKSVILLE 3.9 ENE,OH
US1OHCN0024,MIDLAND 2.9 S,OH
US1OHDR0018,ARCANUM 3.2 SSW,OH
US1OHDR0035,PITSBURG 1.7 S,OH
US1OHDR0036,NEW MADISON 0.5 SW,OH
US1OHFF0014,LANCASTER 7.2 W,OH
US1OHFF0018,PICKERINGTON 2.8 N,OH
US1OHFF0024,CANAL WINCHESTER 1.7 ENE,OH
US1OHFF0025,PICKERINGTON 2.1 SSE,OH
US1OHFF0026,PICKERINGTON 3.5 ENE,OH
US1OHFF0029,PICKERINGTON 2.4 N,OH
US1OHFF0030,PLEASANTVILLE 2.9 WSW,OH
US1OHFF0031,PICKERINGTON 2.3 NNW,OH
US1OHFF0039,MILLERSPORT 1.4 E,OH
US1OHFF0040,THORNVILLE 4.4 S,OH
US1OHFF0043,CARROLL 1.9 WNW,OH
US1OHFF0046,AMANDA 5.3 SSW,OH
US1OHFF0047,BALTIMORE 2.3 NNE,OH
US1OHFF0049,AMANDA 3.4 W,OH
US1OHFF0055,LANCASTER 7.2 W,OH
US1OHFF0056,BREMEN 1.9 N,OH
US1OHFR0003,GRANDVIEW HEIGHTS 0.1 N,OH
US1OHFR0023,HARRISBURG 3.7 WNW,OH
US1OHFR0059,NEW ROME 2.2 NW,OH
US1OHFR0101,GRANDVIEW HEIGHTS 0.5 NW,OH
US1OHFR0104,COLUMBUS 4.3 SE,OH
US1OHFR0129,COLUMBUS 3.7 ESE,OH
US1OHFR0150,COLUMBUS 1.4 SW,OH
US1OHFR0160,GALLOWAY 4.3 W,OH
US1OHFR0162,COLUMBUS 4.1 ESE,OH
US1OHFR0174,GROVE CITY 1.4 W,OH
US1OHFY0005,WASHINGTON 3.9 ESE,OH
US1OHFY0008,WASHINGTON COURT HOUSE 0.6 ESE,OH
US1OHFY0010,WASHINGTON COURT HOUSE 0.3 N,OH
US1OHGL0006,GALLIPOLIS 2.9 NW,OH
US1OHGR0013,XENIA 2.1 NNE,OH
US1OHGR0015,BEAVERCREEK 1.5 ENE,OH
US1OHGR0019,YELLOW SPRINGS 2.5 ENE,OH
US1OHGR0020,BEAVERCREEK 2.0 NE,OH
US1OHGR0026,XENIA 2.8 SW,OH
US1OHGR0037,FAIRBORN 2.0 SW,OH
US1OHGR0041,BEAVERCREEK 1.1 SW,OH
US1OHGR0044,BEAVERCREEK 2.5 NNW,OH
US1OHGR0045,BEAVERCREEK 0.9 SW,OH
US1OHGR0047,BEAVERCREEK 1.8 SSW,OH
US1OHHG0008,BAINBRIDGE 5.7 WSW,OH
US1OHHG0012,GREENFIELD 3.6 SW,OH
US1OHHK0004,SUGAR GROVE 4.5 ENE,OH
US1OHHK0009,LOGAN 0.2 NNE,OH
US1OHHM0003,WYOMING 1.2 NW,OH
US1OHHM0013,CINCINNATI 8.9 NW,OH
US1OHHM0017,COVEDALE 1.5 SSE,OH
US1OHHM0035,HARRISON 2.5 NNE,OH
US1OHHM0037,CHERRY GROVE 0.4 NW,OH
US1OHHM0045,CHEVIOT 4.0 S,OH
US1OHHM0056,CINCINNATI 7.4 NNW,OH
US1OHHM0064,CINCINNATI 7.5 E,OH
US1OHHM0068,CINCINNATI 7.8 NNE,OH
US1OHHM0069,SHERWOOD 1.3 SSW,OH
US1OHHM0071,CINCINNATI 3.0 ENE,OH
US1OHHM0075,CLEVES 0.7 NNE,OH
US1OHHM0078,GLENDALE 0.2 WNW,OH
US1OHHM0080,WYOMING 0.5 WNW,OH
US1OHHM0086,MACK SOUTH 0.4 N,OH
US1OHHM0092,SHERWOOD 1.2 W,OH
US1OHHM0094,SILVERTON 0.2 NE,OH
US1OHHM0096,NORTHBROOK 1.1 ENE,OH
US1OHHM0099,DILLONVALE 0.6 WSW,OH
US1OHJC0004,OAK HILL 0.6 SSW,OH
US1OHLC0022,PATASKALA 3.2 E,OH
US1OHLW0015,CHESAPEAKE 2.4 NW,OH
US1OHMA0009,LONDON 1.2 N,OH
US1OHMA0013,LONDON 3.9 N,OH
US1OHMA0014,LONDON 1.1 NE,OH
US1OHMG0003,GLOUSTER 5.7 NE,OH
US1OHMK0012,NORWICH 1.1 SE,OH
US1OHMK0013,NEW CONCORD 5.2 SSW,OH
US1OHMM0013,TROY 3.1 S,OH
US1OHMM0014,TIPP CITY 0.6 SE,OH
US1OHMM0027,WEST MILTON 1.7 NW,OH
US1OHMN0003,LOWER SALEM 9.0 ENE,OH
US1OHMY0005,FARMERSVILLE 1.7 E,OH
US1OHMY0009,KETTERING 0.2 ESE,OH
US1OHMY0018,HUBER HEIGHTS 1.8 NNW,OH
US1OHMY0023,DAYTON 3.2 SSE,OH
US1OHMY0034,UNION 1.0 WSW,OH
US1OHMY0039,CENTERVILLE 3.9 S,OH
US1OHMY0046,MIAMISBURG 1.5 SE,OH
US1OHMY0048,CENTERVILLE 3.1 SSW,OH
US1OHMY0056,DAYTON 3.7 SE,OH
US1OHMY0059,GERMANTOWN 0.8 WSW,OH
US1OHMY0061,DAYTON 5.8 NNW,OH
US1OHMY0075,DAYTON 4.7 SSE,OH
US1OHMY0076,DAYTON 6.0 NNW,OH
US1OHMY0079,CLAYTON 0.6 E,OH
US1OHMY0083,ENGLEWOOD 0.7 E,OH
US1OHMY0086,VANDALIA 1.1 ENE,OH
US1OHMY0088,DAYTON 6.1 S,OH
US1OHMY0091,RIVERSIDE 1.9 NW,OH
US1OHMY0095,HUBER HEIGHTS 2.3 WNW,OH
US1OHMY0096,CENTERVILLE 0.7 E,OH
US1OHMY0097,FIVE POINTS 1.9 NE,OH
US1OHMY0099,KETTERING 2.0 W,OH
US1OHMY0106,BROOKVILLE 5.0 NNW,OH
US1OHNB0004,SENECAVILLE 4.0 SE,OH
US1OHNB0005,SENECAVILLE 3.5 ESE,OH
US1OHPB0001,EATON 1.0 N,OH
US1OHPB0004,EATON 1.1 WSW,OH
US1OHPB0012,NEW PARIS 1.9 S,OH
US1OHPC0004,WILLIAMSPORT 0.7 N,OH
US1OHPC0007,CIRCLEVILLE 1.5 NE,OH
US1OHPC0010,ASHVILLE 4.9 W,OH
US1OHPC0012,CIRCLEVILLE 4.3 NE,OH
US1OHPK0002,WAVERLY 4.2 NE,OH
US1OHPK0003,WAVERLY 2.3 WSW,OH
US1OHRS0010,BAINBRIDGE 0.5 ENE,OH
US1OHRS0014,CHILLICOTHE 7.1 NE,OH
US1OHRS0017,FRANKFORT 0.7 NE,OH
US1OHRS0018,BAINBRIDGE 6.1 NNW,OH
US1OHSC0013,PORTSMOUTH 3.3 N,OH
US1OHVN0003,ALBANY 4.5 WNW,OH
US1OHVN0005,MCARTHUR 7.0 W,OH
US1OHWR0014,LEBANON 3.4 E,OH
US1OHWR0035,LEBANON 3.7 ENE,OH
US1OHWR0036,SPRINGBORO 3.7 SE,OH
US1OHWR0040,LOVELAND 3.6 ENE,OH
US1OHWR0051,MASON 2.6 SSW,OH
US1OHWR0053,BLANCHESTER 3.0 NW,OH
US1OHWR0057,MASON 0.9 E,OH
US1OHWR0060,SPRINGBORO 1.3 SSE,OH
US1OHWR0064,MORROW 2.4 W,OH
US1OHWS0012,WATERFORD 3.4 SSW,OH
US1OHWS0014,MARIETTA 3.5 NNW,OH
US1OHWS0016,COOLVILLE 5.3 N,OH
US1PAAD0002,ABBOTTSTOWN 2.4 N,PA
US1PAAD0006,ORRTANNA 3.2 NNW,PA
US1PAAD0008,FAIRFIELD 1.0 NNE,PA
US1PAAD0011,BIGLERVILLE 3.0 WSW,PA
US1PAAD0024,GETTYSBURG 7.1 SSE,PA
US1PAAD0031,FAIRFIELD 5.2 SE,PA
US1PAAD0043,FAIRFIELD 1.8 NNW,PA
US1PAAD0060,GETTYSBURG 4.1 E,PA
US1PAAD0066,LITTLESTOWN 2.4 WNW,PA
US1PAAD0071,HANOVER 3.5 WSW,PA
US1PAAD0072,GETTYSBURG 2.5 WNW,PA
US1PAAD0074,ABBOTTSTOWN 2.0 N,PA
US1PAAD0075,GETTYSBURG 1.3 NE,PA
US1PAAD0082,GETTYSBURG 7.3 S,PA
US1PAAD0083,NEW OXFORD 0.7 SE,PA
US1PABD0005,RAINSBURG 5.0 NNW,PA
US1PABD0006,EVERETT 3.4 SW,PA
US1PACH0009,WEST CHESTER 2.4 SSE,PA
US1PACH0011,UNIONVILLE 2.2 NE,PA
US1PACH0014,NOTTINGHAM 1.5 SW,PA
US1PACH0021,WEST CHESTER 1.8 SE,PA
US1PACH0023,WEST GROVE 2.6 W,PA
US1PACH0027,CHADDS FORD 3.1 SW,PA
US1PACH0038,ATGLEN 0.2 W,PA
US1PACH0041,WICKERTON 0.4 NW,PA
US1PACH0048,OXFORD 2.1 ENE,PA
US1PACH0051,WEST GROVE 2.5 NNW,PA
US1PACH0063,UNIONVILLE 2.2 NNE,PA
US1PADL0017,UPPER CHICHESTER 1.4 W,PA
US1PADL0024,SPRINGFIELD 0.1 NNW,PA
US1PAFY0009,UNIONTOWN 1.7 NNE,PA
US1PAFY0016,FARMINGTON 0.5 ENE,PA
US1PAFY0018,HOPWOOD 1.2 NE,PA
US1PAGR0013,WIND RIDGE 1.9 SSW,PA
US1PAGR0014,CARMICHAELS 0.3 WNW,PA
US1PALN0023,GAP 0.3 NW,PA
US1PAMT0143,PENN WYNNE 0.5 NNW,PA
US1PAMT0156,WYNNEWOOD 0.4 E,PA
US1PAPH0034,PHILADELPHIA 3.6 SSW,PA
US1PASM0006,ROCKWOOD 4.3 W,PA
US1PAYR0002,DOVER 4.2 WSW,PA
US1PAYR0003,SHILOH,PA
US1PAYR0017,YORK 2.5 NNW,PA
US1PAYR0027,HANOVER 1.3 SSE,PA
US1PAYR0035,YORKANA 1.4 SE,PA
US1PAYR0037,EAST BERLIN 3.4 ESE,PA
US1PAYR0038,STEWARTSTOWN 0.5 S,PA
US1PAYR0044,SEVEN VALLEYS 1.3 ENE,PA
US1SCAB0002,ABBEVILLE 3.2 SSW,SC
US1SCAB0011,ABBEVILLE 4.1 N,SC
US1SCAB0016,IVA 6.4 SSW,SC
US1SCAB0020,DUE WEST 0.6 NE,SC
US1SCAK0004,NORTH AUGUSTA 4.2 NE,SC
US1SCAK0014,AIKEN 7.8 SSE,SC
US1SCAK0023,AIKEN 1.0 SSW,SC
US1SCAK0027,WILLISTON 4.3 NNW,SC
US1SCAK0032,AIKEN 1.6 NNW,SC
US1SCAK0033,AIKEN 8.3 E,SC
US1SCAK0047,AIKEN 4.3 SSW,SC
US1SCAK0060,WAGENER 1.4 S,SC
US1SCAK0067,AIKEN 7.6 SSE,SC
US1SCAK0069,AIKEN 2.2 NW,SC
US1SCAK0073,SALLEY 4.9 NNE,SC
US1SCAK0074,AIKEN 1.1 N,SC
US1SCAK0083,SPRINGFIELD 4.0 WNW,SC
US1SCAK0096,AIKEN 7.4 SSE,SC
US1SCAK0103,JACKSON 5.1 NW,SC
US1SCAK0105,BATESBURG 7.1 S,SC
US1SCAK0109,AIKEN 5.6 NNE,SC
US1SCAK0113,AIKEN 2.2 NNW,SC
US1SCAL0002,ALLENDALE 1.7 SE,SC
US1SCAN0020,POWDERSVILLE 0.5 SSE,SC
US1SCAN0021,ANDERSON 10.5 SE,SC
US1SCAN0023,ANDERSON 3.7 NW,SC
US1SCAN0025,BELTON 4.1 SSW,SC
US1SCAN0028,POWDERSVILLE 2.0 SSW,SC
US1SCAN0036,TOWNVILLE 3.7 ESE,SC
US1SCAN0043,PENDLETON 0.8 NNW,SC
US1SCAN0046,BELTON 3.5 W,SC
US1SCAN0050,ANDERSON 5.0 NW,SC
US1SCAN0061,TOWNVILLE 4.9 S,SC
US1SCAN0063,ANDERSON 2.8 NNE,SC
US1SCAN0064,IVA 3.1 NNE,SC
US1SCAN0065,PIEDMONT 4.7 WSW,SC
US1SCAN0071,ANDERSON 4.1 NNW,SC
US1SCAN0077,BELTON 4.7 W,SC
US1SCBF0002,HILTON HEAD ISLAND 4.0 N,SC
US1SCBF0022,BLUFFTON 2.9 ENE,SC
US1SCBF0032,OKATIE 7.2 ENE,SC
US1SCBF0036,OKATIE 7.6 NE,SC
US1SCBF0037,BEAUFORT 5.7 NE,SC
US1SCBF0046,BEAUFORT 0.8 NE,SC
US1SCBF0066,HILTON HEAD ISLAND 4.1 NE,SC
US1SCBF0067,HILTON HEAD ISLAND 4.4 NNE,SC
US1SCBF0080,BEAUFORT 1.6 SSW,SC
US1SCBF0091,BEAUFORT 2.7 E,SC
US1SCBF0092,BLUFFTON 0.7 NNW,SC
US1SCBF0093,BEAUFORT 4.2 WSW,SC
US1SCBF0096,SAINT HELENA 7.0 E,SC
US1SCBF0097,BEAUFORT 4.5 NE,SC
US1SCBF0098,BEAUFORT 7.1 WNW,SC
US1SCBF0100,HILTON HEAD ISLAND 5.1 NW,SC
US1SCBF0104,HILTON HEAD ISLAND 4.7 NW,SC
US1SCBF0112,ST HELENA ISLAND 2.8 NE,SC
US1SCBF0113,BLUFFTON 7.4 W,SC
US1SCBF0114,BLUFFTON 1.7 S,SC
US1SCBF0117,HILTON HEAD ISLAND 4.7 ENE,SC
US1SCBF0119,BEAUFORT 3.6 SW,SC
US1SCBF0123,OKATIE 3.5 NE,SC
US1SCBF0126,BLUFFTON 7.2 WNW,SC
US1SCBF0128,BEAUFORT 4.5 N,SC
US1SCBF0134,BLUFFTON 6.3 WNW,SC
US1SCBF0139,BLUFFTON 2.5 NE,SC
US1SCBF0144,BEAUFORT 0.8 NNW,SC
US1SCBK0038,MONCKS CORNER 3.6 E,SC
US1SCBK0056,MONCKS CORNER 0.8 ESE,SC
US1SCBK0061,CHARLESTON 6.6 NE,SC
US1SCBK0063,SUMMERVILLE 7.1 N,SC
US1SCBK0065,GOOSE CREEK 3.5 NW,SC
US1SCBK0067,DANIEL ISLAND 1.4 S,SC
US1SCBK0077,SUMMERVILLE 5.0 NNE,SC
US1SCBK0079,CHARLESTON 9.1 NE,SC
US1SCBK0081,MONCKS CORNER 1.2 NW,SC
US1SCBK0082,MONCKS CORNER 5.1 SSW,SC
US1SCBK0085,HANAHAN 1.7 SE,SC
US1SCBK0086,BRIDGES AT SEVEN LAKES,SC
US1SCBK0088,MONCKS CORNER 0.9 WSW,SC
US1SCBK0091,GOOSE CREEK 5.6 NW,SC
US1SCBK0094,SUMMERVILLE 5.8 NE,SC
US1SCBK0097,CHARLESTON 10.0 NE,SC
US1SCBK0108,BONNEAU 2.8 WNW,SC
US1SCBK0109,MONCKS CORNER 6.6 SW,SC
US1SCBK0110,SUMMERVILLE 9.3 NNE,SC
US1SCBK0111,SUMMERVILLE 5.8 NNE,SC
US1SCBK0115,SUMMERVILLE 8.9 NNE,SC
US1SCBM0001,DENMARK 2.8 WNW,SC
US1SCBM0009,DENMARK 2.0 N,SC
US1SCBM0012,DENMARK 4.7 NNE,SC
US1SCBW0008,BARNWELL 0.2 E,SC
US1SCCA0001,ST. MATTHEWS 3.2 ENE,SC
US1SCCA0019,NORTH 8.6 ENE,SC
US1SCCA0021,ELLOREE 4.5 W,SC
US1SCCD0006,MANNING 1.9 SSE,SC
US1SCCD0017,SUMMERTON 7.6 SW,SC
US1SCCD0019,SUMMERTON 7.6 ESE,SC
US1SCCD0023,MANNING 7.1 S,SC
US1SCCF0005,PAGELAND 9.0 WNW,SC
US1SCCF0008,CHERAW 1.2 ESE,SC
US1SCCF0018,HARTSVILLE 9.7 NNW,SC
US1SCCK0021,GAFFNEY 3.5 SW,SC
US1SCCK0030,BLACKSBURG 2.6 ENE,SC
US1SCCL0003,WALTERBORO 3.0 NNW,SC
US1SCCL0005,SMOAKS 0.1 ESE,SC
US1SCCL0009,LODGE 3.4 SW,SC
US1SCCL0014,GREEN POND 1.3 S,SC
US1SCCL0016,COTTAGEVILLE 5.8 WSW,SC
US1SCCL0031,EDISTO BEACH 1.2 WSW,SC
US1SCCL0037,WALTERBORO 7.4 NNE,SC
US1SCCL0039,EDISTO BEACH 0.7 NE,SC
US1SCCL0042,EDISTO BEACH 2.3 NE,SC
US1SCCR0004,MOUNT PLEASANT 1.9 ESE,SC
US1SCCR0010,MCCLELLANVILLE 0.2 ESE,SC
US1SCCR0013,CHARLESTON 4.6 SSE,SC
US1SCCR0026,MOUNT PLEASANT 4.1 NE,SC
US1SCCR0032,MEGGETT 1.8 W,SC
US1SCCR0033,MCCLELLANVILLE 0.5 ESE,SC
US1SCCR0034,NORTH CHARLESTON 2.6 NW,SC
US1SCCR0042,CHARLESTON 2.8 NE,SC
US1SCCR0049,NWS CHARLESTON SC,SC
US1SCCR0057,NORTH CHARLESTON 3.5 ESE,SC
US1SCCR0060,CHARLESTON 5.4 SSE,SC
US1SCCR0063,NORTH CHARLESTON 3.5 ESE,SC
US1SCCR0074,JOHNS ISLAND 1.8 NE,SC
US1SCCR0078,NORTH CHARLESTON 3.1 ESE,SC
US1SCCR0087,CHARLESTON 2.9 NNE,SC
US1SCCR0089,CHARLESTON 1.7 SE,SC
US1SCCR0096,CHARLESTON 5.2 ESE,SC
US1SCCR0097,CHARLESTON 5.0 WNW,SC
US1SCCR0098,WADMALAW ISLAND 2.3 SSW,SC
US1SCCR0099,MOUNT PLEASANT 1.0 WSW,SC
US1SCCR0105,HOLLYWOOD 2.3 W,SC
US1SCCR0112,MOUNT PLEASANT 7.0 NE,SC
US1SCCR0113,MOUNT PLEASANT 4.6 NNE,SC
US1SCCR0116,CHARLESTON 3.2 W,SC
US1SCCR0123,CHARLESTON 3.0 N,SC
US1SCCR0131,MOUNT PLEASANT 1.7 NNW,SC
US1SCCR0138,CHARLESTON 0.3 ESE,SC
US1SCCR0142,NORTH CHARLESTON 4.0 SSE,SC
US1SCCR0146,MOUNT PLEASANT 8.2 NE,SC
US1SCCR0148,MOUNT PLEASANT 0.4 E,SC
US1SCCR0149,SUMMERVILLE 2.6 E,SC
US1SCCR0153,EDISTO BEACH 2.7 N,SC
US1SCCR0155,EDISTO BEACH 5.4 NNW,SC
US1SCCR0159,MOUNT PLEASANT 2.6 SW,SC
US1SCCR0161,MOUNT PLEASANT 1.6 S,SC
US1SCCR0162,HOLLYWOOD 5.8 WSW,SC
US1SCCR0164,CHARLESTON 4.1 NW,SC
US1SCCR0166,ISLE OF PALMS 0.1 E,SC
US1SCCR0173,CHARLESTON 6.6 NW,SC
US1SCCR0178,CHARLESTON 2.9 W,SC
US1SCCR0180,MOUNT PLEASANT 1.8 SW,SC
US1SCCR0183,CHARLESTON 4.0 NW,SC
US1SCCR0187,JOHNS ISLAND 6.4 W,SC
US1SCCR0192,MOUNT PLEASANT 7.5 NE,SC
US1SCCR0194,CHARLESTON 1.6 SSW,SC
US1SCCR0197,MOUNT PLEASANT 1.3 WSW,SC
US1SCCR0199,KIAWAH ISLAND 3.1 WSW,SC
US1SCCR0204,MOUNT PLEASANT 2.0 N,SC
US1SCCR0210,CHARLESTON 3.8 NW,SC
US1SCCR0214,EDISTO BEACH 5.1 NNW,SC
US1SCCR0217,WADMALAW ISLAND 3.6 ENE,SC
US1SCCR0218,JOHNS ISLAND 3.3 WNW,SC
US1SCCR0220,CHARLESTON 5.6 SE,SC
US1SCCR0225,MOUNT PLEASANT 8.1 NE,SC
US1SCCR0226,CHARLESTON 2.5 NNW,SC
US1SCCR0227,CHARLESTON 4.0 NW,SC
US1SCCR0229,MOUNT PLEASANT 2.7 S,SC
US1SCCR0231,EDISTO ISLAND 4.5 NNW,SC
US1SCCR0238,EDISTO ISLAND 2.2 ESE,SC
US1SCCR0241,EDISTO ISLAND 3.2 NNE,SC
US1SCCR0243,MOUNT PLEASANT 1.9 N,SC
US1SCCR0248,MOUNT PLEASANT 8.5 NE,SC
US1SCCR0251,JOHNS ISLAND 1.4 NNW,SC
US1SCCR0253,FOLLY BEACH 1.5 SSW,SC
US1SCCR0254,MOUNT PLEASANT 5.6 ENE,SC
US1SCCR0256,CHARLESTON 4.8 WNW,SC
US1SCCR0272,JOHNS ISLAND 5.0 W,SC
US1SCCR0274,FOLLY BEACH 1.3 SSW,SC
US1SCCR0275,CHARLESTON 2.3 NE,SC
US1SCCR0277,ISLE OF PALMS 1.5 ENE,SC
US1SCCR0278,MOUNT PLEASANT 2.2 W,SC
US1SCCR0280,NORTH CHARLESTON 3.7 ESE,SC
US1SCCR0281,CHARLESTON 3.5 SSE,SC
US1SCCR0282,MOUNT PLEASANT 1.6 SSE,SC
US1SCCR0284,KIAWAH ISLAND 3.9 W,SC
US1SCCR0285,MOUNT PLEASANT 6.5 NNE,SC
US1SCCR0286,CHARLESTON 5.6 NW,SC
US1SCCR0292,NORTH CHARLESTON 3.7 NNW,SC
US1SCCS0001,LOWRYS 3.6 ENE,SC
US1SCCS0015,CHESTER 0.2 NNE,SC
US1SCDC0003,NORTH CHARLESTON 2.9 WNW,SC
US1SCDC0018,REEVESVILLE 1.0 SSE,SC
US1SCDC0021,SUMMERVILLE 3.4 S,SC
US1SCDC0042,SUMMERVILLE 4.8 WSW,SC
US1SCDC0055,SUMMERVILLE 5.7 SSE,SC
US1SCDC0062,SUMMERVILLE 2.1 WSW,SC
US1SCDC0067,SUMMERVILLE 5.3 SE,SC
US1SCDC0069,RIDGEVILLE 3.2 WSW,SC
US1SCDC0076,SUMMERVILLE 1.9 SSW,SC
US1SCDC0078,SUMMERVILLE 2.0 SW,SC
US1SCDC0086,SUMMERVILLE 1.7 SSE,SC
US1SCDC0093,SUMMERVILLE 2.7 WNW,SC
US1SCDC0095,HARLEYVILLE 6.9 E,SC
US1SCDC0097,SUMMERVILLE 5.0 WSW,SC
US1SCDL0004,DILLON 3.8 NW,SC
US1SCDL0009,LATTA 0.3 NNE,SC
US1SCDR0004,DARLINGTON 7.3 SSW,SC
US1SCDR0010,HARTSVILLE 1.8 W,SC
US1SCDR0020,HARTSVILLE 5.4 WSW,SC
US1SCDR0033,DARLINGTON 0.3 ENE,SC
US1SCDR0038,HARTSVILLE 3.6 WSW,SC
US1SCDR0043,HARTSVILLE 0.9 W,SC
US1SCDR0047,HARTSVILLE 3.6 W,SC
US1SCDR0048,HARTSVILLE 3.6 ENE,SC
US1SCDR0051,DARLINGTON 2.2 NNW,SC
US1SCED0002,TRENTON 6.3 SSW,SC
US1SCED0005,EDGEFIELD 10.5 N,SC
US1SCED0013,TRENTON 6.5 SSW,SC
US1SCED0018,MCCORMICK 12.9 E,SC
US1SCFL0006,FLORENCE 5.1 W,SC
US1SCFL0007,FLORENCE 2.6 S,SC
US1SCFL0013,FLORENCE 2.1 SW,SC
US1SCFL0025,FLORENCE 1.2 NNE,SC
US1SCFL0027,FLORENCE 8.2 NE,SC
US1SCFL0041,EFFINGHAM 5.3 E,SC
US1SCFL0042,FLORENCE 6.2 NE,SC
US1SCFL0044,OLANTA 0.4 N,SC
US1SCFR0011,BLAIR 6.3 ESE,SC
US1SCFR0013,WINNSBORO 0.1 NNE,SC
US1SCGT0001,GEORGETOWN 5.3 NNE,SC
US1SCGT0004,GEORGETOWN 6.0 S,SC
US1SCGT0009,PAWLEYS ISLAND 5.6 NNE,SC
US1SCGT0024,PAWLEYS ISLAND 2.6 N,SC
US1SCGT0027,GEORGETOWN 1.0 E,SC
US1SCGT0033,PAWLEY'S ISLAND 1.8 W,SC
US1SCGT0038,GEORGETOWN 11.2 SW,SC
US1SCGT0044,GEORGETOWN 13.3 NW,SC
US1SCGT0049,GEORGETOWN 4.0 E (HOBCAW BARON,SC
US1SCGT0052,PAWLEYS ISLAND 5.0 NNE,SC
US1SCGT0054,PAWLEYS ISLAND 2.7 W,SC
US1SCGT0056,PAWLEYS ISLAND 2.7 WNW,SC
US1SCGT0059,MURRELLS INLET 0.7 WSW,SC
US1SCGT0061,MURRELLS INLET 0.9 SSW,SC
US1SCGT0063,GEORGETOWN 1.1 E,SC
US1SCGT0065,GEORGETOWN 10.7 SSE,SC
US1SCGT0066,GEORGETOWN 0.8 SE,SC
US1SCGT0067,PAWLEYS ISLAND 2.4 NNW,SC
US1SCGV0001,TAYLORS 2.8 W,SC
US1SCGV0006,TAYLORS 2.8 NNW,SC
US1SCGV0007,TRAVELERS REST 8.9 N,SC
US1SCGV0013,FIVE FORKS 1.0 W,SC
US1SCGV0019,GREER 3.8 SW,SC
US1SCGV0020,SIMPSONVILLE 5.4 N,SC
US1SCGV0026,GREENVILLE 7.7 SE,SC
US1SCGV0035,GREENVILLE 5.4 WNW,SC
US1SCGV0051,SIMPSONVILLE 2.7 W,SC
US1SCGV0060,TAYLORS 6.1 NNW,SC
US1SCGV0063,FIVE FORKS 0.8 NNE,SC
US1SCGV0074,PARIS MOUNTAIN STATE PARK 2.4,SC
US1SCGV0081,SLATER-MARIETTA 6.4 NW,SC
US1SCGV0084,FIVE FORKS 2.1 WSW,SC
US1SCGV0094,SIMPSONVILLE 3.1 WSW,SC
US1SCGV0120,SLATER-MARIETTA 4.8 NE,SC
US1SCGV0121,SIMPSONVILLE 2.8 SW,SC
US1SCGV0135,GREER 1.6 SW,SC
US1SCGV0136,BEREA 3.4 N,SC
US1SCGV0146,PARIS MOUNTAIN 0.7 NW,SC
US1SCGV0147,GOWENSVILLE 0.4 SSE,SC
US1SCGV0151,GREER 1.9 NNW,SC
US1SCGV0152,WARE PLACE 2.5 ENE,SC
US1SCGV0156,SIMPSONVILLE 2.9 ENE,SC
US1SCGV0169,TAYLORS 4.0 NNW,SC
US1SCGV0170,PELZER 6.0 ENE,SC
US1SCGV0173,BEREA 2.1 NNW,SC
US1SCGV0174,TRAVELERS REST 2.9 ENE,SC
US1SCGV0175,PIEDMONT 1.1 NNE,SC
US1SCGW0001,GREENWOOD 5.0 W,SC
US1SCGW0014,HODGES 6.5 ENE,SC
US1SCGW0016,GREENWOOD 3.4 NNW,SC
US1SCGW0026,GREENWOOD 3.7 WSW,SC
US1SCGW0028,GREENWOOD 4.3 WNW,SC
US1SCGW0036,HODGES 6.4 ENE,SC
US1SCHM0006,VARNVILLE 6.7 SW,SC
US1SCHM0007,HAMPTON 0.8 SW,SC
US1SCHM0015,HAMPTON 0.2 SW,SC
US1SCHM0018,HAMPTON 0.3 WSW,SC
US1SCHM0021,HAMPTON 2.7 WNW,SC
US1SCHR0014,MURRELLS INLET 4.0 NE,SC
US1SCHR0019,LORIS 1.4 ENE,SC
US1SCHR0033,LORIS 2.9 WSW,SC
US1SCHR0039,SURFSIDE BEACH 1.0 NE,SC
US1SCHR0046,MYRTLE BEACH 5.0 WNW,SC
US1SCHR0061,CONWAY 6.2 E,SC
US1SCHR0063,MURRELLS INLET 1.7 N,SC
US1SCHR0065,LONGS 1.3 NW,SC
US1SCHR0066,MYRTLE BEACH 9.2 WSW,SC
US1SCHR0067,MYRTLE BEACH 8.4 WNW,SC
US1SCHR0071,CONWAY 9.2 NNE,SC
US1SCHR0073,MYRTLE BEACH 5.2 SW,SC
US1SCHR0075,MYRTLE BEACH 7.4 NNW,SC
US1SCHR0106,MYRTLE BEACH 4.8 NNW,SC
US1SCHR0119,MYRTLE BEACH 8.9 WSW,SC
US1SCHR0122,MURRELLS INLET 1.9 NNE,SC
US1SCHR0125,SURFSIDE BEACH 2.0 N,SC
US1SCHR0126,CONWAY 10.4 ENE,SC
US1SCHR0132,MURRELLS INLET 3.3 N,SC
US1SCHR0134,CONWAY 4.5 SE,SC
US1SCHR0137,LITTLE RIVER 4.7 WNW,SC
US1SCHR0139,CONWAY 7.5 E,SC
US1SCHR0140,MYRTLE BEACH 9.2 WSW,SC
US1SCHR0143,NORTH MYRTLE BEACH 1.8 E,SC
US1SCHR0151,MYRTLE BEACH 1.7 WSW,SC
US1SCHR0154,MYRTLE BEACH 10.1 NE,SC
US1SCHR0155,MYRTLE BEACH 8.6 WSW,SC
US1SCHR0156,MYRTLE BEACH 4.2 SW,SC
US1SCHR0157,MURRELLS INLET 3.0 NNE,SC
US1SCHR0158,LORIS 5.3 W,SC
US1SCHR0159,MYRTLE BEACH 4.0 NE,SC
US1SCHR0161,GALIVANTS FERRY 7.6 E,SC
US1SCHR0164,SURFSIDE BEACH 1.5 NW,SC
US1SCHR0166,CONWAY 1.4 SSW,SC
US1SCHR0167,AYNOR 7.9 ENE,SC
US1SCHR0171,NORTH MYRTLE BEACH 1.2 E,SC
US1SCJS0015,BLUFFTON 7.6 NW,SC
US1SCJS0016,RIDGELAND 9.9 SSE,SC
US1SCKR0004,CAMDEN 6.6 NE,SC
US1SCKR0045,CAMDEN 3.6 ESE,SC
US1SCKR0047,CASSATT 0.1 NE,SC
US1SCKR0048,CAMDEN 2.2 NNW,SC
US1SCKR0050,CASSATT 3.6 NW,SC
US1SCKR0051,CAMDEN 2.1 N,SC
US1SCKR0054,CAMDEN 1.2 ENE,SC
US1SCKR0055,LUGOFF 8.7 SSW,SC
US1SCKR0056,LUGOFF 8.8 SSW,SC
US1SCKR0057,LUGOFF 2.0 W,SC
US1SCLE0006,BISHOPVILLE 0.7 SSW,SC
US1SCLN0002,FORT MILL 3.5 ENE,SC
US1SCLN0010,INDIAN LAND 4.7 S,SC
US1SCLN0017,LANCASTER 7.1 ENE,SC
US1SCLN0025,FORT MILL 3.3 E,SC
US1SCLN0026,LANCASTER 6.9 ENE,SC
US1SCLR0006,CHAPPELLS 5.0 NNW,SC
US1SCLR0016,LAURENS 1.1 SSW,SC
US1SCLR0032,WARE SHOALS 2.5 ENE,SC
US1SCLR0037,FOUNTAIN INN 4.1 ESE,SC
US1SCLR0045,LAURENS 0.7 SSW,SC
US1SCLX0005,LEXINGTON 1.6 WNW,SC
US1SCLX0007,OAK GROVE 1.4 N,SC
US1SCLX0031,LEXINGTON 1.0 SE,SC
US1SCLX0035,LEXINGTON 2.9 NE,SC
US1SCLX0048,LEXINGTON 4.2 ENE,SC
US1SCLX0049,CHAPIN 1.3 SSE,SC
US1SCLX0069,LEXINGTON 3.0 WSW,SC
US1SCLX0070,CHAPIN 4.8 SSW,SC
US1SCLX0093,GILBERT 1.0 SE,SC
US1SCLX0097,LEXINGTON 5.8 E,SC
US1SCLX0098,WEST COLUMBIA 5.9 WSW,SC
US1SCLX0105,GILBERT 6.2 NNW,SC
US1SCLX0114,IRMO 1.0 WNW,SC
US1SCLX0122,PELION 4.7 W,SC
US1SCLX0126,GILBERT 7.1 N,SC
US1SCLX0134,LEESVILLE 5.2 SE,SC
US1SCLX0144,LEXINGTON 2.1 NNE,SC
US1SCLX0145,SWANSEA 3.5 SW,SC
US1SCLX0152,LEESVILLE 10.6 NNE,SC
US1SCLX0154,PELION 0.7 SSW,SC
US1SCLX0157,GILBERT 8.0 N,SC
US1SCLX0176,WEST COLUMBIA 1.1 NE,SC
US1SCLX0184,LEXINGTON 5.6 S,SC
US1SCLX0188,CHAPIN 5.8 SE,SC
US1SCLX0192,SWANSEA 6.1 SW,SC
US1SCLX0195,LEXINGTON 7.1 WSW,SC
US1SCLX0213,LEXINGTON 3.1 E,SC
US1SCLX0214,IRMO 1.3 S,SC
US1SCMB0002,BENNETTSVILLE 1.2 SE,SC
US1SCMB0011,CLIO 1.6 WNW,SC
US1SCMC0010,MCCORMICK 4.4 W,SC
US1SCMN0010,MULLINS 4.9 ESE,SC
US1SCNW0011,SILVERSTREET 5.7 WNW,SC
US1SCNW0012,PROSPERITY 4.7 ENE,SC
US1SCNW0013,NEWBERRY 1.0 N,SC
US1SCNW0018,NEWBERRY 2.9 S,SC
US1SCNW0024,PROSPERITY 8.1 SSE,SC
US1SCNW0025,PROSPERITY 1.9 SSE,SC
US1SCNW0026,NEWBERRY 1.3 SSE,SC
US1SCNW0027,PROSPERITY 0.1 NW,SC
US1SCNW0029,WHITMIRE 2.3 NW,SC
US1SCNW0030,PROSPERITY 4.0 E,SC
US1SCOC0004,SALEM 3.1 WNW,SC
US1SCOC0006,WALHALLA 1.5 NW,SC
US1SCOC0020,SENECA 1.4 E,SC
US1SCOC0032,SENECA 5.7 ENE,SC
US1SCOC0046,SENECA 2.2 NNE,SC
US1SCOC0047,SALEM 4.3 ENE,SC
US1SCOC0049,SENECA 2.5 NE,SC
US1SCOC0053,SENECA 2.5 NNW,SC
US1SCOC0077,SENECA 4.9 ENE,SC
US1SCOC0078,SALEM 0.8 SW,SC
US1SCOC0086,SENECA 6.2 SSE,SC
US1SCOC0092,SALEM 1.9 NE,SC
US1SCOC0093,KEOWEE KEY 2.4 NW,SC
US1SCOC0095,TAMASSEE 0.9 NW,SC
US1SCOC0098,SENECA 8.8 N,SC
US1SCOC0105,SALEM 3.9 ENE,SC
US1SCOC0106,SALEM 3.5 NW,SC
US1SCOC0107,SENECA 3.2 NE,SC
US1SCOC0113,WALHALLA 2.9 W,SC
US1SCOC0114,KEOWEE KEY 0.9 SW,SC
US1SCOC0116,SENECA 5.8 SSE,SC
US1SCOC0117,SENECA 8.9 N,SC
US1SCOC0118,SENECA 0.7 NW,SC
US1SCOR0011,NEESES 7.0 SE,SC
US1SCOR0017,ORANGEBURG 3.2 NW,SC
US1SCOR0022,SANTEE 6.9 WSW,SC
US1SCOR0036,ORANGEBURG 7.6 N,SC
US1SCOR0041,ELLOREE 2.2 WSW,SC
US1SCOR0049,SANTEE 2.0 ENE,SC
US1SCOR0052,NORTH 5.2 E,SC
US1SCPC0001,PICKENS 6.9 W,SC
US1SCPC0005,PICKENS 1.5 WSW,SC
US1SCPC0014,EASLEY 1.3 S,SC
US1SCPC0017,CLEMSON 0.8 NE,SC
US1SCPC0022,SUNSET 0.5 NW,SC
US1SCPC0033,SIX MILE 3.4 WNW,SC
US1SCPC0034,SIX MILE 3.5 W,SC
US1SCPC0038,SUNSET 2.9 W,SC
US1SCPC0053,SUNSET 4.4 ENE,SC
US1SCPC0055,LIBERTY 4.3 SSE,SC
US1SCPC0056,LIBERTY 3.7 WNW,SC
US1SCPC0064,SIX MILE 2.1 NE,SC
US1SCPC0066,SUNSET 1.8 NW,SC
US1SCPC0070,EASLEY 4.8 NNE,SC
US1SCPC0076,CENTRAL 1.9 WSW,SC
US1SCRC0001,DENTSVILLE 6.6 NNE,SC
US1SCRC0002,BLYTHEWOOD 5.0 SW,SC
US1SCRC0004,CHAPIN 4.3 E,SC
US1SCRC0007,IRMO 4.4 N,SC
US1SCRC0012,COLUMBIA 6.7 N,SC
US1SCRC0030,HOPKINS 3.9 NNE,SC
US1SCRC0041,BLYTHEWOOD 1.0 W,SC
US1SCRC0042,COLUMBIA 3.1 E,SC
US1SCRC0072,COLUMBIA 6.4 W,SC
US1SCRC0088,IRMO 3.2 NE,SC
US1SCRC0090,BLYTHEWOOD 5.8 W,SC
US1SCRC0093,CHAPIN 5.0 ESE,SC
US1SCRC0106,COLUMBIA 8.8 N,SC
US1SCRC0121,COLUMBIA 9.7 N,SC
US1SCRC0122,VALENCIA HEIGHTS 1.0 WNW,SC
US1SCRC0123,COLUMBIA 5.6 SSW,SC
US1SCRC0127,COLUMBIA 2.1 NNW,SC
US1SCRC0132,COLUMBIA 6.1 WSW,SC
US1SCRC0134,COLUMBIA 5.7 WSW,SC
US1SCRC0140,ELGIN 4.0 SW,SC
US1SCRC0142,IRMO 2.2 WSW,SC
US1SCRC0147,COLUMBIA 6.2 NNW,SC
US1SCRC0150,COLUMBIA 5.8 W,SC
US1SCRC0153,COLUMBIA 1.8 ENE,SC
US1SCRC0155,EASTOVER 4.0 NW,SC
US1SCSL0006,SALUDA 3.5 ENE,SC
US1SCSL0009,SALUDA 0.6 NNE,SC
US1SCSL0010,RIDGE SPRING 0.4 SSW,SC
US1SCSL0014,LEESVILLE 8.0 N,SC
US1SCSM0010,SUMTER 0.3 ENE,SC
US1SCSM0014,OAKLAND 1.5 NE,SC
US1SCSM0016,SUMTER 6.8 NNE,SC
US1SCSM0026,SUMTER 1.9 W,SC
US1SCSM0030,SUMTER 1.1 SSW,SC
US1SCSM0035,SUMTER 8.0 SSE,SC
US1SCSM0037,DALZELL 2.3 W,SC
US1SCSM0040,SUMTER 3.3 SW,SC
US1SCSM0045,SUMTER 0.6 ENE,SC
US1SCSM0046,SUMTER 8.7 S,SC
US1SCSP0010,MOORE 4.9 NW,SC
US1SCSP0011,LYMAN 4.1 WNW,SC
US1SCSP0043,SPARTANBURG 3.6 WSW,SC
US1SCSP0049,INMAN 6.5 ENE,SC
US1SCSP0053,CHESNEE 4.5 WNW,SC
US1SCSP0054,PAULINE 4.5 SSE,SC
US1SCSP0057,SPARTANBURG 3.7 ENE,SC
US1SCSP0058,DUNCAN 1.6 SSE,SC
US1SCSP0065,BOILING SPRINGS 1.7 ESE,SC
US1SCSP0066,WELLFORD 2.8 ENE,SC
US1SCSP0071,CAMPOBELLO 2.7 WSW,SC
US1SCSP0076,SPARTANBURG 0.9 E,SC
US1SCSP0091,BERRY'S POND 0.3 SW,SC
US1SCSP0092,WOODRUFF 5.6 WNW,SC
US1SCSP0095,BOILING SPRINGS 0.8 NNE,SC
US1SCSP0100,INMAN 2.9 W,SC
US1SCSP0105,SPARTANBURG 3.7 SW,SC
US1SCSP0107,REIDVILLE 2.1 NNW,SC
US1SCSP0116,LYMAN 1.2 NW,SC
US1SCSP0121,GREER 2.2 NE,SC
US1SCSP0124,DUNCAN 2.9 SSE,SC
US1SCSP0132,BOILING SPRINGS 1.2 ESE,SC
US1SCSP0133,INMAN 2.0 SE,SC
US1SCSP0134,WOODRUFF 0.8 N,SC
US1SCSP0136,PAULINE 1.1 W,SC
US1SCSP0141,INMAN 4.5 WSW,SC
US1SCSP0144,BOILING SPRINGS 1.3 ESE,SC
US1SCSP0146,SPARTANBURG 3.9 ENE,SC
US1SCSP0150,REIDVILLE 4.2 SW,SC
US1SCUN0001,UNION 2.3 NNE,SC
US1SCWL0002,KINGSTREE 7.9 NW,SC
US1SCWL0004,KINGSTREE 9.5 NW,SC
US1SCYR0003,LAKE WYLIE 2.3 SW,SC
US1SCYR0006,YORK 6.3 E,SC
US1SCYR0013,TEGA CAY 1.6 ESE,SC
US1SCYR0026,ROCK HILL 3.1 N,SC
US1SCYR0029,ROCK HILL 5.8 WNW,SC
US1SCYR0038,TEGA CAY 0.5 NE,SC
US1SCYR0040,ROCK HILL 5.8 WNW,SC
US1SCYR0052,FORT MILL 0.3 NE,SC
US1SCYR0059,FORT MILL 4.7 SE,SC
US1SCYR0061,LAKE WYLIE 2.4 NNW,SC
US1SCYR0062,ROCK HILL 1.9 ENE,SC
US1SCYR0064,FORT MILL 2.3 W,SC
US1SCYR0068,TEGA CAY 1.0 WSW,SC
US1SCYR0069,ROCK HILL 3.4 WNW,SC
US1SCYR0071,FORT MILL 4.6 NNE,SC
US1SCYR0072,ROCK HILL 3.2 SSW,SC
US1SCYR0073,FORT MILL 2.9 NE,SC
US1SCYR0078,FORT MILL 3.0 NW,SC
US1SCYR0087,TEGA CAY 1.6 S,SC
US1SCYR0088,CLOVER 2.8 ESE,SC
US1SCYR0090,TEGA CAY 0.8 ESE,SC
US1SCYR0091,NEWPORT 2.9 NW,SC
US1SCYR0100,YORK 5.3 SSE,SC
US1SCYR0103,FORT MILL 0.6 WNW,SC
US1TNAN0008,NORRIS 0.6 NW,TN
US1TNAN0014,OAK RIDGE 8.1 ENE,TN
US1TNBF0003,SHELBYVILLE 7.5 NW,TN
US1TNBF0004,BELL BUCKLE 2.0 SE,TN
US1TNBF0005,SHELBYVILLE 3.1 ESE,TN
US1TNBF0014,PETERSBURG 7.3 N,TN
US1TNBF0037,SHELBYVILLE 5.7 SSE,TN
US1TNBF0044,UNIONVILLE 5.7 NE,TN
US1TNBL0006,PIKEVILLE 13.2 NE,TN
US1TNBL0016,PIKEVILLE 10.3 N,TN
US1TNBL0018,GRAYSVILLE 5.5 WNW,TN
US1TNBL0021,PIKEVILLE 8.2 WSW,TN
US1TNBL0024,PIKEVILLE 5.7 SSE,TN
US1TNBN0006,CAMDEN 0.7 SE,TN
US1TNBN0007,CAMDEN 8.2 S,TN
US1TNBR0004,CLEVELAND 3.0 ESE,TN
US1TNBR0008,CLEVELAND 4.1 NNE,TN
US1TNBR0016,CLEVELAND 5.2 SE,TN
US1TNBT0008,FRIENDSVILLE 4.6 NE,TN
US1TNBT0009,FRIENDSVILLE 3.6 NW,TN
US1TNBT0011,MARYVILLE 4.1 SSW,TN
US1TNBT0026,MARYVILLE 5.8 ESE,TN
US1TNBT0029,MARYVILLE 3.4 ESE,TN
US1TNBT0036,GREENBACK 4.1 SSE,TN
US1TNBT0039,MARYVILLE 6.7 SW,TN
US1TNBT0043,MARYVILLE 1.8 S,TN
US1TNBT0044,TOWNSEND 4.2 SE,TN
US1TNCC0013,NEWPORT 3.2 ESE,TN
US1TNCC0014,PARROTTSVILLE 4.1 NNE,TN
US1TNCF0014,MANCHESTER 2.6 WNW,TN
US1TNCF0027,MANCHESTER 2.4 NNW,TN
US1TNCF0032,MANCHESTER 6.5 ENE,TN
US1TNCF0034,MANCHESTER 2.8 N,TN
US1TNCF0035,MANCHESTER 9.2 NNW,TN
US1TNCF0040,HILLSBORO 1.7 WNW,TN
US1TNCH0024,KINGSTON SPRINGS 2.8 WNW,TN
US1TNCH0029,JOELTON 6.3 NW,TN
US1TNCH0032,ASHLAND CITY 6.3 ENE,TN
US1TNCM0001,CROSSVILLE 5.8 SSW,TN
US1TNCM0004,FAIRFIELD GLADE 0.1 NNW,TN
US1TNCM0009,CROSSVILLE 6.9 S,TN
US1TNCM0032,CROSSVILLE 4.7 S,TN
US1TNCM0037,CROSSVILLE 4.6 NNW,TN
US1TNCM0038,CROSSVILLE 7.2 SE,TN
US1TNCM0042,CROSSVILLE 2.3 SE,TN
US1TNCM0043,CROSSVILLE 5.1 E,TN
US1TNCM0044,PLEASANT HILL 0.3 W,TN
US1TNCM0045,FAIRFIELD GLADE 1.2 ENE,TN
US1TNCM0046,MONTEREY 3.9 S,TN
US1TNCN0002,MIDWAY 0.5 N,TN
US1TNCN0010,WOODBURY 4.0 SE,TN
US1TNCN0016,WOODBURY 6.0 SSE,TN
US1TNCN0017,READYVILLE 2.1 NNE,TN
US1TNCN0018,WOODBURY 5.6 ESE,TN
US1TNCN0020,AUBURNTOWN 0.5 NNE,TN
US1TNCR0006,ATWOOD 0.8 WSW,TN
US1TNCR0007,BRUCETON 0.2 E,TN
US1TNCR0009,MCKENZIE 1.5 SSE,TN
US1TNCR0011,HOLLOW ROCK 0.6 NNW,TN
US1TNCS0007,HENDERSON 2.2 SSE,TN
US1TNCS0009,HENDERSON 6.1 SSW,TN
US1TNCS0012,HENDERSON 7.0 ESE,TN
US1TNCT0002,ROAN MOUNTAIN 7.1 W,TN
US1TNCY0002,CELINA 0.3 NNE,TN
US1TNCY0003,RED BOILING SPRINGS 6.7 NNE,TN
US1TNCY0007,ALLONS 6.2 N,TN
US1TNDC0003,DICKSON 5.8 NW,TN
US1TNDC0024,DICKSON 6.3 WSW,TN
US1TNDC0028,DICKSON 12.7 NW,TN
US1TNDC0032,DICKSON 7.5 W,TN
US1TNDC0034,CHARLOTTE 10.2 NE,TN
US1TNDC0035,DICKSON 2.7 NNW,TN
US1TNDC0036,DICKSON 9.1 WSW,TN
US1TNDC0037,CHARLOTTE 2.9 NNW,TN
US1TNDK0001,SMITHVILLE 4.9 WSW,TN
US1TNDK0008,DOWELLTOWN 5.8 NE,TN
US1TNDK0015,SPARTA 12.1 WNW,TN
US1TNDR0002,PARSONS 0.5 E,TN
US1TNDV0041,HERMITAGE 2.6 E,TN
US1TNDV0045,BELLE MEADE 0.4 W,TN
US1TNDV0047,BERRY HILL 1.6 WNW,TN
US1TNDV0050,BELLE MEADE 5.3 WSW,TN
US1TNDV0053,NASHVILLE 3.1 WSW,TN
US1TNDV0076,MOUNT JULIET 6.1 SSW,TN
US1TNDV0079,MOUNT JULIET 5.2 SSW,TN
US1TNDV0081,ANTIOCH 4.3ENE,TN
US1TNDV0108,BRENTWOOD 2.8 NNE,TN
US1TNDV0111,MADISON 1.2 WSW,TN
US1TNDV0117,NASHVILLE 5.0 NE,TN
US1TNDV0131,GOODLETTSVILLE 1.5 W,TN
US1TNDV0138,NASHVILLE 5.2 WSW,TN
US1TNDV0143,HERMITAGE 3.2 SSW,TN
US1TNDV0157,BELLE MEADE 1.9 NE,TN
US1TNDV0163,NASHVILLE 5.2 S,TN
US1TNDV0166,OLD HICKORY 1.6 SSE,TN
US1TNDV0172,NASHVILLE 4.7 SW,TN
US1TNDV0176,NASHVILLE 6.1 ENE,TN
US1TNDV0184,HERMITAGE 4.6 WSW,TN
US1TNDV0187,BRENTWOOD 3.6 NE,TN
US1TNDV0196,NASHVILLE 2.7 ENE,TN
US1TNDV0199,HERMITAGE 1.6 S,TN
US1TNDV0204,NASHVILLE 8.5 SSE,TN
US1TNDV0205,ANTIOCH 3.8 E,TN
US1TNDV0209,NASHVILLE 5.1 SW,TN
US1TNDY0007,DYERSBURG 7.7 E,TN
US1TNDY0008,NEWBERN 1.0 WSW,TN
US1TNFK0015,WINCHESTER 0.5 W,TN
US1TNFK0016,WINCHESTER 5.4 SSE,TN
US1TNFK0019,WINCHESTER 6.6 W,TN
US1TNFK0021,COWAN 0.9 NE,TN
US1TNFK0024,WINCHESTER 8.1 W,TN
US1TNFN0005,JAMESTOWN 12.9 S,TN
US1TNFN0006,CLARKRANGE 6.0 NE,TN
US1TNFN0007,JAMESTOWN 3.1 SE,TN
US1TNFY0005,SOMERVILLE 1.3 E,TN
US1TNFY0012,SOMERVILLE 1.7 N,TN
US1TNGB0017,TRENTON 2.6 WNW,TN
US1TNGB0018,HUMBOLDT 7.7 NNE,TN
US1TNGL0019,PULASKI 5.8 N,TN
US1TNGL0022,GOODSPRING 1.8 WSW,TN
US1TNGL0023,PULASKI 1.5 WSW,TN
US1TNGN0001,GREENEVILLE 10.1 S,TN
US1TNGN0008,GREENEVILLE 3.0 S,TN
US1TNGN0009,BAILEYTON 1.0 NW,TN
US1TNGN0017,MIDWAY 2.3 SW,TN
US1TNGN0018,GREENEVILLE 2.8 N,TN
US1TNGR0008,RUTLEDGE 5.3 SE,TN
US1TNGR0010,RUTLEDGE 7.0 SSW,TN
US1TNGY0002,BEERSHEBA SPRINGS 2.1 ENE,TN
US1TNGY0008,ALTAMONT 3.9 NW,TN
US1TNGY0013,GRUETLI-LAAGER 1.3 E,TN
US1TNHB0003,JEFFERSON CITY 2.1 NE,TN
US1TNHC0002,KYLES FORD 1.0 N,TN
US1TNHC0005,SNEEDVILLE 9.5 WSW,TN
US1TNHD0015,HURON 5.3 NNW,TN
US1TNHK0004,CHURCH HILL 3.4 NNE,TN
US1TNHK0007,CHURCH HILL 1.0 ENE,TN
US1TNHK0008,BULLS GAP 0.9 SSW,TN
US1TNHK0011,MOORESBURG 0.5 SE,TN
US1TNHL0014,OOLTEWAH 6.7 NNE,TN
US1TNHL0031,CHATTANOOGA 5.1 ENE,TN
US1TNHL0032,SIGNAL MOUNTAIN 1.6 NE,TN
US1TNHL0048,MIDDLE VALLEY 2.3 ESE,TN
US1TNHL0050,SIGNAL MOUNTAIN 2.2 NE,TN
US1TNHL0051,EAST RIDGE 0.9 NW,TN
US1TNHL0061,CHATTANOOGA 2.1 WNW,TN
US1TNHL0062,LOOKOUT MOUNTAIN 0.3 E,TN
US1TNHL0065,LAKESITE 3.4 ESE,TN
US1TNHL0070,MIDDLE VALLEY 0.5 W,TN
US1TNHM0016,BON AQUA 5.4 W,TN
US1TNHM0019,CENTERVILLE 1.6 NE,TN
US1TNHN0009,SAVANNAH 9.6 SSE,TN
US1TNHN0010,SAVANNAH 5.8 NNE,TN
US1TNHP0013,MCEWEN 4.6 ENE,TN
US1TNHR0004,BOLIVAR 3.9 SE,TN
US1TNHR0006,BOLIVAR 8.2 ESE,TN
US1TNHT0004,TENNESSEE RIDGE 3.0 S,TN
US1TNHT0005,ERIN 5.4 ESE,TN
US1TNHT0009,ERIN 3.3 SSE,TN
US1TNHT0011,ERIN 2.9 SSE,TN
US1TNHW0001,BROWNSVILLE 1.0 SE,TN
US1TNHW0004,STANTON 8.8 E,TN
US1TNHY0008,PARIS 1.5 WSW,TN
US1TNHY0010,PARIS 1.0 NW,TN
US1TNHY0011,PARIS 3.0 NNW,TN
US1TNJC0015,GAINESBORO 3.3 NW,TN
US1TNJC0016,GAINESBORO 4.6 SW,TN
US1TNJF0004,WHITE PINE 2.0 NE,TN
US1TNKX0005,KNOXVILLE 5.5 W,TN
US1TNKX0023,FARRAGUT 2.8 ENE,TN
US1TNKX0034,KNOXVILLE 5.7 NNW,TN
US1TNKX0053,KNOXVILLE 10.6 WSW,TN
US1TNKX0058,SEYMOUR 5.8 N,TN
US1TNKX0062,KNOXVILLE 5.5 SW,TN
US1TNKX0063,FARRAGUT 2.0 ESE,TN
US1TNKX0065,KNOXVILLE 11.2 WSW,TN
US1TNKX0069,KNOXVILLE 4.5 NNE,TN
US1TNKX0071,KARNS 5.4 SE,TN
US1TNKX0072,CORRYTON 4.5 SW,TN
US1TNLC0006,FAYETTEVILLE 7.9 WNW,TN
US1TNLC0012,FAYETTEVILLE 8.6 S,TN
US1TNLC0020,FRANKEWING 4.0 ENE,TN
US1TNLC0022,FAYETTEVILLE 9.0 WSW,TN
US1TNLC0024,FAYETTEVILLE 4.0 SSW,TN
US1TNLD0005,GATES 1.9 S,TN
US1TNLN0010,GREENBACK 2.1 ENE,TN
US1TNLN0011,LOUDON 5.3 E,TN
US1TNLN0012,LOUDON 5.1 ESE,TN
US1TNLN0014,LOUDON 7.2 SE,TN
US1TNLN0015,LOUDON 7.1 SE,TN
US1TNLN0016,LENOIR CITY 4.3 NNE,TN
US1TNLR0007,LORETTO 5.2 NE,TN
US1TNLR0009,LAWRENCEBURG 8.8 SE,TN
US1TNLR0026,LORETTO 4.9 ENE,TN
US1TNLR0027,LORETTO 1.1 E,TN
US1TNLR0028,LORETTO 0.6 WSW,TN
US1TNLR0029,LAWRENCEBURG 8.7 WNW,TN
US1TNLR0031,SAINT JOSEPH 1.9 ENE,TN
US1TNLR0032,LEOMA 6.7 E,TN
US1TNLS0003,HOHENWALD 2.2 SE,TN
US1TNMA0003,JASPER 1.7 N,TN
US1TNMA0004,WHITWELL 0.3 SE,TN
US1TNMA0008,WHITWELL 4.5 ENE,TN
US1TNMA0016,SOUTH PITTSBURG 4.9 ESE,TN
US1TNMA0017,TRACY CITY 3.9 ESE,TN
US1TNMC0013,LAFAYETTE 5.4 S,TN
US1TNMC0016,LAFAYETTE 4.5 SE,TN
US1TNMD0004,JACKSON 4.7 NW,TN
US1TNMD0005,JACKSON 5.6 NE,TN
US1TNMD0010,GADSDEN 4.9 SSE,TN
US1TNMD0015,JACKSON 4.3 N,TN
US1TNMD0027,JACKSON 5.9 NW,TN
US1TNMD0029,JACKSON 4.3 NNE,TN
US1TNMD0031,JACKSON 9.3 NE,TN
US1TNMD0033,JACKSON 6.1 SSE,TN
US1TNMD0040,JACKSON 0.4 SW,TN
US1TNMD0041,JACKSON 6.7 ESE,TN
US1TNMG0003,PETROS 0.2E,TN
US1TNMG0010,OLIVER SPRINGS 9.0 W,TN
US1TNML0004,LEWISBURG 6.2 SSE,TN
US1TNML0006,LEWISBURG 5.1 SW,TN
US1TNML0010,CORNERSVILLE 3.6 SE,TN
US1TNML0016,CHAPEL HILL 4.3 NNE,TN
US1TNML0024,LEWISBURG 0.8 WSW,TN
US1TNML0026,LEWISBURG 9.9 N,TN
US1TNML0027,LEWISBURG 9.9 N,TN
US1TNMM0006,ROCKWOOD 11.3 S,TN
US1TNMM0011,ATHENS 0.8 NNE,TN
US1TNMM0012,ATHENS 2.0 WSW,TN
US1TNMN0002,RAMER 1.5 S,TN
US1TNMN0008,BETHEL SPRINGS 7.5 NE,TN
US1TNMR0016,MADISONVILLE 0.9 N,TN
US1TNMS0001,TEN MILE 2.2 NW,TN
US1TNMS0005,DECATUR 0.8 WNW,TN
US1TNMT0026,CLARKSVILLE 4.0 WNW,TN
US1TNMT0039,CLARKSVILLE 11.6 SE,TN
US1TNMT0041,CLARKSVILLE 3.3 SSE,TN
US1TNMT0061,CLARKSVILLE 5.4 WSW,TN
US1TNMT0063,CLARKSVILLE 3.4 NNW,TN
US1TNMT0079,CLARKSVILLE 4.9 NW,TN
US1TNMT0085,CLARKSVILLE 13.6 SSE,TN
US1TNMT0093,CLARKSVILLE 7.1 SE,TN
US1TNMT0095,ADAMS 7.9 SW,TN
US1TNMT0100,ADAMS 8.0 SW,TN
US1TNMT0105,FREDONIA 0.5 ESE,TN
US1TNMT0107,CLARKSVILLE 6.2 NNE,TN
US1TNMT0108,CLARKSVILLE 5.1 N,TN
US1TNMY0008,COLUMBIA 1.2 SSW,TN
US1TNMY0033,COLUMBIA 6.6 NNE,TN
US1TNMY0037,WILLIAMSPORT 4.0 NE,TN
US1TNMY0038,CULLEOKA 3.0 SW,TN
US1TNMY0041,COLUMBIA 7.5 NNW,TN
US1TNMY0042,SPRING HILL 2.4 SE,TN
US1TNOB0003,UNION CITY 1.4 SSE,TN
US1TNOV0008,LIVINGSTON 4.1 WSW,TN
US1TNOV0009,RICKMAN 3.8 ESE,TN
US1TNPK0001,BENTON 2.3 ESE,TN
US1TNPM0005,COOKEVILLE 2.6 ENE,TN
US1TNPM0021,COOKEVILLE 3.9 E,TN
US1TNPM0031,COOKEVILLE 3.3 SSW,TN
US1TNPM0043,COOKEVILLE 1.0 SW,TN
US1TNPM0045,MONTEREY 5.6 S,TN
US1TNPM0048,COOKEVILLE 2.1 NE,TN
US1TNPM0049,BAXTER 2.6 S,TN
US1TNPM0052,ALGOOD 0.9 NW,TN
US1TNPM0057,COOKEVILLE 6.4 N,TN
US1TNPM0059,COOKEVILLE 2.6 NW,TN
US1TNPM0060,MONTEREY 6.4 E,TN
US1TNPT0003,BYRDSTOWN 2.8 SSW,TN
US1TNPT0007,JAMESTOWN 9.6 W,TN
US1TNRB0001,RIDGETOP 3.8 SW,TN
US1TNRB0003,SPRINGFIELD 1.9 WSW,TN
US1TNRB0005,SPRINGFIELD 1.0 NW,TN
US1TNRB0016,CEDAR HILL 2.6 N,TN
US1TNRB0038,CEDAR HILL 4.4 NNE,TN
US1TNRB0045,GREENBRIER 1.3 ESE,TN
US1TNRB0046,GREENBRIER 1.9 SE,TN
US1TNRB0047,GREENBRIER 3.6 E,TN
US1TNRB0048,CROSS PLAINS 1.9 NNW,TN
US1TNRB0058,SPRINGFIELD 7.7 NNW,TN
US1TNRD0001,MURFREESBORO 5.5 NNW,TN
US1TNRD0012,MURFREESBORO 8.7 E,TN
US1TNRD0055,ROCK VALE 4.5S,TN
US1TNRD0065,MURFREESBORO 3.2 WNW,TN
US1TNRD0070,LA VERGNE 2.1 SW,TN
US1TNRD0095,SMYRNA 2.1 E,TN
US1TNRD0100,MURFREESBORO 7.9 NNW,TN
US1TNRD0104,MURFREESBORO 4.3 SE,TN
US1TNRD0108,MILTON 1.5 W,TN
US1TNRD0126,CHRISTIANA 3.4 ENE,TN
US1TNRD0135,SMYRNA 1.8 S,TN
US1TNRD0138,MURFREESBORO 3.4 WSW,TN
US1TNRD0139,ROCKVALE 4.7 NNE,TN
US1TNRN0010,KINGSTON 4.0 ENE,TN
US1TNRN0011,HARRIMAN 2.4 S,TN
US1TNSH0001,BARTLETT 1.0 WNW,TN
US1TNSH0021,BARTLETT 1.9 SSW,TN
US1TNSH0027,BARTLETT 1.3 ENE,TN
US1TNSH0032,BARTLETT 3.1 NNE,TN
US1TNSH0036,ARLINGTON 7.1 WNW,TN
US1TNSH0038,BARTLETT 3.2 NNW,TN
US1TNSH0039,BARTLETT 2.3 N,TN
US1TNSH0049,BARTLETT 2.5 SW,TN
US1TNSH0053,COLLIERVILLE 0.5 ENE,TN
US1TNSL0001,OAK GROVE 3.0 E,TN
US1TNSL0024,COLONIAL HEIGHTS 0.6 SSE,TN
US1TNSL0028,BLOUNTVILLE 4.6 WNW,TN
US1TNSM0001,CARTHAGE 8.7 NNE,TN
US1TNSM0005,GORDONSVILLE 1.4 ENE,TN
US1TNSM0012,LEBANON 10.5 E,TN
US1TNSM0013,ELMWOOD 4.5 NNE,TN
US1TNSM0015,ALEXANDRIA 0.8 NNE,TN
US1TNSM0016,CARTHAGE 2.1 S,TN
US1TNSM0017,BRUSH CREEK 2.5 NNW,TN
US1TNSM0019,GORDONSVILLE 1.6 S,TN
US1TNSQ0001,DUNLAP 3.1 NW,TN
US1TNSQ0007,DUNLAP 2.3 SSE,TN
US1TNSQ0027,GRAYSVILLE 11.6 WSW,TN
US1TNSQ0030,DUNLAP 2.6 W,TN
US1TNSQ0033,DUNLAP 6.4 E,TN
US1TNSR0011,HENDERSONVILLE 2.9 NE,TN
US1TNSR0032,WESTMORELAND 5.4 NNE,TN
US1TNSR0050,BETHPAGE 4.5 NW,TN
US1TNSR0059,PORTLAND 2.9 E,TN
US1TNSR0086,HENDERSONVILLE 1.4 SW,TN
US1TNSR0094,GOODLETTSVILLE 1.7 ESE,TN
US1TNSR0097,GALLATIN 2.8 SW,TN
US1TNSR0098,GOODLETTSVILLE 4.3 NNW,TN
US1TNSR0099,GALLATIN 2.5 N,TN
US1TNSR0101,BETHPAGE 4.7 NW,TN
US1TNSR0105,PORTLAND 8.1 SSE,TN
US1TNSR0106,HENDERSONVILLE 0.3 ENE,TN
US1TNST0010,DOVER 7.8 NNE,TN
US1TNST0023,DOVER 5.7 N,TN
US1TNSV0003,SEVIERVILLE 2.8 NNW,TN
US1TNSV0004,SEVIERVILLE 5.4 ENE,TN
US1TNSV0018,SEVIERVILLE 3.8 SE,TN
US1TNSV0019,SEVIERVILLE 5.7 ESE,TN
US1TNTP0003,ATOKA 3.2 ESE,TN
US1TNTP0011,COVINGTON 4.9 SSE,TN
US1TNUN0003,MAYNARDVILLE 0.6 E,TN
US1TNVB0005,SPENCER 6.6 S,TN
US1TNWL0005,FOREST HILLS 4.3 WSW,TN
US1TNWL0010,NOLENSVILLE 1.0 NNW,TN
US1TNWL0018,BRENTWOOD 0.5 SSW,TN
US1TNWL0038,BRENTWOOD 2.7 SSE,TN
US1TNWL0039,FRANKLIN 3.6 NW,TN
US1TNWL0063,FAIRVIEW 1.4 WNW,TN
US1TNWL0075,FAIRVIEW 1.9 ENE,TN
US1TNWL0077,FRANKLIN 4.4 W,TN
US1TNWL0080,NOLENSVILLE 2.0 W,TN
US1TNWL0083,FAIRVIEW 1.8 W,TN
US1TNWL0089,FRANKLIN 0.5 NE,TN
US1TNWL0090,NOLENSVILLE 2.4 SW,TN
US1TNWL0097,SPRING HILL 3.3 ENE,TN
US1TNWL0098,FAIRVIEW 1.9 WNW,TN
US1TNWL0099,THOMPSON'S STATION 1.5 SSE,TN
US1TNWL0101,COLLEGE GROVE 3.9 WSW,TN
US1TNWL0103,COLLEGE GROVE 6.0 SW,TN
US1TNWL0106,NOLENSVILLE 0.6 ESE,TN
US1TNWL0107,FRANKLIN 10.0 W,TN
US1TNWL0109,FRANKLIN 6.7 WNW,TN
US1TNWL0112,EAGLEVILLE 7.1 WNW,TN
US1TNWL0113,BRENTWOOD 4.5 SE,TN
US1TNWL0115,FRANKLIN 2.1 NNE,TN
US1TNWL0116,FRANKLIN 8.5 SSE,TN
US1TNWL0117,NOLENSVILLE 3.0 WNW,TN
US1TNWL0118,PRIMM SPRINGS 4.8 NE,TN
US1TNWL0123,FRANKLIN 1.0 S,TN
US1TNWN0010,GREEN HILL 0.3 N,TN
US1TNWN0019,GREEN HILL 3.1 NNE,TN
US1TNWN0036,LEBANON 2.7 SSE,TN
US1TNWN0042,MOUNT JULIET 2.9 WSW,TN
US1TNWN0048,LEBANON 10.5 ENE,TN
US1TNWN0066,LEBANON 8.4 SSW,TN
US1TNWN0090,MOUNT JULIET 4.0 SE,TN
US1TNWN0093,GALLATIN 5.7 SSE,TN
US1TNWN0096,LEBANON 11.5 SSE,TN
US1TNWN0098,LEBANON 3.6 N,TN
US1TNWN0099,LEBANON 7.9 NE,TN
US1TNWN0104,MOUNT JULIET 2.0 WSW,TN
US1TNWN0108,MOUNT JULIET 3.1 SSE,TN
US1TNWN0123,MOUNT JULIET 6.4 NE,TN
US1TNWN0124,MOUNT JULIET 7.9 SE,TN
US1TNWN0125,LEBANON 7.1 WNW,TN
US1TNWR0004,MORRISON 1.9 SSW,TN
US1TNWR0010,MCMINNVILLE 8.5 ESE,TN
US1TNWR0022,MCMINNVILLE 2.5 SSE,TN
US1TNWR0024,MCMINNVILLE 5.4 ESE,TN
US1TNWR0025,MCMINNVILLE 12.1 SE,TN
US1TNWS0012,JONESBOROUGH 2.5 SSW,TN
US1TNWS0015,FALL BRANCH 1.2 ENE,TN
US1TNWS0016,GRAY 1.3 S,TN
US1TNWS0022,JONESBOROUGH 2.7 SSW,TN
US1TNWS0023,GRAY 3.9 S,TN
US1TNWS0026,JOHNSON CITY 3.7 NW,TN
US1TNWS0028,JOHNSON CITY 4.3 SSW,TN
US1TNWT0006,SPARTA 8.6 NW,TN
US1TNWT0007,SPARTA 4.6 NE,TN
US1TNWT0009,SPARTA 10.2 NNW,TN
US1TNWT0022,SPARTA 1.5 SE,TN
US1TNWY0019,WAYNESBORO 7.3 N,TN
US1TNWY0025,WAYNESBORO 4.7 WSW,TN
US1TNWY0026,WAYNESBORO 2.1 S,TN
US1VAAB0006,AFTON 5.4 ESE,VA
US1VAAB0010,CHARLOTTESVILLE 8.4 W,VA
US1VAAB0017,CROZET 1.3 W,VA
US1VAAB0018,CHARLOTTESVILLE 6.8 NNE,VA
US1VAAB0021,CHARLOTTESVILLE 11.1 SW,VA
US1VAAB0027,HOLLYMEAD 3.2 NNW,VA
US1VAAB0028,AFTON 1.3 ENE,VA
US1VAAB0030,EARLYSVILLE 3.8 NW,VA
US1VAAC0007,ONLEY 0.6 SE,VA
US1VAAC0008,GREENBACKVILLE 0.4 WNW,VA
US1VAAC0015,PAINTER 4.4 W,VA
US1VAAC0016,METOMPKIN 0.9 SE,VA
US1VAAC0023,CHINCOTEAGUE 0.6 SE,VA
US1VAAC0025,BELLE HAVEN 1.0 NW,VA
US1VAAG0006,STAUNTON 0.5 WNW,VA
US1VAAG0012,CRAIGSVILLE 12.2 NNE,VA
US1VAAG0023,FORT DEFIANCE 2.8 ESE,VA
US1VAAG0024,MOUNT SOLON 4.3 SSE,VA
US1VAAG0025,VERONA 1.3 E,VA
US1VAAG0028,VERONA 3.4 NNW,VA
US1VAAG0030,FORT DEFIANCE 3.6 SE,VA
US1VAAG0031,STAUNTON 1.0 WSW,VA
US1VAAG0033,VERONA 2.6 ENE,VA
US1VAAG0035,STAUNTON 3.7 WSW,VA
US1VAAH0004,AMHERST 1.7 SW,VA
US1VAAH0007,LYNCHBURG 2.8 E,VA
US1VAALC010,ALEXANDRIA 1.6 W,VA
US1VAALC011,ALEXANDRIA 1.2 W,VA
US1VAAM0002,JETERSVILLE 3.6 W,VA
US1VAAP0004,PAMPLIN 1.6 NNE,VA
US1VAAR0008,ARLINGTON 0.3 E,VA
US1VAAR0011,ARLINGTON 2.7 W,VA
US1VAAR0016,ARLINGTON 3.3 WNW,VA
US1VAAR0018,ARLINGTON 1.0 WSW,VA
US1VABD0007,MONETA 3.6 SW,VA
US1VABD0024,VINTON 8.6 ENE,VA
US1VABD0029,LYNCHBURG 5.1 NNW,VA
US1VABD0031,MONTVALE 0.4 N,VA
US1VABD0039,FOREST 1.6 NW,VA
US1VABD0042,GOODVIEW 2.0 W,VA
US1VABH0001,MILLBORO 0.3 NW,VA
US1VABH0007,WARM SPRINGS 2.9 NNW,VA
US1VABK0002,NEW CANTON 2.6 SE,VA
US1VABK0004,DILLWYN 6.9 WSW,VA
US1VABK0005,SCOTTSVILLE 8.3 SSW,VA
US1VABK0006,DILLWYN 9.2 SSW,VA
US1VABR0004,ALBERTA 5.6 SW,VA
US1VABT0002,FINCASTLE 1.9 NNW,VA
US1VABT0008,DALEVILLE 0.6 NE,VA
US1VACB0008,FARMVILLE 5.7 ENE,VA
US1VACH0001,SAXE 4.3 SE,VA
US1VACH0003,CHARLOTTE COURT HOUSE 4.9 NNE,VA
US1VACH0004,RED OAK 1.4 N,VA
US1VACH0005,DRAKES BRANCH 0.3 W,VA
US1VACK0002,BERRYVILLE 0.9 NNW,VA
US1VACL0006,HANOVER 3.0 N,VA
US1VACL0007,RUTHER GLEN 1.7 ENE,VA
US1VACM0003,GLADYS 0.6 S,VA
US1VACM0018,BROOKNEAL 7.4 N,VA
US1VACP0001,RIXEYVILLE 6.3 NNE,VA
US1VACP0002,RIXEYVILLE 2.5 N,VA
US1VACP0010,CULPEPER 1.7 NNE,VA
US1VACP0013,CULPEPER 2.0 WNW,VA
US1VACP0015,CULPEPER 2.6 NW,VA
US1VACP0019,CULPEPER 5.8 WNW,VA
US1VACR0003,GALAX 6.1 N,VA
US1VACR0011,WOODLAWN 5.3 NNW,VA
US1VACR0012,GALAX 2.7 N,VA
US1VACRC002,CHARLOTTESVILLE 0.5 NNE,VA
US1VACS0020,CHESTERFIELD 8.5 WSW,VA
US1VACS0026,MIDLOTHIAN 4.7 SSW,VA
US1VACS0027,MIDLOTHIAN 3.5 SSW,VA
US1VACS0029,BENSLEY 4.9 WSW,VA
US1VACS0031,RICHMOND 6.4 W,VA
US1VACS0045,CHESTER 6.6 E,VA
US1VACS0048,BON AIR 4.0 S,VA
US1VACS0060,MIDLOTHIAN 3.0 NNW,VA
US1VACS0062,CHESTER 2.2 SSW,VA
US1VACS0063,CHESTER 1.7 N,VA
US1VACS0064,MIDLOTHIAN 7.9 S,VA
US1VACS0067,ETTRICK 6.9 WNW,VA
US1VACS0068,CHESTER 3.3 WSW,VA
US1VACS0073,MOSELEY 1.3 N,VA
US1VACSC015,CHESAPEAKE 1.8 NE,VA
US1VACSC026,CHESAPEAKE 3.1 NNW,VA
US1VAEMC001,EMPORIA 1.3 SW,VA
US1VAFCC003,FALLS CHURCH 0.7 ESE,VA
US1VAFD0001,STEPHENS CITY 2.2 E,VA
US1VAFD0013,WINCHESTER 8.9 N,VA
US1VAFDC002,FREDERICKSBURG 1.3 ENE,VA
US1VAFL0006,WILLIS 2.7 SE,VA
US1VAFQ0013,BROAD RUN 2.8 SSW,VA
US1VAFQ0017,WARRENTON 2.0 WNW,VA
US1VAFQ0021,MARSHALL 8.0 SW,VA
US1VAFQ0024,WARRENTON 2.9 SE,VA
US1VAFQ0025,WARRENTON 3.9 W,VA
US1VAFQ0026,WARRENTON 4.2 ENE,VA
US1VAFQ0028,BROAD RUN 3.0 SSW,VA
US1VAFR0001,ROCKY MOUNT 3.6 W,VA
US1VAFR0006,BOONES MILL 12.6 E,VA
US1VAFR0019,FERRUM 1.9 SSW,VA
US1VAFR0024,ROCKY MOUNT 2.2 NW,VA
US1VAFR0028,MARTINSVILLE 11.6 NNE,VA
US1VAFR0031,ROCKY MOUNT 10.3 NE,VA
US1VAFR0032,UNION HALL 2.9 E,VA
US1VAFR0036,ROCKY MOUNT 8.5 S,VA
US1VAFR0038,CALLAWAY 3.0 SSW,VA
US1VAFR0043,ROCKY MOUNT 7.2 SE,VA
US1VAFR0045,BOONES MILL 4.4 SE,VA
US1VAFR0047,ROCKY MOUNT 0.8 SSW,VA
US1VAFR0049,ROCKY MOUNT 3.8 SSW,VA
US1VAFR0050,MONETA 6.2 S,VA
US1VAFR0052,HARDY 5.4 SW,VA
US1VAFRC004,FRANKLIN 1.2 NW,VA
US1VAFV0005,SCOTTSVILLE 5.6 E,VA
US1VAFX0033,FRANCONIA 1.3 SSE,VA
US1VAFX0037,MANTUA 1.4 S,VA
US1VAFX0040,VIENNA 3.3 N,VA
US1VAFX0041,MCLEAN 2.3 SE,VA
US1VAFX0054,FAIRFAX 4.1 W,VA
US1VAFX0060,OAKTON 0.4 E,VA
US1VAFX0061,VIENNA 0.8 S,VA
US1VAFX0063,ALEXANDRIA 5.6 SSW,VA
US1VAFX0064,FALLS CHURCH 1.6 W,VA
US1VAFX0076,RESTON 1.8 N,VA
US1VAFX0078,BURKE 1.4 NNE,VA
US1VAFX0081,ALEXANDRIA 6.6 WNW,VA
US1VAFX0082,FALLS CHURCH 1.1 NNW,VA
US1VAFX0084,FAIRFAX 2.8 SSE,VA
US1VAFX0087,FALLS CHURCH 1.7 S,VA
US1VAFX0090,ALEXANDRIA 6.9 S,VA
US1VAFX0099,MOUNT VERNON 0.4 NW,VA
US1VAFX0105,ALEXANDRIA 6.8 S,VA
US1VAFX0110,VIENNA 4.1 NNW,VA
US1VAFX0114,HERNDON 2.9 S,VA
US1VAFX0115,CENTREVILLE 0.3 N,VA
US1VAFX0117,ALEXANDRIA 1.4 N,VA
US1VAFX0119,SPRINGFIELD 1.8 SW,VA
US1VAFX0121,FAIRFAX 3.2 W,VA
US1VAFX0122,FALLS CHURCH 2.4 SW,VA
US1VAFX0129,ALEXANDRIA 4.0 SW,VA
US1VAFX0131,CHANTILLY 6.3 WNW,VA
US1VAGC0004,GLOUCESTER COURTHOUSE 3.5 NNW,VA
US1VAGC0006,ZANONI 1.7 SSE,VA
US1VAGC0008,GLOUCESTER COURTHOUSE 3.3 SSW,VA
US1VAGC0010,GLOUCESTER COURTHOUSE 5.8 SSW,VA
US1VAGC0011,GLOUCESTER COURTHOUSE 9.3 NNW,VA
US1VAGC0012,GLOUCESTER POINT 0.6 S,VA
US1VAGC0014,GLOUCESTER POINT 2.4 E,VA
US1VAGC0015,GLOUCESTER COURTHOUSE 6.6 W,VA
US1VAGC0016,GLOUCESTER POINT 4.7 NW,VA
US1VAGC0019,GLOUCESTER COURTHOUSE 4.2 SSW,VA
US1VAGC0022,GLOUCESTER COURTHOUSE 0.7 NNW,VA
US1VAGC0023,GLOUCESTER COURTHOUSE 2.1 S,VA
US1VAGC0024,WARE NECK 1.6 SSE,VA
US1VAGC0025,GLOUCESTER COURTHOUSE 7.1 NNE,VA
US1VAGC0026,GLOUCESTER COURTHOUSE 9.1 N,VA
US1VAGC0027,GLOUCESTER COURTHOUSE 3.8 ENE,VA
US1VAGC0029,JAMES STORE 1.5 WNW,VA
US1VAGC0030,GLOUCESTER POINT 5.1 NNE,VA
US1VAGH0007,GUM SPRING 3.5 NNW,VA
US1VAGN0006,RUCKERSVILLE 1.0 WNW,VA
US1VAGR0003,INDEPENDENCE 1.3 S,VA
US1VAGR0004,FRIES 6.9 WSW,VA
US1VAGR0005,TROUTDALE 8.7 SW,VA
US1VAGR0006,GALAX 5.3 SW,VA
US1VAGV0002,EMPORIA 11.0 SW,VA
US1VAGXC001,GALAX 0.7 ENE,VA
US1VAHG0002,MONTEREY 6.5 SSW,VA
US1VAHG0008,MONTEREY 1.4 SW,VA
US1VAHL0008,VIRGILINA 6.2 N,VA
US1VAHMC004,HAMPTON 7.2 W,VA
US1VAHMC007,HAMPTON 8.1 W,VA
US1VAHMC018,HAMPTON 3.4 W,VA
US1VAHMC021,HAMPTON 6.3 SW,VA
US1VAHN0009,BASSETT 1.1 E,VA
US1VAHN0010,BASSETT 2.6 ESE,VA
US1VAHN0011,MARTINSVILLE 0.4 WSW,VA
US1VAHN0012,RIDGEWAY 2.5 NE,VA
US1VAHN0013,MARTINSVILLE 1.9 SE,VA
US1VAHR0008,LAUREL 0.8 N,VA
US1VAHR0027,HIGHLAND SPRINGS 8.1 SE,VA
US1VAHR0029,SANDSTON 5.9 ESE,VA
US1VAHR0031,RICHMOND 4.8 N,VA
US1VAHR0034,HENRICO 5.8 W,VA
US1VAHR0035,TUCKAHOE 1.3 SSW,VA
US1VAHR0036,HENRICO 4.1 W,VA
US1VAHR0037,RICHMOND 5.3 NW,VA
US1VAHR0040,GLEN ALLEN 3.6 W,VA
US1VAHR0041,TUCKAHOE 2.5 NW,VA
US1VAHV0006,BEAVERDAM 4.3 ESE,VA
US1VAHV0008,MONTPELIER 4.8 E,VA
US1VAHV0011,ROCKVILLE 5.1 W,VA
US1VAHV0017,MECHANICSVILLE 6.9 SE,VA
US1VAHV0018,MONTPELIER 1.6 NE,VA
US1VAHV0019,MECHANICSVILLE 1.0 SSE,VA
US1VAIW0004,SMITHFIELD 1.3 SW,VA
US1VAIW0017,WINDSOR 0.5 ENE,VA
US1VAIW0021,CARROLLTON 3.3 SE,VA
US1VAIW0022,SMITHFIELD 7.7 NNW,VA
US1VAIW0024,SMITHFIELD 0.5 WSW,VA
US1VAJC0001,WILLIAMSBURG 3.2 W,VA
US1VAJC0010,WILLIAMSBURG 4.1 WNW,VA
US1VAJC0016,WILLIAMSBURG 3.2 WNW,VA
US1VAJC0023,WILLIAMSBURG 4.5 NW,VA
US1VAJC0024,WILLIAMSBURG 5.7 W,VA
US1VAJC0025,WILLIAMSBURG 8.2 NW,VA
US1VAJC0031,WILLIAMSBURG 5.8 WSW,VA
US1VAJC0038,WILLIAMSBURG 3.8 WSW,VA
US1VAJC0040,WILLIAMSBURG 1.9 SW,VA
US1VAJC0045,WILLIAMSBURG 4.7 WSW,VA
US1VAJC0046,TOANO 2.0 NNE,VA
US1VAJC0049,TOANO 1.1 SSW,VA
US1VAJC0056,WILLIAMSBURG 9.1 NNW,VA
US1VAJC0059,WILLIAMSBURG 6.5 NW,VA
US1VAJC0061,WILLIAMSBURG 5.1 WSW,VA
US1VAJC0067,TOANO 0.9 SE,VA
US1VAJC0070,WILLIAMSBURG 2.9 SW,VA
US1VAJC0072,WILLIAMSBURG 3.5 WNW,VA
US1VAJC0076,WILLIAMSBURG 6.8 NW,VA
US1VAJC0077,WILLIAMSBURG 3.4 SW,VA
US1VAKQ0001,MATTAPONI 2.6 NNW,VA
US1VAKQ0002,SHACKLEFORDS 4.8 NE,VA
US1VAKW0005,AYLETT 4.4 WSW,VA
US1VALB0002,VICTORIA 0.9 N,VA
US1VALD0013,ROUND HILL 2.7 WSW,VA
US1VALD0017,LEESBURG 4.4 W,VA
US1VALD0029,LEESBURG 1.7 NNE,VA
US1VALD0035,ASHBURN 0.4 N,VA
US1VALD0040,LOVETTSVILLE 3.1 ESE,VA
US1VALD0041,STERLING 3.6 NE,VA
US1VALE0002,JONESVILLE 2E,VA
US1VALE0005,JONESVILLE 1.4 NNW,VA
US1VALN0001,URBANNA 6.2 NNE,VA
US1VALN0004,LANCASTER 9.0 W,VA
US1VALN0005,KILMARNOCK 2.0 WNW,VA
US1VALS0007,LOUISA 5.1 WSW,VA
US1VALS0008,KESWICK 3.4 ESE,VA
US1VALS0010,MINERAL 6.9 NNE,VA
US1VALYC007,LYNCHBURG 3.4 NNW,VA
US1VALYC011,LYNCHBURG 3.3 S,VA
US1VALYC012,LYNCHBURG 2.1 NE,VA
US1VAMC0004,CLARKSVILLE 3.4 SE,VA
US1VAMC0005,BRACEY 5.0 E,VA
US1VAMD0003,MADISON 6.9 NNW,VA
US1VAMD0006,MADISON 7.6 NNE,VA
US1VAMN0004,CHRISTIANSBURG 1.7 WNW,VA
US1VAMN0005,CHRISTIANSBURG 1.1 ESE,VA
US1VAMN0009,BLACKSBURG 5.0 W,VA
US1VAMN0011,BLACKSBURG 1.6 W,VA
US1VAMN0013,BLACKSBURG 1.7 ESE,VA
US1VAMN0021,BLACKSBURG 2.4 ENE,VA
US1VAMN0024,BLACKSBURG 1.3 ESE,VA
US1VAMN0025,BLACKSBURG 1.6 NNE,VA
US1VAMN0034,CHRISTIANSBURG 4.4 WNW,VA
US1VAMN0038,CHRISTIANSBURG 3.2 SW,VA
US1VAMN0042,RADFORD 0.4 W,VA
US1VAMN0051,BLACKSBURG 1.7 ESE,VA
US1VAMN0053,BLACKSBURG 1.9 SE,VA
US1VAMN0055,BLACKSBURG 4.4 ESE,VA
US1VAMN0056,BLACKSBURG 2.1 ESE,VA
US1VAMT0001,PORT HAYWOOD 1.0 SE,VA
US1VAMT0006,PORT HAYWOOD 0.7 WSW,VA
US1VAMT0007,MATHEWS 1.5 NNE,VA
US1VAMT0010,PORT HAYWOOD 2.1 ESE,VA
US1VAMX0004,LOCUST HILL 1.1 ENE,VA
US1VAMX0007,HARTFIELD 2.9 W,VA
US1VAMX0008,HARTFIELD 1.5 WNW,VA
US1VAMX0009,DELTAVILLE 1.0 NE,VA
US1VAMX0011,LOCUST HILL 1.0 NE,VA
US1VAND0005,HEATHSVILLE 4.6 SE,VA
US1VAND0007,SUNNYBANK 0.8 ESE,VA
US1VAND0010,KILMARNOCK 5.9 NNE,VA
US1VANH0002,FRANKTOWN 2.6 WSW,VA
US1VANH0003,EASTVILLE 5.0 NNW,VA
US1VANK0004,PROVIDENCE FORGE 3.7 NE,VA
US1VANK0006,NEW KENT 5.0 W,VA
US1VANL0006,NELLYSFORD 2.0 N,VA
US1VANNC004,NEWPORT NEWS 3.3 E,VA
US1VANNC007,NEWPORT NEWS 2.7 ESE,VA
US1VANNC012,NEWPORT NEWS 2.5 ESE,VA
US1VANNC022,NEWPORT NEWS 1.8 SE,VA
US1VANNC023,NEWPORT NEWS 0.9 S,VA
US1VANNC024,NEWPORT NEWS 5.8 N,VA
US1VANNC028,NEWPORT NEWS 5.5 NNW,VA
US1VANRC017,NORFOLK 1.6 NNW,VA
US1VANRC022,NORFOLK 3.2 W,VA
US1VANY0007,BURKEVILLE 1.9 SSE,VA
US1VANY0008,BLACKSTONE 7.4 N,VA
US1VAOR0001,BARBOURSVILLE 1.1 NW,VA
US1VAOR0003,RHOADESVILLE 4.0 ENE,VA
US1VAPC0005,DISPUTANTA 6.3 NE,VA
US1VAPC0009,PRINCE GEORGE 3.2 ENE,VA
US1VAPC0011,SOUTH PRINCE GEORGE 6.8 S,VA
US1VAPG0001,SHENANDOAH 1.4 N,VA
US1VAPH0007,POWHATAN 7.8 NE,VA
US1VAPL0002,NEW RIVER 0.3 NNW,VA
US1VAPL0009,DUBLIN 2.0 SSW,VA
US1VAPL0013,FAIRLAWN 1.8 WNW,VA
US1VAPN0002,FARMVILLE 1.0 SSW,VA
US1VAPN0010,FARMVILLE 0.5 E,VA
US1VAPN0011,GREEN BAY 0.5 NNW,VA
US1VAPN0012,MEHERRIN 2.3 ENE,VA
US1VAPN0014,RICE 2.0 WSW,VA
US1VAPN0015,FARMVILLE 2.4 SE,VA
US1VAPQC003,POQUOSON 6.1 WSW,VA
US1VAPR0006,WOOLWINE 3.7 NNE,VA
US1VAPR0008,WOOLWINE 3.2 ENE,VA
US1VAPR0009,STUART 4.0 ESE,VA
US1VAPRC002,PORTSMOUTH 4.1 SSE,VA
US1VAPRC010,PORTSMOUTH 3.3 NW,VA
US1VAPT0003,DANVILLE 5.5 N,VA
US1VAPT0014,GRETNA 0.5 WNW,VA
US1VAPT0016,CHATHAM 4.9 ENE,VA
US1VAPT0017,CASCADE 4.3 N,VA
US1VAPT0018,KEELING 0.7 SSW,VA
US1VAPW0010,WOODBRIDGE 5.9 NW,VA
US1VAPW0011,NOKESVILLE 4.0 S,VA
US1VAPW0015,HAYMARKET 5.5 N,VA
US1VAPW0019,MANASSAS 2.5 NNW,VA
US1VAPW0022,MANASSAS 2.0 N,VA
US1VAPW0028,HAYMARKET 3.9 SSE,VA
US1VARC0004,LANCASTER 6.4 NNW,VA
US1VARCC011,RICHMOND 1.1 SE,VA
US1VARCC013,RICHMOND 2.1 N,VA
US1VARCC014,RICHMOND 4.2 NNE,VA
US1VARCC017,RICHMOND 1.7 N,VA
US1VARCC021,RICHMOND 0.6 SW,VA
US1VARCC028,RICHMOND 3.2 E,VA
US1VARDC001,RADFORD 0.9 WNW,VA
US1VARH0011,MASSANUTTEN 1.3 SE,VA
US1VARH0015,BRIDGEWATER 0.3 SE,VA
US1VARH0016,HARRISONBURG 2.1 NNW,VA
US1VARH0018,HARRISONBURG 2.1 N,VA
US1VARH0020,BRIDGEWATER 5.8 W,VA
US1VARH0023,HARRISONBURG 9.2 NE,VA
US1VARH0024,HARRISONBURG 3.6 SE,VA
US1VARH0028,BRIDGEWATER 0.8 N,VA
US1VARH0029,ZENDA 1.1 NE,VA
US1VARK0003,LEXINGTON 11.5 WSW,VA
US1VARK0006,LEXINGTON 8.6 NW,VA
US1VARK0007,LEXINGTON 5.5 NW,VA
US1VARK0008,LEXINGTON 7.2 W,VA
US1VARK0009,LEXINGTON 0.8 W,VA
US1VARK0011,ROCKBRIDGE BATHS 0.4 NW,VA
US1VARK0013,FAIRFIELD 1.1 ESE,VA
US1VARN0001,CAVE SPRING 2.4 SSW,VA
US1VARN0003,ROANOKE 5.5 SW,VA
US1VARN0005,ROANOKE 4.3 SW,VA
US1VARN0017,SALEM 3.4 WNW,VA
US1VARN0020,ROANOKE 3.4 SW,VA
US1VARN0021,SALEM 1.6 WSW,VA
US1VARN0024,CATAWBA 7.2 WSW,VA
US1VARN0025,ROANOKE 5.7 SW,VA
US1VARN0029,ROANOKE 5.1 SSW,VA
US1VARN0032,SALEM 2.0 WSW,VA
US1VARNC003,ROANOKE 1.9 SSW,VA
US1VARP0006,BOSTON 2.2 WSW,VA
US1VARP0008,SPERRYVILLE 5.5 S,VA
US1VARS0002,LEBANON 3.1 NNE,VA
US1VASC0001,GATE CITY 6.2 NNE,VA
US1VASF0005,FREDERICKSBURG 7.5 ESE,VA
US1VASF0009,STAFFORD 6.1 WNW,VA
US1VASF0011,STAFFORD 1.2 SE,VA
US1VASFC007,SUFFOLK 13.9 NNE,VA
US1VASFC025,SUFFOLK 13.4 NE,VA
US1VASFC028,SUFFOLK 14.4 NNE,VA
US1VASFC033,SUFFOLK 11.6 NE,VA
US1VASH0002,STRASBURG 3.7 N,VA
US1VASP0002,FREDERICKSBURG 5.2 SSW,VA
US1VASP0011,FREDERICKSBURG 2.6 SW,VA
US1VASP0012,SPOTSYLVANIA COURTHOUSE 6.5 WN,VA
US1VASP0014,CHANCELLORSVILLE 2.2 E,VA
US1VASP0017,FREDERICKSBURG 3.3 SW,VA
US1VASP0019,SPOTSYLVANIA COURTHOUSE 2.0 SS,VA
US1VASS0001,WAKEFIELD 0.1 ENE,VA
US1VAST0002,SEDLEY 3.7 N,VA
US1VAST0005,IVOR 1.0 SW,VA
US1VAST0017,FRANKLIN 0.5 ESE,VA
US1VAST0018,DREWRYVILLE 2.3 SW,VA
US1VATZ0004,TAZEWELL 2.9 WNW,VA
US1VATZ0005,CEDAR BLUFF 3.6 SW,VA
US1VAVBC013,VIRGINIA BEACH 2.4 N,VA
US1VAVBC021,VIRGINIA BEACH 3.1 ENE,VA
US1VAVBC030,VIRGINIA BEACH 6.0 WNW,VA
US1VAVBC034,VIRGINIA BEACH 9.5 N,VA
US1VAVBC057,VIRGINIA BEACH 3.2 E,VA
US1VAVBC058,VIRGINIA BEACH 9.1 NNW,VA
US1VAVBC060,VIRGINIA BEACH 8.5 N,VA
US1VAVBC067,VIRGINIA BEACH 8.1 N,VA
US1VAVBC068,VIRGINIA BEACH 8.2 NNW,VA
US1VAVBC073,VIRGINIA BEACH 7.2 NW,VA
US1VAVBC075,VIRGINIA BEACH 9.7 NNE,VA
US1VAVBC076,FORT STORY 1.5 SE,VA
US1VAWH0005,BRISTOL 6.7 W,VA
US1VAWLC001,WILLIAMSBURG 1.3 SSW,VA
US1VAWLC002,WILLIAMSBURG 1.4 ENE,VA
US1VAWLC012,WILLIAMSBURG 3.2 NW,VA
US1VAWLC017,WILLIAMSBURG 0.3 SSW,VA
US1VAWLC018,WILLIAMSBURG 5.1 SE,VA
US1VAWM0001,MONTROSS 5.2 ESE,VA
US1VAWM0005,STRATFORD 0.5 NE,VA
US1VAWM0006,HAGUE 3.5 NE,VA
US1VAWR0002,FRONT ROYAL 3.1 ESE,VA
US1VAWT0004,WYTHEVILLE 7.5 WSW,VA
US1VAWYC005,WAYNESBORO 1.6 WNW,VA
US1VAWYC006,WAYNESBORO 1.5 WSW,VA
US1VAYR0001,NEWPORT NEWS 5.8 NE,VA
US1VAYR0004,WILLIAMSBURG 6.0 N,VA
US1VAYR0007,WILLIAMSBURG 4.4 N,VA
US1VAYR0014,YORKTOWN 6.8 SE,VA
US1VAYR0022,NEWPORT NEWS 5.5 ENE,VA
US1VAYR0024,WILLIAMSBURG 4.6 NNW,VA
US1VAYR0027,GRAFTON 1.3 ENE,VA
US1VAYR0028,WILLIAMSBURG 3.4 ENE,VA
US1VAYR0030,SEAFORD 0.3 S,VA
US1VAYR0031,YORKTOWN 5.7 SE,VA
US1VAYR0032,WILLIAMSBURG 0.8 NNW,VA
US1WVBB0006,BELINGTON 1.5 NE,WV
US1WVBN0004,DANVILLE 1.8 WSW,WV
US1WVBN0005,ASHFORD 0.7 NW,WV
US1WVBN0006,BANDYTOWN 0.1 NW,WV
US1WVBY0013,MARTINSBURG 2.9 SE,WV
US1WVBY0016,BUNKER HILL 1.5 SW,WV
US1WVCB0002,HUNTINGTON 2.9 E,WV
US1WVCB0017,HUNTINGTON 1.7 ESE,WV
US1WVCB0019,CULLODEN 0.5 WSW,WV
US1WVCB0023,HUNTINGTON 3.4 ESE,WV
US1WVDD0001,CENTER POINT 2.2 NNW,WV
US1WVDD0002,WEST UNION 8.2 NE,WV
US1WVDD0004,AUBURN 8.3 ENE,WV
US1WVDD0008,WEST UNION 5.6 ESE,WV
US1WVDD0009,WEST UNION 2.9 SE,WV
US1WVFY0010,ANSTED 0.2 SW,WV
US1WVGB0008,RUPERT 0.3 ENE,WV
US1WVGL0003,AUBURN 4.0 E,WV
US1WVGL0004,GLENVILLE 5.9 W,WV
US1WVHM0004,SPRINGFIELD 3.5 SW,WV
US1WVHS0011,LOST CREEK 1.3 NW,WV
US1WVHY0002,RIG 0.4 NW,WV
US1WVJC0003,RIPLEY 5.8 S,WV
US1WVJF0012,HARPERS FERRY 7.2 SSW,WV
US1WVJF0015,HARPERS FERRY 12.8 SSW,WV
US1WVKN0001,ALUM CREEK 3.0 E,WV
US1WVKN0002,SOUTH CHARLESTON 4.7 SSW,WV
US1WVKN0025,CHARLESTON 5.8 ENE,WV
US1WVKN0026,SOUTH CHARLESTON 2.5 W,WV
US1WVKN0033,CHARLESTON 2.6 W,WV
US1WVKN0043,SOUTH CHARLESTON 1.6 ENE,WV
US1WVKN0045,CHARLESTON 1.7 WSW,WV
US1WVKN0050,CHARLESTON 5.9 SE,WV
US1WVKN0052,SOUTH CHARLESTON 2.6 SSW,WV
US1WVLN0003,BRANCHLAND 5.6 ESE,WV
US1WVLW0006,WESTON 5.1 NW,WV
US1WVMA0010,RIVESVILLE 1.7 N,WV
US1WVMC0011,PRINCETON 0.3 NNW,WV
US1WVMC0015,BLUEFIELD 4.8 NNW,WV
US1WVMG0007,MORGANTOWN 6.4 WSW,WV
US1WVMG0016,MORGANTOWN 5.9 SW,WV
US1WVMH0005,MOUNDSVILLE 3.6 SSW,WV
US1WVNC0004,CRAIGSVILLE 0.6 NE,WV
US1WVPC0007,GREEN BANK 1.2 ESE,WV
US1WVPN0001,FORT SEYBERT 3.0 NE,WV
US1WVPR0010,TERRA ALTA 4.9 NNE,WV
US1WVPR0011,THOMAS 7.4 N,WV
US1WVPR0014,BRUCETON MILLS 9.3 SE,WV
US1WVPR0020,BRUCETON MILLS 2.8 S,WV
US1WVPR0022,TERRA ALTA 0.4 E,WV
US1WVPT0010,HURRICANE 1.6 SSW,WV
US1WVRT0002,PENNSBORO 1.2 ESE,WV
US1WVTC0005,DAVIS 6.0 SSE,WV
US1WVTY0003,MIDDLEBOURNE 3.2 ESE,WV
US1WVWB0001,CAMDEN-ON-GAULEY 0.4 E,WV
US1WVWD0001,DAVISVILLE 3.8 NE,WV
US1WVWD0018,WALKER 2.1 SW,WV
US1WVWD0022,WALKER 6.4 NE,WV
US1WVWN0005,FORT GAY 3.3 ENE,WV
US1WVWT0001,NEW MARTINSVILLE 6.5 E,WV
USC00010063,ADDISON,AL
USC00010160,ALEXANDER CITY,AL
USC00010178,ALICEVILLE,AL
USC00010184,BEVILL L&D,AL
USC00010260,LEXINGTON,AL
USC00010370,ASHLAND 5 SSW,AL
USC00010390,ATHENS,AL
USC00010402,ATMORE,AL
USC00010425,AUBURN NO.2,AL
USC00010505,BANKHEAD L&D,AL
USC00010583,BAY MINETTE,AL
USC00010655,BELLE MINA 2 N,AL
USC00010748,BERRY 3 NW,AL
USC00010764,BESSEMER 3 WSW,AL
USC00010823,BILLINGSLEY,AL
USC00010830,BIRMINGHAM AP AA,AL
USC00010957,BOAZ,AL
USC00011080,BREWTON 3 ENE,AL
USC00011288,CALERA,AL
USC00011490,CENTRE,AL
USC00011620,CHILDERSBURG WTP,AL
USC00011694,CLANTON,AL
USC00011725,CLAYTON,AL
USC00011810,COFFEEVILLE L&D,AL
USC00012096,CULLMAN 1.5SE/KRESS FARMS,AL
USC00012124,DADEVILLE 2,AL
USC00012172,DAUPHIN IS #2,AL
USC00012209,DECATUR 4SE,AL
USC00012245,DEMOPOLIS L&D,AL
USC00012377,DOTHAN,AL
USC00012469,E LAWRENCE/CADDO 6SW,AL
USC00012813,FAIRHOPE 2 NE,AL
USC00012883,FAYETTE,AL
USC00013043,FT PAYNE,AL
USC00013154,GADSDEN,AL
USC00013160,GAINESVILLE LOCK,AL
USC00013251,GENEVA #2,AL
USC00013511,GREENSBORO,AL
USC00013519,GREENVILLE,AL
USC00013573,GUNTERSVILLE,AL
USC00013575,GUNTERSVILLE NO.2,AL
USC00013620,HALEYVILLE,AL
USC00013645,HAMILTON,AL
USC00013655,HANCEVILLE,AL
USC00013761,HEADLAND,AL
USC00013775,HEFLIN,AL
USC00013818,HIGHLAND HOME #2,AL
USC00013930,HOLT L&D,AL
USC00013931,HOPE HULL 3S,AL
USC00014193,JACKSON,AL
USC00014209,JACKSONVILLE,AL
USC00014280,JOPPA 1SW,AL
USC00014502,LAFAYETTE 2W,AL
USC00014977,MADISON 2N,AL
USC00015121,MARION JUNCTION 2 NE,AL
USC00015172,MATHEWS,AL
USC00015397,MIDWAY,AL
USC00015435,MILLPORT 2 E,AL
USC00015537,MONTEVALLO,AL
USC00015553,MONTGOMERY 6SW,AL
USC00015635,MOULTON 2,AL
USC00015751,MUSCLE SHOALS WTP,AL
USC00016121,ONEONTA,AL
USC00016129,OPELIKA,AL
USC00016196,OWENS CROSS ROADS 3S,AL
USC00016847,REFORM,AL
USC00017025,ROCK MILLS,AL
USC00017157,SAINT BERNARD,AL
USC00017207,SAND MT SUBSTN,AL
USC00017304,SCOTTSBORO,AL
USC00017366,SELMA,AL
USC00017734,SPRINGVILLE,AL
USC00017999,SYLACAUGA 4 NE,AL
USC00018024,TALLADEGA,AL
USC00018038,TALLAPOOSA WTR PLT,AL
USC00018209,THORSBY EXP STN,AL
USC00018323,TROY,AL
USC00018380,TUSCALOOSA ACFD,AL
USC00018385,TUSCALOOSA OLIVER DAM,AL
USC00018469,VALLEY HEAD,AL
USC00018608,WADLEY NR 2,AL
USC00018648,WALNUT GROVE,AL
USC00018673,WARRIOR L&D,AL
USC00018809,W BLOCTON,AL
USC00018812,VINEMONT 2NNW,AL
USC00018859,WETUMPKA,AL
USC00018998,WINFIELD 2 SW,AL
USC00030064,ALICIA 2 NNE,AR
USC00030240,ARKANSAS POST,AR
USC00030326,AUGUSTA,AR
USC00030458,BATESVILLE LVSTK,AR
USC00030460,BATESVILLE L&D 1,AR
USC00030536,BEEDEVILLE 4 NE,AR
USC00030746,BLACK ROCK,AR
USC00031191,CANE CREEK SP,AR
USC00031632,CORNING,AR
USC00031769,CUSHMAN 4 W,AR
USC00031968,DES ARC,AR
USC00032366,EVENING SHADE 1 NNE,AR
USC00032760,GEORGETOWN,AR
USC00032978,GREERS FERRY DAM,AR
USC00033132,HARDY,AR
USC00033229,HEBER SPRINGS 2 NE,AR
USC00033242,HELENA,AR
USC00033734,JONESBORO 3 SSE,AR
USC00033821,KEISER,AR
USC00034572,MAMMOTH SPRING,AR
USC00034638,MARIANNA 2 S,AR
USC00035186,NEWPORT,AR
USC00035563,PARAGOULD 1S,AR
USC00035820,POCAHONTAS 1,AR
USC00035866,PORTLAND,AR
USC00036253,ROHWER 2 NNE,AR
USC00036376,SAINT CHARLES,AR
USC00036380,SAINT FRANCIS,AR
USC00036403,SALEM,AR
USC00036506,SEARCY,AR
USC00036920,STUTTGART 9 ESE,AR
USC00037315,U OF ARKANSAS AT MONTICELLO,AR
USC00037712,W MEMPHIS,AR
USC00038052,WYNNE,AR
USC00071335,BRIDGEVILLE 3 ESE,DE
USC00075320,LEWES,DE
USC00076410,NEWARK AG FARM,DE
USC00079605,WILMINGTON PORTER RSCH,DE
USC00080211,APALACHICOLA AP,FL
USC00080236,ARCHBOLD BIO STN,FL
USC00080414,BAHIA HONDA SP,FL
USC00080478,BARTOW 1SE,FL
USC00080737,BIG CYPRESS,FL
USC00080945,BRADENTON 5 ESE,FL
USC00081306,CAPE FLORIDA,FL
USC00081544,CHIPLEY,FL
USC00082150,DAYTONA BEACH,FL
USC00082229,DELAND 1 SSE,FL
USC00082288,DESOTO CITY 8 SW,FL
USC00082298,DEVILS GARDEN,FL
USC00082418,DRY TORTUGAS,FL
USC00082944,FERNANDINA BEACH,FL
USC00083020,FLAMINGO RS,FL
USC00083153,FT GREEN 12 WSW,FL
USC00083163,FT LAUDERDALE,FL
USC00083168,FT LAUDERDALE BEACH,FL
USC00083207,FT PIERCE,FL
USC00083874,HASTINGS 4NE,FL
USC00083909,HIALEAH,FL
USC00083986,HILLSBOROUGH RVR SP,FL
USC00084050,HOLLYWOOD,FL
USC00084095,HOMESTEAD GEN AVIATION AP,FL
USC00084289,INVERNESS 3 SE,FL
USC00084366,JACKSONVILLE BEACH,FL
USC00084571,KEY W WFO,FL
USC00084621,KISSIMMEE PRAIRIE PRESERVE,FL
USC00084625,KISSIMMEE 2,FL
USC00084802,LAKELAND 2,FL
USC00085076,LISBON,FL
USC00085184,LOXAHATCHEE NWR,FL
USC00085359,MARCO IS,FL
USC00085539,MAYO,FL
USC00085612,MELBOURNE WFO,FL
USC00085667,MIAMI NWSFO,FL
USC00085880,MONTICELLO 10 SW,FL
USC00085895,MOORE HAVEN LOCK 1,FL
USC00085973,MTN LAKE,FL
USC00086048,MUSE,FL
USC00086065,MYAKKA RVR SP,FL
USC00086092,NETTLES IS,FL
USC00086240,NICEVILLE,FL
USC00086315,N MIAMI BEACH #2,FL
USC00086319,N PORT,FL
USC00086414,OCALA,FL
USC00086634,ORLANDO W,FL
USC00086761,PALM BAY,FL
USC00086764,PALM BEACH GARDENS,FL
USC00086999,PENSACOLA 7 NNE,FL
USC00087025,PERRY,FL
USC00087205,PLANT CITY,FL
USC00087228,MT PLYMOUTH 1SSW,FL
USC00087261,NEW SMYRNA BCH - MARINE DISCOV,FL
USC00087304,PORT SALERNO 5W,FL
USC00087760,ROYAL PALM RS,FL
USC00087826,ST AUGUSTINE WTP,FL
USC00087851,SAINT LEO,FL
USC00087887,ST PETERSBURG 2,FL
USC00087982,SANFORD,FL
USC00088051,SCOTTSMOOR 2.5 SSW,FL
USC00088368,S BAY 15 S,FL
USC00088620,STUART,FL
USC00088756,TALLAHASSEE AP,FL
USC00088782,TAMPA BAY AREA WFO,FL
USC00088784,TAMPA 6 NE,FL
USC00088824,TARPON SPGS SEWAGE PLT,FL
USC00088942,TITUSVILLE,FL
USC00089120,USHER TWR,FL
USC00089176,VENICE,FL
USC00089219,VERO BEACH 4SE,FL
USC00089401,WAUCHULA,FL
USC00089566,WEWAHITCHKA,FL
USC00090044,ADAIRSVILLE 5 SE,GA
USC00090181,ALLATOONA DAM 2,GA
USC00090253,AMERICUS,GA
USC00090969,BLAIRSVILLE EXP STN,GA
USC00091266,BROOKLET 1 W,GA
USC00091500,CAMILLA 3SE,GA
USC00091640,CARROLLTON,GA
USC00091732,CEDARTOWN,GA
USC00091863,CHATSWORTH 2,GA
USC00091965,CLARKESVILLE,GA
USC00091982,CLAYTON 1 SSW,GA
USC00092006,CLEVELAND,GA
USC00092159,COLUMBUS #2,GA
USC00092266,CORDELE,GA
USC00092283,CORNELIA,GA
USC00092361,CRISP CO PWR DAM,GA
USC00092475,DAHLONEGA 4WSW,GA
USC00092485,DALLAS 7 NE,GA
USC00092517,DANIELSVILLE,GA
USC00092753,DORAVILLE 2 NNE,GA
USC00092844,DUBLIN 2,GA
USC00092966,EASTMAN 1 W,GA
USC00093060,ELBERTON 2 N,GA
USC00093465,FOLKSTON 9 SW,GA
USC00093538,FT STEWART,GA
USC00093621,GAINESVILLE,GA
USC00093675,GERMANY VALLEY,GA
USC00093754,GLENNVILLE 3NW,GA
USC00094133,HARTWELL,GA
USC00094170,HAWKINSVILLE,GA
USC00094648,JASPER 1 NNW,GA
USC00094700,JONESBORO,GA
USC00095204,LINCOLNTON,GA
USC00095205,LINCOLNTON 4.4S,GA
USC00095331,LUDOWICI,GA
USC00095666,MCDONOUGH 5 ENE,GA
USC00095863,MIDVILLE EXP STN,GA
USC00095988,MONTICELLO,GA
USC00096148,MULBERRY GROVE,GA
USC00096219,NAHUNTA 6NE,GA
USC00097171,PRIDGEN,GA
USC00097528,ROCKY FORD 4SE,GA
USC00097600,ROME,GA
USC00097777,SANDERSVILLE,GA
USC00097808,SAPELO IS,GA
USC00097827,SAUTEE 3W,GA
USC00098436,SUMMERVILLE,GA
USC00098661,THOMASTON 4SE,GA
USC00098703,TIFTON,GA
USC00098740,TOCCOA,GA
USC00098842,TUGALO DAM,GA
USC00099124,WARNER ROBINS,GA
USC00099194,WAYNESBORO 2 S,GA
USC00099502,WOODBINE,GA
USC00110137,ALTON - MELVIN PRICE L&D,IL
USC00110306,ATHENS 4SW,IL
USC00110500,BEECHER CITY,IL
USC00111083,BUFFALO 3NNE,IL
USC00111265,CARBONDALE SEWAGE PLT,IL
USC00111290,CARLYLE RSVR,IL
USC00111302,CARMI 4 NE,IL
USC00111329,CASEY,IL
USC00111386,CENTRALIA,IL
USC00111436,CHARLESTON,IL
USC00111491,CHESTER,IL
USC00111700,CLAY CITY 6SSE,IL
USC00112193,DECATUR WTP,IL
USC00112483,DU QUOIN 4 SE,IL
USC00112679,EDWARDSVILLE 2 W,IL
USC00112685,EFFINGHAM SE,IL
USC00112931,1 ENE FAIRFIELD,IL
USC00113106,FLORA,IL
USC00113107,FLORA 2,IL
USC00113120,FT MASSAC SP,IL
USC00113580,OLMSTED L&D,IL
USC00113879,HARRISBURG,IL
USC00114089,HIGHLAND,IL
USC00114108,HILLSBORO,IL
USC00114317,HUTSONVILLE,IL
USC00114400,IUKA 12 SW,IL
USC00114442,JACKSONVILLE 2E,IL
USC00114447,JACKSONVILLE 2,IL
USC00114489,JERSEYVILLE 2 SW,IL
USC00114629,KASKASKIA RVR NAVIGATION LOCK,IL
USC00114833,LAKE SPRINGFIELD,IL
USC00114957,LAWRENCEVILLE 2WSW,IL
USC00115219,LOVINGTON,IL
USC00115430,MATTOON,IL
USC00115515,1 N MCLEANSBORO,IL
USC00115539,MEDORA 1 S,IL
USC00115660,MILSTADT 2SW,IL
USC00115841,MORRISONVILLE,IL
USC00115917,MT OLIVE 1 E,IL
USC00115943,MT VERNON 3 NE,IL
USC00115950,MOWEAQUA 2S,IL
USC00115983,MURPHYSBORO 2 SW,IL
USC00116024,NEOGA,IL
USC00116157,NEWTON,IL
USC00116446,OLNEY 2S,IL
USC00116579,PANA,IL
USC00116610,PARIS STP,IL
USC00116738,PERRY 6 NW,IL
USC00116779,PINCKNEYVILLE 2 N,IL
USC00116837,PITTSFIELD #2,IL
USC00116874,PLUMFIELD,IL
USC00117077,QUINCY DAM 21,IL
USC00117157,RED BUD 2 S,IL
USC00117345,ROBINSON,IL
USC00117487,ELIZABETHTOWN,IL
USC00117636,SALEM,IL
USC00117860,SHAWNEETOWN 3 WSW,IL
USC00117876,SHELBYVILLE DAM,IL
USC00117896,SHERMAN,IL
USC00117952,SIDELL 4N,IL
USC00118020,SMITHLAND L&D,IL
USC00118210,ST LIBORY,IL
USC00118248,STEELEVILLE,IL
USC00118389,SULLIVAN 3S,IL
USC00118491,TAYLORVILLE 2SE,IL
USC00118684,TUSCOLA,IL
USC00118932,WALTONVILLE,IL
USC00119002,WATERLOO 6SW,IL
USC00119148,W FRANKFORT,IL
USC00119241,WHITE HALL 1 E,IL
USC00119275,WILLISVILLE,IL
USC00119354,WINDSOR,IL
USC00120784,BLOOMINGTON INDIANA UNIV,IN
USC00120852,BOONVILLE 1S,IN
USC00120877,BOWLING GREEN 1 W,IN
USC00121030,BROOKVILLE,IN
USC00121256,CANNELTON,IN
USC00121303,CARMEL 3 E,IN
USC00121326,CASTLETON 2 S,IN
USC00121615,CLIFTY CREEK,IN
USC00121747,COLUMBUS,IN
USC00121814,CORYDON,IN
USC00122041,DANVILLE 3 SW,IN
USC00122309,DUBOIS SRN IN FORAGE FARM,IN
USC00122605,ELLISTON,IN
USC00122620,ELNORA,IN
USC00122814,FARMERSBURG TV-2,IN
USC00123091,FRANKLIN WWTP,IN
USC00123093,FRANKLIN 1 W,IN
USC00123146,FRENCH LICK 3N,IN
USC00123501,GRAYSVILLE 5 WNW,IN
USC00123527,GREENFIELD,IN
USC00124260,INDIANAPOLIS WFO,IN
USC00125049,LIBERTY,IN
USC00125237,MADISON SEWAGE PLT,IN
USC00125407,MARTINSVILLE 2 SW,IN
USC00126001,MT VERNON,IN
USC00126151,NEWBURGH L&D,IN
USC00126164,NEW CASTLE 3 SW,IN
USC00126435,N VERNON 2 ESE,IN
USC00126580,OOLITIC PURDUE EX FM,IN
USC00126711,PATOKA LAKE,IN
USC00127125,1 WSW PRINCETON,IN
USC00127370,RICHMOND WTR WKS,IN
USC00127522,ROCKVILLE,IN
USC00127646,RUSHVILLE,IN
USC00127935,SEYMOUR 1 WSW,IN
USC00127959,SHAKAMAK SP,IN
USC00127999,SHELBYVILLE SEWAGE PLT,IN
USC00128036,SHOALS 8 S,IN
USC00128290,SPENCER,IN
USC00128442,STENDAL,IN
USC00128698,TELL CITY,IN
USC00129113,VINCENNES 5 NE,IN
USC00129253,WASHINGTON 1 W,IN
USC00129557,WHITESTOWN,IN
USC00129605,WILLIAMS 3 SW,IN
USC00150012,ABERDEEN,KY
USC00150202,ARK ENCOUNTER,KY
USC00150254,ASHLAND,KY
USC00150290,AUGUSTA 2,KY
USC00150381,BARBOURVILLE,KY
USC00150422,BARREN RVR LAKE,KY
USC00150483,BEATTYVILLE 4N,KY
USC00150611,BENTON,KY
USC00150904,BOWLING GREEN,KY
USC00150916,BOWLING GREEN WKU,KY
USC00150955,BRANDENBURG,KY
USC00151080,BUCKHORN LAKE,KY
USC00151210,CADIZ,KY
USC00151227,CALHOUN 4ENE,KY
USC00151228,CALIFORNIA 5 NW,KY
USC00151576,CLAY CITY 1 WNW,KY
USC00151810,CORNERS,KY
USC00151890,CRAB ORCHARD 6 N,KY
USC00151895,CRESSY,KY
USC00151927,CROFTON 3N,KY
USC00151998,CYNTHIANA,KY
USC00152040,DANVILLE,KY
USC00152214,DIX DAM,KY
USC00152250,DRY RIDGE 5 NNW,KY
USC00152548,ELKTON,KY
USC00152791,CAVE RUN LAKE,KY
USC00152812,FEDSCREEK 1 SE,KY
USC00153025,FRANKFORT 3NE,KY
USC00153194,GEORGETOWN WTR WKS,KY
USC00153250,GLENCOE 6 NW,KY
USC00153430,GREENSBURG,KY
USC00153714,HAZARD WTR WKS,KY
USC00153798,HERNDON 5S,KY
USC00154138,INEZ 2 E,KY
USC00154208,JAMESTOWN WWTP,KY
USC00154449,KNOB LICK 4S,KY
USC00154848,GREENUP LOCKS & DAM,KY
USC00154948,LOUISA 5W,KY
USC00154955,LOUISVILLE MCALPINE,KY
USC00154958,LOUISVILLE WFO,KY
USC00155067,MADISONVILLE,KY
USC00155097,MAMMOTH CAVE,KY
USC00155150,MARION 1 SSW,KY
USC00155232,MAYFIELD 2 S,KY
USC00155235,MAYFIELD 2N,KY
USC00155243,MAYSVILLE WWTP,KY
USC00155280,MCDANIELS,KY
USC00155444,MILLERSTOWN 4E,KY
USC00155640,MT STERLING,KY
USC00155694,MURRAY,KY
USC00155758,NEW CASTLE 4NE,KY
USC00155834,NOLIN RVR LAKE,KY
USC00156012,OLIVE HILL 5NE,KY
USC00156028,ONEIDA,KY
USC00156108,OWENTON 1 N,KY
USC00156136,PAINTSVILLE 1E,KY
USC00156170,PARIS,KY
USC00156563,PRESTONSBURG 3WSW,KY
USC00156595,PROVIDENCE,KY
USC00156624,QUICKSAND,KY
USC00156635,RABBIT HASH 2 NE,KY
USC00156704,RIBOLT 3 S,KY
USC00156882,ROCHESTER FERRY,KY
USC00156988,ROUGH RVR LAKE,KY
USC00157049,RUSSELLVILLE,KY
USC00157130,SALYERSVILLE WTR WKS,KY
USC00157215,SCOTTSVILLE,KY
USC00157334,SHEPHERDSVILLE 5NE,KY
USC00157431,SKYLINE 1 SE,KY
USC00157652,STANTON 2W,KY
USC00157677,STEARNS 2S,KY
USC00157950,TAYLORSVILLE LAKE,KY
USC00158432,WARNOCK 2,KY
USC00158446,WARSAW MARKLAND DAM,KY
USC00158555,W PADUCAH 2W,KY
USC00158635,WHITESBURG 2SE,KY
USC00160012,ABITA RVR COVINGTON,LA
USC00160021,ABITA SPRINGS FIRE TWR,LA
USC00160558,BATON ROUGE SHERWOOD,LA
USC00160565,BAYOU SORREL LOCK,LA
USC00161565,CARVILLE 2 SW,LA
USC00162151,COVINGTON 8 WNW,LA
USC00162534,DONALDSONVILLE 4 SW,LA
USC00162688,DUTCHTOWN #2,LA
USC00163313,FRANKLIN 3 NW,LA
USC00163695,GONZALES,LA
USC00164674,JEANERETTE 5 NW,LA
USC00164739,JONESVILLE LOCKS,LA
USC00165438,LIVINGSTON,LA
USC00166130,CHALMETTE,LA
USC00166561,NAPOLEONVILLE,LA
USC00166657,NEW IBERIA AP - ACADIANA RGNL,LA
USC00166686,NEW ROADS 5 NE,LA
USC00166808,NORWOOD,LA
USC00166866,OAK GROVE,LA
USC00167304,PINE GROVE FIRE TWR,LA
USC00167366,PLAQUEMINE 2 N,LA
USC00167425,PONCHATOULA 4 E,LA
USC00167448,PORT ALLEN,LA
USC00167729,RED RVR LOCK #1,LA
USC00168136,ST FRANCISVILLE,LA
USC00168138,ST FRANCISVILLE 1 NE,LA
USC00168163,ST JOSEPH 3 N,LA
USC00168539,SLIDELL,LA
USC00168906,TALISHEEK,LA
USC00169013,THIBODAUX 4 SE,LA
USC00169357,VIDALIA #2,LA
USC00169806,WINNSBORO 5 SSE,LA
USC00180467,BALTIMORE WASHINGTON INTL CLIM,MD
USC00180700,BELTSVILLE,MD
USC00181790,HAGERSTOWN 1E,MD
USC00182060,CONOWINGO DAM,MD
USC00182282,CUMBERLAND 2,MD
USC00182308,CYLBURN,MD
USC00182325,DALECARLIA RSVR,MD
USC00182336,DAMASCUS 3 SSW,MD
USC00182906,EMMITSBURG 2 SE,MD
USC00183415,FROSTBURG 2,MD
USC00185865,MECHANICSVILLE 5 NE,MD
USC00185934,MILLERS 4 NE,MD
USC00186850,PARSONSBURG,MD
USC00187330,PRINCESS ANNE,MD
USC00187410,QUEENSTOWN 3 S,MD
USC00187580,REISTERSTOWN,MD
USC00187806,ROYAL OAK 2 SSW,MD
USC00188004,SALISBURY 2N,MD
USC00188065,SAVAGE RVR DAM,MD
USC00188315,SINES DEEP CREEK,MD
USC00188380,SNOW HILL 4 N,MD
USC00188557,STEVENSVILLE 2SW,MD
USC00189570,WILLIAMSPORT,MD
USC00220021,ABERDEEN,MS
USC00220173,THAD COCHRAN L&D,MS
USC00220237,ARKABUTLA DAM,MS
USC00220290,ASHLAND,MS
USC00220378,BALDWYN,MS
USC00220488,BATESVILLE,MS
USC00220585,BEAUMONT EXPSTATION,MS
USC00220656,BELMONT 2 SSE,MS
USC00220660,BELZONI,MS
USC00220792,BILOXI,MS
USC00221094,BROOKHAVEN CITY,MS
USC00221314,CALHOUN CITY,MS
USC00221389,CANTON 4N,MS
USC00221738,CLEVELAND,MS
USC00221804,COFFEEVILLE,MS
USC00221860,COLLINSVILLE 7 SE,MS
USC00221865,COLUMBIA,MS
USC00221880,COLUMBUS,MS
USC00221962,CORINTH 5 WSW,MS
USC00222034,CRANDALL 8 N,MS
USC00222046,CRAWFORD 5 W,MS
USC00222773,ENID DAM,MS
USC00223441,GLOSTER,MS
USC00223619,GREENWOOD 2,MS
USC00223650,GRENADA DAM,MS
USC00223700,GUNTOWN 3NW,MS
USC00223888,HATTIESBURG 3SW,MS
USC00223975,HERNANDO,MS
USC00224265,HOUSTON,MS
USC00224776,KOSCIUSKO,MS
USC00224869,LAMBERT 1W,MS
USC00224939,LAUREL,MS
USC00224966,LEAKESVILLE 6 WSW,MS
USC00225070,LIBERTY,MS
USC00225361,MACON 3N,MS
USC00226177,NATCHEZ,MS
USC00226484,OCEAN SPRINGS,MS
USC00226513,OKATIBBEE RSVR,MS
USC00226527,OLIVE BRANCH,MS
USC00226644,P HARRISON TURKEY WP,MS
USC00227106,PONTOTOC,MS
USC00227128,POPLARVILLE EXP STN,MS
USC00227132,PORT GIBSON 1 NE,MS
USC00227815,SARDIS DAM,MS
USC00227921,SENATOBIA,MS
USC00228374,STATE UNIV,MS
USC00228445,STONEVILLE EXP STN,MS
USC00228556,SUMRALL,MS
USC00228899,TOPTON 2,MS
USC00229006,TUPELO 3,MS
USC00229072,UNION CHURCH,MS
USC00229079,UNIVERSITY,MS
USC00229230,VICKSBURG CITY,MS
USC00229326,WALNUT GROVE,MS
USC00229426,WAVELAND,MS
USC00229439,WAYNESBORO 2 W,MS
USC00229639,WIGGINS,MS
USC00229743,WINONA 5 E,MS
USC00230127,ALTON,MO
USC00230856,BOWLING GREEN 1 E,MO
USC00231283,CAP AU GRIS L&D 25,MO
USC00231600,CLARENCE CANNON DAM,MO
USC00231640,CLARKSVILLE L&D 24,MO
USC00231674,CLEARWATER DAM,MO
USC00231932,COTTLEVILLE,MO
USC00232043,CUBA,MO
USC00232114,DARDENNE PRAIRIE 4 SE,MO
USC00232220,DE SOTO,MO
USC00232235,DEXTER,MO
USC00232380,E PRAIRIE,MO
USC00232591,ELSBERRY 1 S,MO
USC00232850,FESTUS,MO
USC00233043,FREEDOM,MO
USC00233601,HANNIBAL WTR WKS,MO
USC00233999,HORNERSVILLE,MO
USC00234019,HOUSTON,MO
USC00234660,LAKE WAPPAPELLO SP,MO
USC00234851,LESTERVILLE 2,MO
USC00234919,LICKING 4N,MO
USC00235207,MALDEN MUNI AP,MO
USC00235541,MEXICO,MO
USC00235562,MIDDLETOWN 3SW,MO
USC00235708,MONROE CITY,MO
USC00235715,MONTAUK SP,MO
USC00235729,MONTGOMERY CITY 2,MO
USC00236641,PERRYVILLE WTP,MO
USC00236688,PILOT KNOB 2,MO
USC00236826,POTOSI 4 SW,MO
USC00237263,ROLLA MISSOURI S&T,MO
USC00237300,ROSEBUD,MO
USC00237309,ROUND SPRING 2SW,MO
USC00237397,ST CHARLES ELM PT,MO
USC00237398,ST CHARLES 7 SSW,MO
USC00237414,STE GENEVIEVE,MO
USC00237452,ST LOUIS SCI CTR,MO
USC00237475,ST PETERS 2 SE,MO
USC00237506,SALEM,MO
USC00237578,SAVERTON L&D 22,MO
USC00237772,SIKESTON PWR STN,MO
USC00237775,SILEX 3E,MO
USC00237962,ST CLAIR 3W,MO
USC00238051,STEFFENVILLE,MO
USC00238577,VANDALIA,MO
USC00238609,VIBURNUM,MO
USC00238700,WAPPAPELLO DAM,MO
USC00238746,WASHINGTON,MO
USC00238805,WELDON SPRING NWS,MO
USC00238880,W PLAINS,MO
USC00238910,WHITE CHURCH 6 NNE,MO
USC00238984,WILLIAMSVILLE,MO
USC00239056,WINONA 3 SW,MO
USC00281351,CAPE MAY 2 NW,NJ
USC00282805,ESTELL MANOR,NJ
USC00283662,HAMMONTON 1 NE,NJ
USC00284229,INDIAN MILLS 2 W,NJ
USC00285243,MARGATE,NJ
USC00285346,MAYS LANDING 1 W,NJ
USC00285728,MOORESTOWN 4 E,NJ
USC00286480,OCEAN CITY,NJ
USC00286864,PENNSAUKEN 1N,NJ
USC00287850,SALEM,NJ
USC00287936,SEABROOK FARMS,NJ
USC00288173,SOMERDALE 4 SW,NJ
USC00310090,ALBEMARLE,NC
USC00310212,APEX,NC
USC00310286,ASHEBORO 2 W,NC
USC00310356,ATLANTIC BEACH WTP,NC
USC00310506,BANNER ELK,NC
USC00310531,BARNARDSVILLE 2 SE,NC
USC00310576,BAYBORO 3 SW,NC
USC00310645,BEECH MTN,NC
USC00310750,B EVERETT JORDAN DAM,NC
USC00310982,BOONE 1 SE,NC
USC00311055,BREVARD,NC
USC00311081,BRIDGEWATER HYDRO,NC
USC00311157,BRYSON CITY 2 NNE,NC
USC00311248,BURNSVILLE AG,NC
USC00311420,CANDLER 1 W,NC
USC00311429,CANE CREEK RSVR,NC
USC00311446,CAPE CARTERET 1.5 NE,NC
USC00311535,CARY,NC
USC00311606,CEDAR IS,NC
USC00311624,CELO 2 S,NC
USC00311677,CHAPEL HILL 2 W,NC
USC00311700,CHATHAM WTP,NC
USC00311817,CLAYTON 3E,NC
USC00311820,CLAYTON WTP,NC
USC00311881,CLINTON 2 NE,NC
USC00311949,COLUMBIA AG GUM NECK,NC
USC00311975,CONCORD,NC
USC00311990,OXFORD HYDRO STN,NC
USC00312102,COWEETA EXP STN,NC
USC00312200,CULLOWHEE,NC
USC00312238,DANBURY,NC
USC00312500,DUNN 4 NW,NC
USC00312631,EDEN,NC
USC00312635,EDENTON,NC
USC00312719,ELIZABETH CITY,NC
USC00312732,ELIZABETHTOWN,NC
USC00312740,ELKIN,NC
USC00312993,FALLS LAKE,NC
USC00313072,FLAT SPRINGS 1E,NC
USC00313152,FOREST CITY 8 W,NC
USC00313228,FRANKLIN,NC
USC00313336,FRISCO 2NNE,NC
USC00313503,GOLDSBORO AG 1 N,NC
USC00313555,GRAHAM 2 ENE,NC
USC00313565,GRANDFATHER MTN,NC
USC00313566,GRANDFATHER MTN MUSEUM,NC
USC00313567,GRANDY,NC
USC00313625,GREENSBORO WTP,NC
USC00313638,GREENVILLE,NC
USC00313784,HAMLET,NC
USC00313923,HAYESVILLE 1 NE,NC
USC00313969,HENDERSON 2 NNW,NC
USC00313971,HENDERSON 4 NNE,NC
USC00313976,HENDERSONVILLE 1 NE,NC
USC00314055,HIGHLANDS,NC
USC00314063,HIGH PT,NC
USC00314260,HOT SPRINGS,NC
USC00314456,JACKSON,NC
USC00314464,JACKSON SPRINGS 5 WNW,NC
USC00314471,JACKSONVILLE EOC,NC
USC00314496,JEFFERSON 2 E,NC
USC00314675,KING,NC
USC00314689,KINSTON AG RSCH,NC
USC00314764,LAKE LURE 2,NC
USC00314788,LAKE TOXAWAY 2 SW,NC
USC00314860,LAURINBURG,NC
USC00314938,LENOIR,NC
USC00314962,LEWISTON,NC
USC00314970,LEXINGTON,NC
USC00314987,LILLINGTON,NC
USC00314996,LINCOLNTON 4 W,NC
USC00314997,LINCOLNTON 2 NW,NC
USC00315116,LONGWOOD,NC
USC00315123,LOUISBURG,NC
USC00315177,LUMBERTON,NC
USC00315340,MARION,NC
USC00315356,MARSHALL,NC
USC00315743,MOCKSVILLE 5SE,NC
USC00315771,MONROE 2 SE,NC
USC00315820,MOORES CREEK NB,NC
USC00315830,MOREHEAD CITY 2 WNW,NC
USC00315838,MORGANTON,NC
USC00315890,MT AIRY 2 W,NC
USC00315913,MT HOLLY 4 NE,NC
USC00315923,MT MITCHELL,NC
USC00315930,MT OLIVE 6SE,NC
USC00315996,MURFREESBORO,NC
USC00316001,MURPHY 4ESE,NC
USC00316096,NEWPORT/MOREHEAD CITY WFO,NC
USC00316236,N FK 2,NC
USC00316256,N WILKESBORO,NC
USC00316349,OCRACOKE,NC
USC00316380,OLD FT 4 NE,NC
USC00316422,RICHLANDS,NC
USC00316510,OXFORD AG,NC
USC00316676,PERRYTOWN,NC
USC00316686,PFAFFTOWN,NC
USC00316805,PISGAH FOREST 3 NE,NC
USC00316853,PLYMOUTH 5 E,NC
USC00317079,RALEIGH STATE UNIV,NC
USC00317097,RANDLEMAN,NC
USC00317170,REELSBORO,NC
USC00317202,REIDSVILLE 2 NW,NC
USC00317229,RHODHISS HYDRO PLT,NC
USC00317319,ROANOKE RAPIDS,NC
USC00317400,ROCKY MT 8 ESE,NC
USC00317486,ROSMAN,NC
USC00317516,ROXBORO 7 ESE,NC
USC00317618,SALISBURY 9 WNW,NC
USC00317656,SANFORD 8 NE,NC
USC00317813,SHALLOTTE AG,NC
USC00317845,SHELBY 2 NW,NC
USC00317994,SMITHFIELD,NC
USC00318158,SPARTA 3.5 SSW,NC
USC00318292,STATESVILLE 2 NNE,NC
USC00318450,SWANQUARTER FERRY,NC
USC00318519,TAYLORSVILLE,NC
USC00318694,TRANSOU,NC
USC00318744,TRYON,NC
USC00318906,VALE AG 2 SW,NC
USC00319026,WALLACE 1SE,NC
USC00319100,WASHINGTON WWTP 4W,NC
USC00319123,WATERVILLE 2,NC
USC00319147,WAYNESVILLE 1 E,NC
USC00319357,WHITEVILLE 7 NW,NC
USC00319440,WILLIAMSTON 1 E,NC
USC00319461,WILMINGTON 7 SE,NC
USC00319476,WILSON 3 SW,NC
USC00319555,W KERR SCOTT RESV,NC
USC00319675,YADKINVILLE 6 E,NC
USC00319704,YANCEYVILLE 4 SE,NC
USC00330140,AMELIA,OH
USC00330279,ATHENS OU,OH
USC00330573,BELLEVILLE L&D,OH
USC00330676,BEVERLY STP,OH
USC00331057,BUCKEYE LAKE 1 N,OH
USC00331516,CHEVIOT 3 W,OH
USC00331536,CHILO MELDAHL LOCKS & DAM,OH
USC00331592,CIRCLEVILLE,OH
USC00331779,COLUMBUS-PARSONS AVE,OH
USC00332067,DAYTON MCD,OH
USC00332485,EATON,OH
USC00332651,FAIRFIELD,OH
USC00332928,FRANKLIN,OH
USC00332929,FRANKLIN MCD,OH
USC00333029,GALLIPOLIS,OH
USC00333120,GERMANTOWN DAM,OH
USC00333356,GREENFIELD WWTP,OH
USC00333500,HANNIBAL LOCKS & DAM,OH
USC00333758,HILLSBORO,OH
USC00334004,JACKSON 3 NW,OH
USC00334238,KINGS MILLS,OH
USC00334249,KIRKERSVILLE 3 N,OH
USC00334403,LANCASTER,OH
USC00334434,LAURELVILLE,OH
USC00334672,LOGAN,OH
USC00334681,LONDON STATE FISH HATCHERY,OH
USC00334830,MANCHESTER 5 ENE,OH
USC00334927,MARIETTA WWTP,OH
USC00335188,MIAMITOWN,OH
USC00335220,MIDDLETOWN,OH
USC00335718,NELSONVILLE,OH
USC00335786,NEW CARLISLE,OH
USC00335851,NEW LEBANON,OH
USC00335857,NEW LEXINGTON 2 NW,OH
USC00336375,OXFORD,OH
USC00336493,PEEBLES,OH
USC00336630,PIKETON,OH
USC00336781,PORTSMOUTH-SCIOTOVILLE,OH
USC00337410,SALEM CTR 2 E,OH
USC00337857,S PT,OH
USC00337926,SPRINGFIELD 2 WSW,OH
USC00337935,SPRINGFIELD WTP,OH
USC00338332,TIPP CITY,OH
USC00338794,WASHINGTON COURT HOUSE,OH
USC00338830,WAVERLY,OH
USC00338990,W MANCHESTER 3 WSW,OH
USC00339050,W UNION 6 ENE,OH
USC00339220,WFO WILMINGTON,OH
USC00339293,WINCHESTER 7 NNW,OH
USC00339358,XENIA 3 N,OH
USC00339361,XENIA 6 SSE,OH
USC00360656,BIGLERVILLE,PA
USC00361354,CHAMBERSBURG 1 ESE,PA
USC00361705,CONFLUENCE 1 SW DAM,PA
USC00361726,CONNELLSVILLE 2 SSW,PA
USC00363226,CASHTOWN 1S,PA
USC00363293,GLENCOE,PA
USC00363451,GRAYS LANDING,PA
USC00366289,NEW PARK,PA
USC00366508,OCTORARO LAKE,PA
USC00367073,PT MARION LOCK 8,PA
USC00367732,SAFE HARBOR DAM,PA
USC00368244,SOMERSET,PA
USC00368379,SPRING GROVE,PA
USC00369367,WAYNESBURG 1 E,PA
USC00380184,ANDREWS,SC
USC00380448,BAMBERG,SC
USC00380490,BARNWELL 5 ENE,SC
USC00380506,BATESBURG,SC
USC00380613,BELTON 7 NNE,SC
USC00380736,BISHOPVILLE 1.4 ENE,SC
USC00381093,BROOKGREEN GARDENS,SC
USC00381241,CADES 4 W,SC
USC00381256,CAESARS HEAD,SC
USC00381462,CATAWBA,SC
USC00381479,CEDAR CREEK 2E,SC
USC00381588,CHERAW,SC
USC00381625,CHESNEE 7 WSW,SC
USC00381633,CHESTER 1 SE,SC
USC00381645,CHESTERFIELD 3 E,SC
USC00381770,CLEMSON UNIV,SC
USC00381814,CLINTON,SC
USC00381944,COLUMBIA UNIV OF SC,SC
USC00382260,DARLINGTON,SC
USC00383145,FOUNTAIN INN 2 SW,SC
USC00383216,FT MILL 4 NW,SC
USC00383433,GASTON SHOALS,SC
USC00383470,GEORGETOWN CO AP,SC
USC00383665,GRANITEVILLE 3.9 ENE,SC
USC00383700,GREAT FALLS,SC
USC00383990,HARTSVILLE,SC
USC00384205,HOLLY HILL 1 SW,SC
USC00384373,INDIAN LAND 5 SSE,SC
USC00384449,JAMESTOWN,SC
USC00384460,JEFFERSON 0.1NW,SC
USC00384581,JOCASSEE 8 WNW,SC
USC00384607,JOHNSTON 4 SW,SC
USC00384896,LAKE GREENWOOD,SC
USC00385017,LAURENS,SC
USC00385200,LITTLE MTN,SC
USC00385232,LOCKHART,SC
USC00385362,LUGOFF 2NE,SC
USC00385493,MANNING,SC
USC00385509,MARION,SC
USC00385660,MCCORMICK,SC
USC00385946,MONCKS CORNER 4 N,SC
USC00386114,MULLINS,SC
USC00386209,NEWBERRY,SC
USC00386297,N AUGUSTA 2.3 SSE,SC
USC00386298,N SALUDA RSVR,SC
USC00386527,ORANGEBURG 2,SC
USC00386688,PARR,SC
USC00386775,PELION 0.8 NW,SC
USC00386831,PICKENS,SC
USC00386906,PONTIAC 2.1 NNW,SC
USC00387561,ST MATTHEWS 1 SE,SC
USC00387590,SALLEY 5.9 NNE,SC
USC00387687,SANDY SPRINGS 2 NE,SC
USC00387722,SANTUCK,SC
USC00387829,SHARON 6 SSW,SC
USC00388188,SPARTANBURG 3 SSE,SC
USC00388426,SUMMERVILLE 4W,SC
USC00388440,SUMTER,SC
USC00388472,TABLE ROCK,SC
USC00388473,TABLE ROCK RSVR,SC
USC00388474,SWANSEA 3.5 NE,SC
USC00388706,TRAVELERS REST 2NE,SC
USC00388786,UNION 8 S,SC
USC00388879,WAGENER 1SW,SC
USC00388887,WALHALLA,SC
USC00388922,WALTERBORO 1 SW,SC
USC00388951,WARE SHOALS 2,SC
USC00388979,WATEREE DAM,SC
USC00389327,WINNSBORO,SC
USC00389350,WINTHROP UNIV,SC
USC00389469,YEMASSEE 1 N,SC
USC00389625,YORK 5 SSE,SC
USC00400049,ALAMO 1 N,TN
USC00400137,AMES PLANTATION,TN
USC00400284,ATHENS,TN
USC00400669,BETHPAGE 1 S,TN
USC00400705,BIG SANDY,TN
USC00400876,BOLIVAR WTR WKS,TN
USC00401145,BROWNSVILLE,TN
USC00401310,BYRDSTOWN,TN
USC00401352,CAMDEN,TN
USC00401480,CARTHAGE,TN
USC00401663,CHEATHAM L&D,TN
USC00401720,CHRISTIANA 5W,TN
USC00401790,CLARKSVILLE WWTP,TN
USC00401795,CLARKSVILLE NO.2,TN
USC00401808,CLEVELAND FLTR PLT,TN
USC00401887,COALMONT,TN
USC00401950,COLLIERVILLE,TN
USC00401957,COLUMBIA 3 WNW,TN
USC00402009,COOKEVILLE,TN
USC00402202,CROSSVILLE ED & RSCH STN,TN
USC00402360,DAYTON 2SE,TN
USC00402388,DECATUR 7NE,TN
USC00402390,DECATURVILLE,TN
USC00402489,DICKSON,TN
USC00402589,DOVER 1 W,TN
USC00402600,DRESDEN,TN
USC00402806,ELIZABETHTON,TN
USC00402989,FAIRVIEW BOWIE NATURE CTR,TN
USC00403040,FALL CREEK FALLS SP,TN
USC00403074,FAYETTEVILLE WTP,TN
USC00403280,FRANKLIN SEWAGE PLT,TN
USC00403370,GAINESBORO,TN
USC00403420,GATLINBURG 2 SW,TN
USC00403447,GERMANTOWN 4SE,TN
USC00403465,GLADEVILLE,TN
USC00403679,GREENEVILLE EXP STN,TN
USC00404223,HOHENWALD,TN
USC00404417,HUNTINGDON WTP,TN
USC00404561,JACKSON EXP STN,TN
USC00404568,JACKSON 4 NE,TN
USC00404590,JAMESTOWN,TN
USC00404858,KINGSPORT,TN
USC00404871,KINGSTON,TN
USC00404876,KINGSTON SPRINGS,TN
USC00404946,KNOXVILLE EXP STN,TN
USC00405085,LAWRENCEBURG WWTP,TN
USC00405089,LAWRENCEBURG FILT PLT,TN
USC00405108,LEBANON,TN
USC00405118,LEBANON 7 N,TN
USC00405158,LENOIR CITY,TN
USC00405187,LEWISBURG EXP STN,TN
USC00405358,LOBELVILLE,TN
USC00405525,LYNCHBURG,TN
USC00405777,MAYNARDVILLE,TN
USC00405882,MC MINNVILLE,TN
USC00405956,MEMPHIS WFO,TN
USC00406012,MILAN EXP STN,TN
USC00406162,MONTEAGLE,TN
USC00406170,MONTEREY,TN
USC00406180,MONTGOMERY BELL SP,TN
USC00406271,MORRISTOWN RADIO WCRK,TN
USC00406272,MORRISTOWN WFO,TN
USC00406292,MTN CITY 2,TN
USC00406308,MOUSETAIL LANDING SP,TN
USC00406328,MT LECONTE,TN
USC00406340,MT PLEASANT 1N,TN
USC00406371,MURFREESBORO 5 N,TN
USC00406374,MURFREESBORO STONES RVR NB,TN
USC00406403,NASHVILLE BERRY FLD,TN
USC00406493,NEWCOMB,TN
USC00406500,NEWFOUND GAP,TN
USC00406619,NORRIS,TN
USC00406806,OLD HICKORY WFO,TN
USC00406829,ONEIDA,TN
USC00406977,PARIS 3 ESE,TN
USC00407015,PARSONS WTP,TN
USC00407141,PICKETT SP,TN
USC00407184,PIKEVILLE,TN
USC00407359,PORTLAND SEWAGE PLT,TN
USC00407459,PULASKI WWTP,TN
USC00407808,ROCK IS SP,TN
USC00407834,ROCKWOOD 2,TN
USC00407884,ROGERSVILLE 1 NE,TN
USC00408108,SAVANNAH 6 SW,TN
USC00408160,SELMER,TN
USC00408179,SEVIERVILLE,TN
USC00408184,SEWANEE,TN
USC00408238,SHELBY BOTTOMS NATURE CTR,TN
USC00408242,SHELBYVILLE MUNI AP,TN
USC00408246,SHELBYVILLE WATER DEPT,TN
USC00408445,SODDY DAISY-MOWBRAY MTN,TN
USC00408522,SPARTA WWTP,TN
USC00408540,SPRING CITY,TN
USC00408562,SPRINGFIELD EXP STN,TN
USC00408868,TAZEWELL,TN
USC00408886,TELLICO PLAINS,TN
USC00408916,TENNESSEE RIDGE,TN
USC00408918,TENNESSEE NWR DUCK R,TN
USC00409155,TULLAHOMA,TN
USC00409157,TULLAHOMA 4NE,TN
USC00409219,UNION CITY,TN
USC00409431,WARNER PARK,TN
USC00409502,WAYNESBORO,TN
USC00409691,WHITWELL-SEQUATCHIE VLY,TN
USC00409709,WHITE HOUSE,TN
USC00409800,WINCHESTER 5SE,TN
USC00409866,WOODBURY 1 WNW,TN
USC00440021,ABINGDON 3S,VA
USC00440079,ALBERTA 5 N,VA
USC00440166,ALTAVISTA,VA
USC00440187,AMELIA COURTHOUSE,VA
USC00440243,APPOMATTOX,VA
USC00440327,ASHLAND,VA
USC00440551,BEDFORD,VA
USC00440735,BIG STONE GAP,VA
USC00440766,BLACKSBURG NWSO,VA
USC00441082,BROOKNEAL,VA
USC00441159,BUENA VISTA,VA
USC00441209,BURKES GARDEN,VA
USC00441322,FT PICKETT,VA
USC00441593,CHARLOTTESVILLE 2W,VA
USC00441606,CHASE CITY,VA
USC00441614,CHATHAM,VA
USC00441692,CHRISTIANSBURG,VA
USC00441746,CLARKSVILLE,VA
USC00441825,CLINTWOOD 1W,VA
USC00441955,CONCORD 4 SSW,VA
USC00441999,COPPER HILL,VA
USC00442044,COVINGTON FLTR PLT,VA
USC00442142,CROZIER,VA
USC00442208,DALE ENTERPRISE,VA
USC00442245,DANVILLE 2 SE,VA
USC00442400,DISPUTANTA,VA
USC00442790,EMPORIA 1 WNW,VA
USC00442941,FARMVILLE,VA
USC00443204,FREDERICKSBURG SEWAGE,VA
USC00443213,FREE UNION,VA
USC00443229,FRONT ROYAL,VA
USC00443310,GATHRIGHT DAM,VA
USC00443640,GRUNDY,VA
USC00444101,HOPEWELL,VA
USC00444128,HOT SPRINGS,VA
USC00444148,HUDDLESTON 4 SW,VA
USC00444410,JOHN FLANNAGAN LAKE,VA
USC00444414,JOHN H KERR DAM,VA
USC00444721,LANCASTER,VA
USC00444777,LEBANON,VA
USC00444909,PURCELLVILLE,VA
USC00445050,LOUISA,VA
USC00445096,LURAY 5 E,VA
USC00445300,MARTINSVILLE FLTR PLT,VA
USC00445453,MEADOWS OF DAN 5 SW,VA
USC00445595,MILL GAP,VA
USC00445853,MT WX 3,VA
USC00445880,MUSTOE 1 SW,VA
USC00446012,NEW CASTLE,VA
USC00446125,NORA 4 SSE,VA
USC00446147,NORFOLK S,VA
USC00446173,N FK LAKE,VA
USC00446475,PAINTER 2 W,VA
USC00446491,SCOTTSVILLE 6SE,VA
USC00446593,PEDLAR DAM,VA
USC00446626,PENNINGTON GAP,VA
USC00446656,PETERSBURG,VA
USC00446712,PIEDMONT RSCH STN,VA
USC00446955,PULASKI 2 E,VA
USC00446999,RADFORD 3 N,VA
USC00447174,RICHLANDS,VA
USC00447278,ROANOKE 8 N,VA
USC00447338,ROCKY MT,VA
USC00447506,SALTVILLE 1N,VA
USC00447904,SOMERSET,VA
USC00447925,S BOSTON,VA
USC00448022,PEARISBURG 4 SSE,VA
USC00448062,STAUNTON WTP,VA
USC00448084,WFO STERLING,VA
USC00448170,STUART,VA
USC00448192,SUFFOLK LAKE KILBY,VA
USC00448680,VARINA,VA
USC00448737,VIENNA,VA
USC00448800,WAKEFIELD 1 NW,VA
USC00448829,WALKERTON 2 NW,VA
USC00448837,WALLACETON-LAKE DRUMMOND,VA
USC00448894,WARSAW 2 NW,VA
USC00448941,WAYNESBORO WTP,VA
USC00449025,W PT 2 NW,VA
USC00449151,WILLIAMSBURG 2 N,VA
USC00449159,WILLIAMSVILLE 2 S,VA
USC00449186,WINCHESTER 7 SE,VA
USC00449213,WINTERPOCK,VA
USC00449272,WOOLWINE 1 SE,VA
USC00449301,WYTHEVILLE,VA
USC00460102,ALDERSON,WV
USC00460509,BARTOW 1S,WV
USC00460527,BAYARD,WV
USC00460580,BECKLEY VA HOSPITAL,WV
USC00460939,BLUESTONE LAKE,WV
USC00461220,BUCKHANNON,WV
USC00461282,BURNSVILLE LAKE,WV
USC00461290,BURTON,WV
USC00461324,CACAPON ST PK #2,WV
USC00461397,CANAAN VALLEY #2,WV
USC00461579,CHARLESTON WFO,WV
USC00461677,CLARKSBURG 1,WV
USC00462211,DAVIS 3SE,WV
USC00462522,DUNLOW 1 SW,WV
USC00462523,DUNMORE 1N,WV
USC00462622,E LYNN LAKE,WV
USC00462920,FAIRMONT,WV
USC00463361,GASSAWAY,WV
USC00463544,GLENVILLE,WV
USC00463671,GREENVILLE 1 SE,WV
USC00463798,HACKER VALLEY,WV
USC00463940,HARRISVILLE,WV
USC00464840,KEYSER 2 SSW,WV
USC00465224,LEWISBURG 3 N,WV
USC00465353,LOGAN,WV
USC00465365,LONDON LOCKS,WV
USC00465563,MADISON 3NNW,WV
USC00465600,MAN,WV
USC00465706,MARTINSBURG 2,WV
USC00465875,QUINWOOD,WV
USC00465963,MIDDLEBOURNE 3 ESE,WV
USC00466212,MORGANTOWN L&D,WV
USC00466248,MOUNDSVILLE,WV
USC00466284,MT NEBO 1 S,WV
USC00466325,MULLENS 3 E,WV
USC00466912,PEA RIDGE PSD,WV
USC00467207,PRINCETON,WV
USC00467372,RD BAILEY LAKE,WV
USC00467552,RIPLEY,WV
USC00467649,ROCK CAVE 2 NE,WV
USC00467730,ROMNEY 1 SW,WV
USC00467743,ROSEDALE 3 NNW,WV
USC00467852,SAINT ALBANS,WV
USC00468191,SISSONVILLE 1SW,WV
USC00468308,SNOWSHOE,WV
USC00468522,STONEWALL JACKSON DAM,WV
USC00468614,SUMMERSVILLE LAKE,WV
USC00468662,SUTTON LAKE,WV
USC00468986,TYGART DAM,WV
USC00469522,WHITE SULPHUR SPRINGS,WV
USC00469610,WILLIAMSON,WV
USC00469683,WINFIELD LOCKS,WV
USW00000153,CHESTERFIELD CO AP,VA
USW00000154,HAMPTON ROADS EXECUTIVE AP,VA
USW00003728,MCCLELLANVILLE 7 NE,SC
USW00003733,ELKINS 21 ENE,WV
USW00003739,CAPE CHARLES 5 ENE,VA
USW00003757,ST INIGOES WEBSTER NOLF,MD
USW00003758,DURHAM 11 W,NC
USW00003759,CHARLOTTESVILLE 2 SSE,VA
USW00003761,AVONDALE 2 N,PA
USW00003802,CLARKSBURG BENEDUM AP,WV
USW00003804,PARKERSBURG AP,WV
USW00003810,HICKORY FAA AP,NC
USW00003811,JACKSON MCKELLAR- SIPES AP,TN
USW00003812,ASHEVILLE AP,NC
USW00003813,MACON MIDDLE GA RGNL AP,GA
USW00003816,PADUCAH,KY
USW00003818,MARIANNA MUNI AP,FL
USW00003820,AUGUSTA BUSH FLD AP,GA
USW00003822,SAVANNAH INTL AP,GA
USW00003841,OAK RIDGE ATDD,TN
USW00003847,CROSSVILLE MEM AP,TN
USW00003849,LONDON CORBIN AP,KY
USW00003853,MAYPORT PILOT STN,FL
USW00003856,HUNTSVILLE INTNL AP,AL
USW00003860,HUNTINGTON TRI-STATE AP,WV
USW00003868,TERRE HAUTE HULMAN RGNL AP,IN
USW00003870,GREER,SC
USW00003872,BECKLEY RALEIGH CO AP,WV
USW00003878,TROY MUNI AP,AL
USW00003887,DECATUR AP,IL
USW00003888,ATLANTA FULTON CO AP,GA
USW00003889,JACKSON,KY
USW00003892,AUBURN OPELIKA AP,AL
USW00003893,BLOOMINGTON MONROE CO AP,IN
USW00003894,CLARKSVILLE OUTLAW AP,TN
USW00003896,GADSDEN MUNI AP,AL
USW00003935,CAPE GIRARDEAU MUNI AP,MO
USW00003940,JACKSON INTL AP,MS
USW00003953,JONESBORO MUNI AP,AR
USW00003960,CAHOKIA ST LOUIS DWTN AP,IL
USW00003961,NATCHEZ ADAM CO AP,MS
USW00003966,ST LOUIS SPIRIT OF ST LOUIS AP,MO
USW00003975,POPLAR BLUFF MUNI AP,MO
USW00003996,TALLULAH VICKSBURG RGNL AP,LA
USW00012812,PUNTA GORDA CHARLOTTE CO AP,FL
USW00012815,ORLANDO INTL AP,FL
USW00012816,GAINESVILLE RGNL AP,FL
USW00012818,BROOKSVILLE HERNANDO CO AP,FL
USW00012819,LEESBURG MUNI AP,FL
USW00012832,APALACHICOLA AP,FL
USW00012834,DAYTONA BEACH INTL AP,FL
USW00012835,FT MYERS PAGE FLD AP,FL
USW00012836,KEY W INTL AP,FL
USW00012838,MELBOURNE INTL AP,FL
USW00012839,MIAMI INTL AP,FL
USW00012841,ORLANDO EXECUTIVE AP,FL
USW00012842,TAMPA INTL AP,FL
USW00012843,VERO BEACH INTL AP,FL
USW00012844,W PALM BEACH INTL AP,FL
USW00012849,FT LAUDERDALE INTL AP,FL
USW00012850,KEY WEST NAS,FL
USW00012854,ORLANDO SANFORD AP,FL
USW00012861,OCALA JIM TAYLOR FLD,FL
USW00012871,SARASOTA BRADENTON AP,FL
USW00012873,ST PETERSBURG CLEARWATER INTL,FL
USW00012876,WINTER HAVEN GILBERT AP,FL
USW00012882,MIAMI OPA LOCKA AP,FL
USW00012883,LAKELAND LINDER RGNL AP,FL
USW00012885,FT LAUDERDALE EXECUTIVE AP,FL
USW00012888,MIAMI KENDALL TAMIAMI EXEC AP,FL
USW00012894,FT MYERS SW FLORIDA RGNL AP,FL
USW00012895,FT PIERCE ST LUCIE CO INTL AP,FL
USW00012896,MARATHON AP,FL
USW00012897,NAPLES MUNI AP,FL
USW00012916,NEW ORLEANS AP,LA
USW00012930,NEW ORLEANS AUDUBON,LA
USW00013701,ABERDEEN PHILLIPS FLD,MD
USW00013721,PATUXENT RIVER NAS,MD
USW00013722,RALEIGH AP,NC
USW00013723,GREENSBORO AP,NC
USW00013724,ATLANTIC CITY MARINA,NJ
USW00013728,DANVILLE RGNL AP,VA
USW00013729,ELKINS- RANDOLPH CO AP,WV
USW00013733,LYNCHBURG RGNL AP,VA
USW00013734,MARTINSBURG E W VIRGINIA RGNL,WV
USW00013735,MILLVILLE MUNI AP,NJ
USW00013736,MORGANTOWN MUNI AP,WV
USW00013737,NORFOLK INTL AP,VA
USW00013739,PHILA INTL AP,PA
USW00013740,RICHMOND INTL AP,VA
USW00013741,ROANOKE-BLACKSBURG RGNL AP,VA
USW00013743,WASHINGTON REAGAN NATL AP,VA
USW00013744,FLORENCE RGNL AP,SC
USW00013748,WILMINGTON INTL AP,NC
USW00013750,NORFOLK NAS,VA
USW00013752,ANNAPOLIS US NAVAL ACADEMY ASO,MD
USW00013764,GEORGETOWN-DELAWARE COASTAL AP,DE
USW00013766,MANTEO AP,NC
USW00013769,OCEANA NAS,VA
USW00013773,QUANTICO MCAS,VA
USW00013776,LUMBERTON RGNL AP,NC
USW00013781,WILMINGTON NEW CASTLE CO AP,DE
USW00013782,DWTN CHARLESTON,SC
USW00013786,ELIZABETH CITY CGAS,NC
USW00013809,LAWRENCEVILLE VINCENNES INTL A,IL
USW00013810,LOUISVILLE BOWMAN FLD,KY
USW00013833,HATTIESBURG CHAIN MUNI AP,MS
USW00013838,MOBILE DWTN AP,AL
USW00013839,DOTHAN RGNL AP,AL
USW00013841,CINCINNATI,OH
USW00013865,MERIDIAN KEY FLD,MS
USW00013866,CHARLESTON - YEAGER AP,WV
USW00013867,PARKERSBURG,WV
USW00013869,ALBANY SW GEORGIA RGNL AP,GA
USW00013870,ALMA BACON CO AP,GA
USW00013871,ANNISTON METRO AP,AL
USW00013872,ASHEVILLE,NC
USW00013873,ATHENS BEN EPPS AP,GA
USW00013874,ATLANTA HARTSFIELD-JACKSON INT,GA
USW00013876,BIRMINGHAM AP,AL
USW00013877,BRISTOL AP,TN
USW00013880,CHARLESTON INTL AP,SC
USW00013881,CHARLOTTE DOUGLAS AP,NC
USW00013882,CHATTANOOGA AP,TN
USW00013883,COLUMBIA,SC
USW00013884,CRESTVIEW FAA/AP,FL
USW00013889,JACKSONVILLE,FL
USW00013891,KNOXVILLE AP,TN
USW00013893,MEMPHIS INTL AP,TN
USW00013894,MOBILE,AL
USW00013895,MONTGOMERY AP,AL
USW00013896,MUSCLE SHOALS AP,AL
USW00013897,NASHVILLE INTL AP,TN
USW00013899,PENSACOLA RGNL AP,FL
USW00013925,STUTTGART MUNI AP,AR
USW00013927,JACKSON HAWKINS FLD,MS
USW00013939,GREENVILLE ASOS,MS
USW00013970,BATON ROUGE METRO AP,LA
USW00013976,LAFAYETTE RGNL AP,LA
USW00013978,GREENWOOD LEFLORE AP,MS
USW00013994,ST LOUIS LAMBERT INTL AP,MO
USW00013997,VICHY ROLLA NATL AP,MO
USW00014821,JOHN GLENN INTL AP,OH
USW00023801,TROY 2 W,AL
USW00023802,THOMASVILLE 2 S,AL
USW00023803,HOLLY SPRINGS 4 N,MS
USW00023904,BATESVILLE 8 WNW,AR
USW00023909,SALEM 10 W,MO
USW00053802,MATTOON CHARLESTON COLES CO AP,IL
USW00053803,OWENSBORO DAVIESS CO RGNL AP,KY
USW00053808,LAUREL HATTIESBURG RGNL AP,MS
USW00053819,ATLANTA,GA
USW00053820,EVERGREEN MIDDLETON FLD,AL
USW00053838,GAINESVILLE LEE GILMER MEM AP,GA
USW00053841,FRANKFORT CAPITAL CITY AP,KY
USW00053842,INDIANAPOLIS EAGLE CREEK AP,IN
USW00053844,LANCASTER FAIRFIELD CO AP,OH
USW00053852,DECATUR PRYOR FLD,AL
USW00053853,DESTIN FT WALTON BEACH AP,FL
USW00053854,ORANGEBURG MUNI AP,SC
USW00053855,HAMILTON BUTLER CO RGNL AP,OH
USW00053858,PASCAGOULA LOTT INTL AP,MS
USW00053860,JACKSONVILLE CRAIG MUNI AP,FL
USW00053863,ATLANTA DEKALB PEACHTREE AP,GA
USW00053864,ALABASTER SHELBY CO AP ASOS,AL
USW00053865,SLIDELL AP,LA
USW00053866,SHELBYVILLE MUNI AP,IN
USW00053868,OAK RIDGE ASOS,TN
USW00053869,BLYTHEVILLE MUNI AP,AR
USW00053871,ROCK HILL YORK CO AP,SC
USW00053872,MONROE AP,NC
USW00053873,CARTERSVILLE AP,GA
USW00053877,ASHEVILLE 8 SSW,NC
USW00053878,ASHEVILLE 13 S,NC
USW00053893,GOLDEN TRIANGLE,MS
USW00053901,W PLAINS MUNI AP,MO
USW00053904,ST CHARLES CO AP,MO
USW00053915,NEW IBERIA AP - ACADIANA RGNL,LA
USW00053917,NEW ORLEANS LAKEFRONT AP,LA
USW00053919,MONTICELLO MUNI AP,AR
USW00053934,BATESVILLE RGNL AP,AR
USW00053959,W MEMPHIS MUNI AP,AR
USW00053960,LAFAYETTE 13 SE,LA
USW00053985,SEARCY MUNI AP,AR
USW00063803,LAWRENCEVILLE AP,GA
USW00063813,MARIETTA COBB CO AP,GA
USW00063826,BLACKVILLE 3 W,SC
USW00063828,NEWTON 8 W,GA
USW00063829,NEWTON 11 SW,GA
USW00063831,NEWTON 5 ENE,MS
USW00063838,VERSAILLES 3 NNW,KY
USW00063849,BOWLING GREEN 21 NNE,KY
USW00063850,WATKINSVILLE 5 SSE,GA
USW00063855,CROSSVILLE 7 NW,TN
USW00063856,BRUNSWICK 23 S,GA
USW00063857,GADSDEN 19 N,AL
USW00063858,SELMA 13 WNW,AL
USW00063862,VALLEY HEAD 1 SSW,AL
USW00063867,CULLMAN 3 ENE,AL
USW00063868,COURTLAND 2 WSW,AL
USW00063869,FAIRHOPE 3 NE,AL
USW00063872,EUFAULA WEEDON FLD AP,AL
USW00063888,SPRINGFIELD BECKLEY AP,OH
USW00063891,CLANTON 2 NE,AL
USW00063892,GAINESVILLE 2 NE,AL
USW00063893,GREENSBORO 2 WNW,AL
USW00063894,MUSCLE SHOALS 2 N,AL
USW00063895,RUSSELLVILLE 4 SSE,AL
USW00063896,SCOTTSBORO 2 NE,AL
USW00063897,SELMA 6 SSE,AL
USW00063898,BEDFORD 5 WNW,IN
USW00063899,BREWTON 3 NNE,AL
USW00073801,NORTHPORT 2 S,AL
USW00073802,HIGHLAND HOME 2 S,AL
USW00073803,TALLADEGA 10 NNE,AL
USW00073805,NW FLORIDA BEACHES INTL AP,FL
USW00092805,POMPANO BEACH AIRPARK,FL
USW00092809,HOLLYWOOD N PERRY AP,FL
USW00092811,MIAMI BEACH,FL
USW00092814,ST AUGUSTINE AP,FL
USW00092821,TITUSVILLE 7 E,FL
USW00092826,EVERGLADES CITY 5 NE,FL
USW00092827,SEBRING 23 SSE,FL
USW00093706,HAGERSTOWN RGNL AP,MD
USW00093718,N MYRTLE BEACH,SC
USW00093719,NEW BERN - ASOS,NC
USW00093720,SALISBURY-WICOMICO RGNL AP,MD
USW00093721,BALTIMORE-WASHINGTON INTL AP,MD
USW00093727,NEW RVR MCAF,NC
USW00093729,CAPE HATTERAS - BILLY MITCHELL,NC
USW00093730,ATLANTIC CITY INTL AP,NJ
USW00093736,CHARLOTTESVILLE ALBEMARLE AP,VA
USW00093738,WASHINGTON DULLES INTL AP,VA
USW00093739,WALLOPS IS NASA TEST FACILITY,VA
USW00093740,FAYETTEVILLE RGNL AP GRANNIS F,NC
USW00093741,NEWPORT NEWS INTL AP,VA
USW00093759,ROCKY MT WILSON AP,NC
USW00093765,BEAUFORT - ASOS,NC
USW00093773,NORFOLK RICH,VA
USW00093775,ASHLAND HANOVER CO MUNI AP,VA
USW00093778,YORK AP,PA
USW00093780,S JERSEY RGNL AP,NJ
USW00093783,BURLINGTON ALAMANCE RGNL AP,NC
USW00093784,MARYLAND SCI CTR,MD
USW00093786,OCEAN CITY MUNI AP,MD
USW00093801,ROME R B RUSSELL AP,GA
USW00093805,TALLAHASSEE,FL
USW00093806,TUSCALOOSA AP ASOS,AL
USW00093808,BOWLING GREEN WARREN CO AP,KY
USW00093810,CARBONDALE STHRN ILLINOIS AP,IL
USW00093812,CINCINNATI MUNI AP LUNKEN FLD,OH
USW00093814,CINCINNATI/NORTHERN KENTUCKY I,KY
USW00093815,DAYTON INTL AP,OH
USW00093817,EVANSVILLE RGNL AP,IN
USW00093819,INDIANAPOLIS,IN
USW00093820,LEXINGTON BLUEGRASS AP,KY
USW00093821,LOUISVILLE INTL AP,KY
USW00093822,SPRINGFIELD ABRAHAM LINCOLN CA,IL
USW00093823,TERRE HAUTE CAA AP,IN
USW00093824,ZANESVILLE MUNI AP,OH
USW00093842,COLUMBUS METRO AP,GA
USW00093846,ANDERSON FAA AP,SC
USW00093862,TUPELO RGNL AP,MS
USW00093874,GULFPORT - BILOXI AP,MS
USW00093919,MCCOMB AP,MS
USW00093988,PINE BLUFF GRIDER FLD,AR
USW00093989,QUINCY RGNL AP,IL
USW00093991,WALNUT RIDGE MUNI AP,AR
USW00093996,FARMINGTON FAA AP,MO
