{"type":"FeatureCollection","features":[{"type":"Feature","properties":{"name":"Triftjigletscher","nameDe":null,"areaKm2":0.6808,"osmId":31523267},"geometry":{"type":"Polygon","coordinates":[[[7.7431,45.95963],[7.74336,45.95886],[7.74421,45.95837],[7.74532,45.95337],[7.74515,45.95151],[7.74514,45.94963],[7.7437,45.94746],[7.7428,45.94774],[7.74242,45.94749],[7.74335,45.94693],[7.74304,45.9443],[7.74064,45.94257],[7.73901,45.94259],[7.73863,45.94317],[7.73842,45.94521],[7.73888,45.94636],[7.73867,45.94723],[7.73953,45.94862],[7.74039,45.94958],[7.7405,45.94995],[7.73953,45.9511],[7.73923,45.95306],[7.73878,45.9536],[7.73897,45.95455],[7.74001,45.95657],[7.7407,45.95754],[7.74157,45.9596],[7.74192,45.95999],[7.74264,45.96002],[7.7431,45.95963]]]}},{"type":"Feature","properties":{"name":"Theodulgletscher","nameDe":null,"areaKm2":4.054,"osmId":31523284},"geometry":{"type":"Polygon","coordinates":[[[7.73321,45.94525],[7.73296,45.94308],[7.7335,45.94233],[7.73133,45.94166],[7.73009,45.94321],[7.7294,45.94341],[7.7291,45.94381],[7.72947,45.94403],[7.72955,45.94482],[7.73053,45.9452],[7.73111,45.94511],[7.73063,45.94626],[7.73107,45.94649],[7.73087,45.94739],[7.72965,45.94785],[7.72836,45.94982],[7.72519,45.94825],[7.72332,45.9471],[7.72269,45.94579],[7.72198,45.94564],[7.72013,45.94329],[7.72027,45.94241],[7.71909,45.9403],[7.71858,45.93863],[7.71899,45.93829],[7.72034,45.9386],[7.72347,45.93965],[7.72467,45.93891],[7.72654,45.93956],[7.7267,45.93986],[7.7273,45.93996],[7.72806,45.93981],[7.72855,45.93919],[7.72788,45.93882],[7.72774,45.93785],[7.72394,45.93728],[7.72377,45.93709],[7.72427,45.93626],[7.7235,45.93554],[7.72226,45.93493],[7.721,45.93387],[7.72072,45.93322],[7.72251,45.93243],[7.72305,45.93208],[7.72453,45.93184],[7.71909,45.92836],[7.71805,45.92808],[7.71726,45.92891],[7.71546,45.92912],[7.71261,45.92835],[7.71244,45.92904],[7.71253,45.92959],[7.7119,45.92986],[7.71132,45.9289],[7.71076,45.92854],[7.71011,45.92858],[7.70895,45.92842],[7.70748,45.92806],[7.70644,45.92797],[7.70734,45.9327],[7.70875,45.93296],[7.70891,45.93466],[7.70882,45.93556],[7.70852,45.93648],[7.70737,45.93702],[7.70535,45.93688],[7.70448,45.93722],[7.70418,45.93762],[7.70533,45.93825],[7.70479,45.93985],[7.70497,45.94037],[7.70606,45.94067],[7.70791,45.9398],[7.7085,45.93896],[7.7088,45.9389],[7.70901,45.93924],[7.70885,45.93981],[7.70993,45.94104],[7.71012,45.94181],[7.70983,45.94231],[7.71006,45.94251],[7.71021,45.94366],[7.70973,45.94402],[7.71116,45.94611],[7.7127,45.94731],[7.71834,45.94959],[7.72048,45.9501],[7.72393,45.95201],[7.72491,45.95298],[7.72418,45.95591],[7.72515,45.95902],[7.72611,45.9605],[7.72733,45.96155],[7.72875,45.96239],[7.73064,45.9632],[7.7314,45.96282],[7.7332,45.96419],[7.73402,45.96394],[7.73424,45.96341],[7.73563,45.96339],[7.73685,45.96368],[7.73778,45.96335],[7.73838,45.96338],[7.73857,45.96318],[7.7396,45.96329],[7.73933,45.96304],[7.73849,45.96273],[7.73723,45.96192],[7.7354,45.96055],[7.73619,45.96043],[7.73668,45.95984],[7.73601,45.95889],[7.73616,45.95828],[7.73685,45.95813],[7.73694,45.95686],[7.73633,45.95587],[7.73597,45.95491],[7.73543,45.9543],[7.73546,45.95369],[7.73526,45.95285],[7.73586,45.95135],[7.73541,45.95006],[7.73605,45.94789],[7.73321,45.94525]]]}},{"type":"Feature","properties":{"name":"Adlergletscher","nameDe":null,"areaKm2":1.4332,"osmId":32340961},"geometry":{"type":"Polygon","coordinates":[[[7.86085,46.01217],[7.86261,46.01272],[7.8667,46.01322],[7.87102,46.01418],[7.87479,46.01581],[7.87994,46.01778],[7.88149,46.0189],[7.88355,46.0195],[7.88561,46.0189],[7.88478,46.01842],[7.88336,46.01831],[7.88399,46.01735],[7.88588,46.01683],[7.88585,46.01614],[7.88209,46.01627],[7.8816,46.01601],[7.88283,46.01477],[7.88338,46.01443],[7.88478,46.01423],[7.8866,46.01457],[7.88818,46.01426],[7.89076,46.01357],[7.89196,46.01272],[7.89277,46.01177],[7.89213,46.01091],[7.88921,46.01083],[7.88614,46.01124],[7.88342,46.01068],[7.88154,46.0117],[7.88001,46.01162],[7.87843,46.01208],[7.87738,46.0118],[7.87677,46.01114],[7.87776,46.01024],[7.87786,46.00911],[7.8778,46.00816],[7.87731,46.00735],[7.87616,46.00778],[7.87408,46.00752],[7.87225,46.00845],[7.87103,46.00854],[7.86929,46.00946],[7.86662,46.00936],[7.86542,46.00897],[7.86357,46.00964],[7.8617,46.00936],[7.85941,46.00949],[7.85745,46.01024],[7.85621,46.01083],[7.85767,46.01178],[7.86085,46.01217]]]}},{"type":"Feature","properties":{"name":"Stockjigletscher","nameDe":null,"areaKm2":2.4661,"osmId":32344659},"geometry":{"type":"Polygon","coordinates":[[[7.58246,45.99163],[7.58581,45.99301],[7.58616,45.99368],[7.58731,45.99424],[7.5881,45.99408],[7.58883,45.99424],[7.58921,45.99451],[7.58903,45.99574],[7.5895,45.99726],[7.59001,45.99795],[7.59436,45.99919],[7.59591,45.99844],[7.59617,45.99748],[7.59666,45.9973],[7.59936,45.99806],[7.60236,45.99846],[7.60528,45.99932],[7.60647,46.00047],[7.6082,46.00144],[7.60834,46.00129],[7.60884,45.99969],[7.60847,45.99888],[7.60865,45.99808],[7.6097,45.99728],[7.61019,45.99642],[7.61026,45.99564],[7.60768,45.99481],[7.60472,45.99397],[7.60207,45.99252],[7.60108,45.99257],[7.60131,45.99145],[7.59918,45.99077],[7.59976,45.98945],[7.59924,45.98855],[7.60054,45.98846],[7.5993,45.98794],[7.59796,45.98785],[7.59613,45.98912],[7.59611,45.98966],[7.59548,45.98963],[7.59476,45.98997],[7.5942,45.98964],[7.59365,45.98846],[7.59207,45.98791],[7.59018,45.98705],[7.59001,45.98577],[7.59069,45.98491],[7.59014,45.98377],[7.59057,45.98289],[7.58992,45.98233],[7.58957,45.98227],[7.58753,45.9809],[7.58697,45.98018],[7.58622,45.97992],[7.58537,45.97907],[7.58413,45.97864],[7.58376,45.97788],[7.58315,45.9776],[7.58263,45.97671],[7.58,45.98077],[7.58,45.98984],[7.58246,45.99163]]]}},{"type":"Feature","properties":{"name":"Tiefmattengletscher","nameDe":null,"areaKm2":5.6445,"osmId":32344672},"geometry":{"type":"Polygon","coordinates":[[[7.58534,45.97523],[7.5856,45.97588],[7.5861,45.97618],[7.58681,45.97698],[7.58717,45.97723],[7.58748,45.9779],[7.58795,45.97853],[7.58873,45.97875],[7.58946,45.97878],[7.58974,45.97862],[7.59018,45.97933],[7.59041,45.98015],[7.59118,45.98047],[7.59178,45.98034],[7.59228,45.98056],[7.59285,45.98095],[7.59342,45.9809],[7.59496,45.98174],[7.5954,45.98167],[7.59552,45.98185],[7.59549,45.98227],[7.59408,45.98348],[7.59441,45.98398],[7.59447,45.98478],[7.59499,45.98482],[7.59563,45.98534],[7.59642,45.98648],[7.59933,45.98799],[7.60334,45.98939],[7.6051,45.99041],[7.60732,45.99043],[7.60883,45.9903],[7.60972,45.9901],[7.6102,45.98992],[7.61073,45.98947],[7.60967,45.98912],[7.60769,45.9892],[7.60653,45.98912],[7.60597,45.98886],[7.60649,45.98757],[7.60614,45.98577],[7.6069,45.98528],[7.60906,45.98585],[7.61164,45.9868],[7.61438,45.98757],[7.61848,45.98998],[7.62091,45.99124],[7.6242,45.99309],[7.62492,45.99426],[7.63214,45.99157],[7.62998,45.99005],[7.62889,45.98897],[7.62885,45.98801],[7.62707,45.9874],[7.62458,45.98724],[7.62364,45.9869],[7.62345,45.98651],[7.6237,45.98647],[7.62537,45.9869],[7.62654,45.98663],[7.62751,45.9867],[7.62901,45.98526],[7.62857,45.98307],[7.62905,45.98285],[7.63007,45.98389],[7.6297,45.9845],[7.63067,45.98465],[7.62922,45.9877],[7.63137,45.98762],[7.63265,45.98748],[7.63309,45.98705],[7.63378,45.98577],[7.63832,45.98338],[7.63919,45.98303],[7.64035,45.98224],[7.64373,45.98131],[7.6442,45.98069],[7.64374,45.9801],[7.64397,45.97872],[7.64449,45.97801],[7.64442,45.97675],[7.64352,45.97479],[7.64099,45.97375],[7.63848,45.97391],[7.63643,45.97294],[7.63455,45.97294],[7.63299,45.97367],[7.63159,45.97411],[7.63107,45.97304],[7.63303,45.97161],[7.63344,45.97073],[7.63189,45.97087],[7.62875,45.97133],[7.62664,45.97241],[7.62562,45.97323],[7.62733,45.97391],[7.62838,45.97518],[7.62897,45.97541],[7.6285,45.97308],[7.62961,45.97366],[7.63064,45.97442],[7.63086,45.97744],[7.63112,45.97791],[7.62962,45.97837],[7.6288,45.97787],[7.6272,45.97819],[7.6264,45.97778],[7.62567,45.97654],[7.62534,45.97566],[7.62476,45.97538],[7.62438,45.97659],[7.6234,45.97725],[7.62102,45.97788],[7.61833,45.97735],[7.6164,45.97784],[7.61442,45.97914],[7.61231,45.97913],[7.61117,45.97981],[7.60997,45.98008],[7.60923,45.98044],[7.60882,45.98079],[7.60813,45.98098],[7.60732,45.98096],[7.60682,45.98125],[7.60606,45.98127],[7.60522,45.98094],[7.60514,45.97987],[7.60494,45.9795],[7.60396,45.97831],[7.60258,45.97809],[7.60111,45.97851],[7.60045,45.97818],[7.59909,45.97823],[7.5976,45.97839],[7.59687,45.97795],[7.59842,45.9771],[7.59996,45.97589],[7.59977,45.9755],[7.59996,45.97526],[7.59999,45.97484],[7.60032,45.97473],[7.60115,45.97476],[7.60335,45.97457],[7.60403,45.97436],[7.60479,45.97464],[7.60509,45.97512],[7.60585,45.97557],[7.60508,45.97601],[7.60582,45.97636],[7.60613,45.97681],[7.6065,45.97686],[7.60721,45.97607],[7.60711,45.97534],[7.60654,45.97522],[7.60597,45.97493],[7.60627,45.97453],[7.60649,45.974],[7.60594,45.97391],[7.60615,45.97364],[7.60676,45.9733],[7.60725,45.97279],[7.60768,45.97255],[7.60782,45.97316],[7.60811,45.97334],[7.61,45.97242],[7.61086,45.97235],[7.61189,45.97211],[7.61232,45.97245],[7.61313,45.97243],[7.61334,45.97179],[7.61319,45.97139],[7.61271,45.97102],[7.61204,45.97071],[7.6117,45.97036],[7.61106,45.97022],[7.61048,45.96979],[7.60937,45.9696],[7.60796,45.96954],[7.6071,45.96995],[7.60648,45.97039],[7.60611,45.97139],[7.60529,45.97241],[7.60434,45.97301],[7.60385,45.97231],[7.6032,45.9723],[7.60229,45.97272],[7.60182,45.97303],[7.6018,45.97362],[7.59981,45.97428],[7.59952,45.9748],[7.59965,45.97525],[7.59937,45.97533],[7.59877,45.97516],[7.59684,45.97522],[7.59652,45.97515],[7.59634,45.97503],[7.59649,45.97446],[7.59634,45.97416],[7.59533,45.97391],[7.59446,45.9742],[7.59332,45.9739],[7.59229,45.97334],[7.59224,45.97315],[7.59278,45.97285],[7.59338,45.97277],[7.59397,45.97283],[7.59423,45.97253],[7.59541,45.97253],[7.59649,45.97241],[7.59768,45.97254],[7.59866,45.97232],[7.59907,45.97193],[7.60076,45.97146],[7.60132,45.97145],[7.60186,45.97094],[7.60246,45.97085],[7.6028,45.97038],[7.60265,45.97014],[7.60099,45.97004],[7.59985,45.97009],[7.59571,45.97088],[7.59436,45.97124],[7.59405,45.97165],[7.5927,45.97193],[7.5917,45.97185],[7.59061,45.97214],[7.58931,45.97203],[7.58791,45.97224],[7.58692,45.97281],[7.58606,45.97366],[7.58564,45.97435],[7.58534,45.97523]]]}},{"type":"Feature","properties":{"name":"Zmuttgletscher","nameDe":null,"areaKm2":1.4667,"osmId":32344679},"geometry":{"type":"Polygon","coordinates":[[[7.6246,45.99718],[7.62657,45.99744],[7.62846,45.99813],[7.62903,45.99896],[7.62983,45.99882],[7.6354,45.99947],[7.63665,46.00047],[7.64013,46.0007],[7.64803,46.00207],[7.64945,46.00209],[7.65042,46.00151],[7.65018,46.00059],[7.65139,46.00048],[7.65351,46.00067],[7.65395,45.99942],[7.65457,45.99887],[7.65585,45.99907],[7.65671,45.9988],[7.65566,45.99806],[7.65387,45.99733],[7.64981,45.99606],[7.64734,45.99478],[7.64339,45.99443],[7.6394,45.99494],[7.63673,45.9938],[7.63214,45.99157],[7.62492,45.99426],[7.6277,45.99625],[7.6246,45.99718]]]}},{"type":"Feature","properties":{"name":"Glacier du Grand Cornier","nameDe":"Grand-Cornier-Gletscher","areaKm2":2.7314,"osmId":32345016},"geometry":{"type":"Polygon","coordinates":[[[7.61169,46.04036],[7.61056,46.04072],[7.60928,46.04147],[7.60852,46.04216],[7.60779,46.04321],[7.60829,46.04451],[7.60817,46.04526],[7.60912,46.04638],[7.60964,46.04753],[7.61009,46.04803],[7.6111,46.04802],[7.61149,46.04731],[7.61237,46.04835],[7.6128,46.04946],[7.61351,46.04998],[7.61433,46.04985],[7.61501,46.04947],[7.61601,46.04832],[7.61562,46.04754],[7.61627,46.04731],[7.61727,46.04662],[7.61758,46.04674],[7.61833,46.04748],[7.61833,46.04868],[7.61856,46.04907],[7.61901,46.04939],[7.62072,46.04988],[7.6217,46.04996],[7.6235,46.04902],[7.62499,46.04948],[7.62613,46.04973],[7.62732,46.04988],[7.62827,46.05058],[7.62988,46.05091],[7.63193,46.05165],[7.63302,46.05255],[7.63375,46.05416],[7.63487,46.05505],[7.63492,46.056],[7.63836,46.05572],[7.63929,46.05552],[7.64103,46.05419],[7.64242,46.05369],[7.64095,46.05016],[7.63894,46.04793],[7.63777,46.04639],[7.63702,46.04634],[7.63671,46.04578],[7.63846,46.04458],[7.63824,46.04411],[7.63714,46.04339],[7.63642,46.04215],[7.63637,46.04153],[7.63588,46.04035],[7.63246,46.04076],[7.63195,46.04188],[7.63132,46.04171],[7.63023,46.04126],[7.62959,46.03992],[7.62824,46.03971],[7.6276,46.0392],[7.62649,46.03874],[7.62559,46.03872],[7.62446,46.03928],[7.62364,46.04043],[7.62241,46.04058],[7.62058,46.04052],[7.61949,46.04041],[7.61788,46.03973],[7.6166,46.03928],[7.61529,46.03923],[7.61369,46.03934],[7.6128,46.03967],[7.61169,46.04036]]]}},{"type":"Feature","properties":{"name":"Glacier Durand","nameDe":"Durandgletscher","areaKm2":2.2535,"osmId":32345018},"geometry":{"type":"Polygon","coordinates":[[[7.63682,46.03874],[7.63775,46.03904],[7.63954,46.03981],[7.64031,46.04039],[7.64097,46.04063],[7.64106,46.04116],[7.64172,46.0417],[7.64241,46.04244],[7.64307,46.0427],[7.64474,46.04366],[7.64475,46.04472],[7.64545,46.04567],[7.64634,46.04654],[7.64782,46.04839],[7.64816,46.04957],[7.64901,46.05033],[7.6493,46.05139],[7.65601,46.05144],[7.65415,46.04634],[7.65631,46.04494],[7.65559,46.04297],[7.65463,46.04254],[7.65372,46.04226],[7.65295,46.04128],[7.65296,46.04062],[7.65277,46.04021],[7.65105,46.03978],[7.65053,46.03897],[7.64928,46.0381],[7.6484,46.03793],[7.64662,46.03824],[7.64541,46.03711],[7.64424,46.03632],[7.6426,46.03556],[7.63994,46.03539],[7.63976,46.03518],[7.64044,46.03504],[7.64183,46.03491],[7.64241,46.03465],[7.64248,46.03375],[7.64083,46.03282],[7.64052,46.03161],[7.63926,46.03067],[7.63554,46.03162],[7.6325,46.03181],[7.63277,46.03139],[7.63389,46.03069],[7.63482,46.02981],[7.63446,46.02936],[7.63433,46.02947],[7.63412,46.0293],[7.63413,46.02903],[7.63273,46.02808],[7.63136,46.02779],[7.6303,46.02807],[7.62908,46.02908],[7.62892,46.02958],[7.62948,46.02973],[7.63034,46.02981],[7.63117,46.03009],[7.63118,46.03073],[7.63052,46.03125],[7.62967,46.03145],[7.62863,46.03135],[7.62783,46.03137],[7.62711,46.03185],[7.62705,46.0333],[7.62605,46.03385],[7.62608,46.03434],[7.62577,46.03479],[7.62629,46.03525],[7.62642,46.03573],[7.62708,46.0364],[7.6276,46.03769],[7.63007,46.03839],[7.63133,46.03935],[7.63246,46.04076],[7.63588,46.04035],[7.6348,46.03845],[7.63529,46.03841],[7.63682,46.03874]]]}},{"type":"Feature","properties":{"name":"Glacier de Zinal","nameDe":"Zinalgletscher","areaKm2":3.1896,"osmId":32345021},"geometry":{"type":"Polygon","coordinates":[[[7.66522,46.04591],[7.66301,46.04645],[7.66346,46.04728],[7.66484,46.04674],[7.66604,46.04659],[7.6674,46.04683],[7.66715,46.04739],[7.66625,46.04794],[7.66481,46.04845],[7.66273,46.04871],[7.66176,46.04904],[7.66044,46.04906],[7.66024,46.04989],[7.65817,46.05093],[7.65601,46.05144],[7.6493,46.05139],[7.64926,46.05283],[7.64814,46.05411],[7.64687,46.05514],[7.64418,46.05673],[7.64247,46.0574],[7.64134,46.05743],[7.63918,46.05633],[7.6375,46.05747],[7.63599,46.05887],[7.63496,46.05998],[7.63163,46.06198],[7.62955,46.06223],[7.62707,46.06286],[7.626,46.06391],[7.62521,46.06493],[7.62638,46.06939],[7.62751,46.0706],[7.62902,46.07159],[7.62973,46.07264],[7.63004,46.07438],[7.6309,46.07664],[7.63092,46.07804],[7.63118,46.07968],[7.63142,46.08033],[7.63314,46.08054],[7.63476,46.08044],[7.63492,46.0798],[7.63626,46.07638],[7.63607,46.07437],[7.63521,46.07297],[7.63411,46.07234],[7.632,46.0714],[7.63152,46.07051],[7.63177,46.0698],[7.63135,46.06947],[7.63158,46.06895],[7.63234,46.06865],[7.63252,46.06744],[7.63286,46.06678],[7.63462,46.06547],[7.63766,46.06371],[7.63919,46.06234],[7.64309,46.0598],[7.64583,46.05834],[7.64911,46.05725],[7.65088,46.05679],[7.6529,46.05659],[7.65646,46.056],[7.65752,46.05568],[7.65795,46.05523],[7.65929,46.05496],[7.6608,46.05452],[7.66247,46.05427],[7.66434,46.05451],[7.6664,46.05445],[7.668,46.05496],[7.6689,46.05514],[7.67009,46.05459],[7.67134,46.05295],[7.67345,46.05201],[7.67359,46.05131],[7.67408,46.0505],[7.67426,46.04996],[7.67422,46.04954],[7.67355,46.04913],[7.67327,46.04856],[7.67285,46.04802],[7.67309,46.04731],[7.67488,46.0476],[7.67528,46.0472],[7.67522,46.04672],[7.67539,46.04633],[7.67527,46.04591],[7.67503,46.04566],[7.67413,46.04566],[7.6732,46.04506],[7.67213,46.04488],[7.67154,46.04405],[7.6728,46.0442],[7.67432,46.04367],[7.67636,46.04365],[7.67714,46.04319],[7.67767,46.04261],[7.67842,46.04202],[7.6782,46.04154],[7.67775,46.04122],[7.67698,46.04102],[7.67627,46.0411],[7.67577,46.04123],[7.67496,46.04128],[7.67452,46.04119],[7.67388,46.04139],[7.67294,46.04085],[7.67175,46.0404],[7.66964,46.03918],[7.66852,46.03906],[7.6683,46.03947],[7.66872,46.04094],[7.66746,46.04188],[7.66693,46.04318],[7.66612,46.0435],[7.66593,46.04477],[7.66597,46.04538],[7.66522,46.04591]]]}},{"type":"Feature","properties":{"name":"Bisgletscher","nameDe":null,"areaKm2":3.1264,"osmId":32462444},"geometry":{"type":"Polygon","coordinates":[[[7.71753,46.10849],[7.7157,46.10947],[7.71481,46.11103],[7.71417,46.11256],[7.71443,46.11325],[7.71528,46.11364],[7.71568,46.11432],[7.71617,46.11468],[7.71619,46.11586],[7.71679,46.11615],[7.71845,46.11633],[7.71986,46.11691],[7.72145,46.11743],[7.72304,46.11805],[7.72363,46.11813],[7.72432,46.11808],[7.726,46.11738],[7.72578,46.11639],[7.72813,46.11458],[7.72825,46.11367],[7.72821,46.11298],[7.7288,46.11295],[7.72998,46.11339],[7.72959,46.11417],[7.72996,46.11546],[7.72881,46.11684],[7.72857,46.11796],[7.72936,46.11963],[7.73046,46.12],[7.73586,46.12],[7.73579,46.11892],[7.73619,46.11854],[7.7367,46.11883],[7.73701,46.11955],[7.73704,46.12],[7.73885,46.12],[7.73957,46.11858],[7.73923,46.11723],[7.73847,46.11653],[7.73846,46.11509],[7.73855,46.11466],[7.73847,46.11346],[7.73783,46.11335],[7.73796,46.11086],[7.74055,46.11088],[7.74149,46.11057],[7.74221,46.11054],[7.74299,46.10991],[7.74343,46.10881],[7.7458,46.10709],[7.74777,46.10688],[7.74994,46.10777],[7.75209,46.10906],[7.75329,46.10901],[7.75397,46.10853],[7.75348,46.10791],[7.75448,46.1076],[7.75513,46.10688],[7.75537,46.10619],[7.75626,46.10544],[7.75668,46.10488],[7.75672,46.10454],[7.75623,46.10442],[7.75478,46.1044],[7.75064,46.10358],[7.74985,46.10379],[7.7445,46.10413],[7.74121,46.10472],[7.7403,46.10594],[7.73835,46.10593],[7.73845,46.10442],[7.73645,46.10399],[7.73442,46.1032],[7.73375,46.10321],[7.73272,46.10273],[7.73269,46.10246],[7.73195,46.10218],[7.73016,46.102],[7.72848,46.10246],[7.7279,46.10388],[7.72691,46.10454],[7.72655,46.10571],[7.72507,46.10661],[7.72464,46.10732],[7.72066,46.10749],[7.71877,46.10767],[7.71753,46.10849]]]}},{"type":"Feature","properties":{"name":"Triftgletscher","nameDe":null,"areaKm2":1.7067,"osmId":32462460},"geometry":{"type":"Polygon","coordinates":[[[7.68985,46.06223],[7.69044,46.06227],[7.69102,46.06204],[7.69139,46.06085],[7.6907,46.06015],[7.69068,46.05993],[7.69094,46.05915],[7.69077,46.05743],[7.69001,46.05639],[7.69129,46.0552],[7.69163,46.05366],[7.69482,46.05115],[7.69443,46.05024],[7.69611,46.04757],[7.69541,46.04652],[7.69539,46.04607],[7.69453,46.04534],[7.69496,46.04386],[7.69474,46.04326],[7.69452,46.04312],[7.69489,46.04249],[7.69582,46.04196],[7.69551,46.04161],[7.69642,46.04077],[7.69693,46.0397],[7.697,46.03933],[7.69661,46.03917],[7.69677,46.03791],[7.69688,46.03768],[7.69637,46.03754],[7.69554,46.03793],[7.69498,46.03805],[7.69167,46.03964],[7.69011,46.04056],[7.68982,46.04098],[7.68929,46.04134],[7.68896,46.04175],[7.68778,46.04251],[7.68748,46.04307],[7.68724,46.04406],[7.68588,46.04561],[7.68528,46.04662],[7.68524,46.04701],[7.68484,46.04763],[7.68439,46.04774],[7.68415,46.0462],[7.68362,46.04558],[7.68356,46.04497],[7.68373,46.04473],[7.68245,46.04398],[7.68279,46.0434],[7.68199,46.04307],[7.68069,46.04296],[7.67996,46.04348],[7.67996,46.04456],[7.67787,46.04691],[7.67841,46.04765],[7.67823,46.04844],[7.67893,46.04961],[7.68012,46.05008],[7.68425,46.0522],[7.68482,46.05236],[7.68523,46.05273],[7.68751,46.05381],[7.68838,46.0548],[7.68741,46.05522],[7.6868,46.05577],[7.68648,46.05635],[7.68691,46.05732],[7.68606,46.05794],[7.68632,46.05863],[7.68665,46.06009],[7.68823,46.06178],[7.68985,46.06223]]]}},{"type":"Feature","properties":{"name":"Gabelhorngletscher","nameDe":null,"areaKm2":1.1587,"osmId":32462470},"geometry":{"type":"Polygon","coordinates":[[[7.68754,46.0298],[7.68682,46.03031],[7.68479,46.03098],[7.68271,46.03259],[7.68173,46.03228],[7.68203,46.03114],[7.68198,46.03036],[7.68171,46.02988],[7.68068,46.03031],[7.68021,46.03114],[7.68047,46.03168],[7.6798,46.03271],[7.67979,46.03417],[7.68117,46.03499],[7.6808,46.0354],[7.67711,46.03515],[7.67447,46.03539],[7.67393,46.03559],[7.67368,46.03606],[7.67322,46.03819],[7.67372,46.039],[7.67484,46.03959],[7.67687,46.03915],[7.67881,46.03812],[7.68079,46.03886],[7.68288,46.03881],[7.68528,46.03898],[7.68666,46.03887],[7.68785,46.03812],[7.68854,46.03692],[7.6908,46.0349],[7.694,46.03398],[7.69591,46.03362],[7.69652,46.03419],[7.6975,46.03382],[7.69736,46.03308],[7.69794,46.03204],[7.69736,46.03073],[7.69553,46.02916],[7.69473,46.0289],[7.6937,46.02965],[7.69275,46.0297],[7.68894,46.02952],[7.6881,46.02957],[7.68754,46.0298]]]}},{"type":"Feature","properties":{"name":"Ghiacciaio della Sesia","nameDe":null,"areaKm2":0.4714,"osmId":32471325},"geometry":{"type":"Polygon","coordinates":[[[7.87993,45.92014],[7.87962,45.91966],[7.87921,45.91996],[7.87798,45.91996],[7.87697,45.91972],[7.87712,45.91945],[7.87671,45.91936],[7.87604,45.91941],[7.87503,45.91967],[7.87525,45.92008],[7.87615,45.9199],[7.87745,45.92025],[7.87827,45.92072],[7.87845,45.92129],[7.87831,45.92147],[7.87557,45.92192],[7.87579,45.92209],[7.87815,45.92168],[7.87915,45.92186],[7.88354,45.92087],[7.88476,45.91956],[7.88578,45.91929],[7.88616,45.91888],[7.88684,45.91895],[7.88809,45.91808],[7.89106,45.91814],[7.89209,45.91762],[7.8928,45.91752],[7.89507,45.91483],[7.89691,45.9139],[7.89622,45.91261],[7.89415,45.91241],[7.89245,45.91263],[7.89043,45.91316],[7.88993,45.91302],[7.88869,45.91337],[7.88779,45.91345],[7.88795,45.91373],[7.88763,45.91428],[7.88796,45.9152],[7.88738,45.91527],[7.88784,45.91571],[7.88761,45.91599],[7.88801,45.91648],[7.88755,45.9171],[7.88692,45.91743],[7.88645,45.91718],[7.88457,45.9179],[7.88337,45.91783],[7.88303,45.91737],[7.88152,45.9178],[7.8826,45.91809],[7.88299,45.91843],[7.88355,45.91837],[7.88401,45.91861],[7.88346,45.91907],[7.88127,45.92041],[7.88081,45.92052],[7.87993,45.92014]]]}},{"type":"Feature","properties":{"name":"Ghiacciaio di Indren","nameDe":null,"areaKm2":0.7253,"osmId":32471338},"geometry":{"type":"Polygon","coordinates":[[[7.85832,45.89993],[7.85837,45.90033],[7.8587,45.90062],[7.85917,45.90094],[7.85977,45.90103],[7.86052,45.90151],[7.86037,45.9018],[7.86066,45.90241],[7.86053,45.9027],[7.86077,45.903],[7.86063,45.90333],[7.86095,45.90329],[7.86115,45.90354],[7.86104,45.90403],[7.86152,45.90429],[7.86191,45.90472],[7.86201,45.90513],[7.86196,45.90562],[7.86246,45.90584],[7.86269,45.9064],[7.86287,45.90654],[7.86574,45.90668],[7.86792,45.90585],[7.86748,45.90515],[7.86685,45.90472],[7.86638,45.90452],[7.86638,45.90425],[7.86589,45.90417],[7.86635,45.90382],[7.86699,45.90366],[7.86669,45.90352],[7.86673,45.90332],[7.86636,45.9031],[7.86613,45.90285],[7.86601,45.9022],[7.8661,45.90188],[7.86524,45.90124],[7.86438,45.90038],[7.86373,45.90018],[7.86346,45.90019],[7.86315,45.89973],[7.86319,45.89935],[7.86352,45.89871],[7.86322,45.89855],[7.86308,45.89792],[7.86354,45.89786],[7.86326,45.89722],[7.86284,45.89718],[7.86283,45.89656],[7.86298,45.89644],[7.86258,45.89632],[7.86196,45.89543],[7.86154,45.89515],[7.8612,45.8947],[7.8601,45.89429],[7.85941,45.89388],[7.85876,45.8929],[7.85827,45.89275],[7.85761,45.89268],[7.85706,45.89296],[7.85646,45.89314],[7.856,45.89301],[7.85578,45.89266],[7.85542,45.89233],[7.85496,45.89228],[7.85365,45.89293],[7.85359,45.89338],[7.85421,45.894],[7.85526,45.89448],[7.85601,45.89516],[7.85582,45.89548],[7.85436,45.89605],[7.85415,45.89643],[7.85415,45.89703],[7.85499,45.89811],[7.8554,45.89818],[7.85582,45.89864],[7.85577,45.89888],[7.85618,45.89887],[7.85711,45.8992],[7.85832,45.89993]]]}},{"type":"Feature","properties":{"name":"Ghiacciaio di Bors","nameDe":null,"areaKm2":0.7197,"osmId":32471350},"geometry":{"type":"Polygon","coordinates":[[[7.86439,45.89636],[7.86458,45.89799],[7.86528,45.89868],[7.86628,45.89858],[7.86661,45.89951],[7.86665,45.89997],[7.86715,45.90052],[7.86973,45.90264],[7.87027,45.90319],[7.87089,45.90337],[7.87181,45.90169],[7.87224,45.90137],[7.87206,45.90067],[7.87274,45.89973],[7.87374,45.89974],[7.87479,45.89948],[7.87546,45.89895],[7.87577,45.89847],[7.87623,45.89736],[7.87637,45.89646],[7.87602,45.89551],[7.87592,45.89479],[7.87544,45.89427],[7.8746,45.89453],[7.87313,45.89393],[7.87235,45.89436],[7.87176,45.89371],[7.87139,45.89266],[7.87139,45.89199],[7.87199,45.89115],[7.87119,45.89116],[7.87052,45.89087],[7.86917,45.89105],[7.86749,45.89286],[7.86649,45.89365],[7.86631,45.8946],[7.86614,45.89474],[7.8659,45.89443],[7.86531,45.89488],[7.86508,45.89563],[7.86439,45.89636]]]}},{"type":"Feature","properties":{"name":"Ghiacciaio delle Piode","nameDe":null,"areaKm2":1.7605,"osmId":32471355},"geometry":{"type":"Polygon","coordinates":[[[7.86982,45.91446],[7.87098,45.91474],[7.87253,45.91556],[7.87376,45.91607],[7.87546,45.91626],[7.87703,45.91616],[7.87891,45.91624],[7.87932,45.91574],[7.87957,45.91521],[7.87961,45.91425],[7.87889,45.91359],[7.87771,45.91298],[7.87651,45.91161],[7.87708,45.91102],[7.87766,45.91093],[7.87833,45.9107],[7.87857,45.91023],[7.87942,45.91008],[7.87985,45.90979],[7.88054,45.90948],[7.88149,45.90938],[7.88241,45.90965],[7.88563,45.9093],[7.88743,45.90925],[7.88877,45.90888],[7.89045,45.90802],[7.89197,45.90697],[7.89405,45.90571],[7.89445,45.90518],[7.8944,45.90476],[7.89327,45.90411],[7.89266,45.90318],[7.89193,45.90289],[7.89059,45.90285],[7.88917,45.90271],[7.88768,45.90335],[7.88511,45.90468],[7.88429,45.90492],[7.88243,45.90609],[7.88106,45.90637],[7.88043,45.90662],[7.87999,45.90691],[7.8795,45.90769],[7.87904,45.908],[7.87917,45.90649],[7.87963,45.90541],[7.88083,45.90485],[7.88106,45.9044],[7.88069,45.90334],[7.88083,45.90316],[7.88153,45.90323],[7.88256,45.90301],[7.88369,45.90251],[7.88448,45.90236],[7.88469,45.90185],[7.88468,45.90131],[7.88437,45.90067],[7.884,45.9002],[7.8843,45.89973],[7.88386,45.89921],[7.88295,45.899],[7.88132,45.89933],[7.88039,45.89963],[7.87837,45.90062],[7.8779,45.90069],[7.87756,45.90041],[7.87715,45.90049],[7.87695,45.90107],[7.87653,45.90135],[7.87638,45.90202],[7.87539,45.90272],[7.87581,45.90329],[7.87542,45.90411],[7.87466,45.90449],[7.87406,45.90556],[7.87415,45.90707],[7.87406,45.90787],[7.87291,45.90835],[7.87085,45.90775],[7.86879,45.908],[7.86763,45.90895],[7.8669,45.90989],[7.86535,45.91006],[7.86484,45.91126],[7.86604,45.91332],[7.86861,45.91384],[7.86982,45.91446]]]}},{"type":"Feature","properties":{"name":"Schwarzberggletscher","nameDe":null,"areaKm2":4.6424,"osmId":32665167},"geometry":{"type":"Polygon","coordinates":[[[7.93963,45.99815],[7.9396,45.99793],[7.93998,45.9977],[7.93794,45.99763],[7.9373,45.99817],[7.93668,45.99822],[7.93605,45.99778],[7.93607,45.99692],[7.93534,45.99704],[7.9347,45.99738],[7.93383,45.99652],[7.93296,45.99628],[7.93234,45.99646],[7.93228,45.99664],[7.9318,45.9967],[7.93001,45.99832],[7.92933,45.99866],[7.92874,45.99836],[7.92722,45.99894],[7.92713,45.99854],[7.92802,45.9979],[7.92765,45.99774],[7.92634,45.99756],[7.92591,45.99771],[7.92488,45.99753],[7.9242,45.99728],[7.92337,45.99743],[7.9226,45.99695],[7.92129,45.99639],[7.92053,45.99656],[7.91924,45.99634],[7.91869,45.99613],[7.9172,45.99688],[7.91585,45.99655],[7.91404,45.99631],[7.9127,45.99647],[7.911,45.99708],[7.90993,45.9972],[7.90943,45.99737],[7.90942,45.99762],[7.90858,45.99819],[7.90834,45.99844],[7.90881,45.99919],[7.90791,46.00045],[7.90757,46.0021],[7.90803,46.00342],[7.90947,46.00528],[7.91066,46.00721],[7.9124,46.00831],[7.91479,46.0091],[7.91686,46.01011],[7.91913,46.01042],[7.92154,46.01198],[7.92393,46.01259],[7.92562,46.01325],[7.92961,46.01604],[7.93228,46.0207],[7.93631,46.024],[7.93707,46.0259],[7.9378,46.02579],[7.9383,46.02501],[7.93841,46.02434],[7.93885,46.02332],[7.9389,46.02185],[7.93738,46.01967],[7.93857,46.01751],[7.93946,46.01447],[7.93968,46.01097],[7.93989,46.01054],[7.93918,46.01052],[7.93922,46.00999],[7.94038,46.00954],[7.94152,46.00723],[7.93998,46.0063],[7.94072,46.00513],[7.94052,46.00398],[7.94057,46.00384],[7.94083,46.00388],[7.94079,46.00365],[7.94064,46.00349],[7.94072,46.00309],[7.94043,46.00298],[7.94035,46.00256],[7.94104,45.9983],[7.94009,45.99853],[7.93963,45.99815]]]}},{"type":"Feature","properties":{"name":"Seewjinengletscher","nameDe":null,"areaKm2":1.07,"osmId":32665168},"geometry":{"type":"Polygon","coordinates":[[[7.94204,46.00306],[7.94183,46.00392],[7.94198,46.00493],[7.94355,46.00578],[7.94372,46.00637],[7.94433,46.00673],[7.94512,46.00677],[7.94512,46.00652],[7.94534,46.00622],[7.94535,46.00438],[7.94559,46.00412],[7.94622,46.00437],[7.94655,46.00428],[7.9468,46.00394],[7.9477,46.00488],[7.94785,46.00594],[7.94902,46.00643],[7.95001,46.00652],[7.95059,46.00693],[7.95064,46.00742],[7.95111,46.00792],[7.95123,46.00786],[7.95153,46.00804],[7.95182,46.00733],[7.95211,46.00742],[7.95298,46.00704],[7.95388,46.00519],[7.95417,46.00509],[7.95448,46.00356],[7.9548,46.00314],[7.95534,46.00279],[7.9559,46.00178],[7.95598,46.00061],[7.95687,45.99994],[7.95856,45.99939],[7.95927,45.99806],[7.95988,45.99767],[7.95959,45.99761],[7.95964,45.99738],[7.95917,45.99744],[7.95942,45.99714],[7.95851,45.99695],[7.95837,45.99677],[7.95855,45.99658],[7.95785,45.99653],[7.95765,45.99625],[7.95743,45.99625],[7.95611,45.99647],[7.95558,45.99694],[7.95463,45.99716],[7.95388,45.99753],[7.95337,45.99766],[7.95226,45.99832],[7.95142,45.99844],[7.95035,45.99825],[7.94887,45.99873],[7.94858,45.99863],[7.94873,45.99802],[7.94701,45.99766],[7.9458,45.99775],[7.94566,45.99755],[7.94489,45.9979],[7.94478,45.9978],[7.94432,45.99814],[7.94286,45.9979],[7.94104,45.9983],[7.94044,46.00195],[7.94099,46.0025],[7.94204,46.00306]]]}},{"type":"Feature","properties":{"name":"Ghiacciaio d'Aventina o di Ventina","nameDe":"Aventinagletscher","areaKm2":6.3542,"osmId":34291841},"geometry":{"type":"Polygon","coordinates":[[[7.75153,45.93534],[7.75092,45.93554],[7.75039,45.93425],[7.75051,45.93383],[7.74793,45.92988],[7.74627,45.9278],[7.74629,45.92747],[7.74574,45.92599],[7.74544,45.92392],[7.74307,45.92406],[7.7428,45.92361],[7.7443,45.92203],[7.74194,45.92083],[7.74049,45.91919],[7.73961,45.9202],[7.73934,45.92238],[7.73793,45.92409],[7.7369,45.92426],[7.73661,45.92387],[7.7355,45.92389],[7.73503,45.92415],[7.73439,45.92407],[7.73425,45.9237],[7.73572,45.92365],[7.73728,45.92323],[7.73818,45.9217],[7.7382,45.92016],[7.73931,45.91865],[7.73948,45.91717],[7.73879,45.916],[7.74018,45.91509],[7.74065,45.91383],[7.73887,45.91287],[7.73183,45.91174],[7.73053,45.91074],[7.72914,45.91183],[7.72814,45.9107],[7.72558,45.91287],[7.72597,45.91465],[7.72314,45.915],[7.72266,45.9173],[7.72066,45.91613],[7.72048,45.91622],[7.72065,45.91786],[7.71905,45.91823],[7.71903,45.91839],[7.71949,45.919],[7.71911,45.91904],[7.71881,45.91894],[7.71864,45.91843],[7.71871,45.91803],[7.71858,45.9178],[7.71613,45.91767],[7.71524,45.91894],[7.71519,45.91935],[7.71402,45.92],[7.7129,45.91979],[7.7107,45.91971],[7.70998,45.91941],[7.70835,45.91924],[7.70783,45.91932],[7.70871,45.91993],[7.7082,45.92039],[7.70886,45.92042],[7.71081,45.92032],[7.7119,45.92055],[7.71232,45.92117],[7.71063,45.92108],[7.70972,45.92304],[7.7058,45.92417],[7.70804,45.92532],[7.70902,45.92595],[7.70929,45.92658],[7.70927,45.92721],[7.70995,45.92777],[7.71106,45.92777],[7.7141,45.9284],[7.71592,45.92843],[7.71744,45.92778],[7.71805,45.92808],[7.71909,45.92836],[7.72453,45.93184],[7.72458,45.93206],[7.72364,45.93291],[7.72358,45.9334],[7.72279,45.93441],[7.72264,45.93482],[7.72371,45.93519],[7.7241,45.93474],[7.72464,45.93506],[7.72538,45.93476],[7.72746,45.93565],[7.72679,45.93596],[7.72664,45.93654],[7.72605,45.93687],[7.72553,45.93751],[7.72774,45.93785],[7.72793,45.93669],[7.729,45.9374],[7.73018,45.93726],[7.73057,45.93661],[7.73103,45.93525],[7.7324,45.93597],[7.73295,45.93753],[7.73247,45.9388],[7.73084,45.94043],[7.73151,45.94086],[7.73133,45.94166],[7.73444,45.9426],[7.73521,45.94257],[7.73578,45.94208],[7.73684,45.94218],[7.74075,45.94194],[7.74174,45.9414],[7.74121,45.93952],[7.73963,45.93881],[7.73788,45.93909],[7.73663,45.94084],[7.73593,45.94072],[7.73539,45.94036],[7.73577,45.93971],[7.73532,45.9389],[7.73672,45.93834],[7.73706,45.93701],[7.73972,45.93702],[7.74165,45.93717],[7.74153,45.93767],[7.7407,45.93773],[7.73939,45.9376],[7.73864,45.9379],[7.7394,45.93836],[7.74052,45.9384],[7.74087,45.93822],[7.7424,45.9384],[7.74421,45.93943],[7.74433,45.94053],[7.74603,45.94053],[7.74714,45.93895],[7.7482,45.93899],[7.7483,45.93926],[7.74936,45.93964],[7.75028,45.93954],[7.75121,45.93909],[7.75075,45.93794],[7.75118,45.93796],[7.75157,45.93844],[7.75159,45.93902],[7.75279,45.93907],[7.75326,45.93934],[7.7522,45.93941],[7.75089,45.93965],[7.74969,45.9407],[7.75434,45.93968],[7.7565,45.93847],[7.75503,45.93574],[7.75152,45.9346],[7.75153,45.93534]]]}},{"type":"Feature","properties":{"name":"Ghiacciaio del Felik","nameDe":"Felikgletscher","areaKm2":1.7516,"osmId":34291843},"geometry":{"type":"Polygon","coordinates":[[[7.79068,45.90554],[7.79052,45.90531],[7.79052,45.90497],[7.79023,45.9049],[7.79029,45.90546],[7.78973,45.90486],[7.7893,45.90467],[7.78899,45.90488],[7.78844,45.90456],[7.78779,45.90374],[7.78768,45.90313],[7.78699,45.90317],[7.78627,45.90309],[7.78623,45.90378],[7.78592,45.90361],[7.7856,45.90361],[7.78512,45.90318],[7.78532,45.90275],[7.78467,45.90185],[7.78472,45.90135],[7.78408,45.90069],[7.78278,45.90012],[7.78278,45.90079],[7.78265,45.90132],[7.78308,45.90214],[7.78266,45.90284],[7.78355,45.90347],[7.78383,45.90392],[7.78398,45.90456],[7.78454,45.90548],[7.78448,45.90607],[7.78523,45.9066],[7.78647,45.90717],[7.78788,45.90765],[7.78822,45.90796],[7.78877,45.90816],[7.78895,45.90851],[7.78922,45.90857],[7.78972,45.90839],[7.78997,45.90804],[7.79066,45.90792],[7.7918,45.90787],[7.79184,45.9086],[7.79307,45.90967],[7.79404,45.91089],[7.79569,45.91268],[7.79643,45.91381],[7.79893,45.91526],[7.79931,45.91532],[7.8005,45.91596],[7.80114,45.91597],[7.80146,45.91612],[7.80204,45.91593],[7.80408,45.91651],[7.80403,45.91616],[7.80479,45.91436],[7.8039,45.91332],[7.80584,45.91362],[7.80777,45.91231],[7.80818,45.91086],[7.80855,45.90994],[7.80825,45.90933],[7.80931,45.90862],[7.80899,45.90766],[7.80885,45.9064],[7.80871,45.90601],[7.80733,45.9053],[7.80698,45.90501],[7.80668,45.90441],[7.80556,45.90393],[7.80488,45.9034],[7.80396,45.90327],[7.80373,45.90401],[7.80253,45.90416],[7.80096,45.90407],[7.80043,45.90448],[7.80041,45.90616],[7.79962,45.90634],[7.79909,45.90578],[7.79916,45.90512],[7.79908,45.90424],[7.79824,45.90341],[7.79823,45.90239],[7.79666,45.9022],[7.79615,45.90189],[7.79627,45.90135],[7.79608,45.90087],[7.79559,45.90088],[7.79522,45.90116],[7.79373,45.90131],[7.79331,45.90192],[7.79291,45.90217],[7.79256,45.90179],[7.79244,45.90183],[7.79183,45.90277],[7.79152,45.90377],[7.79162,45.90453],[7.79145,45.90492],[7.79114,45.90537],[7.79081,45.90555],[7.79068,45.90554]]]}},{"type":"Feature","properties":{"name":"Ghiacciaio di Mont Tabel","nameDe":null,"areaKm2":0.7202,"osmId":34291869},"geometry":{"type":"Polygon","coordinates":[[[7.6114,45.95037],[7.61009,45.95079],[7.60955,45.95109],[7.60904,45.95115],[7.60889,45.95148],[7.60803,45.95211],[7.60649,45.95251],[7.60564,45.95253],[7.6048,45.95369],[7.60484,45.95417],[7.60519,45.95451],[7.60527,45.95516],[7.60492,45.95637],[7.60484,45.95722],[7.60503,45.95801],[7.60494,45.95837],[7.60549,45.95834],[7.60591,45.95853],[7.60571,45.95989],[7.60666,45.96186],[7.60681,45.96253],[7.60933,45.96282],[7.6106,45.96374],[7.61176,45.96356],[7.61292,45.96293],[7.61251,45.96206],[7.61251,45.96157],[7.61395,45.96113],[7.61344,45.96049],[7.61307,45.96028],[7.61332,45.9599],[7.6132,45.95971],[7.61323,45.95953],[7.61268,45.95908],[7.61289,45.95884],[7.61285,45.95857],[7.61296,45.95835],[7.61287,45.95816],[7.61274,45.9582],[7.61288,45.95752],[7.61253,45.95751],[7.61261,45.95697],[7.61163,45.95685],[7.61092,45.95645],[7.61086,45.95632],[7.61138,45.95642],[7.61257,45.95628],[7.61254,45.95615],[7.61282,45.95586],[7.6126,45.95576],[7.61273,45.95561],[7.61308,45.95539],[7.61404,45.95504],[7.61335,45.95345],[7.61129,45.95358],[7.60992,45.95452],[7.60975,45.95512],[7.60898,45.95461],[7.60941,45.95371],[7.61228,45.95256],[7.61338,45.95132],[7.61327,45.95069],[7.61251,45.95026],[7.6114,45.95037]]]}},{"type":"Feature","properties":{"name":"Ghiacciaio di Cherillon","nameDe":null,"areaKm2":0.6996,"osmId":34291871},"geometry":{"type":"Polygon","coordinates":[[[7.61662,45.95959],[7.61593,45.9598],[7.6167,45.96014],[7.6161,45.96053],[7.61636,45.96079],[7.6167,45.96238],[7.61713,45.96323],[7.61696,45.96422],[7.61717,45.96518],[7.61636,45.96571],[7.61624,45.9664],[7.61597,45.96702],[7.61637,45.96715],[7.61765,45.96735],[7.61988,45.96674],[7.62207,45.96731],[7.62078,45.96835],[7.62219,45.96847],[7.62322,45.96834],[7.62417,45.96787],[7.62503,45.96782],[7.62569,45.96736],[7.62922,45.96795],[7.63003,45.96751],[7.6296,45.96649],[7.62853,45.96554],[7.62899,45.96411],[7.62879,45.96316],[7.62838,45.96293],[7.62791,45.96311],[7.62744,45.96393],[7.62746,45.96499],[7.62675,45.96536],[7.62489,45.96452],[7.62398,45.96346],[7.6242,45.96231],[7.62423,45.96096],[7.62038,45.95813],[7.6167,45.95881],[7.61662,45.95959]]]}},{"type":"Feature","properties":{"name":null,"nameDe":null,"areaKm2":0.0631,"osmId":34291872},"geometry":{"type":"Polygon","coordinates":[[[7.69244,46.05792],[7.6932,46.05839],[7.69312,46.05887],[7.69237,46.05983],[7.69164,46.0601],[7.69143,46.06026],[7.69198,46.06058],[7.69182,46.0614],[7.69194,46.06195],[7.69224,46.06187],[7.69339,46.06053],[7.69352,46.05983],[7.69403,46.05949],[7.69519,46.0582],[7.69516,46.05775],[7.69412,46.05695],[7.69346,46.05702],[7.69244,46.05792]]]}},{"type":"Feature","properties":{"name":"Arbengletscher","nameDe":null,"areaKm2":0.9268,"osmId":34291873},"geometry":{"type":"Polygon","coordinates":[[[7.65306,46.0343],[7.65387,46.03447],[7.6573,46.03559],[7.6589,46.03572],[7.66077,46.03539],[7.6636,46.03518],[7.66399,46.03454],[7.66489,46.03486],[7.66554,46.03473],[7.66401,46.03401],[7.66378,46.03332],[7.66279,46.0331],[7.66176,46.03263],[7.66228,46.03146],[7.66069,46.03106],[7.66023,46.03051],[7.66153,46.02981],[7.66267,46.02943],[7.6628,46.02837],[7.66193,46.02716],[7.6609,46.02634],[7.66047,46.02615],[7.65913,46.02618],[7.65754,46.02576],[7.65641,46.02443],[7.65639,46.02329],[7.65562,46.02221],[7.65456,46.02184],[7.65265,46.02222],[7.65249,46.02272],[7.65204,46.02293],[7.65245,46.02307],[7.65271,46.02354],[7.651,46.02524],[7.65103,46.02636],[7.65129,46.02671],[7.6549,46.03027],[7.65493,46.03071],[7.65385,46.03118],[7.65311,46.03095],[7.65311,46.0305],[7.65241,46.02959],[7.65092,46.02949],[7.65146,46.03053],[7.65215,46.03156],[7.65306,46.0343]]]}},{"type":"Feature","properties":{"name":"Hohlwänggletscher","nameDe":null,"areaKm2":1.8501,"osmId":34291876},"geometry":{"type":"Polygon","coordinates":[[[7.63545,46.02114],[7.63618,46.0225],[7.63807,46.02336],[7.63763,46.02473],[7.63498,46.02525],[7.63344,46.02636],[7.63298,46.027],[7.63412,46.02889],[7.63432,46.02898],[7.63435,46.02918],[7.63482,46.02981],[7.63495,46.02966],[7.63572,46.02981],[7.6367,46.03022],[7.63824,46.0303],[7.63908,46.03069],[7.63926,46.03067],[7.63914,46.03039],[7.63925,46.03018],[7.63955,46.02994],[7.63932,46.02967],[7.63936,46.02953],[7.63995,46.02968],[7.6403,46.02937],[7.64322,46.03117],[7.64383,46.03196],[7.64514,46.03236],[7.64491,46.03297],[7.64335,46.03322],[7.64357,46.03435],[7.64558,46.03432],[7.64568,46.03291],[7.64629,46.03223],[7.64736,46.03165],[7.64904,46.03129],[7.6492,46.03065],[7.6485,46.02971],[7.64669,46.02821],[7.64659,46.02704],[7.64725,46.0264],[7.64577,46.02547],[7.64523,46.02553],[7.64472,46.02515],[7.64433,46.02367],[7.64465,46.02329],[7.64615,46.02344],[7.64731,46.02275],[7.64809,46.02297],[7.64782,46.02332],[7.64645,46.02365],[7.64628,46.02397],[7.6469,46.02439],[7.64886,46.02524],[7.64976,46.02498],[7.65061,46.02431],[7.65204,46.02293],[7.65249,46.02272],[7.65265,46.02222],[7.65254,46.02095],[7.6515,46.01937],[7.6502,46.0182],[7.64686,46.01745],[7.64624,46.01626],[7.64512,46.01614],[7.64303,46.01548],[7.63987,46.01474],[7.63953,46.01449],[7.63883,46.01354],[7.63832,46.01341],[7.63733,46.01399],[7.63541,46.01387],[7.63595,46.01522],[7.63583,46.01649],[7.63653,46.01711],[7.63547,46.0183],[7.6361,46.01912],[7.63545,46.02114]]]}},{"type":"Feature","properties":{"name":"Habelgletscher","nameDe":null,"areaKm2":1.7752,"osmId":34291877},"geometry":{"type":"Polygon","coordinates":[[[7.87795,46.03413],[7.87885,46.03368],[7.88033,46.03342],[7.88252,46.03271],[7.88308,46.03212],[7.8848,46.03273],[7.88939,46.03168],[7.88749,46.03053],[7.88585,46.02983],[7.88283,46.03132],[7.88192,46.03058],[7.88473,46.02927],[7.88407,46.02849],[7.88167,46.029],[7.87931,46.02919],[7.87647,46.02995],[7.87654,46.02966],[7.87951,46.02885],[7.88055,46.02847],[7.88132,46.02765],[7.88154,46.02688],[7.88153,46.0249],[7.88142,46.02357],[7.8816,46.02275],[7.88159,46.02144],[7.88008,46.02125],[7.87717,46.02161],[7.87407,46.02345],[7.874,46.02488],[7.87307,46.02534],[7.87026,46.02567],[7.8686,46.02641],[7.86707,46.02753],[7.86607,46.02801],[7.86474,46.02945],[7.86402,46.02991],[7.86328,46.03004],[7.86235,46.02993],[7.86147,46.0305],[7.86067,46.03063],[7.86036,46.03116],[7.85938,46.03145],[7.85749,46.03181],[7.85695,46.03207],[7.85693,46.03286],[7.85649,46.03367],[7.85787,46.03444],[7.85984,46.03449],[7.86217,46.03469],[7.86505,46.03444],[7.86699,46.03407],[7.86797,46.03367],[7.86864,46.03372],[7.86875,46.03409],[7.87033,46.0346],[7.87795,46.03413]]]}},{"type":"Feature","properties":{"name":"Mellichgletscher","nameDe":null,"areaKm2":2.6728,"osmId":34291878},"geometry":{"type":"Polygon","coordinates":[[[7.86662,46.03615],[7.86632,46.03676],[7.86484,46.03805],[7.86496,46.03846],[7.86378,46.03935],[7.86387,46.03956],[7.86347,46.03988],[7.86028,46.04068],[7.86016,46.04141],[7.85924,46.04176],[7.8588,46.04219],[7.85764,46.04241],[7.85901,46.04307],[7.86338,46.04388],[7.8649,46.04332],[7.86633,46.04313],[7.86679,46.04348],[7.86672,46.04393],[7.8677,46.04453],[7.87043,46.04485],[7.87394,46.04465],[7.87634,46.0449],[7.87724,46.04488],[7.87989,46.04593],[7.88164,46.0459],[7.88252,46.04576],[7.88372,46.04542],[7.88578,46.0455],[7.88818,46.04507],[7.88973,46.04362],[7.88984,46.04247],[7.88949,46.04141],[7.88817,46.04074],[7.8864,46.04121],[7.88584,46.04125],[7.88599,46.04059],[7.88767,46.03975],[7.88795,46.03914],[7.88796,46.03834],[7.88887,46.038],[7.88995,46.03818],[7.89177,46.03818],[7.89317,46.03849],[7.89402,46.03907],[7.89664,46.03963],[7.89734,46.03922],[7.89738,46.03826],[7.8952,46.03693],[7.89511,46.03614],[7.89532,46.03477],[7.89473,46.03539],[7.894,46.03504],[7.89117,46.03334],[7.88939,46.03168],[7.8848,46.03273],[7.88056,46.03402],[7.88065,46.0345],[7.87863,46.03528],[7.87795,46.03413],[7.87033,46.0346],[7.86875,46.03409],[7.86662,46.03615]]]}},{"type":"Feature","properties":{"name":"Hohlaubgletscher","nameDe":null,"areaKm2":1.8788,"osmId":34291880},"geometry":{"type":"Polygon","coordinates":[[[7.90638,46.05656],[7.90838,46.05865],[7.90947,46.06037],[7.911,46.06157],[7.91445,46.06251],[7.91652,46.06227],[7.91778,46.06155],[7.91878,46.06132],[7.9213,46.06028],[7.92867,46.05868],[7.92962,46.0582],[7.93155,46.05664],[7.93269,46.05605],[7.93176,46.05483],[7.93107,46.05465],[7.92828,46.05502],[7.92506,46.05583],[7.92257,46.05551],[7.91984,46.05437],[7.91837,46.05481],[7.91683,46.05412],[7.91534,46.05397],[7.91346,46.05233],[7.91223,46.05224],[7.91121,46.05436],[7.90993,46.05333],[7.90935,46.05213],[7.90966,46.05078],[7.90907,46.05008],[7.90829,46.04945],[7.90699,46.04929],[7.90688,46.04806],[7.90438,46.04706],[7.90361,46.04618],[7.90116,46.04579],[7.90005,46.046],[7.8996,46.04647],[7.89784,46.04665],[7.89801,46.04623],[7.89817,46.04609],[7.89741,46.04587],[7.89663,46.04594],[7.89639,46.04641],[7.89643,46.04652],[7.89682,46.04641],[7.89698,46.04648],[7.8963,46.04682],[7.89619,46.0466],[7.89634,46.04591],[7.89554,46.04571],[7.89516,46.04582],[7.89461,46.04611],[7.8955,46.04845],[7.89562,46.0482],[7.896,46.048],[7.89856,46.04777],[7.89933,46.04866],[7.89789,46.05043],[7.90226,46.05251],[7.90464,46.05501],[7.90638,46.05656]]]}},{"type":"Feature","properties":{"name":"Festigletscher","nameDe":null,"areaKm2":1.5297,"osmId":34291885},"geometry":{"type":"Polygon","coordinates":[[[7.82142,46.09953],[7.82409,46.09981],[7.82494,46.10018],[7.82607,46.10012],[7.82757,46.10045],[7.83363,46.10129],[7.83497,46.10129],[7.84182,46.10191],[7.84337,46.1017],[7.84458,46.10164],[7.8464,46.10124],[7.84769,46.10112],[7.84867,46.10073],[7.85025,46.0993],[7.85113,46.09832],[7.85124,46.09811],[7.85052,46.09798],[7.85045,46.09757],[7.85046,46.09716],[7.85084,46.09656],[7.84906,46.0964],[7.8486,46.09651],[7.84791,46.09656],[7.84759,46.09699],[7.84623,46.09727],[7.84584,46.09742],[7.84576,46.09751],[7.84543,46.09753],[7.84461,46.0979],[7.84447,46.09817],[7.84409,46.09817],[7.84323,46.09773],[7.84313,46.09749],[7.84332,46.09703],[7.84427,46.09668],[7.84498,46.09658],[7.84554,46.09667],[7.84634,46.09642],[7.84693,46.09634],[7.84714,46.0965],[7.84737,46.0965],[7.84825,46.09625],[7.84926,46.09624],[7.85162,46.09638],[7.85222,46.09617],[7.85532,46.09584],[7.85543,46.09554],[7.85484,46.09493],[7.85386,46.09479],[7.85271,46.09545],[7.85247,46.09541],[7.85209,46.0946],[7.85231,46.09416],[7.85172,46.09389],[7.85125,46.09391],[7.85093,46.09404],[7.84988,46.09424],[7.84916,46.09426],[7.84863,46.09436],[7.8483,46.09421],[7.84781,46.09415],[7.8474,46.09426],[7.8467,46.09429],[7.8465,46.09441],[7.84564,46.09446],[7.84449,46.09402],[7.84449,46.09386],[7.84433,46.09379],[7.84405,46.09372],[7.84384,46.09379],[7.84376,46.09361],[7.84355,46.09348],[7.84278,46.09352],[7.84273,46.0933],[7.8426,46.0934],[7.84215,46.0934],[7.84198,46.09331],[7.84177,46.09338],[7.84155,46.09371],[7.84086,46.09424],[7.84071,46.09452],[7.84045,46.09441],[7.84062,46.09393],[7.84052,46.09372],[7.83985,46.09367],[7.83941,46.09377],[7.83877,46.09412],[7.8381,46.09406],[7.83789,46.09428],[7.83769,46.09433],[7.83758,46.09473],[7.83731,46.09495],[7.83697,46.09514],[7.83647,46.09516],[7.83632,46.09493],[7.83607,46.09484],[7.83621,46.09472],[7.83655,46.09469],[7.83649,46.09446],[7.83583,46.0943],[7.83559,46.09406],[7.83498,46.0937],[7.8338,46.09357],[7.83368,46.09358],[7.83361,46.09373],[7.83342,46.09375],[7.83325,46.09395],[7.83301,46.09396],[7.83305,46.09431],[7.83296,46.09453],[7.83238,46.09478],[7.8321,46.09524],[7.83192,46.09577],[7.83101,46.09628],[7.83011,46.09633],[7.829,46.09628],[7.82854,46.09642],[7.82635,46.09648],[7.82522,46.09627],[7.82477,46.09625],[7.82389,46.09583],[7.82348,46.09578],[7.82305,46.09553],[7.82287,46.09557],[7.82265,46.09589],[7.82198,46.09601],[7.8207,46.09597],[7.81974,46.09617],[7.81974,46.09636],[7.82083,46.0969],[7.82242,46.09707],[7.82303,46.09739],[7.82401,46.09774],[7.82258,46.09836],[7.8216,46.09861],[7.82158,46.099],[7.82135,46.09945],[7.82142,46.09953]]]}},{"type":"Feature","properties":{"name":"Kingletscher","nameDe":null,"areaKm2":0.9897,"osmId":34291886},"geometry":{"type":"Polygon","coordinates":[[[7.82558,46.0878],[7.8249,46.08806],[7.82493,46.08835],[7.82508,46.08839],[7.82612,46.08931],[7.82616,46.09044],[7.82711,46.09111],[7.82825,46.09166],[7.8309,46.09173],[7.83266,46.09161],[7.83455,46.09237],[7.83637,46.09245],[7.83813,46.09242],[7.84252,46.09202],[7.84801,46.09323],[7.85076,46.09185],[7.8537,46.09],[7.85424,46.08884],[7.85298,46.08761],[7.8509,46.08756],[7.84896,46.08689],[7.84527,46.08842],[7.84183,46.08808],[7.83909,46.08808],[7.8408,46.08876],[7.83737,46.08833],[7.83428,46.08808],[7.83045,46.08792],[7.82879,46.08732],[7.828,46.08765],[7.82558,46.0878]]]}},{"type":"Feature","properties":{"name":"Kingletscher","nameDe":null,"areaKm2":0.7126,"osmId":34291887},"geometry":{"type":"Polygon","coordinates":[[[7.82924,46.08204],[7.82844,46.08259],[7.82844,46.08296],[7.82819,46.08339],[7.82821,46.08367],[7.82893,46.08417],[7.82902,46.08436],[7.83003,46.08461],[7.831,46.08438],[7.83233,46.08522],[7.83226,46.08597],[7.83288,46.08634],[7.83506,46.08617],[7.8372,46.08716],[7.84012,46.08728],[7.84246,46.08684],[7.84497,46.08591],[7.84445,46.08476],[7.84337,46.08347],[7.84117,46.083],[7.84201,46.08131],[7.83999,46.07948],[7.83651,46.07963],[7.83327,46.08026],[7.83246,46.0816],[7.83178,46.08173],[7.83048,46.08165],[7.82988,46.08173],[7.82924,46.08204]]]}},{"type":"Feature","properties":{"name":"Glacier des Manzettes","nameDe":null,"areaKm2":0.7075,"osmId":34561364},"geometry":{"type":"Polygon","coordinates":[[[7.59158,46.02461],[7.59107,46.02569],[7.59006,46.02636],[7.58961,46.02697],[7.58979,46.02722],[7.59032,46.02752],[7.59121,46.02738],[7.59172,46.02793],[7.58792,46.03031],[7.58879,46.03073],[7.5924,46.02977],[7.59409,46.0297],[7.5962,46.02823],[7.59695,46.02676],[7.59855,46.02586],[7.59897,46.02504],[7.60088,46.02338],[7.60185,46.02337],[7.60286,46.02304],[7.60332,46.02255],[7.60398,46.02258],[7.60449,46.0232],[7.60561,46.02301],[7.60663,46.02169],[7.60853,46.0231],[7.61025,46.02322],[7.61074,46.0227],[7.61034,46.02174],[7.61046,46.0207],[7.6107,46.02012],[7.61015,46.01992],[7.60988,46.0194],[7.60985,46.01889],[7.60801,46.01859],[7.60742,46.01878],[7.60652,46.01895],[7.60626,46.01933],[7.60615,46.0197],[7.60556,46.01966],[7.60476,46.01941],[7.60356,46.02036],[7.60441,46.02131],[7.60352,46.0215],[7.60247,46.0214],[7.60033,46.02094],[7.59858,46.02193],[7.59849,46.02244],[7.59635,46.02286],[7.59427,46.02375],[7.59314,46.02353],[7.59197,46.02265],[7.5902,46.02356],[7.59158,46.02461]]]}},{"type":"Feature","properties":{"name":null,"nameDe":null,"areaKm2":0.8629,"osmId":34561366},"geometry":{"type":"Polygon","coordinates":[[[7.59177,46.04023],[7.59087,46.04089],[7.59073,46.04126],[7.59129,46.0414],[7.59112,46.0419],[7.59187,46.04201],[7.59225,46.04249],[7.59285,46.04296],[7.59295,46.04345],[7.59388,46.04313],[7.59506,46.04241],[7.59715,46.0422],[7.59882,46.04135],[7.60186,46.04033],[7.60241,46.04043],[7.60256,46.04074],[7.60212,46.04139],[7.59976,46.04203],[7.59999,46.04221],[7.59955,46.04237],[7.59904,46.04242],[7.59784,46.04285],[7.59688,46.04342],[7.59727,46.04388],[7.59565,46.04482],[7.59604,46.04496],[7.59681,46.045],[7.59853,46.04483],[7.59941,46.04537],[7.60041,46.04512],[7.60184,46.04428],[7.6018,46.04397],[7.60208,46.04352],[7.60276,46.04303],[7.6038,46.04267],[7.6044,46.04226],[7.60556,46.0418],[7.60748,46.04134],[7.6084,46.04065],[7.60864,46.04008],[7.60871,46.03955],[7.60787,46.03864],[7.60725,46.03822],[7.60603,46.03809],[7.60533,46.03769],[7.60421,46.03722],[7.60423,46.0365],[7.60328,46.03633],[7.6022,46.03594],[7.60105,46.03565],[7.59958,46.03497],[7.59802,46.03449],[7.59619,46.03451],[7.59584,46.03571],[7.59766,46.03616],[7.59808,46.0366],[7.59723,46.03699],[7.59589,46.03736],[7.59482,46.03783],[7.59493,46.03817],[7.59433,46.03854],[7.59275,46.03868],[7.591,46.0395],[7.59041,46.0396],[7.59065,46.04017],[7.59177,46.04023]]]}},{"type":"Feature","properties":{"name":"Glacier du Besso","nameDe":null,"areaKm2":0.2502,"osmId":34561369},"geometry":{"type":"Polygon","coordinates":[[[7.65557,46.07521],[7.65611,46.07537],[7.65696,46.07524],[7.65739,46.07496],[7.65746,46.07443],[7.65732,46.0741],[7.65778,46.0739],[7.65778,46.07375],[7.65827,46.07356],[7.65946,46.07327],[7.65981,46.07273],[7.66019,46.07246],[7.66164,46.0723],[7.66235,46.07167],[7.6623,46.07153],[7.66261,46.07124],[7.66275,46.07126],[7.66299,46.07115],[7.66305,46.07092],[7.66329,46.07068],[7.66368,46.07047],[7.6637,46.0703],[7.66354,46.07013],[7.66355,46.06985],[7.66342,46.06962],[7.66133,46.06943],[7.66024,46.06917],[7.65969,46.06943],[7.65967,46.06984],[7.66039,46.07025],[7.65678,46.07049],[7.65578,46.07039],[7.65509,46.07101],[7.65481,46.07178],[7.65399,46.07276],[7.65557,46.07521]]]}},{"type":"Feature","properties":{"name":null,"nameDe":null,"areaKm2":0.7405,"osmId":34561371},"geometry":{"type":"Polygon","coordinates":[[[7.59375,46.05577],[7.59532,46.05534],[7.59766,46.05525],[7.6038,46.05397],[7.60484,46.05352],[7.6049,46.05183],[7.60672,46.05103],[7.60769,46.05004],[7.60727,46.04826],[7.6066,46.04766],[7.6054,46.04748],[7.60264,46.0476],[7.60128,46.04772],[7.59966,46.04809],[7.60053,46.04885],[7.60035,46.0495],[7.5995,46.0492],[7.59831,46.04904],[7.59705,46.04905],[7.59569,46.04948],[7.59369,46.0499],[7.59366,46.05112],[7.59267,46.05132],[7.59292,46.05263],[7.59261,46.05357],[7.58984,46.05377],[7.59005,46.05428],[7.5921,46.05536],[7.59375,46.05577]]]}},{"type":"Feature","properties":{"name":null,"nameDe":null,"areaKm2":0.2374,"osmId":35270885},"geometry":{"type":"Polygon","coordinates":[[[7.87278,46.10066],[7.87298,46.10106],[7.87398,46.10121],[7.87558,46.10201],[7.87686,46.1028],[7.87826,46.10276],[7.88051,46.10251],[7.88183,46.10228],[7.88284,46.10259],[7.8839,46.10248],[7.88701,46.10182],[7.88755,46.10085],[7.88701,46.10071],[7.8856,46.10065],[7.88494,46.10078],[7.88396,46.10075],[7.88305,46.10027],[7.88221,46.10042],[7.88066,46.09973],[7.88034,46.09979],[7.87972,46.1001],[7.87875,46.09995],[7.87792,46.10031],[7.87756,46.10022],[7.87643,46.1007],[7.87585,46.10064],[7.87576,46.10015],[7.87459,46.10012],[7.87429,46.09995],[7.87366,46.09982],[7.87339,46.10023],[7.87303,46.10035],[7.87278,46.10066]]]}},{"type":"Feature","properties":{"name":null,"nameDe":null,"areaKm2":0.8294,"osmId":35880079},"geometry":{"type":"Polygon","coordinates":[[[7.86862,45.94338],[7.86699,45.94428],[7.86676,45.94431],[7.86667,45.94453],[7.86572,45.94459],[7.86493,45.94481],[7.86403,45.94556],[7.86379,45.946],[7.8638,45.94672],[7.86372,45.94692],[7.86335,45.94692],[7.86315,45.94671],[7.86276,45.94672],[7.86295,45.94734],[7.86282,45.94777],[7.8622,45.94897],[7.86212,45.94965],[7.86113,45.95],[7.86013,45.95095],[7.85961,45.95123],[7.85932,45.95123],[7.85881,45.95145],[7.85871,45.95181],[7.85839,45.95215],[7.85785,45.95224],[7.85785,45.95245],[7.85717,45.95247],[7.85702,45.95267],[7.8566,45.95268],[7.85618,45.95305],[7.85655,45.95318],[7.8569,45.95343],[7.85679,45.95364],[7.85684,45.95426],[7.85667,45.95441],[7.85627,45.95445],[7.85582,45.9547],[7.85577,45.95497],[7.8555,45.95528],[7.855,45.95577],[7.85424,45.95632],[7.85476,45.95645],[7.85404,45.95691],[7.85367,45.95696],[7.85358,45.95734],[7.85526,45.9573],[7.8565,45.9575],[7.85769,45.95733],[7.85948,45.95751],[7.86067,45.95689],[7.86051,45.95668],[7.8608,45.9566],[7.86074,45.95638],[7.86048,45.95638],[7.86038,45.95617],[7.85987,45.95606],[7.86,45.9557],[7.86084,45.95496],[7.86155,45.95478],[7.86208,45.95495],[7.86263,45.95421],[7.8631,45.95402],[7.86418,45.9527],[7.86551,45.95293],[7.86558,45.95269],[7.86596,45.95271],[7.86601,45.95242],[7.86643,45.95265],[7.86687,45.95252],[7.86693,45.95208],[7.86711,45.95232],[7.86743,45.9524],[7.86771,45.9522],[7.86763,45.95128],[7.86723,45.95154],[7.86709,45.95132],[7.86727,45.95115],[7.86707,45.95082],[7.86789,45.95083],[7.86801,45.9506],[7.86843,45.95032],[7.86844,45.94939],[7.86881,45.94937],[7.87007,45.94878],[7.87024,45.94834],[7.87064,45.94818],[7.87088,45.94785],[7.87034,45.94768],[7.86999,45.94743],[7.87023,45.94717],[7.87068,45.94707],[7.87076,45.94663],[7.87134,45.94648],[7.87129,45.94582],[7.87109,45.94574],[7.87104,45.94539],[7.87129,45.94509],[7.8711,45.94483],[7.87137,45.94408],[7.87133,45.94357],[7.87087,45.94323],[7.87085,45.94275],[7.87051,45.94272],[7.87012,45.94239],[7.86984,45.94229],[7.86862,45.94338]]]}},{"type":"Feature","properties":{"name":"Ghiacciaio di Valtournenche","nameDe":null,"areaKm2":0.3116,"osmId":60356683},"geometry":{"type":"Polygon","coordinates":[[[7.70644,45.92797],[7.70619,45.92774],[7.70606,45.92744],[7.70568,45.92715],[7.70585,45.92663],[7.70565,45.92627],[7.70514,45.92594],[7.70437,45.92501],[7.7025,45.92471],[7.70206,45.92491],[7.70178,45.9256],[7.69931,45.92619],[7.69961,45.92714],[7.6996,45.92793],[7.69944,45.92862],[7.69962,45.92894],[7.7004,45.92888],[7.70129,45.92856],[7.7014,45.92813],[7.70171,45.92812],[7.70191,45.92836],[7.70338,45.92858],[7.70362,45.92872],[7.70241,45.92911],[7.70295,45.92963],[7.70252,45.92995],[7.70348,45.93174],[7.7038,45.93194],[7.70467,45.93187],[7.70462,45.93225],[7.70543,45.93252],[7.70556,45.93286],[7.70642,45.93331],[7.70701,45.93332],[7.70823,45.93283],[7.70734,45.9327],[7.70644,45.92797]]]}},{"type":"Feature","properties":{"name":"Kinflanke","nameDe":null,"areaKm2":0.1425,"osmId":165329441},"geometry":{"type":"Polygon","coordinates":[[[7.85438,46.08311],[7.85257,46.0833],[7.84896,46.08689],[7.8498,46.08714],[7.85615,46.0854],[7.85685,46.0839],[7.85652,46.08356],[7.85596,46.08336],[7.85438,46.08311]]]}},{"type":"Feature","properties":{"name":null,"nameDe":null,"areaKm2":0.3315,"osmId":233149995},"geometry":{"type":"Polygon","coordinates":[[[7.58095,46.08171],[7.58171,46.08168],[7.58255,46.08125],[7.58343,46.0813],[7.58446,46.08015],[7.58624,46.08147],[7.58718,46.0817],[7.58802,46.08117],[7.58814,46.08062],[7.58873,46.07986],[7.58833,46.07908],[7.58758,46.07925],[7.58711,46.07905],[7.58563,46.07901],[7.58491,46.07927],[7.58464,46.07906],[7.58496,46.07871],[7.58813,46.07862],[7.58872,46.07796],[7.58848,46.07724],[7.58757,46.07663],[7.58602,46.0763],[7.58533,46.07643],[7.58472,46.07681],[7.58286,46.07651],[7.58133,46.07617],[7.58062,46.0761],[7.58,46.07618],[7.58005,46.08162],[7.58095,46.08171]]]}},{"type":"Feature","properties":{"name":null,"nameDe":null,"areaKm2":0.6895,"osmId":233480094},"geometry":{"type":"Polygon","coordinates":[[[7.62174,46.06144],[7.62084,46.06153],[7.62001,46.06144],[7.6194,46.06111],[7.61861,46.06107],[7.61842,46.06074],[7.61906,46.06023],[7.61885,46.05964],[7.61739,46.05904],[7.61705,46.05873],[7.61681,46.05805],[7.61639,46.05748],[7.61658,46.05719],[7.61694,46.05725],[7.6173,46.05777],[7.61775,46.05793],[7.61824,46.05718],[7.6184,46.05675],[7.61827,46.05517],[7.61859,46.0548],[7.61936,46.0542],[7.62044,46.05378],[7.62156,46.05365],[7.62176,46.05354],[7.62133,46.0532],[7.62059,46.053],[7.62038,46.05282],[7.62061,46.05255],[7.6205,46.05227],[7.61914,46.05219],[7.61819,46.05181],[7.61643,46.05091],[7.61607,46.0508],[7.6155,46.05102],[7.61465,46.05123],[7.61408,46.05117],[7.61386,46.05131],[7.61406,46.05203],[7.61357,46.05209],[7.61397,46.053],[7.61467,46.05357],[7.61583,46.05344],[7.61608,46.05382],[7.61447,46.05514],[7.61417,46.0555],[7.61303,46.05592],[7.61251,46.05625],[7.61221,46.05706],[7.61226,46.05784],[7.61213,46.0581],[7.61259,46.05949],[7.61243,46.0599],[7.61268,46.06072],[7.61246,46.06099],[7.61265,46.06152],[7.61273,46.06218],[7.61292,46.06262],[7.61334,46.06269],[7.6137,46.06315],[7.61372,46.06414],[7.61432,46.06414],[7.61461,46.06444],[7.61624,46.06493],[7.61717,46.06497],[7.61853,46.06472],[7.62049,46.06475],[7.62074,46.06433],[7.61999,46.063],[7.62058,46.06281],[7.62144,46.06292],[7.62221,46.06224],[7.62174,46.06144]]]}},{"type":"Feature","properties":{"name":null,"nameDe":null,"areaKm2":0.024,"osmId":233480095},"geometry":{"type":"Polygon","coordinates":[[[7.62131,46.03718],[7.62036,46.03784],[7.62031,46.03826],[7.62062,46.03863],[7.62103,46.03874],[7.62208,46.03836],[7.62294,46.03783],[7.62303,46.03769],[7.62285,46.03745],[7.62197,46.03712],[7.62154,46.0371],[7.62131,46.03718]]]}},{"type":"Feature","properties":{"name":null,"nameDe":null,"areaKm2":0.4505,"osmId":233480098},"geometry":{"type":"Polygon","coordinates":[[[7.65828,46.0446],[7.65906,46.0441],[7.66063,46.04394],[7.6609,46.04364],[7.66095,46.04348],[7.66075,46.04324],[7.66074,46.0427],[7.66129,46.04275],[7.66167,46.04256],[7.66242,46.04068],[7.66274,46.0405],[7.66259,46.04027],[7.6627,46.03998],[7.66258,46.0398],[7.66267,46.03965],[7.66252,46.03963],[7.66241,46.03931],[7.66262,46.03913],[7.66247,46.03887],[7.66245,46.03859],[7.66266,46.03839],[7.66254,46.03798],[7.66267,46.03758],[7.66252,46.03726],[7.66212,46.0369],[7.66155,46.0368],[7.6593,46.03698],[7.65819,46.03676],[7.65777,46.03702],[7.65839,46.03749],[7.65837,46.038],[7.65825,46.03824],[7.65846,46.03912],[7.658,46.03919],[7.65687,46.03904],[7.65617,46.03872],[7.65645,46.03794],[7.65676,46.03767],[7.65612,46.03716],[7.65651,46.03696],[7.65655,46.03672],[7.65706,46.03674],[7.65707,46.03644],[7.65657,46.03618],[7.65591,46.03595],[7.65549,46.03609],[7.6552,46.03593],[7.65242,46.03527],[7.65155,46.03595],[7.65158,46.03617],[7.65219,46.03757],[7.65275,46.03757],[7.65312,46.03807],[7.65404,46.03846],[7.65399,46.03985],[7.65356,46.04079],[7.65394,46.04097],[7.65469,46.04109],[7.65552,46.04091],[7.65629,46.04093],[7.65684,46.04133],[7.6575,46.04121],[7.65782,46.04134],[7.65828,46.04132],[7.6595,46.04192],[7.65917,46.04225],[7.65897,46.04278],[7.65782,46.04309],[7.65559,46.04297],[7.65631,46.04494],[7.65828,46.0446]]]}},{"type":"Feature","properties":{"name":null,"nameDe":null,"areaKm2":0.0829,"osmId":233480103},"geometry":{"type":"Polygon","coordinates":[[[7.61989,46.05703],[7.62031,46.05712],[7.6211,46.05757],[7.62162,46.05776],[7.62201,46.05814],[7.62222,46.05859],[7.62292,46.05829],[7.62281,46.05794],[7.62296,46.0577],[7.62282,46.05716],[7.62209,46.05692],[7.62188,46.05661],[7.62185,46.05635],[7.62264,46.0562],[7.62295,46.05601],[7.62449,46.05589],[7.62455,46.05569],[7.62445,46.05545],[7.62349,46.05536],[7.62288,46.05494],[7.62228,46.05504],[7.6215,46.05503],[7.62108,46.05488],[7.62016,46.05478],[7.61969,46.05531],[7.61932,46.05549],[7.61913,46.05578],[7.61914,46.05618],[7.61989,46.05703]]]}},{"type":"Feature","properties":{"name":null,"nameDe":null,"areaKm2":0.086,"osmId":233480104},"geometry":{"type":"Polygon","coordinates":[[[7.60638,46.08311],[7.60714,46.08387],[7.60766,46.08485],[7.60824,46.08526],[7.60853,46.08519],[7.60928,46.08424],[7.6094,46.08369],[7.60962,46.08332],[7.60914,46.08223],[7.60941,46.0821],[7.60918,46.08171],[7.6087,46.08184],[7.60804,46.08161],[7.60737,46.08147],[7.60626,46.08154],[7.60553,46.08147],[7.60538,46.08187],[7.6051,46.08201],[7.60498,46.08239],[7.605,46.08249],[7.60524,46.08259],[7.60547,46.08298],[7.6055,46.0828],[7.60574,46.08273],[7.60638,46.08311]]]}},{"type":"Feature","properties":{"name":null,"nameDe":null,"areaKm2":0.0781,"osmId":233480108},"geometry":{"type":"Polygon","coordinates":[[[7.62574,46.0523],[7.62726,46.05378],[7.6276,46.05408],[7.62804,46.05395],[7.62818,46.05419],[7.62862,46.05428],[7.62946,46.05343],[7.62899,46.0525],[7.62908,46.05213],[7.62812,46.05167],[7.62834,46.05128],[7.62811,46.05107],[7.62754,46.05104],[7.62701,46.05056],[7.62656,46.05031],[7.62634,46.05062],[7.6254,46.05096],[7.62539,46.05134],[7.62574,46.0523]]]}},{"type":"Feature","properties":{"name":"Ghiacciaio del Piccolo Fillar","nameDe":null,"areaKm2":0.3355,"osmId":236417667},"geometry":{"type":"Polygon","coordinates":[[[7.88687,45.95519],[7.88683,45.95529],[7.88633,45.95549],[7.88615,45.9557],[7.88737,45.95676],[7.88751,45.95701],[7.88735,45.95714],[7.88722,45.95712],[7.88658,45.95628],[7.88566,45.95589],[7.88535,45.95584],[7.88493,45.95599],[7.88449,45.95602],[7.88342,45.95562],[7.88297,45.956],[7.88316,45.95647],[7.88297,45.95683],[7.88295,45.95769],[7.88274,45.95867],[7.88263,45.95878],[7.88234,45.95832],[7.8811,45.9579],[7.88012,45.95793],[7.87998,45.95811],[7.88024,45.95865],[7.88012,45.95887],[7.88056,45.95931],[7.88075,45.95964],[7.88112,45.9598],[7.8816,45.96016],[7.88235,45.96021],[7.88319,45.9606],[7.88306,45.96021],[7.88329,45.96015],[7.88328,45.95966],[7.8844,45.95958],[7.88433,45.95932],[7.88439,45.95918],[7.8851,45.95945],[7.88593,45.95916],[7.88615,45.95919],[7.88675,45.95965],[7.88745,45.9596],[7.88773,45.96015],[7.88857,45.96045],[7.8889,45.96049],[7.88992,45.96033],[7.89038,45.96012],[7.89058,45.95957],[7.8901,45.95865],[7.89008,45.95838],[7.89078,45.95806],[7.8908,45.95793],[7.89027,45.95727],[7.89034,45.95679],[7.88933,45.9566],[7.88906,45.95664],[7.889,45.95653],[7.88928,45.95639],[7.88958,45.95609],[7.89009,45.95591],[7.89026,45.95561],[7.89013,45.95545],[7.88987,45.95556],[7.88951,45.9552],[7.88926,45.95485],[7.8894,45.95435],[7.88872,45.95357],[7.88849,45.95346],[7.88757,45.95363],[7.88727,45.95394],[7.88708,45.95486],[7.88658,45.95503],[7.88687,45.95519]]]}},{"type":"Feature","properties":{"name":"Ghiacciaio Nord delle Locce","nameDe":null,"areaKm2":1.1208,"osmId":236520375},"geometry":{"type":"Polygon","coordinates":[[[7.91415,45.93298],[7.91385,45.93336],[7.91355,45.93341],[7.91299,45.93388],[7.91254,45.9348],[7.91094,45.93687],[7.91057,45.93777],[7.91053,45.93848],[7.91013,45.93921],[7.9095,45.93945],[7.90983,45.94001],[7.90945,45.94072],[7.90871,45.94099],[7.9102,45.94159],[7.91,45.94118],[7.91022,45.9404],[7.91063,45.93983],[7.91139,45.93813],[7.91323,45.93749],[7.91502,45.93533],[7.915,45.93417],[7.91675,45.93298],[7.91813,45.93283],[7.91879,45.93309],[7.91936,45.9337],[7.92124,45.93416],[7.92212,45.93484],[7.92253,45.93619],[7.92253,45.93652],[7.92328,45.93713],[7.92488,45.93705],[7.92724,45.93585],[7.92404,45.9358],[7.9235,45.9355],[7.92281,45.93438],[7.92253,45.93346],[7.92218,45.93279],[7.91954,45.93115],[7.9197,45.93014],[7.92108,45.92901],[7.92276,45.92782],[7.92371,45.92571],[7.9247,45.92472],[7.92504,45.92383],[7.92388,45.92275],[7.92369,45.92175],[7.92306,45.92153],[7.92131,45.92186],[7.91982,45.92237],[7.91879,45.92286],[7.91783,45.92276],[7.91664,45.92254],[7.91545,45.92281],[7.91356,45.92333],[7.91242,45.92437],[7.91265,45.92509],[7.91235,45.92587],[7.91059,45.92671],[7.91012,45.92715],[7.90997,45.92753],[7.91043,45.92817],[7.91047,45.92892],[7.91085,45.92934],[7.91151,45.92966],[7.91228,45.92991],[7.91274,45.92973],[7.91288,45.92885],[7.91329,45.92863],[7.91388,45.92944],[7.91432,45.9306],[7.91354,45.93222],[7.91415,45.93298]]]}},{"type":"Feature","properties":{"name":"Ghiacciaio del Pizzo Bianco","nameDe":null,"areaKm2":0.2262,"osmId":236520656},"geometry":{"type":"Polygon","coordinates":[[[7.9328,45.94087],[7.93344,45.94037],[7.93443,45.93865],[7.93489,45.93811],[7.9349,45.93788],[7.93419,45.93747],[7.93281,45.93807],[7.93008,45.93959],[7.92884,45.94065],[7.92718,45.94122],[7.92595,45.94195],[7.92536,45.94298],[7.92555,45.9435],[7.92653,45.94371],[7.92738,45.94412],[7.92866,45.94388],[7.93062,45.94314],[7.93212,45.94195],[7.9328,45.94087]]]}},{"type":"Feature","properties":{"name":"Ghiacciaio di Roffel","nameDe":null,"areaKm2":0.3015,"osmId":236741591},"geometry":{"type":"Polygon","coordinates":[[[7.9086,45.99366],[7.90919,45.99461],[7.91027,45.99529],[7.91106,45.99527],[7.91195,45.99465],[7.91345,45.9945],[7.91508,45.99361],[7.91564,45.99245],[7.91601,45.99055],[7.9154,45.98982],[7.91527,45.9889],[7.9138,45.98854],[7.91281,45.98858],[7.91141,45.98919],[7.90923,45.99095],[7.90903,45.99272],[7.9086,45.99366]]]}},{"type":"Feature","properties":{"name":null,"nameDe":null,"areaKm2":0.0207,"osmId":236813904},"geometry":{"type":"Polygon","coordinates":[[[7.94242,45.91492],[7.9436,45.91429],[7.94389,45.91403],[7.94396,45.91365],[7.94332,45.91301],[7.94246,45.9133],[7.94219,45.9138],[7.94181,45.91401],[7.94165,45.91399],[7.94226,45.91462],[7.94242,45.91492]]]}},{"type":"Feature","properties":{"name":null,"nameDe":null,"areaKm2":0.05,"osmId":236813931},"geometry":{"type":"Polygon","coordinates":[[[7.9405,45.91552],[7.94072,45.91518],[7.94062,45.91502],[7.94008,45.91491],[7.93941,45.915],[7.93884,45.91537],[7.93835,45.91584],[7.93797,45.91552],[7.9368,45.91535],[7.93765,45.91599],[7.93757,45.91679],[7.9377,45.91708],[7.93773,45.91764],[7.93832,45.91762],[7.93878,45.91728],[7.93927,45.91706],[7.93989,45.91711],[7.94002,45.91721],[7.94026,45.91682],[7.94064,45.91647],[7.94055,45.91614],[7.93979,45.91543],[7.9405,45.91552]]]}},{"type":"Feature","properties":{"name":null,"nameDe":null,"areaKm2":0.226,"osmId":302965117},"geometry":{"type":"Polygon","coordinates":[[[7.84971,46.11679],[7.85165,46.11545],[7.85245,46.11533],[7.85349,46.11376],[7.85276,46.11331],[7.85118,46.11311],[7.84993,46.11327],[7.84812,46.11381],[7.84694,46.1137],[7.84523,46.11456],[7.84388,46.11447],[7.84324,46.1141],[7.8427,46.11398],[7.8425,46.11413],[7.84354,46.11563],[7.84345,46.11614],[7.846,46.11691],[7.84971,46.11679]]]}},{"type":"Feature","properties":{"name":null,"nameDe":null,"areaKm2":0.0215,"osmId":303244781},"geometry":{"type":"Polygon","coordinates":[[[7.93631,46.06291],[7.93655,46.06273],[7.93676,46.06242],[7.93666,46.06189],[7.93592,46.06151],[7.93485,46.06147],[7.93497,46.06293],[7.93487,46.06336],[7.93513,46.06326],[7.93551,46.06295],[7.93631,46.06291]]]}},{"type":"Feature","properties":{"name":null,"nameDe":null,"areaKm2":0.1521,"osmId":303244787},"geometry":{"type":"Polygon","coordinates":[[[7.83366,46.10682],[7.83449,46.10785],[7.83504,46.10818],[7.83604,46.10846],[7.83608,46.1087],[7.83573,46.10909],[7.8363,46.10936],[7.83648,46.1093],[7.83634,46.10869],[7.83677,46.10911],[7.83731,46.10868],[7.83751,46.10815],[7.83731,46.10798],[7.83672,46.1085],[7.8366,46.108],[7.83714,46.10745],[7.83749,46.10736],[7.8402,46.10496],[7.8402,46.10466],[7.84053,46.10439],[7.84054,46.1042],[7.84091,46.10369],[7.83934,46.10382],[7.83903,46.1041],[7.83882,46.10416],[7.83781,46.10409],[7.83734,46.10419],[7.83679,46.10418],[7.8363,46.10454],[7.83581,46.10449],[7.83489,46.10407],[7.83502,46.10466],[7.83535,46.10523],[7.83494,46.10595],[7.83477,46.10663],[7.83407,46.10691],[7.83391,46.10676],[7.83366,46.10682]]]}},{"type":"Feature","properties":{"name":"Hangende Gletscher","nameDe":null,"areaKm2":0.0059,"osmId":303373395},"geometry":{"type":"Polygon","coordinates":[[[7.92454,46.03122],[7.92471,46.03089],[7.92458,46.03069],[7.92436,46.03062],[7.92422,46.03038],[7.92397,46.03046],[7.92354,46.03092],[7.92372,46.03105],[7.9236,46.03123],[7.92378,46.03129],[7.92454,46.03122]]]}},{"type":"Feature","properties":{"name":"Hangende Gletscher","nameDe":null,"areaKm2":0.0788,"osmId":303373396},"geometry":{"type":"Polygon","coordinates":[[[7.9233,46.02919],[7.92486,46.02826],[7.92471,46.02787],[7.92479,46.02728],[7.92449,46.02709],[7.92439,46.0267],[7.92357,46.0259],[7.9235,46.02564],[7.92278,46.02598],[7.92299,46.02651],[7.92193,46.02623],[7.92109,46.02638],[7.92119,46.02721],[7.921,46.0276],[7.92194,46.02889],[7.92244,46.02923],[7.9233,46.02919]]]}},{"type":"Feature","properties":{"name":"Rothorngletscher","nameDe":null,"areaKm2":0.6223,"osmId":309606111},"geometry":{"type":"Polygon","coordinates":[[[7.70417,46.05681],[7.70523,46.05718],[7.70531,46.05791],[7.70596,46.05867],[7.7076,46.05967],[7.7094,46.06018],[7.7127,46.05945],[7.71341,46.05871],[7.7128,46.05823],[7.7114,46.05785],[7.71134,46.05779],[7.71188,46.05764],[7.71262,46.05767],[7.71335,46.05729],[7.71344,46.05629],[7.7132,46.05572],[7.71347,46.05476],[7.71306,46.05447],[7.71278,46.05412],[7.7124,46.05415],[7.71225,46.05447],[7.71164,46.05494],[7.71157,46.05453],[7.70935,46.0537],[7.70826,46.05307],[7.70798,46.05236],[7.70673,46.05233],[7.70581,46.05153],[7.70524,46.05196],[7.70474,46.05199],[7.70428,46.05216],[7.70433,46.05241],[7.70291,46.05204],[7.70175,46.05183],[7.70171,46.05255],[7.70213,46.05335],[7.70155,46.05394],[7.7004,46.05388],[7.69959,46.0528],[7.69883,46.05254],[7.69809,46.05294],[7.69799,46.05314],[7.69891,46.05449],[7.69975,46.05458],[7.70016,46.05497],[7.69975,46.05566],[7.70061,46.05644],[7.70417,46.05681]]]}},{"type":"Feature","properties":{"name":null,"nameDe":null,"areaKm2":0.0704,"osmId":333039205},"geometry":{"type":"Polygon","coordinates":[[[7.58089,45.91975],[7.58122,45.91971],[7.58155,45.91953],[7.58149,45.91916],[7.58167,45.919],[7.58133,45.91857],[7.58168,45.91836],[7.58211,45.91834],[7.58265,45.9178],[7.58283,45.91744],[7.58251,45.91701],[7.58236,45.91671],[7.58241,45.91656],[7.58215,45.91623],[7.58151,45.91595],[7.58111,45.9159],[7.58085,45.9153],[7.58073,45.91525],[7.58046,45.91528],[7.58031,45.91574],[7.58,45.91614],[7.58,45.91947],[7.5802,45.91944],[7.58089,45.91975]]]}},{"type":"Feature","properties":{"name":null,"nameDe":null,"areaKm2":0.1432,"osmId":333039453},"geometry":{"type":"Polygon","coordinates":[[[7.5816,45.93181],[7.58234,45.93172],[7.58309,45.93117],[7.58348,45.93071],[7.5834,45.92979],[7.58366,45.92949],[7.58388,45.92879],[7.58343,45.92807],[7.58283,45.92761],[7.58189,45.92726],[7.58066,45.92661],[7.58004,45.92623],[7.58,45.92603],[7.58,45.93254],[7.58134,45.93208],[7.5816,45.93181]]]}},{"type":"Feature","properties":{"name":null,"nameDe":null,"areaKm2":0.0187,"osmId":367132595},"geometry":{"type":"Polygon","coordinates":[[[7.92774,45.91694],[7.92824,45.91726],[7.92924,45.91729],[7.92986,45.91697],[7.93063,45.91622],[7.93026,45.91585],[7.92991,45.91611],[7.92969,45.91644],[7.92918,45.91648],[7.92833,45.91627],[7.92784,45.91632],[7.92765,45.91657],[7.92774,45.91694]]]}},{"type":"Feature","properties":{"name":"Ghiacciaio di Nordend","nameDe":null,"areaKm2":0.459,"osmId":367132597},"geometry":{"type":"Polygon","coordinates":[[[7.8951,45.95287],[7.89631,45.95354],[7.89776,45.95417],[7.89832,45.95408],[7.89897,45.95366],[7.8986,45.9531],[7.89863,45.95185],[7.89807,45.9509],[7.89523,45.94959],[7.89473,45.94918],[7.89388,45.94876],[7.89318,45.9489],[7.89285,45.94934],[7.89186,45.94925],[7.89122,45.94899],[7.89036,45.94896],[7.88961,45.94902],[7.8882,45.9482],[7.88754,45.94759],[7.88674,45.94754],[7.88639,45.94712],[7.88672,45.94634],[7.88681,45.94517],[7.88338,45.94388],[7.88278,45.94279],[7.88173,45.94231],[7.88043,45.94276],[7.88048,45.94377],[7.88039,45.94483],[7.88145,45.94568],[7.88182,45.9465],[7.88352,45.94723],[7.88421,45.94761],[7.88451,45.94832],[7.88562,45.94894],[7.88677,45.94933],[7.88826,45.94999],[7.89118,45.95097],[7.8926,45.95157],[7.89323,45.95162],[7.8951,45.95287]]]}},{"type":"Feature","properties":{"name":"Schaligletscher","nameDe":null,"areaKm2":0.2379,"osmId":383954264},"geometry":{"type":"Polygon","coordinates":[[[7.73647,46.09233],[7.73637,46.09286],[7.73664,46.09333],[7.73782,46.09397],[7.73793,46.0944],[7.73736,46.09501],[7.73624,46.09564],[7.7362,46.09665],[7.7351,46.09777],[7.73541,46.09794],[7.73508,46.09854],[7.73569,46.09887],[7.73627,46.09889],[7.73719,46.09929],[7.73797,46.09871],[7.7384,46.09805],[7.73765,46.09753],[7.73743,46.09675],[7.73771,46.09626],[7.73839,46.09566],[7.73953,46.09602],[7.74037,46.09567],[7.74098,46.09594],[7.74206,46.09562],[7.74206,46.0951],[7.74177,46.0941],[7.74135,46.09374],[7.74115,46.09339],[7.74037,46.09277],[7.74056,46.09149],[7.73777,46.09136],[7.73684,46.091],[7.73528,46.09058],[7.73495,46.09082],[7.73647,46.09233]]]}},{"type":"Feature","properties":{"name":"Weisshorngletscher","nameDe":null,"areaKm2":1.3516,"osmId":383954265},"geometry":{"type":"Polygon","coordinates":[[[7.69831,46.10797],[7.69639,46.10802],[7.69161,46.10785],[7.69062,46.10767],[7.68949,46.10782],[7.68774,46.10794],[7.68672,46.10791],[7.68626,46.10849],[7.68535,46.10857],[7.68479,46.10918],[7.68327,46.10956],[7.68284,46.11039],[7.68145,46.11018],[7.6806,46.11056],[7.68143,46.11106],[7.68126,46.11166],[7.68023,46.11162],[7.67932,46.11126],[7.67791,46.11102],[7.67702,46.1111],[7.67654,46.11142],[7.68167,46.11252],[7.68229,46.1124],[7.68406,46.11287],[7.68496,46.11372],[7.68725,46.11432],[7.68729,46.11463],[7.68671,46.11481],[7.68655,46.11516],[7.69046,46.11537],[7.69271,46.11535],[7.69608,46.11476],[7.69826,46.11498],[7.7001,46.11434],[7.70112,46.11429],[7.7024,46.11364],[7.70382,46.11359],[7.70556,46.11235],[7.70706,46.11174],[7.70732,46.11078],[7.70656,46.10943],[7.70663,46.10845],[7.70652,46.10753],[7.70599,46.10723],[7.70456,46.10745],[7.70379,46.10787],[7.70267,46.10777],[7.70089,46.10781],[7.69986,46.10813],[7.69831,46.10797]]]}},{"type":"Feature","properties":{"name":null,"nameDe":null,"areaKm2":0.5226,"osmId":442120846},"geometry":{"type":"Polygon","coordinates":[[[7.59649,46.03347],[7.59845,46.03273],[7.60159,46.03221],[7.60278,46.03228],[7.60422,46.03167],[7.60439,46.03122],[7.60409,46.03054],[7.60408,46.02941],[7.60514,46.02881],[7.60618,46.02771],[7.60755,46.02672],[7.60816,46.02613],[7.60915,46.02585],[7.60954,46.02483],[7.60909,46.02435],[7.60843,46.0242],[7.60755,46.02426],[7.60608,46.02552],[7.60338,46.02602],[7.60256,46.02625],[7.60198,46.0271],[7.60093,46.02711],[7.5999,46.02787],[7.59868,46.0285],[7.5979,46.02879],[7.59797,46.02937],[7.59754,46.03007],[7.598,46.03046],[7.59786,46.03086],[7.59679,46.03152],[7.59529,46.03181],[7.59399,46.03234],[7.59254,46.03253],[7.58975,46.03343],[7.58881,46.03389],[7.59023,46.03462],[7.59233,46.03494],[7.5945,46.03408],[7.59649,46.03347]]]}},{"type":"Feature","properties":{"name":null,"nameDe":null,"areaKm2":0.3149,"osmId":442267617},"geometry":{"type":"Polygon","coordinates":[[[7.72045,46.10003],[7.7173,46.10065],[7.71664,46.10109],[7.71669,46.10191],[7.716,46.1023],[7.71381,46.10529],[7.71223,46.10702],[7.71437,46.10736],[7.71561,46.1072],[7.71758,46.10658],[7.71652,46.10517],[7.71663,46.1048],[7.71904,46.10599],[7.7195,46.10703],[7.72112,46.10694],[7.72186,46.10697],[7.72205,46.10651],[7.72073,46.10535],[7.71932,46.1047],[7.71902,46.10408],[7.71921,46.10375],[7.72103,46.10459],[7.72118,46.10431],[7.71958,46.10338],[7.71753,46.10261],[7.71719,46.10198],[7.71944,46.10191],[7.7203,46.10169],[7.72122,46.10174],[7.72272,46.10227],[7.72299,46.10169],[7.72262,46.10096],[7.72371,46.10109],[7.72444,46.10093],[7.72371,46.10014],[7.72223,46.09993],[7.72045,46.10003]]]}},{"type":"Feature","properties":{"name":null,"nameDe":null,"areaKm2":0.2063,"osmId":442288588},"geometry":{"type":"Polygon","coordinates":[[[7.67436,45.97372],[7.67374,45.97202],[7.6721,45.97174],[7.67164,45.97171],[7.67067,45.97182],[7.67035,45.97196],[7.66956,45.97306],[7.66931,45.97453],[7.67003,45.97521],[7.66948,45.97597],[7.6689,45.97764],[7.67009,45.97874],[7.67064,45.9785],[7.67134,45.97743],[7.67105,45.97682],[7.67093,45.97627],[7.67193,45.9768],[7.67344,45.97644],[7.67436,45.97372]]]}},{"type":"Feature","properties":{"name":null,"nameDe":null,"areaKm2":0.0995,"osmId":442480239},"geometry":{"type":"Polygon","coordinates":[[[7.6159,45.97726],[7.6194,45.97599],[7.61865,45.97535],[7.6149,45.97534],[7.61347,45.97509],[7.61217,45.97593],[7.61155,45.97685],[7.6122,45.97751],[7.61455,45.97694],[7.6159,45.97726]]]}},{"type":"Feature","properties":{"name":null,"nameDe":null,"areaKm2":0.3985,"osmId":477017272},"geometry":{"type":"Polygon","coordinates":[[[7.91968,46.01227],[7.91676,46.01235],[7.91625,46.01072],[7.91438,46.0099],[7.91383,46.01034],[7.91289,46.0104],[7.91286,46.00952],[7.91149,46.0095],[7.91032,46.01066],[7.90974,46.01203],[7.9107,46.01366],[7.9118,46.01475],[7.91348,46.01534],[7.91354,46.01607],[7.91261,46.01637],[7.91315,46.01762],[7.91318,46.01817],[7.91394,46.01877],[7.91485,46.01894],[7.9158,46.01838],[7.91633,46.01766],[7.91465,46.01675],[7.91377,46.01664],[7.91405,46.01613],[7.91687,46.016],[7.91709,46.01512],[7.91788,46.0144],[7.9192,46.01412],[7.92018,46.01297],[7.91968,46.01227]]]}},{"type":"Feature","properties":{"name":null,"nameDe":null,"areaKm2":0.4911,"osmId":477017273},"geometry":{"type":"Polygon","coordinates":[[[7.89152,46.00836],[7.89834,46.01078],[7.9027,46.01099],[7.90488,46.01092],[7.90595,46.00935],[7.90524,46.00761],[7.90415,46.00697],[7.90149,46.00674],[7.89935,46.00664],[7.89813,46.00575],[7.89716,46.00598],[7.89452,46.00554],[7.89407,46.00595],[7.89309,46.00593],[7.89166,46.00635],[7.89074,46.00624],[7.88978,46.00629],[7.88972,46.00689],[7.89035,46.00772],[7.89152,46.00836]]]}},{"type":"Feature","properties":{"name":null,"nameDe":null,"areaKm2":0.0703,"osmId":639052045},"geometry":{"type":"Polygon","coordinates":[[[7.68606,46.02851],[7.68634,46.02748],[7.68478,46.02737],[7.68343,46.02713],[7.68265,46.02765],[7.68232,46.02827],[7.68255,46.02928],[7.68381,46.02962],[7.68455,46.03036],[7.68564,46.02959],[7.68545,46.02863],[7.68606,46.02851]]]}},{"type":"Feature","properties":{"name":"Ghiacciaio del Lys occidentale","nameDe":null,"areaKm2":3.8065,"osmId":653996665},"geometry":{"type":"Polygon","coordinates":[[[7.83458,45.91359],[7.83333,45.91342],[7.8329,45.91292],[7.83119,45.91307],[7.82971,45.9136],[7.82889,45.91354],[7.82617,45.91415],[7.82673,45.91367],[7.82759,45.91264],[7.82759,45.91144],[7.83033,45.91126],[7.83016,45.91076],[7.82891,45.90988],[7.82894,45.90863],[7.82915,45.90763],[7.82953,45.90689],[7.8289,45.90654],[7.82723,45.90429],[7.82595,45.9036],[7.82494,45.9023],[7.82446,45.90152],[7.82291,45.90101],[7.82199,45.90089],[7.8216,45.9014],[7.82183,45.90176],[7.82195,45.90236],[7.82331,45.90356],[7.82347,45.90417],[7.82342,45.90493],[7.82382,45.90542],[7.82465,45.90564],[7.8253,45.90632],[7.82602,45.90648],[7.82657,45.9077],[7.82635,45.90813],[7.82209,45.90792],[7.82197,45.90837],[7.82115,45.90918],[7.82182,45.9098],[7.82111,45.90964],[7.81948,45.90955],[7.81941,45.909],[7.81889,45.90827],[7.81797,45.90826],[7.8168,45.9084],[7.81613,45.90814],[7.81589,45.90831],[7.81607,45.90859],[7.81682,45.90919],[7.81712,45.90963],[7.81685,45.91002],[7.81693,45.91049],[7.81726,45.91115],[7.81624,45.9109],[7.81515,45.91023],[7.81402,45.91008],[7.8151,45.90875],[7.8154,45.90799],[7.81591,45.90721],[7.81662,45.90705],[7.81789,45.90699],[7.81849,45.90668],[7.81849,45.90483],[7.81904,45.90362],[7.81997,45.90293],[7.82087,45.90175],[7.82153,45.90048],[7.82159,45.89889],[7.82245,45.89619],[7.8221,45.89606],[7.82225,45.89531],[7.82145,45.89464],[7.8212,45.89466],[7.82086,45.89487],[7.8201,45.89601],[7.81929,45.89638],[7.81892,45.89724],[7.81867,45.897],[7.81852,45.89697],[7.81833,45.89854],[7.81792,45.8988],[7.81753,45.89937],[7.81503,45.90068],[7.81403,45.90158],[7.813,45.90337],[7.81226,45.90379],[7.81162,45.90586],[7.81082,45.90606],[7.81051,45.90846],[7.8099,45.90978],[7.80909,45.91031],[7.80933,45.9114],[7.80928,45.91218],[7.80869,45.91245],[7.80834,45.91187],[7.80584,45.91362],[7.8054,45.91514],[7.80583,45.91572],[7.80697,45.91827],[7.80697,45.91919],[7.80795,45.92002],[7.80893,45.9203],[7.81017,45.92048],[7.81068,45.92136],[7.81126,45.92169],[7.81142,45.922],[7.81498,45.92251],[7.81614,45.92304],[7.81729,45.92395],[7.81863,45.92409],[7.82025,45.92445],[7.82128,45.9246],[7.82147,45.92423],[7.82246,45.92374],[7.82293,45.92322],[7.82358,45.9234],[7.82546,45.92473],[7.82699,45.92464],[7.8289,45.92423],[7.83043,45.92444],[7.83119,45.92377],[7.8302,45.92245],[7.82882,45.92168],[7.82725,45.92132],[7.82536,45.92156],[7.82476,45.92185],[7.82424,45.92123],[7.82518,45.92062],[7.82646,45.92016],[7.8281,45.92012],[7.83,45.92022],[7.83095,45.92072],[7.8321,45.92064],[7.83276,45.92068],[7.83411,45.92035],[7.83474,45.9197],[7.83525,45.91937],[7.8356,45.91882],[7.8353,45.91836],[7.83497,45.91818],[7.83475,45.9173],[7.83427,45.91709],[7.83258,45.91595],[7.83212,45.91538],[7.83153,45.91523],[7.83225,45.9149],[7.83216,45.91529],[7.83267,45.91584],[7.83305,45.91607],[7.8333,45.91616],[7.83452,45.91624],[7.83495,45.91639],[7.83508,45.916],[7.83548,45.91586],[7.83458,45.91359]]]}},{"type":"Feature","properties":{"name":"Ghiacciaio del Garstelet","nameDe":null,"areaKm2":0.1415,"osmId":717905804},"geometry":{"type":"Polygon","coordinates":[[[7.85004,45.89828],[7.85069,45.89864],[7.85063,45.89899],[7.85045,45.89922],[7.85012,45.89932],[7.85012,45.89947],[7.85035,45.89958],[7.85057,45.89959],[7.85165,45.90013],[7.85128,45.90033],[7.85521,45.90213],[7.85526,45.90203],[7.85509,45.90187],[7.85472,45.90183],[7.85475,45.90174],[7.85501,45.90171],[7.85499,45.90153],[7.85451,45.90144],[7.85457,45.90129],[7.85491,45.90124],[7.85575,45.90189],[7.85602,45.90183],[7.85612,45.90166],[7.85563,45.90132],[7.85569,45.90061],[7.8561,45.90045],[7.85526,45.8997],[7.85514,45.89902],[7.85456,45.89821],[7.85391,45.89821],[7.85305,45.89776],[7.85213,45.89767],[7.85047,45.89738],[7.84935,45.89763],[7.8489,45.89781],[7.84896,45.89798],[7.85004,45.89828]]]}},{"type":"Feature","properties":{"name":null,"nameDe":null,"areaKm2":0.0932,"osmId":885274911},"geometry":{"type":"Polygon","coordinates":[[[7.64601,45.96938],[7.64653,45.96996],[7.64755,45.97014],[7.64726,45.97052],[7.64791,45.97118],[7.64883,45.97107],[7.64858,45.9703],[7.6494,45.96953],[7.64905,45.96798],[7.64802,45.9676],[7.64734,45.9678],[7.64653,45.96757],[7.64557,45.96717],[7.6445,45.96704],[7.64479,45.96829],[7.64601,45.96938]]]}},{"type":"Feature","properties":{"name":"Ghiacciaio di Castelfranco","nameDe":null,"areaKm2":0.0929,"osmId":942362016},"geometry":{"type":"Polygon","coordinates":[[[7.89655,45.96944],[7.89719,45.96911],[7.89809,45.96835],[7.89723,45.96779],[7.89686,45.96804],[7.89622,45.9683],[7.89657,45.96866],[7.89529,45.96912],[7.89274,45.96983],[7.8909,45.97047],[7.88971,45.97077],[7.8896,45.97074],[7.88921,45.97],[7.88898,45.96998],[7.88873,45.9703],[7.88859,45.97033],[7.88881,45.97074],[7.88833,45.97107],[7.88826,45.97149],[7.88927,45.97201],[7.88984,45.97196],[7.89015,45.9715],[7.89105,45.97154],[7.89215,45.9717],[7.89211,45.97136],[7.89282,45.97049],[7.89333,45.97027],[7.89456,45.97019],[7.89583,45.97052],[7.89646,45.97019],[7.89655,45.96944]]]}},{"type":"Feature","properties":{"name":null,"nameDe":null,"areaKm2":0.0557,"osmId":942362017},"geometry":{"type":"Polygon","coordinates":[[[7.91181,45.97736],[7.91065,45.97695],[7.91003,45.97648],[7.9078,45.9766],[7.90769,45.97637],[7.90736,45.97628],[7.90704,45.97728],[7.9073,45.97858],[7.90943,45.97822],[7.91181,45.97736]]]}},{"type":"Feature","properties":{"name":"Ghiacciaio di Jazzi","nameDe":null,"areaKm2":0.0831,"osmId":942362018},"geometry":{"type":"Polygon","coordinates":[[[7.89952,45.98415],[7.90017,45.98445],[7.90135,45.98475],[7.90163,45.98465],[7.90094,45.98349],[7.90029,45.98299],[7.89874,45.98078],[7.89799,45.98073],[7.89508,45.98],[7.89523,45.98076],[7.89747,45.98219],[7.89772,45.98208],[7.89952,45.98415]]]}},{"type":"Feature","properties":{"name":null,"nameDe":null,"areaKm2":0.021,"osmId":942362020},"geometry":{"type":"Polygon","coordinates":[[[7.91119,45.9862],[7.91134,45.98505],[7.91116,45.98478],[7.91143,45.98417],[7.91112,45.98407],[7.91023,45.98438],[7.91,45.98469],[7.91023,45.98526],[7.90947,45.98588],[7.91071,45.98618],[7.91119,45.9862]]]}},{"type":"Feature","properties":{"name":"Ghiacciaio del Belvedere","nameDe":null,"areaKm2":1.2068,"osmId":942362026},"geometry":{"type":"Polygon","coordinates":[[[7.91432,45.95036],[7.9138,45.94893],[7.91222,45.94585],[7.91151,45.94486],[7.9103,45.94496],[7.90865,45.94525],[7.90861,45.94662],[7.90706,45.94719],[7.90621,45.94811],[7.90494,45.9487],[7.90649,45.94901],[7.90748,45.94948],[7.90831,45.95031],[7.9087,45.95149],[7.90863,45.95227],[7.90881,45.95286],[7.90862,45.95432],[7.90846,45.95457],[7.90856,45.95652],[7.9089,45.95792],[7.91071,45.95983],[7.91296,45.96137],[7.91419,45.96287],[7.91462,45.96385],[7.91465,45.96419],[7.91456,45.96439],[7.91524,45.96497],[7.91603,45.96604],[7.91744,45.96751],[7.9189,45.96828],[7.91976,45.96848],[7.92191,45.96943],[7.92307,45.96966],[7.92348,45.96895],[7.92377,45.96888],[7.92499,45.9692],[7.92497,45.9689],[7.92452,45.9686],[7.9232,45.96811],[7.92113,45.96695],[7.92034,45.96625],[7.92034,45.96598],[7.92053,45.96594],[7.91959,45.96437],[7.92,45.96403],[7.92118,45.96388],[7.9231,45.96395],[7.92458,45.96415],[7.92498,45.96394],[7.92521,45.96336],[7.92421,45.96294],[7.92331,45.96279],[7.92049,45.96259],[7.9197,45.9621],[7.91845,45.96113],[7.91753,45.96028],[7.91464,45.95843],[7.91379,45.95754],[7.91359,45.95678],[7.91429,45.95555],[7.91466,45.95517],[7.91525,45.95361],[7.91539,45.95301],[7.91469,45.95192],[7.91432,45.95036]]]}},{"type":"Feature","properties":{"name":null,"nameDe":null,"areaKm2":0.1129,"osmId":942849412},"geometry":{"type":"Polygon","coordinates":[[[7.63418,45.96804],[7.6354,45.96804],[7.63799,45.96642],[7.63931,45.96526],[7.63816,45.96471],[7.63769,45.96474],[7.63739,45.96505],[7.63633,45.96471],[7.6353,45.96523],[7.63432,45.96508],[7.63325,45.96531],[7.63338,45.96633],[7.63318,45.96767],[7.63418,45.96804]]]}},{"type":"Feature","properties":{"name":null,"nameDe":null,"areaKm2":0.1026,"osmId":942849422},"geometry":{"type":"Polygon","coordinates":[[[7.78362,45.89828],[7.78345,45.89776],[7.78186,45.8963],[7.78044,45.89548],[7.7786,45.89494],[7.77808,45.89553],[7.77811,45.89645],[7.77926,45.8973],[7.78306,45.89958],[7.78326,45.89883],[7.78362,45.89828]]]}},{"type":"Feature","properties":{"name":null,"nameDe":null,"areaKm2":0.1281,"osmId":942849423},"geometry":{"type":"Polygon","coordinates":[[[7.78429,45.90667],[7.78347,45.90636],[7.78238,45.90643],[7.78064,45.90675],[7.77965,45.90749],[7.77817,45.90839],[7.77753,45.90926],[7.77896,45.90927],[7.78188,45.90899],[7.78401,45.90944],[7.78506,45.90873],[7.78429,45.90667]]]}},{"type":"Feature","properties":{"name":null,"nameDe":null,"areaKm2":0.0524,"osmId":942849424},"geometry":{"type":"Polygon","coordinates":[[[7.80067,45.90163],[7.80065,45.90237],[7.80122,45.90253],[7.80233,45.90237],[7.80337,45.90151],[7.8042,45.90043],[7.80382,45.89972],[7.80278,45.8998],[7.80177,45.90022],[7.80067,45.90163]]]}},{"type":"Feature","properties":{"name":"Ghiacciaio Tzere","nameDe":null,"areaKm2":0.1988,"osmId":942849439},"geometry":{"type":"Polygon","coordinates":[[[7.72562,45.91035],[7.72631,45.9106],[7.72847,45.90963],[7.73036,45.90863],[7.73182,45.90806],[7.73208,45.9079],[7.73238,45.90685],[7.73225,45.90637],[7.72955,45.9062],[7.72732,45.90629],[7.72571,45.90684],[7.72463,45.90767],[7.7242,45.90952],[7.72562,45.91035]]]}},{"type":"Feature","properties":{"name":"Ghiacciaio d'Aventina o di Ventina","nameDe":null,"areaKm2":0.584,"osmId":942849451},"geometry":{"type":"Polygon","coordinates":[[[7.71392,45.91773],[7.71375,45.91799],[7.71278,45.9182],[7.71183,45.91825],[7.71154,45.91764],[7.71265,45.91707],[7.7128,45.91678],[7.71347,45.91616],[7.71404,45.91604],[7.71508,45.91617],[7.71515,45.91646],[7.71463,45.91646],[7.71395,45.91635],[7.71344,45.91647],[7.71326,45.91682],[7.71488,45.91739],[7.71544,45.91732],[7.7159,45.91745],[7.71613,45.91767],[7.71746,45.91771],[7.71851,45.91762],[7.71935,45.91745],[7.72018,45.91764],[7.72065,45.91786],[7.72048,45.91622],[7.71648,45.91468],[7.71716,45.91403],[7.7178,45.91362],[7.7187,45.91373],[7.71996,45.91409],[7.72208,45.91457],[7.72248,45.91483],[7.72314,45.915],[7.72597,45.91465],[7.72558,45.91287],[7.72468,45.91314],[7.72498,45.9119],[7.72358,45.91166],[7.72193,45.91105],[7.72,45.91103],[7.71908,45.91126],[7.71727,45.91215],[7.71584,45.91232],[7.7144,45.91232],[7.71375,45.91191],[7.71257,45.91224],[7.71166,45.91265],[7.7114,45.9132],[7.71254,45.9154],[7.71176,45.91573],[7.71133,45.91544],[7.7105,45.91582],[7.71032,45.91633],[7.70989,45.91648],[7.7096,45.9174],[7.71048,45.91812],[7.71061,45.91863],[7.71046,45.91919],[7.71162,45.91949],[7.71323,45.91965],[7.71453,45.91876],[7.71524,45.91894],[7.7161,45.9178],[7.71447,45.91755],[7.71392,45.91773]]]}},{"type":"Feature","properties":{"name":null,"nameDe":null,"areaKm2":0.0389,"osmId":1039072428},"geometry":{"type":"Polygon","coordinates":[[[7.82041,46.02565],[7.82101,46.02571],[7.82236,46.02508],[7.82372,46.02462],[7.82565,46.02413],[7.82587,46.02401],[7.82551,46.02388],[7.82215,46.02407],[7.82164,46.02432],[7.82119,46.02474],[7.81992,46.02536],[7.81878,46.02578],[7.81845,46.02614],[7.82041,46.02565]]]}},{"type":"Feature","properties":{"name":null,"nameDe":null,"areaKm2":0.0243,"osmId":1039072429},"geometry":{"type":"Polygon","coordinates":[[[7.81345,46.03137],[7.8138,46.0318],[7.81433,46.03167],[7.81415,46.03125],[7.8146,46.03036],[7.81453,46.02994],[7.81479,46.02936],[7.81419,46.02916],[7.81379,46.02932],[7.81307,46.02976],[7.81307,46.03031],[7.81331,46.03071],[7.81345,46.03137]]]}},{"type":"Feature","properties":{"name":null,"nameDe":null,"areaKm2":0.0544,"osmId":1039072435},"geometry":{"type":"Polygon","coordinates":[[[7.84766,46.01903],[7.84872,46.01923],[7.8496,46.01993],[7.85031,46.02011],[7.85052,46.02043],[7.85143,46.02055],[7.85184,46.0202],[7.85187,46.0199],[7.85084,46.01977],[7.85138,46.01911],[7.85142,46.01891],[7.85098,46.01904],[7.8504,46.01895],[7.85038,46.01746],[7.85009,46.01723],[7.84921,46.01721],[7.84887,46.01793],[7.84808,46.0184],[7.84766,46.01903]]]}},{"type":"Feature","properties":{"name":"Ghiacciaio di Signal","nameDe":null,"areaKm2":0.8986,"osmId":1207798470},"geometry":{"type":"Polygon","coordinates":[[[7.89631,45.93273],[7.89691,45.93268],[7.8978,45.93248],[7.89864,45.93208],[7.8992,45.93239],[7.8998,45.93181],[7.90011,45.93132],[7.90082,45.93157],[7.90144,45.93246],[7.90219,45.93228],[7.90286,45.93171],[7.90379,45.93135],[7.90453,45.93211],[7.90497,45.93273],[7.90448,45.93357],[7.90322,45.93432],[7.90289,45.93501],[7.90289,45.93568],[7.90315,45.93646],[7.9028,45.93708],[7.90263,45.93772],[7.90266,45.93873],[7.90289,45.93949],[7.90359,45.94024],[7.90406,45.94161],[7.9034,45.94211],[7.9051,45.94281],[7.907,45.94441],[7.90865,45.94525],[7.9103,45.94496],[7.91151,45.94486],[7.91064,45.94377],[7.91049,45.94266],[7.9102,45.94159],[7.90871,45.94099],[7.90782,45.9408],[7.90716,45.94019],[7.90658,45.93927],[7.90546,45.93834],[7.90471,45.93748],[7.90471,45.93633],[7.90555,45.93568],[7.90614,45.93495],[7.90646,45.9341],[7.90611,45.93331],[7.90615,45.93269],[7.90718,45.93173],[7.9075,45.93091],[7.90754,45.93014],[7.90633,45.92873],[7.90651,45.92786],[7.90699,45.92733],[7.90639,45.92672],[7.90522,45.92644],[7.90355,45.92641],[7.90207,45.92782],[7.90034,45.92661],[7.89893,45.92647],[7.89811,45.9267],[7.89691,45.92753],[7.89518,45.92811],[7.89514,45.93082],[7.89631,45.93273]]]}},{"type":"Feature","properties":{"name":null,"nameDe":null,"areaKm2":0.0497,"osmId":1210612183},"geometry":{"type":"Polygon","coordinates":[[[7.58516,46.07445],[7.58648,46.07423],[7.58617,46.07376],[7.58589,46.07271],[7.58498,46.07286],[7.58344,46.07351],[7.58337,46.07451],[7.58293,46.07536],[7.58412,46.07593],[7.58516,46.07445]]]}},{"type":"Feature","properties":{"name":null,"nameDe":null,"areaKm2":0.0464,"osmId":1316919975},"geometry":{"type":"Polygon","coordinates":[[[7.88191,46.10632],[7.88159,46.10606],[7.88116,46.10534],[7.87978,46.10512],[7.8793,46.1052],[7.8788,46.10539],[7.87857,46.10564],[7.87844,46.10594],[7.87864,46.10636],[7.8793,46.10684],[7.88008,46.10726],[7.88077,46.10725],[7.88201,46.10688],[7.88191,46.10632]]]}},{"type":"Feature","properties":{"name":"Gabelhorngletscher","nameDe":null,"areaKm2":0.0792,"osmId":1330122429},"geometry":{"type":"Polygon","coordinates":[[[7.68915,46.02871],[7.68936,46.02849],[7.68982,46.02858],[7.69162,46.02841],[7.69209,46.02883],[7.6928,46.02849],[7.69314,46.0279],[7.69368,46.02791],[7.6943,46.02742],[7.6934,46.02689],[7.69276,46.02683],[7.69209,46.02693],[7.69155,46.02671],[7.69011,46.02672],[7.6887,46.02732],[7.68842,46.02825],[7.68778,46.02902],[7.68823,46.0294],[7.68842,46.02937],[7.68858,46.02923],[7.68909,46.02904],[7.68915,46.02871]]]}},{"type":"Feature","properties":{"name":"Ghiacciaio delle Vigne","nameDe":null,"areaKm2":0.9297,"osmId":1525529698},"geometry":{"type":"Polygon","coordinates":[[[7.89394,45.91901],[7.89368,45.92028],[7.89364,45.92104],[7.89333,45.92139],[7.89168,45.92164],[7.88795,45.92161],[7.88699,45.92143],[7.88592,45.92097],[7.88471,45.92119],[7.88354,45.92087],[7.87998,45.92163],[7.88034,45.92197],[7.88041,45.92315],[7.88076,45.92369],[7.88167,45.92418],[7.88211,45.92486],[7.88352,45.9257],[7.88515,45.92577],[7.88681,45.92483],[7.89127,45.92543],[7.89175,45.92525],[7.89371,45.92588],[7.89473,45.92604],[7.89475,45.92563],[7.89432,45.92503],[7.89262,45.92464],[7.89321,45.9243],[7.89386,45.92284],[7.89489,45.92267],[7.89525,45.92306],[7.89579,45.92296],[7.89629,45.92236],[7.89893,45.92139],[7.90209,45.92156],[7.90327,45.92058],[7.90238,45.91975],[7.9017,45.91864],[7.90106,45.91731],[7.90066,45.91616],[7.89691,45.9139],[7.89498,45.91487],[7.8928,45.91752],[7.89333,45.91787],[7.89394,45.91901]]]}},{"type":"Feature","properties":{"name":"Ghiacciaio Parrot","nameDe":null,"areaKm2":0.0517,"osmId":1525529699},"geometry":{"type":"Polygon","coordinates":[[[7.87996,45.91545],[7.88029,45.91577],[7.88027,45.91607],[7.88064,45.91608],[7.88268,45.9169],[7.88314,45.91694],[7.88346,45.91671],[7.88222,45.91627],[7.88161,45.91577],[7.88268,45.91571],[7.88317,45.91439],[7.88294,45.91408],[7.88204,45.91369],[7.88129,45.91409],[7.87992,45.91511],[7.87996,45.91545]]]}},{"type":"Feature","properties":{"name":"Allalingletscher","nameDe":null,"areaKm2":7.5142,"osmId":77250},"geometry":{"type":"Polygon","coordinates":[[[7.939,46.04755],[7.94046,46.04805],[7.94058,46.04735],[7.94198,46.04749],[7.94252,46.04674],[7.9435,46.04589],[7.94197,46.04489],[7.93816,46.04348],[7.93369,46.04303],[7.93236,46.04312],[7.9309,46.04276],[7.93,46.04235],[7.92905,46.04147],[7.92834,46.03895],[7.93054,46.03944],[7.93153,46.03924],[7.93065,46.03864],[7.93032,46.0377],[7.92714,46.03645],[7.92704,46.03582],[7.92829,46.03471],[7.9278,46.0334],[7.92746,46.03336],[7.92723,46.03309],[7.92624,46.03306],[7.92563,46.0328],[7.92486,46.03265],[7.92402,46.03229],[7.92342,46.03139],[7.92233,46.03155],[7.92181,46.03101],[7.92046,46.03102],[7.92007,46.03082],[7.91896,46.0306],[7.91971,46.02898],[7.92083,46.02879],[7.91908,46.02671],[7.91918,46.02505],[7.91805,46.02276],[7.91499,46.02221],[7.9137,46.02281],[7.91286,46.0228],[7.9127,46.02113],[7.91204,46.0207],[7.9109,46.0202],[7.90906,46.01899],[7.90813,46.01885],[7.90461,46.01449],[7.90437,46.01347],[7.90334,46.01325],[7.90174,46.01452],[7.90033,46.01622],[7.89932,46.01819],[7.89902,46.02031],[7.89905,46.02276],[7.89832,46.02405],[7.89774,46.02471],[7.89719,46.02426],[7.89645,46.02262],[7.8975,46.02119],[7.89743,46.01826],[7.89803,46.0162],[7.90087,46.01335],[7.90049,46.01281],[7.89789,46.013],[7.89669,46.01317],[7.89391,46.01497],[7.88953,46.01581],[7.88889,46.01736],[7.88712,46.019],[7.88643,46.02131],[7.88763,46.02224],[7.89027,46.02656],[7.89145,46.03014],[7.89442,46.03283],[7.89532,46.03477],[7.89511,46.03614],[7.89564,46.03637],[7.89626,46.03707],[7.89589,46.03741],[7.89738,46.03826],[7.89734,46.03922],[7.90146,46.04033],[7.90504,46.04147],[7.90796,46.04316],[7.91027,46.04679],[7.91625,46.0495],[7.91737,46.04988],[7.92369,46.05001],[7.9296,46.04927],[7.9324,46.04856],[7.93473,46.04753],[7.93803,46.04801],[7.939,46.04755]],[[7.9109,46.0261],[7.91032,46.02533],[7.91094,46.02516],[7.9119,46.02569],[7.91209,46.02638],[7.91194,46.02739],[7.91174,46.02761],[7.91122,46.02693],[7.9109,46.0261]],[[7.91355,46.03985],[7.91414,46.03834],[7.91367,46.03745],[7.91181,46.03655],[7.9109,46.03512],[7.91046,46.03128],[7.91179,46.03016],[7.91344,46.03267],[7.91598,46.03506],[7.9178,46.0347],[7.9195,46.03657],[7.9198,46.03892],[7.91866,46.04189],[7.91742,46.04169],[7.91536,46.04058],[7.91355,46.03985]],[[7.92236,46.03998],[7.92279,46.03893],[7.92368,46.03727],[7.92411,46.03686],[7.92484,46.03688],[7.9244,46.03908],[7.9239,46.03968],[7.92332,46.04],[7.92348,46.04053],[7.92459,46.04103],[7.92636,46.04294],[7.92822,46.04343],[7.92889,46.04402],[7.92867,46.04424],[7.92797,46.04448],[7.92662,46.04455],[7.92439,46.04411],[7.92328,46.04365],[7.92229,46.04208],[7.92163,46.04128],[7.9219,46.04071],[7.92276,46.04049],[7.92236,46.03998]]]}},{"type":"Feature","properties":{"name":"Riedgletscher","nameDe":null,"areaKm2":1.1456,"osmId":91761},"geometry":{"type":"MultiPolygon","coordinates":[[[[7.87755,46.11892],[7.87655,46.11863],[7.8762,46.12],[7.87918,46.12],[7.87755,46.11892]]],[[[7.87619,46.1183],[7.87612,46.11782],[7.87383,46.11671],[7.87319,46.11628],[7.87311,46.11598],[7.87081,46.11457],[7.86828,46.11288],[7.86652,46.11304],[7.86576,46.11253],[7.86591,46.11187],[7.86397,46.11018],[7.86064,46.111],[7.86008,46.11175],[7.86092,46.11223],[7.86151,46.11275],[7.86136,46.1137],[7.85867,46.1136],[7.85609,46.11419],[7.85592,46.11562],[7.85523,46.11729],[7.85413,46.11753],[7.8531,46.11815],[7.85268,46.11903],[7.85295,46.12],[7.85845,46.12],[7.85799,46.11969],[7.85713,46.11945],[7.85702,46.11899],[7.85748,46.11862],[7.85884,46.11868],[7.85971,46.11862],[7.8616,46.11909],[7.85997,46.11997],[7.85954,46.12],[7.87374,46.12],[7.8752,46.11932],[7.87619,46.1183]],[[7.86608,46.11402],[7.86571,46.11382],[7.86664,46.11389],[7.86737,46.11409],[7.86732,46.1144],[7.86608,46.11402]]]]}},{"type":"Feature","properties":{"name":"Feegletscher","nameDe":null,"areaKm2":12.7098,"osmId":102221},"geometry":{"type":"MultiPolygon","coordinates":[[[[7.86874,46.05511],[7.86726,46.05517],[7.86638,46.05537],[7.86538,46.05594],[7.86454,46.05658],[7.86559,46.05752],[7.86658,46.05755],[7.86751,46.05727],[7.86839,46.05718],[7.86897,46.05683],[7.86907,46.05595],[7.86874,46.05511]]],[[[7.87679,46.08695],[7.87913,46.08857],[7.87782,46.08858],[7.87627,46.08787],[7.87016,46.08588],[7.86811,46.08445],[7.86681,46.08416],[7.86529,46.0849],[7.86404,46.0862],[7.86477,46.08659],[7.86518,46.08816],[7.86732,46.08866],[7.86859,46.08959],[7.87067,46.09045],[7.86999,46.09108],[7.86823,46.09174],[7.86928,46.09289],[7.86948,46.09371],[7.86947,46.09452],[7.8692,46.09476],[7.86914,46.09515],[7.86935,46.09556],[7.87124,46.09596],[7.87413,46.09595],[7.87353,46.09701],[7.8743,46.09755],[7.87385,46.09813],[7.87645,46.09834],[7.87696,46.09864],[7.87743,46.09875],[7.87892,46.09879],[7.87942,46.09902],[7.88017,46.09915],[7.88144,46.09885],[7.88233,46.09913],[7.88512,46.09777],[7.88532,46.09782],[7.88546,46.09739],[7.88359,46.09588],[7.88202,46.09602],[7.8814,46.09532],[7.87881,46.09439],[7.88045,46.09319],[7.88315,46.09373],[7.88369,46.09286],[7.88596,46.09279],[7.88436,46.09182],[7.88448,46.09064],[7.88739,46.0917],[7.88719,46.08897],[7.8877,46.08655],[7.88485,46.08396],[7.88479,46.08002],[7.88387,46.0785],[7.87979,46.07335],[7.877,46.07092],[7.87554,46.06891],[7.87459,46.06791],[7.87323,46.06774],[7.86987,46.0668],[7.86892,46.06622],[7.86958,46.06601],[7.87636,46.06789],[7.87767,46.06832],[7.87787,46.06976],[7.88004,46.07149],[7.88099,46.07236],[7.88126,46.07215],[7.88093,46.07091],[7.8813,46.07011],[7.88287,46.0712],[7.88377,46.07456],[7.88471,46.0763],[7.88748,46.0804],[7.88776,46.08164],[7.88924,46.08391],[7.89009,46.08429],[7.89175,46.08397],[7.89057,46.08312],[7.89047,46.08053],[7.89079,46.07884],[7.89314,46.07824],[7.89277,46.07448],[7.8901,46.07344],[7.88946,46.0726],[7.88706,46.07087],[7.88523,46.06898],[7.884,46.06697],[7.88475,46.06748],[7.88613,46.0694],[7.88774,46.07072],[7.89021,46.07199],[7.89279,46.07211],[7.89391,46.07304],[7.89522,46.07476],[7.89557,46.07771],[7.89565,46.08108],[7.89653,46.08243],[7.89711,46.08481],[7.89797,46.08662],[7.89825,46.08683],[7.89904,46.08651],[7.89922,46.08568],[7.89996,46.08631],[7.90078,46.08521],[7.90067,46.08421],[7.90148,46.08362],[7.90125,46.0831],[7.90114,46.08118],[7.90161,46.08071],[7.90343,46.07956],[7.90496,46.08051],[7.90591,46.08],[7.90656,46.07817],[7.90765,46.07866],[7.90738,46.07707],[7.90782,46.07623],[7.90749,46.07457],[7.90691,46.07329],[7.90604,46.07237],[7.90571,46.0716],[7.90804,46.07242],[7.90952,46.07306],[7.91155,46.07224],[7.91276,46.07162],[7.91433,46.07097],[7.91489,46.07117],[7.91529,46.07165],[7.91529,46.07214],[7.91504,46.07274],[7.91522,46.07308],[7.91583,46.07321],[7.9164,46.0741],[7.91698,46.07367],[7.91697,46.07265],[7.9173,46.07236],[7.9176,46.07176],[7.91705,46.07059],[7.91602,46.07033],[7.91506,46.06978],[7.91307,46.06664],[7.91263,46.0661],[7.91207,46.06599],[7.91194,46.06545],[7.91213,46.06518],[7.9123,46.06464],[7.91056,46.06466],[7.90851,46.06383],[7.90841,46.06299],[7.90766,46.06223],[7.9054,46.06088],[7.90615,46.06057],[7.9067,46.05975],[7.90593,46.05854],[7.90438,46.05795],[7.90345,46.05942],[7.90278,46.05929],[7.90195,46.05869],[7.90171,46.05766],[7.90326,46.05742],[7.90307,46.05653],[7.90445,46.05685],[7.90424,46.05592],[7.9023,46.05448],[7.90091,46.0533],[7.90036,46.05358],[7.90026,46.05399],[7.89884,46.0534],[7.89834,46.05229],[7.89838,46.05174],[7.89802,46.05133],[7.89738,46.05089],[7.8973,46.05055],[7.8955,46.04845],[7.89461,46.04611],[7.89408,46.04658],[7.89273,46.04713],[7.89272,46.04695],[7.89301,46.04666],[7.89287,46.04642],[7.89325,46.04608],[7.89492,46.0455],[7.89495,46.04534],[7.89387,46.04471],[7.89364,46.04467],[7.89349,46.04452],[7.89325,46.04446],[7.89294,46.04445],[7.89186,46.04525],[7.89007,46.04602],[7.88878,46.04633],[7.88791,46.04665],[7.88704,46.04682],[7.88499,46.04836],[7.88527,46.04911],[7.88492,46.05108],[7.88518,46.05306],[7.88681,46.05726],[7.88818,46.05967],[7.89145,46.06688],[7.89183,46.0683],[7.89118,46.06894],[7.88779,46.0643],[7.88836,46.06336],[7.88406,46.05675],[7.88406,46.05546],[7.88355,46.05314],[7.88286,46.05168],[7.88183,46.05083],[7.8828,46.04993],[7.88282,46.04881],[7.88134,46.04892],[7.8795,46.04855],[7.87788,46.04856],[7.87685,46.04885],[7.8728,46.04968],[7.87136,46.05162],[7.86856,46.05438],[7.87021,46.05477],[7.87108,46.05484],[7.87261,46.05472],[7.87379,46.0541],[7.87417,46.05419],[7.87382,46.05503],[7.8713,46.05551],[7.87091,46.05575],[7.87027,46.05588],[7.86981,46.05653],[7.86958,46.05719],[7.8691,46.05752],[7.86806,46.05796],[7.86756,46.05826],[7.86662,46.05928],[7.86662,46.05946],[7.86742,46.05971],[7.86727,46.05997],[7.86759,46.06029],[7.86768,46.06053],[7.86753,46.06057],[7.8685,46.06083],[7.86947,46.06121],[7.86948,46.06135],[7.86935,46.06141],[7.86885,46.06265],[7.86848,46.06264],[7.8684,46.06271],[7.86856,46.0633],[7.86722,46.06337],[7.86736,46.06293],[7.86695,46.06218],[7.86722,46.0618],[7.8672,46.06139],[7.86704,46.06135],[7.86658,46.06085],[7.86635,46.06047],[7.86635,46.06009],[7.86568,46.06011],[7.86498,46.06045],[7.8644,46.06049],[7.86284,46.06117],[7.86266,46.06176],[7.86361,46.06159],[7.86373,46.06202],[7.86364,46.06291],[7.8637,46.06356],[7.8642,46.06626],[7.86385,46.06688],[7.86225,46.06795],[7.86127,46.06935],[7.86201,46.06988],[7.86168,46.07067],[7.8623,46.0711],[7.86309,46.0708],[7.86449,46.06987],[7.87206,46.07114],[7.87178,46.07185],[7.86928,46.07304],[7.8675,46.07371],[7.86638,46.0746],[7.86641,46.07605],[7.86528,46.07727],[7.86451,46.07825],[7.86458,46.07948],[7.86602,46.08016],[7.86746,46.08133],[7.86901,46.08184],[7.86909,46.08308],[7.8723,46.08494],[7.87335,46.08569],[7.87679,46.08695]],[[7.90653,46.07101],[7.90549,46.07032],[7.90534,46.06957],[7.90431,46.06959],[7.90394,46.06951],[7.90407,46.06925],[7.90456,46.06895],[7.90474,46.06707],[7.90535,46.06655],[7.90554,46.06513],[7.90592,46.06445],[7.90627,46.06412],[7.90681,46.06422],[7.90593,46.06551],[7.90642,46.06626],[7.90685,46.06731],[7.90743,46.0676],[7.90776,46.06813],[7.90774,46.06951],[7.90714,46.07045],[7.90697,46.07104],[7.90653,46.07101]],[[7.87876,46.07517],[7.87895,46.07507],[7.87966,46.07627],[7.87971,46.07708],[7.87987,46.07761],[7.88017,46.07772],[7.88026,46.07832],[7.87992,46.07825],[7.87985,46.07798],[7.87932,46.07771],[7.87891,46.07715],[7.8792,46.07656],[7.87876,46.07517]]],[[[7.86483,46.08306],[7.8676,46.0821],[7.86754,46.08152],[7.86702,46.08149],[7.86609,46.08178],[7.8649,46.08165],[7.86361,46.08193],[7.86357,46.08274],[7.86483,46.08306]]]]}},{"type":"Feature","properties":{"name":"Chessjengletscher","nameDe":null,"areaKm2":0.2685,"osmId":132489},"geometry":{"type":"Polygon","coordinates":[[[7.91512,46.06315],[7.91386,46.06352],[7.91328,46.06423],[7.91374,46.06532],[7.91488,46.06499],[7.91492,46.06531],[7.9143,46.06599],[7.91483,46.06639],[7.91561,46.06778],[7.9169,46.06827],[7.91745,46.06876],[7.91926,46.06871],[7.92,46.06727],[7.9195,46.06667],[7.91974,46.06651],[7.92036,46.06645],[7.92109,46.06673],[7.92175,46.06652],[7.92192,46.06621],[7.92171,46.06586],[7.92166,46.06475],[7.92457,46.06464],[7.92491,46.06437],[7.92497,46.06401],[7.92453,46.06364],[7.92362,46.06397],[7.92094,46.06397],[7.91867,46.06354],[7.91767,46.06311],[7.91512,46.06315]],[[7.91851,46.06495],[7.91892,46.06496],[7.91931,46.06483],[7.91983,46.06495],[7.92045,46.06467],[7.92144,46.06531],[7.92035,46.06559],[7.9201,46.06586],[7.91965,46.06586],[7.91864,46.06572],[7.91859,46.06555],[7.91822,46.06542],[7.91779,46.06547],[7.91733,46.06515],[7.91726,46.065],[7.91684,46.0649],[7.9156,46.06489],[7.91547,46.06479],[7.91656,46.0646],[7.91746,46.06462],[7.91851,46.06495]]]}},{"type":"Feature","properties":{"name":"Hohbalmgletscher","nameDe":null,"areaKm2":1.3943,"osmId":150138},"geometry":{"type":"MultiPolygon","coordinates":[[[[7.87014,46.10513],[7.86934,46.10493],[7.86882,46.10497],[7.86884,46.10551],[7.86929,46.10655],[7.86969,46.10713],[7.87029,46.10671],[7.87049,46.10553],[7.87014,46.10513]]],[[[7.8889,46.11043],[7.88857,46.11012],[7.88827,46.11038],[7.88806,46.11016],[7.88848,46.10984],[7.88763,46.10987],[7.88664,46.1101],[7.88536,46.11021],[7.8848,46.11035],[7.88454,46.11048],[7.88389,46.11057],[7.88362,46.11041],[7.88299,46.11023],[7.88135,46.10939],[7.88115,46.10895],[7.87906,46.10788],[7.87829,46.10695],[7.87775,46.10696],[7.87581,46.10725],[7.8755,46.10764],[7.87514,46.10792],[7.87478,46.10783],[7.87489,46.10731],[7.87462,46.10657],[7.87333,46.10637],[7.87288,46.10635],[7.8723,46.10656],[7.87168,46.10725],[7.87028,46.10837],[7.86993,46.10891],[7.8699,46.10923],[7.86953,46.10915],[7.86951,46.10958],[7.86972,46.10971],[7.86991,46.11012],[7.87032,46.11024],[7.8708,46.11073],[7.87087,46.11131],[7.87253,46.1126],[7.87403,46.11236],[7.87419,46.11341],[7.87504,46.11387],[7.87567,46.11455],[7.87557,46.11555],[7.87493,46.11492],[7.87466,46.11494],[7.87405,46.11464],[7.87376,46.11425],[7.87306,46.11409],[7.87186,46.11313],[7.87154,46.1135],[7.87202,46.11442],[7.87081,46.11457],[7.87318,46.11608],[7.87422,46.11663],[7.87527,46.11696],[7.87572,46.11669],[7.87747,46.11657],[7.87775,46.1168],[7.87952,46.11584],[7.87992,46.11539],[7.88102,46.11521],[7.8819,46.11598],[7.88227,46.11652],[7.88282,46.11663],[7.88458,46.1159],[7.88587,46.11639],[7.88475,46.11784],[7.88518,46.11878],[7.88563,46.11908],[7.88796,46.11904],[7.88925,46.11867],[7.88967,46.11781],[7.88898,46.11617],[7.88736,46.11613],[7.88663,46.11582],[7.88456,46.11514],[7.88432,46.11449],[7.88386,46.11439],[7.88395,46.11361],[7.88438,46.11361],[7.88482,46.11337],[7.88561,46.1135],[7.88623,46.1138],[7.88666,46.11376],[7.88704,46.11386],[7.88711,46.11415],[7.88764,46.11449],[7.88724,46.11465],[7.88982,46.11576],[7.89005,46.11634],[7.8909,46.11699],[7.8914,46.11721],[7.89219,46.11692],[7.89301,46.11699],[7.89354,46.11728],[7.89444,46.11725],[7.89644,46.11697],[7.89736,46.11664],[7.89729,46.11637],[7.89787,46.11607],[7.89796,46.11541],[7.89761,46.11504],[7.89785,46.11463],[7.89631,46.11433],[7.89594,46.11411],[7.8936,46.11462],[7.89252,46.11449],[7.89243,46.11424],[7.89165,46.11406],[7.89121,46.11366],[7.89135,46.11322],[7.89091,46.11286],[7.89115,46.11258],[7.89085,46.11237],[7.8901,46.11229],[7.88943,46.11252],[7.88797,46.11186],[7.88715,46.11178],[7.88529,46.11202],[7.88527,46.11159],[7.8855,46.11147],[7.88614,46.11169],[7.88682,46.1116],[7.88689,46.11117],[7.88848,46.11168],[7.88857,46.11142],[7.88838,46.11123],[7.8889,46.11043]]]]}},{"type":"Feature","properties":{"name":"Weingartengletscher","nameDe":null,"areaKm2":1.1426,"osmId":150140},"geometry":{"type":"MultiPolygon","coordinates":[[[[7.85462,46.0633],[7.85541,46.0637],[7.85501,46.06556],[7.85533,46.06595],[7.85612,46.06589],[7.85712,46.06556],[7.85758,46.06511],[7.85727,46.06418],[7.85764,46.06341],[7.85771,46.06261],[7.85749,46.06207],[7.85814,46.06111],[7.85826,46.06055],[7.85793,46.05894],[7.85586,46.05903],[7.85497,46.05972],[7.8553,46.06023],[7.85481,46.06058],[7.85423,46.06045],[7.85364,46.0606],[7.85271,46.06137],[7.85213,46.06208],[7.85389,46.06184],[7.85287,46.06284],[7.85246,46.06304],[7.85145,46.06383],[7.84915,46.06406],[7.84916,46.06441],[7.85142,46.06542],[7.85266,46.06473],[7.85462,46.0633]]],[[[7.8555,46.0687],[7.85444,46.06822],[7.85399,46.06834],[7.85372,46.06888],[7.85393,46.06935],[7.85451,46.06955],[7.85512,46.06917],[7.8555,46.0687]]],[[[7.84853,46.0734],[7.85093,46.07434],[7.85402,46.0746],[7.85643,46.07529],[7.85831,46.07503],[7.86021,46.07456],[7.86495,46.07407],[7.86545,46.07345],[7.86503,46.07265],[7.86269,46.07189],[7.86201,46.07182],[7.86058,46.07147],[7.85958,46.07091],[7.85876,46.07117],[7.85788,46.07115],[7.85728,46.07076],[7.85558,46.07065],[7.85415,46.07123],[7.85416,46.07191],[7.85377,46.07206],[7.85282,46.07185],[7.85154,46.07119],[7.85028,46.07109],[7.84853,46.07031],[7.84664,46.07057],[7.84355,46.07031],[7.84177,46.07076],[7.84062,46.07122],[7.84153,46.07177],[7.8443,46.07248],[7.84693,46.07295],[7.84853,46.0734]]],[[[7.84218,46.07525],[7.84355,46.07657],[7.84647,46.07704],[7.84887,46.07823],[7.85173,46.07895],[7.8548,46.07868],[7.85583,46.07802],[7.85582,46.07652],[7.85447,46.07575],[7.85386,46.07581],[7.85332,46.07632],[7.85303,46.07673],[7.85242,46.07654],[7.85238,46.07624],[7.85149,46.07595],[7.85109,46.07591],[7.84996,46.07626],[7.84848,46.0759],[7.8472,46.07472],[7.84289,46.07372],[7.84108,46.0741],[7.84161,46.07487],[7.84218,46.07525]]]]}},{"type":"Feature","properties":{"name":"Monte Rosa-Gletscher","nameDe":null,"areaKm2":3.844,"osmId":156946},"geometry":{"type":"Polygon","coordinates":[[[7.83062,45.95307],[7.82993,45.95366],[7.82939,45.95383],[7.82827,45.95385],[7.82747,45.95383],[7.82735,45.9537],[7.82609,45.95413],[7.82547,45.95417],[7.82534,45.95472],[7.82632,45.95486],[7.82792,45.95538],[7.82779,45.95592],[7.82695,45.95606],[7.82673,45.9565],[7.8279,45.95663],[7.82859,45.95712],[7.828,45.95808],[7.82733,45.95879],[7.82608,45.95946],[7.82614,45.95986],[7.82651,45.95999],[7.82671,45.96022],[7.82685,45.96076],[7.82741,45.96077],[7.82909,45.96046],[7.83087,45.95963],[7.83272,45.95811],[7.83336,45.95793],[7.83354,45.95747],[7.83473,45.957],[7.83488,45.95718],[7.83538,45.9566],[7.83654,45.95589],[7.83748,45.95509],[7.83734,45.9544],[7.83706,45.95411],[7.83772,45.95362],[7.83858,45.95359],[7.83864,45.95417],[7.83912,45.95445],[7.84034,45.9557],[7.84014,45.95607],[7.84012,45.95633],[7.83884,45.95643],[7.8381,45.95641],[7.83773,45.95735],[7.8391,45.95742],[7.83983,45.95689],[7.84083,45.95653],[7.84129,45.95683],[7.84173,45.95665],[7.84226,45.95681],[7.84184,45.95739],[7.8414,45.95756],[7.84126,45.95787],[7.84086,45.95804],[7.84073,45.95848],[7.84021,45.95884],[7.84022,45.95945],[7.84004,45.96002],[7.83944,45.96101],[7.83895,45.9611],[7.83887,45.9613],[7.83925,45.96135],[7.83926,45.9616],[7.84524,45.96087],[7.84505,45.96021],[7.84556,45.95917],[7.84573,45.9591],[7.84571,45.95818],[7.84626,45.95774],[7.84701,45.95742],[7.84879,45.957],[7.85152,45.95606],[7.8522,45.95547],[7.85222,45.95502],[7.85311,45.95468],[7.85381,45.9542],[7.85369,45.95385],[7.85399,45.95348],[7.85374,45.95338],[7.85385,45.95309],[7.85421,45.95271],[7.8551,45.95239],[7.85541,45.95189],[7.85734,45.95095],[7.858,45.95079],[7.85836,45.95033],[7.85834,45.94992],[7.85884,45.9499],[7.85947,45.94969],[7.86027,45.9493],[7.86043,45.9486],[7.86015,45.94796],[7.86029,45.94775],[7.86091,45.94735],[7.86131,45.94728],[7.86157,45.94695],[7.86208,45.94674],[7.86189,45.94648],[7.86224,45.9459],[7.86256,45.94464],[7.86256,45.9442],[7.86318,45.9438],[7.86376,45.94357],[7.86472,45.94349],[7.86654,45.94293],[7.86693,45.94258],[7.8672,45.94214],[7.86711,45.94109],[7.86765,45.94088],[7.86813,45.94137],[7.86825,45.94175],[7.86858,45.94196],[7.86898,45.942],[7.8694,45.94184],[7.86948,45.94163],[7.86913,45.94037],[7.86864,45.94024],[7.86856,45.9396],[7.86891,45.93881],[7.8688,45.93804],[7.86857,45.93766],[7.86806,45.93726],[7.86606,45.93771],[7.86336,45.93865],[7.86248,45.9383],[7.86138,45.93914],[7.85998,45.93913],[7.85821,45.93989],[7.85858,45.9393],[7.85941,45.93887],[7.85999,45.93823],[7.86067,45.93782],[7.8592,45.93728],[7.85836,45.93733],[7.85799,45.93749],[7.85652,45.93739],[7.85615,45.93764],[7.85594,45.93844],[7.853,45.93992],[7.85167,45.94031],[7.85105,45.94084],[7.85046,45.94155],[7.84961,45.94203],[7.84926,45.94242],[7.849,45.94341],[7.84819,45.94375],[7.84595,45.94375],[7.84554,45.94342],[7.84518,45.94353],[7.84454,45.94394],[7.8447,45.94419],[7.8442,45.94432],[7.84347,45.94416],[7.8401,45.94453],[7.8399,45.945],[7.83963,45.94493],[7.83968,45.9445],[7.83763,45.9454],[7.83761,45.94678],[7.83678,45.94771],[7.83644,45.94857],[7.83405,45.94794],[7.83308,45.94759],[7.8318,45.94749],[7.83167,45.94965],[7.8306,45.95121],[7.83086,45.95191],[7.83062,45.95307]],[[7.84233,45.94886],[7.84364,45.94821],[7.84453,45.94817],[7.84515,45.9479],[7.84578,45.94749],[7.84639,45.94737],[7.847,45.94747],[7.84748,45.94787],[7.84688,45.94817],[7.84611,45.94811],[7.84573,45.94843],[7.84504,45.94844],[7.84485,45.94876],[7.84524,45.94936],[7.84461,45.94952],[7.84362,45.94924],[7.8431,45.94924],[7.84288,45.94944],[7.84261,45.94938],[7.84252,45.94914],[7.84223,45.94898],[7.84233,45.94886]],[[7.83892,45.95137],[7.83821,45.95241],[7.83836,45.95278],[7.83759,45.95282],[7.83707,45.95253],[7.83799,45.95179],[7.83824,45.95131],[7.83892,45.95137]],[[7.83538,45.95215],[7.83592,45.95223],[7.83637,45.95216],[7.83659,45.95227],[7.83619,45.95282],[7.83575,45.95268],[7.83555,45.95287],[7.83498,45.95265],[7.8347,45.95273],[7.83438,45.95243],[7.83495,45.95218],[7.83538,45.95215]],[[7.84373,45.95548],[7.84394,45.95536],[7.84451,45.95534],[7.84485,45.95534],[7.84532,45.95551],[7.84579,45.9555],[7.84603,45.95582],[7.84641,45.95587],[7.84648,45.95605],[7.84678,45.95605],[7.84683,45.95616],[7.84639,45.95633],[7.84624,45.95616],[7.84601,45.95608],[7.8458,45.95619],[7.84556,45.95592],[7.84402,45.95589],[7.84379,45.95577],[7.84353,45.95577],[7.8431,45.95594],[7.84223,45.95614],[7.84255,45.95571],[7.84373,45.95548]]]}},{"type":"Feature","properties":{"name":"Grenzgletscher","nameDe":null,"areaKm2":10.9334,"osmId":156947},"geometry":{"type":"Polygon","coordinates":[[[7.8343,45.92793],[7.83547,45.92802],[7.8365,45.92827],[7.83632,45.92847],[7.83574,45.92876],[7.83555,45.92896],[7.83524,45.92899],[7.83507,45.92974],[7.83444,45.93051],[7.83253,45.93008],[7.83239,45.92964],[7.83103,45.92912],[7.83065,45.92912],[7.82991,45.92934],[7.82976,45.92974],[7.83016,45.9304],[7.82995,45.93106],[7.82933,45.9313],[7.82854,45.93149],[7.82773,45.93144],[7.82733,45.93132],[7.82575,45.93153],[7.82515,45.9318],[7.82505,45.93208],[7.82465,45.93228],[7.82464,45.93268],[7.82496,45.93343],[7.82448,45.93379],[7.82428,45.93452],[7.82397,45.93486],[7.82328,45.93552],[7.82283,45.93575],[7.82271,45.93591],[7.82222,45.93594],[7.81952,45.93722],[7.81854,45.93742],[7.81753,45.93745],[7.81712,45.93765],[7.8161,45.93762],[7.81538,45.93791],[7.81484,45.93759],[7.81518,45.93729],[7.81593,45.93722],[7.81627,45.93696],[7.81718,45.93692],[7.81756,45.93667],[7.81803,45.9366],[7.81838,45.93668],[7.81874,45.93666],[7.81955,45.93651],[7.81997,45.93631],[7.82063,45.93623],[7.8211,45.93577],[7.82233,45.93533],[7.8227,45.93493],[7.82266,45.93438],[7.82291,45.93411],[7.82302,45.93379],[7.82351,45.93348],[7.82343,45.93269],[7.8244,45.93137],[7.82411,45.93116],[7.82347,45.93118],[7.82318,45.93108],[7.82318,45.93093],[7.82295,45.93069],[7.82235,45.93062],[7.82042,45.93073],[7.81886,45.93092],[7.81845,45.93073],[7.81837,45.9305],[7.81989,45.93006],[7.8212,45.92984],[7.8219,45.92942],[7.81964,45.92892],[7.81931,45.92827],[7.8216,45.92771],[7.82378,45.92786],[7.82569,45.92823],[7.82553,45.92892],[7.82664,45.92883],[7.82664,45.9286],[7.82738,45.92875],[7.82753,45.92854],[7.82777,45.92852],[7.82804,45.92771],[7.8269,45.92723],[7.82565,45.92726],[7.8255,45.92673],[7.82509,45.92653],[7.82453,45.92645],[7.82189,45.92716],[7.81921,45.92712],[7.81803,45.92738],[7.81735,45.9277],[7.8148,45.92791],[7.81465,45.92878],[7.81545,45.92941],[7.81511,45.9299],[7.81647,45.93058],[7.81793,45.93216],[7.81852,45.93257],[7.81906,45.93279],[7.81985,45.93283],[7.82027,45.93316],[7.82107,45.93442],[7.82143,45.93451],[7.82136,45.93471],[7.82105,45.9348],[7.82055,45.93479],[7.81974,45.935],[7.8195,45.93491],[7.81914,45.93509],[7.8188,45.93507],[7.81644,45.93609],[7.81646,45.93642],[7.81584,45.93663],[7.81538,45.93667],[7.8149,45.93682],[7.81478,45.9371],[7.81398,45.93765],[7.80751,45.941],[7.8067,45.94151],[7.8051,45.94422],[7.80338,45.94817],[7.80081,45.95075],[7.79799,45.9527],[7.79703,45.95452],[7.79652,45.95624],[7.79549,45.95847],[7.79411,45.96019],[7.7924,45.96156],[7.79021,45.96372],[7.79154,45.96422],[7.79514,45.96585],[7.80098,45.96663],[7.80475,45.9687],[7.8053,45.9681],[7.80577,45.96774],[7.80633,45.96615],[7.80651,45.96472],[7.80694,45.96442],[7.80695,45.96413],[7.80614,45.96259],[7.80629,45.96172],[7.80581,45.96008],[7.80671,45.95711],[7.80889,45.95631],[7.81079,45.95402],[7.81451,45.95218],[7.8159,45.94996],[7.81683,45.94956],[7.81741,45.94884],[7.8183,45.94882],[7.82035,45.94839],[7.82287,45.94694],[7.82381,45.9475],[7.82585,45.94766],[7.82783,45.94754],[7.82879,45.94767],[7.82951,45.94799],[7.82933,45.9484],[7.82855,45.94863],[7.82984,45.94907],[7.83031,45.94914],[7.83041,45.94944],[7.83167,45.94965],[7.8318,45.94749],[7.83158,45.94713],[7.82941,45.94683],[7.83222,45.9457],[7.83427,45.94511],[7.83562,45.94497],[7.8367,45.94503],[7.83763,45.9454],[7.83968,45.9445],[7.83986,45.94433],[7.8401,45.94453],[7.84347,45.94416],[7.84346,45.94372],[7.84495,45.9432],[7.84526,45.94317],[7.84532,45.94273],[7.8471,45.94229],[7.84762,45.94147],[7.84832,45.94077],[7.84836,45.93976],[7.84806,45.93945],[7.8471,45.93935],[7.84694,45.93875],[7.84715,45.93876],[7.84763,45.9385],[7.8489,45.93896],[7.85056,45.93922],[7.85224,45.93904],[7.8526,45.93878],[7.85301,45.93821],[7.8516,45.93765],[7.85273,45.93709],[7.85258,45.93635],[7.85194,45.93568],[7.8516,45.93509],[7.85104,45.93463],[7.85088,45.93432],[7.851,45.93358],[7.85139,45.93331],[7.85253,45.93288],[7.85268,45.93233],[7.85409,45.93269],[7.85442,45.9331],[7.85681,45.93411],[7.85869,45.93475],[7.86249,45.93506],[7.86322,45.93422],[7.8648,45.93359],[7.86518,45.93371],[7.86659,45.93459],[7.86718,45.93463],[7.86781,45.93492],[7.869,45.93509],[7.87027,45.93471],[7.87031,45.93448],[7.87072,45.9341],[7.87052,45.9337],[7.86956,45.93324],[7.86937,45.93293],[7.86865,45.93258],[7.86772,45.93157],[7.86542,45.92967],[7.86384,45.92919],[7.86299,45.92869],[7.86311,45.92744],[7.86355,45.92603],[7.86441,45.92583],[7.86557,45.92707],[7.86684,45.92743],[7.86663,45.92857],[7.8691,45.93017],[7.87035,45.93141],[7.87072,45.93167],[7.87142,45.93172],[7.87251,45.93166],[7.87259,45.93212],[7.87338,45.93197],[7.87438,45.93151],[7.8752,45.93146],[7.87539,45.93135],[7.87587,45.93135],[7.87607,45.93117],[7.8768,45.93115],[7.87688,45.93098],[7.87822,45.93095],[7.87833,45.93073],[7.87817,45.93062],[7.87827,45.9291],[7.87801,45.92898],[7.87795,45.92861],[7.87819,45.92834],[7.87866,45.92828],[7.87871,45.92817],[7.87845,45.92777],[7.878,45.92765],[7.87764,45.92766],[7.87692,45.92728],[7.87685,45.92684],[7.87669,45.92675],[7.87661,45.92634],[7.87626,45.92628],[7.87623,45.92578],[7.87587,45.92577],[7.87546,45.92553],[7.87513,45.92553],[7.87499,45.92526],[7.8752,45.92512],[7.87526,45.92481],[7.87551,45.92481],[7.87547,45.92466],[7.87531,45.92461],[7.87547,45.92441],[7.8757,45.92433],[7.87549,45.92413],[7.87564,45.92398],[7.87574,45.92358],[7.87611,45.92323],[7.87611,45.92288],[7.87571,45.92239],[7.87511,45.92232],[7.87497,45.9221],[7.87511,45.92189],[7.87464,45.9217],[7.87423,45.92116],[7.87407,45.9205],[7.87381,45.92035],[7.87267,45.92016],[7.87135,45.91971],[7.87075,45.91925],[7.87067,45.9188],[7.87026,45.91821],[7.86997,45.91807],[7.86872,45.91783],[7.86844,45.91769],[7.86794,45.91765],[7.86779,45.91745],[7.86793,45.91721],[7.86752,45.91706],[7.86728,45.91706],[7.86714,45.91725],[7.86653,45.91743],[7.86621,45.91714],[7.86558,45.91716],[7.86514,45.91696],[7.86501,45.91712],[7.86463,45.91706],[7.86432,45.91688],[7.86417,45.91664],[7.86388,45.91674],[7.86389,45.91711],[7.86348,45.91719],[7.86319,45.91824],[7.86354,45.92093],[7.85985,45.92247],[7.85943,45.92296],[7.85868,45.92285],[7.85819,45.92296],[7.85767,45.92281],[7.8573,45.92306],[7.85775,45.92347],[7.85705,45.92342],[7.85692,45.92376],[7.85635,45.92355],[7.85612,45.92379],[7.85575,45.9236],[7.856,45.92326],[7.8553,45.92326],[7.855,45.92302],[7.85432,45.92331],[7.85242,45.92255],[7.85121,45.92267],[7.85131,45.92337],[7.851,45.92384],[7.85213,45.92436],[7.85091,45.9244],[7.85075,45.92416],[7.85032,45.92417],[7.85021,45.92393],[7.84948,45.92383],[7.84906,45.92349],[7.84869,45.92333],[7.84782,45.92324],[7.84571,45.92266],[7.84543,45.92267],[7.84492,45.92287],[7.84465,45.92317],[7.84335,45.92316],[7.84346,45.92255],[7.8423,45.92201],[7.84158,45.92204],[7.83972,45.92195],[7.839,45.92197],[7.83865,45.9221],[7.83833,45.92181],[7.83774,45.92195],[7.83668,45.92194],[7.83625,45.92202],[7.83585,45.92231],[7.83572,45.92274],[7.83526,45.92295],[7.83445,45.92293],[7.83414,45.92306],[7.83385,45.92298],[7.83303,45.92316],[7.83286,45.92352],[7.83345,45.92358],[7.83406,45.92353],[7.83434,45.92413],[7.83368,45.92466],[7.83298,45.92505],[7.83092,45.9253],[7.82971,45.92572],[7.82867,45.92575],[7.82804,45.92606],[7.82896,45.92675],[7.83213,45.92753],[7.83377,45.92766],[7.8343,45.92793]],[[7.86583,45.91957],[7.86555,45.91946],[7.86595,45.91944],[7.86611,45.91933],[7.86638,45.91932],[7.86665,45.91946],[7.86583,45.91957]],[[7.84087,45.92351],[7.84112,45.92299],[7.84204,45.92284],[7.84239,45.92342],[7.84264,45.92362],[7.84313,45.92373],[7.84354,45.92348],[7.84421,45.9233],[7.84444,45.92373],[7.84416,45.92435],[7.84377,45.92459],[7.84242,45.92511],[7.84155,45.92528],[7.84141,45.92576],[7.84055,45.9259],[7.8404,45.92554],[7.83991,45.92529],[7.83915,45.92526],[7.8383,45.92564],[7.83692,45.92525],[7.83607,45.92515],[7.83554,45.92437],[7.83469,45.92355],[7.83846,45.9232],[7.83917,45.92365],[7.84087,45.92351]],[[7.83378,45.92625],[7.83422,45.92615],[7.83667,45.92628],[7.8378,45.92671],[7.83696,45.92727],[7.83629,45.92716],[7.83594,45.92757],[7.83487,45.92716],[7.8343,45.92716],[7.83423,45.92685],[7.83344,45.92689],[7.83364,45.92665],[7.83362,45.92642],[7.83378,45.92625]],[[7.8625,45.93116],[7.8617,45.93089],[7.86212,45.9304],[7.86286,45.93094],[7.86446,45.93114],[7.86505,45.93132],[7.86491,45.93178],[7.86499,45.93193],[7.8646,45.93202],[7.86441,45.93174],[7.86392,45.93135],[7.8625,45.93116]],[[7.83878,45.93939],[7.83902,45.93876],[7.83978,45.93838],[7.83991,45.93749],[7.83969,45.93684],[7.84043,45.93607],[7.842,45.93569],[7.84364,45.93567],[7.84576,45.93614],[7.84782,45.93693],[7.84914,45.9369],[7.85119,45.93734],[7.8514,45.9376],[7.84914,45.93709],[7.84813,45.93719],[7.84896,45.93788],[7.8488,45.93812],[7.84815,45.93806],[7.84784,45.93812],[7.84733,45.9378],[7.84698,45.93775],[7.84542,45.93775],[7.84483,45.9379],[7.84458,45.93802],[7.84441,45.93821],[7.84409,45.93833],[7.84406,45.93851],[7.84353,45.93876],[7.84354,45.93911],[7.84284,45.93918],[7.84275,45.93937],[7.84291,45.93963],[7.84269,45.94006],[7.84259,45.94071],[7.84209,45.9408],[7.84173,45.94058],[7.83971,45.9406],[7.8388,45.94101],[7.8385,45.94156],[7.83804,45.9419],[7.8356,45.94129],[7.83602,45.94075],[7.83717,45.9399],[7.83772,45.94006],[7.83831,45.93978],[7.83878,45.93939]]]}},{"type":"Feature","properties":{"name":"Grande Ghiacciaio di Verra","nameDe":null,"areaKm2":6.0414,"osmId":2622927},"geometry":{"type":"Polygon","coordinates":[[[7.78982,45.91841],[7.78894,45.91831],[7.78864,45.9184],[7.78852,45.91824],[7.78745,45.91773],[7.78695,45.91764],[7.78645,45.91771],[7.78631,45.91762],[7.78652,45.9172],[7.78626,45.91722],[7.78617,45.91712],[7.78634,45.91687],[7.78614,45.91678],[7.78569,45.91678],[7.78562,45.91699],[7.78533,45.91679],[7.78434,45.91671],[7.78403,45.91715],[7.78415,45.91805],[7.78428,45.91824],[7.78398,45.91886],[7.78399,45.91906],[7.78355,45.91896],[7.78328,45.919],[7.78278,45.91915],[7.78261,45.91938],[7.78219,45.91945],[7.78146,45.91937],[7.78106,45.91939],[7.78026,45.91926],[7.77964,45.91881],[7.77913,45.91871],[7.77884,45.91851],[7.77858,45.91845],[7.77846,45.91828],[7.77848,45.91808],[7.77825,45.9181],[7.77811,45.91788],[7.77812,45.91754],[7.77876,45.91614],[7.77851,45.91536],[7.77709,45.91386],[7.77726,45.91366],[7.77403,45.9142],[7.77189,45.91367],[7.76961,45.91292],[7.76854,45.91287],[7.76772,45.91339],[7.76668,45.91316],[7.76609,45.91334],[7.76674,45.91364],[7.76757,45.91378],[7.76825,45.91384],[7.76903,45.91381],[7.7703,45.91393],[7.773,45.91469],[7.77307,45.91487],[7.77382,45.91568],[7.77476,45.91639],[7.77352,45.91652],[7.77275,45.91683],[7.77237,45.91677],[7.77174,45.91649],[7.77084,45.9164],[7.76853,45.91639],[7.76831,45.91632],[7.76917,45.91839],[7.77006,45.91905],[7.77033,45.91972],[7.77069,45.92001],[7.77084,45.92033],[7.77129,45.92085],[7.77149,45.921],[7.77236,45.92123],[7.7718,45.92149],[7.77154,45.92145],[7.77042,45.92096],[7.7696,45.92099],[7.76912,45.92086],[7.76842,45.92091],[7.76799,45.9208],[7.76732,45.92091],[7.76687,45.92084],[7.76662,45.92071],[7.76557,45.92095],[7.7651,45.92094],[7.76479,45.92083],[7.76479,45.92069],[7.76519,45.92061],[7.7647,45.91989],[7.76454,45.91851],[7.76418,45.91836],[7.76354,45.91828],[7.76238,45.91787],[7.76235,45.91833],[7.76218,45.91847],[7.76204,45.91841],[7.76181,45.91853],[7.76143,45.91823],[7.7609,45.91824],[7.76065,45.91783],[7.7604,45.91773],[7.75999,45.91784],[7.75948,45.9176],[7.75917,45.91761],[7.75873,45.9172],[7.75822,45.91705],[7.75742,45.91699],[7.75699,45.91677],[7.75674,45.91685],[7.75646,45.91655],[7.75605,45.91577],[7.7558,45.91569],[7.75556,45.91574],[7.75543,45.91567],[7.7551,45.91522],[7.75503,45.91462],[7.7548,45.91438],[7.75443,45.91419],[7.75424,45.91362],[7.75384,45.91326],[7.75359,45.91367],[7.75285,45.91215],[7.75287,45.91127],[7.7532,45.91066],[7.75319,45.91018],[7.75315,45.90996],[7.75268,45.90954],[7.7529,45.90922],[7.7536,45.9087],[7.75447,45.90763],[7.75462,45.90654],[7.75447,45.90599],[7.75365,45.90502],[7.75279,45.9045],[7.75262,45.90425],[7.75215,45.90387],[7.75147,45.90475],[7.75105,45.90609],[7.74938,45.90852],[7.74896,45.90956],[7.74902,45.91023],[7.74857,45.91116],[7.74839,45.91181],[7.74852,45.9128],[7.74884,45.91364],[7.74904,45.91391],[7.74911,45.91452],[7.74972,45.91556],[7.74976,45.91585],[7.74935,45.91666],[7.74828,45.91699],[7.74732,45.91711],[7.74671,45.91696],[7.747,45.91673],[7.74641,45.91658],[7.74594,45.91612],[7.74403,45.91612],[7.74258,45.91638],[7.74173,45.91701],[7.74111,45.91839],[7.74199,45.9189],[7.74291,45.91927],[7.74245,45.91946],[7.7424,45.91999],[7.74276,45.92004],[7.74319,45.92024],[7.74325,45.92047],[7.74309,45.92075],[7.7434,45.92082],[7.74423,45.92121],[7.74452,45.92119],[7.74542,45.92057],[7.74595,45.91963],[7.74629,45.9195],[7.74703,45.91971],[7.74731,45.91997],[7.74749,45.92029],[7.74774,45.92032],[7.74819,45.92006],[7.74981,45.91944],[7.74921,45.92011],[7.74904,45.9208],[7.74878,45.92112],[7.74864,45.92159],[7.74872,45.92198],[7.74845,45.92266],[7.74898,45.9234],[7.74914,45.92384],[7.74913,45.92473],[7.74898,45.92508],[7.74879,45.92535],[7.74834,45.92551],[7.74818,45.92565],[7.74804,45.9261],[7.74782,45.92641],[7.74738,45.92656],[7.74718,45.92644],[7.7464,45.92752],[7.74646,45.92768],[7.74677,45.9279],[7.74761,45.92798],[7.74808,45.92899],[7.7481,45.92962],[7.74793,45.92988],[7.75051,45.93383],[7.75113,45.93393],[7.7515,45.93428],[7.75152,45.9346],[7.75503,45.93574],[7.75534,45.9353],[7.75574,45.9353],[7.75605,45.93545],[7.75709,45.93625],[7.75736,45.93633],[7.75772,45.9366],[7.75793,45.93665],[7.75805,45.93681],[7.75796,45.93694],[7.75839,45.93709],[7.75832,45.93727],[7.75854,45.93735],[7.75987,45.9377],[7.76018,45.9376],[7.76093,45.93765],[7.76173,45.93755],[7.76212,45.9376],[7.76244,45.93788],[7.76339,45.93809],[7.7646,45.93776],[7.76485,45.93757],[7.76557,45.93749],[7.766,45.93761],[7.76624,45.93733],[7.76581,45.93611],[7.7665,45.93595],[7.76679,45.93624],[7.76733,45.93706],[7.76813,45.93685],[7.76948,45.9367],[7.76989,45.93604],[7.76967,45.93385],[7.77036,45.93228],[7.77147,45.93173],[7.77189,45.93129],[7.77288,45.93133],[7.77423,45.9306],[7.7755,45.93096],[7.77629,45.93092],[7.77726,45.93129],[7.77766,45.93137],[7.77786,45.93128],[7.77847,45.93158],[7.77876,45.93237],[7.78054,45.9295],[7.78136,45.92963],[7.78413,45.93099],[7.78656,45.93102],[7.78615,45.93029],[7.78487,45.92969],[7.78399,45.92945],[7.78368,45.92944],[7.78307,45.92914],[7.78253,45.92932],[7.78226,45.92925],[7.78203,45.92944],[7.78168,45.92938],[7.78176,45.92917],[7.78166,45.92908],[7.78136,45.92915],[7.78092,45.92906],[7.78054,45.92912],[7.78021,45.92899],[7.78019,45.92879],[7.78048,45.92863],[7.78047,45.9285],[7.78026,45.92836],[7.78071,45.92797],[7.78093,45.92736],[7.78085,45.92703],[7.781,45.9266],[7.78084,45.92616],[7.78062,45.92612],[7.78024,45.92566],[7.78017,45.92529],[7.78036,45.925],[7.7807,45.9249],[7.78171,45.92502],[7.78256,45.925],[7.78319,45.92513],[7.78471,45.92589],[7.7864,45.92624],[7.78763,45.92634],[7.78849,45.92602],[7.78913,45.92641],[7.78911,45.92666],[7.79147,45.92562],[7.79046,45.92463],[7.78978,45.92305],[7.78972,45.92266],[7.79321,45.92177],[7.79332,45.92167],[7.79327,45.92088],[7.79298,45.92085],[7.79274,45.92068],[7.79254,45.92038],[7.79154,45.9201],[7.79135,45.92025],[7.79077,45.92032],[7.78925,45.92083],[7.78836,45.92095],[7.78748,45.92141],[7.78644,45.9217],[7.78541,45.92177],[7.78379,45.92208],[7.78485,45.92151],[7.78656,45.92122],[7.7874,45.92085],[7.7879,45.9206],[7.78815,45.9202],[7.78943,45.91971],[7.79005,45.91957],[7.79055,45.91897],[7.78982,45.91841]],[[7.77696,45.92169],[7.77733,45.92154],[7.7784,45.92157],[7.77881,45.92179],[7.77985,45.92202],[7.78165,45.92177],[7.78269,45.92195],[7.78181,45.92195],[7.77962,45.92233],[7.77857,45.92211],[7.77798,45.92183],[7.77672,45.92189],[7.77696,45.92169]],[[7.77313,45.92479],[7.77289,45.92431],[7.77311,45.92418],[7.77384,45.92428],[7.77425,45.92441],[7.7741,45.92452],[7.77375,45.92456],[7.77313,45.92479]],[[7.75854,45.92644],[7.75669,45.92554],[7.75455,45.92384],[7.75394,45.92306],[7.75696,45.9231],[7.75766,45.92373],[7.75839,45.92413],[7.75844,45.92386],[7.75933,45.92412],[7.75972,45.92487],[7.75939,45.92521],[7.76027,45.92603],[7.76034,45.92646],[7.76009,45.92682],[7.75905,45.92641],[7.75854,45.92644]],[[7.76748,45.92531],[7.76751,45.92515],[7.76777,45.92493],[7.76844,45.92473],[7.76894,45.92477],[7.76912,45.92489],[7.76974,45.92491],[7.76974,45.92509],[7.76868,45.92517],[7.76785,45.92537],[7.76748,45.92531]],[[7.7626,45.92614],[7.7632,45.9261],[7.76418,45.92653],[7.76417,45.92674],[7.76316,45.92653],[7.7617,45.92686],[7.7626,45.92614]],[[7.77046,45.92944],[7.77085,45.92924],[7.77107,45.92925],[7.77139,45.92952],[7.77112,45.92988],[7.77245,45.93034],[7.77173,45.93086],[7.77096,45.93084],[7.77078,45.93002],[7.77059,45.92981],[7.77035,45.93001],[7.77012,45.93001],[7.77008,45.92987],[7.77046,45.92944]]]}},{"type":"Feature","properties":{"name":"Glacier de Moiry","nameDe":"Moirygletscher","areaKm2":4.4252,"osmId":3133462},"geometry":{"type":"Polygon","coordinates":[[[7.60373,46.07868],[7.60426,46.07846],[7.60472,46.07842],[7.60556,46.07851],[7.60641,46.07897],[7.60658,46.07928],[7.60736,46.07971],[7.60787,46.0801],[7.60788,46.08021],[7.60773,46.08034],[7.60847,46.08027],[7.60885,46.07988],[7.60894,46.07952],[7.60893,46.07904],[7.60851,46.07855],[7.60844,46.07757],[7.60798,46.07701],[7.60807,46.07625],[7.60848,46.07573],[7.60842,46.07515],[7.60906,46.0746],[7.61062,46.07241],[7.61188,46.07132],[7.61188,46.07067],[7.61154,46.0696],[7.61072,46.06884],[7.60958,46.0671],[7.60908,46.06684],[7.60872,46.06619],[7.60863,46.06562],[7.60891,46.06528],[7.6088,46.06498],[7.60832,46.06456],[7.60821,46.06414],[7.6075,46.06394],[7.60721,46.06401],[7.60697,46.06443],[7.60667,46.06419],[7.60659,46.06383],[7.60682,46.06367],[7.60713,46.06361],[7.60799,46.06289],[7.60762,46.06221],[7.60809,46.06118],[7.60757,46.06077],[7.60779,46.05991],[7.60841,46.05922],[7.60852,46.05875],[7.60842,46.05842],[7.60857,46.05789],[7.60849,46.05699],[7.60876,46.05653],[7.60914,46.05553],[7.60895,46.05509],[7.60739,46.05511],[7.60666,46.05501],[7.60541,46.05531],[7.60403,46.05531],[7.6016,46.05584],[7.59992,46.05592],[7.59959,46.056],[7.59944,46.05638],[7.59917,46.05654],[7.59759,46.05647],[7.59724,46.05665],[7.5978,46.05704],[7.59794,46.05733],[7.59834,46.05774],[7.59839,46.05814],[7.59813,46.05852],[7.598,46.059],[7.59803,46.05984],[7.59752,46.06015],[7.5967,46.06087],[7.59526,46.0614],[7.59459,46.06149],[7.59381,46.06175],[7.59295,46.06194],[7.59272,46.0622],[7.59262,46.06257],[7.59192,46.06305],[7.59146,46.06407],[7.59115,46.0645],[7.59125,46.06475],[7.5912,46.06507],[7.59138,46.06545],[7.59131,46.06582],[7.59101,46.06599],[7.59059,46.06602],[7.59027,46.0665],[7.59044,46.06694],[7.59102,46.06719],[7.59166,46.0678],[7.59163,46.06799],[7.59142,46.0683],[7.59044,46.06886],[7.589,46.07032],[7.58857,46.07123],[7.58826,46.07134],[7.58799,46.07207],[7.58743,46.07313],[7.5883,46.07472],[7.58898,46.0752],[7.59187,46.07764],[7.59252,46.07788],[7.59279,46.07829],[7.59193,46.07893],[7.59146,46.07986],[7.59165,46.08027],[7.59201,46.08048],[7.59283,46.08077],[7.59256,46.08215],[7.59206,46.08251],[7.59151,46.08276],[7.5909,46.08381],[7.5896,46.0845],[7.58733,46.08724],[7.58676,46.08824],[7.58641,46.08947],[7.58609,46.08956],[7.58584,46.0904],[7.58608,46.09123],[7.58698,46.09169],[7.5861,46.09287],[7.58658,46.09532],[7.58666,46.0962],[7.58661,46.09693],[7.58683,46.09708],[7.58777,46.097],[7.58813,46.09608],[7.58896,46.09528],[7.58899,46.09396],[7.58855,46.09313],[7.58765,46.09217],[7.58769,46.09181],[7.58889,46.09096],[7.589,46.09103],[7.59068,46.09056],[7.59085,46.09019],[7.59562,46.0874],[7.5962,46.0863],[7.59598,46.08562],[7.59644,46.08538],[7.59726,46.08465],[7.59727,46.08392],[7.59803,46.08455],[7.59894,46.08477],[7.59979,46.08464],[7.60118,46.08401],[7.60175,46.08396],[7.60269,46.08489],[7.60418,46.08481],[7.60577,46.08544],[7.60573,46.08457],[7.60613,46.08408],[7.6051,46.08365],[7.60475,46.08339],[7.60397,46.08305],[7.60311,46.0828],[7.60281,46.08253],[7.60293,46.0821],[7.60243,46.08169],[7.60233,46.08091],[7.60319,46.08047],[7.60339,46.07989],[7.60339,46.07931],[7.60373,46.07868]],[[7.59542,46.0696],[7.59561,46.0693],[7.59603,46.06934],[7.59607,46.06983],[7.59591,46.07044],[7.59463,46.07156],[7.59414,46.07182],[7.59383,46.0723],[7.59371,46.07198],[7.5939,46.07157],[7.59438,46.07123],[7.59445,46.07101],[7.59417,46.07065],[7.59419,46.0705],[7.59442,46.07024],[7.59542,46.0696]],[[7.59475,46.07915],[7.5955,46.07904],[7.5959,46.07929],[7.59595,46.07982],[7.59553,46.07984],[7.59508,46.08023],[7.59447,46.08021],[7.59423,46.08006],[7.59418,46.07991],[7.59451,46.07963],[7.59448,46.07929],[7.59475,46.07915]],[[7.594,46.08355],[7.59451,46.08355],[7.59527,46.08393],[7.59529,46.08415],[7.59462,46.08421],[7.59399,46.08389],[7.594,46.08355]]]}},{"type":"Feature","properties":{"name":"Ghiacciaio del Lys","nameDe":"Lysgletscher","areaKm2":5.7848,"osmId":5394421},"geometry":{"type":"MultiPolygon","coordinates":[[[[7.8406,45.89364],[7.84064,45.89421],[7.84107,45.89496],[7.84165,45.89545],[7.84233,45.89559],[7.8422,45.89519],[7.84259,45.89539],[7.84257,45.89573],[7.84306,45.896],[7.84345,45.89586],[7.84401,45.89582],[7.84369,45.89527],[7.84382,45.89497],[7.84385,45.89449],[7.8432,45.89351],[7.8428,45.8925],[7.84126,45.89136],[7.84104,45.89068],[7.84051,45.89024],[7.84004,45.88999],[7.83863,45.89036],[7.83902,45.89242],[7.83981,45.89317],[7.8406,45.89364]]],[[[7.82819,45.89392],[7.82757,45.89402],[7.82647,45.89438],[7.82522,45.89413],[7.82348,45.89314],[7.82318,45.89311],[7.82317,45.89335],[7.82346,45.89367],[7.82355,45.89407],[7.82458,45.89594],[7.82587,45.89677],[7.82652,45.89671],[7.8271,45.89701],[7.82783,45.89708],[7.8284,45.8973],[7.82916,45.89817],[7.8302,45.89865],[7.83001,45.89963],[7.83,45.90066],[7.83122,45.90152],[7.83201,45.90244],[7.83264,45.90361],[7.83372,45.9033],[7.83445,45.90394],[7.83475,45.90464],[7.83377,45.90489],[7.83338,45.90543],[7.83307,45.90658],[7.83361,45.90712],[7.83433,45.9071],[7.83508,45.90768],[7.83536,45.9089],[7.83383,45.91042],[7.83329,45.91129],[7.83381,45.91202],[7.83544,45.91222],[7.83596,45.91205],[7.83652,45.91083],[7.83793,45.90955],[7.83913,45.9101],[7.84009,45.91142],[7.83841,45.91115],[7.83703,45.91119],[7.83699,45.91178],[7.8386,45.91205],[7.8383,45.91267],[7.83912,45.91317],[7.83908,45.9137],[7.83878,45.91448],[7.83805,45.91393],[7.8371,45.91389],[7.83654,45.91402],[7.83511,45.91381],[7.83458,45.91359],[7.83548,45.91586],[7.83578,45.91583],[7.83612,45.91633],[7.83663,45.91618],[7.83669,45.9159],[7.83657,45.9151],[7.83715,45.91526],[7.83735,45.91576],[7.83783,45.91596],[7.83801,45.91804],[7.84034,45.92084],[7.84241,45.92052],[7.84352,45.92048],[7.84401,45.92103],[7.8463,45.92096],[7.85121,45.92267],[7.85518,45.92216],[7.85985,45.92247],[7.86354,45.92093],[7.86319,45.91824],[7.86348,45.91719],[7.86335,45.91623],[7.86226,45.91564],[7.86202,45.91518],[7.86208,45.91503],[7.86191,45.9149],[7.86169,45.91501],[7.86143,45.91497],[7.86094,45.91464],[7.86108,45.91456],[7.86104,45.91432],[7.8614,45.91401],[7.86148,45.9137],[7.8623,45.91344],[7.86256,45.91313],[7.86212,45.91297],[7.86193,45.91275],[7.86194,45.91198],[7.86166,45.91183],[7.8616,45.91162],[7.86175,45.91153],[7.86178,45.91135],[7.86152,45.91132],[7.86171,45.91108],[7.86202,45.91097],[7.86186,45.91069],[7.86151,45.91037],[7.86131,45.90998],[7.86173,45.90966],[7.8625,45.90859],[7.86236,45.90816],[7.86248,45.90783],[7.86282,45.90769],[7.86292,45.90748],[7.86224,45.90714],[7.86129,45.9065],[7.86117,45.90653],[7.86113,45.90672],[7.86076,45.90724],[7.86002,45.90761],[7.85889,45.90789],[7.85837,45.90793],[7.85835,45.90818],[7.85817,45.9082],[7.85743,45.90771],[7.85739,45.90748],[7.85764,45.90741],[7.85753,45.90725],[7.85699,45.90732],[7.85662,45.90722],[7.85663,45.90701],[7.85617,45.90692],[7.85596,45.90722],[7.85585,45.90724],[7.85569,45.90682],[7.85602,45.9065],[7.85591,45.9062],[7.85463,45.90554],[7.8541,45.90555],[7.8539,45.90544],[7.85398,45.9052],[7.85416,45.90507],[7.85482,45.90542],[7.85607,45.90579],[7.8563,45.90561],[7.8571,45.90583],[7.85754,45.90578],[7.85789,45.90497],[7.85754,45.90445],[7.85636,45.90329],[7.8557,45.90237],[7.85128,45.90033],[7.84901,45.90007],[7.84828,45.89976],[7.84785,45.89981],[7.84718,45.89972],[7.84643,45.89946],[7.84579,45.89914],[7.84612,45.89875],[7.84585,45.89832],[7.84578,45.89757],[7.84489,45.89695],[7.84421,45.89655],[7.84323,45.89645],[7.84229,45.89605],[7.84194,45.89581],[7.84109,45.8961],[7.8405,45.89554],[7.83971,45.89504],[7.83863,45.89458],[7.8372,45.89384],[7.83647,45.89326],[7.83544,45.89287],[7.8351,45.89241],[7.8339,45.89153],[7.83282,45.89094],[7.83245,45.89011],[7.83154,45.88929],[7.83093,45.88984],[7.83009,45.88966],[7.82984,45.88983],[7.82964,45.88987],[7.82925,45.89023],[7.82906,45.89031],[7.82862,45.89035],[7.82759,45.89008],[7.82737,45.89008],[7.82699,45.8902],[7.8268,45.89046],[7.82715,45.89127],[7.82803,45.89187],[7.82748,45.89299],[7.82819,45.89392]],[[7.8477,45.90438],[7.84825,45.90452],[7.84808,45.90504],[7.84687,45.90543],[7.84617,45.90549],[7.84598,45.90518],[7.84638,45.90477],[7.8477,45.90438]],[[7.84525,45.90754],[7.84551,45.90784],[7.84541,45.90846],[7.84484,45.90846],[7.8447,45.90797],[7.84439,45.90759],[7.84525,45.90754]],[[7.8576,45.91357],[7.85681,45.91345],[7.85635,45.91316],[7.85632,45.91307],[7.85673,45.91289],[7.85711,45.91295],[7.85751,45.9134],[7.85823,45.9136],[7.85827,45.91384],[7.8576,45.91357]]]]}},{"type":"Feature","properties":{"name":"Ghiacciaio des Grandes Murailles","nameDe":null,"areaKm2":4.7846,"osmId":5394862},"geometry":{"type":"Polygon","coordinates":[[[7.58033,45.96968],[7.58065,45.96982],[7.58092,45.96967],[7.58124,45.96969],[7.58177,45.96946],[7.5824,45.96954],[7.58292,45.97025],[7.58297,45.97049],[7.58384,45.97083],[7.58457,45.9709],[7.58494,45.97054],[7.58648,45.97046],[7.58621,45.96929],[7.58722,45.96921],[7.58859,45.96964],[7.58941,45.97006],[7.58981,45.96992],[7.59008,45.97005],[7.59059,45.96989],[7.59089,45.96996],[7.59213,45.97056],[7.59266,45.97055],[7.59316,45.97065],[7.59389,45.97058],[7.59446,45.97017],[7.59487,45.97002],[7.59546,45.96998],[7.59695,45.96952],[7.5976,45.96853],[7.5991,45.96794],[7.59897,45.96818],[7.59833,45.96861],[7.59834,45.9689],[7.59996,45.96894],[7.60092,45.96912],[7.60163,45.96917],[7.60293,45.96879],[7.60257,45.96845],[7.60288,45.9675],[7.6026,45.96715],[7.60289,45.96703],[7.60338,45.96696],[7.6042,45.96761],[7.60702,45.96856],[7.60849,45.96878],[7.60965,45.96913],[7.61057,45.96824],[7.61093,45.96722],[7.61077,45.96677],[7.60906,45.96654],[7.60732,45.96592],[7.60656,45.96548],[7.60548,45.96516],[7.60529,45.96478],[7.60381,45.96397],[7.60305,45.96336],[7.60237,45.96079],[7.60014,45.9601],[7.59756,45.95796],[7.59602,45.95615],[7.59481,45.95538],[7.59533,45.95435],[7.59481,45.95324],[7.59687,45.95384],[7.5979,45.95324],[7.59911,45.95203],[7.59928,45.95143],[7.59842,45.95032],[7.59911,45.95015],[7.59962,45.94946],[7.59962,45.94834],[7.59705,45.94783],[7.59516,45.94706],[7.59327,45.9468],[7.59018,45.9462],[7.58966,45.945],[7.58709,45.94319],[7.5864,45.94208],[7.58692,45.9407],[7.5864,45.9401],[7.584,45.93985],[7.58331,45.93933],[7.58314,45.9383],[7.58366,45.9377],[7.58503,45.9383],[7.58589,45.93882],[7.58692,45.93847],[7.58846,45.93907],[7.58984,45.93933],[7.59005,45.93856],[7.5894,45.93788],[7.58846,45.93744],[7.58743,45.9377],[7.58692,45.9371],[7.58636,45.93623],[7.58535,45.93579],[7.58411,45.93596],[7.58324,45.93567],[7.58142,45.93538],[7.58,45.93539],[7.58,45.94019],[7.58026,45.94008],[7.58067,45.94019],[7.58069,45.94089],[7.58037,45.94131],[7.58043,45.94181],[7.58,45.94169],[7.58,45.96071],[7.58045,45.9605],[7.58049,45.96037],[7.58127,45.96035],[7.58182,45.96043],[7.58203,45.96057],[7.5816,45.96074],[7.58119,45.96075],[7.58102,45.96098],[7.581,45.96117],[7.58056,45.96122],[7.58,45.96087],[7.58,45.96997],[7.58033,45.96968]],[[7.58968,45.95917],[7.59038,45.95904],[7.59075,45.95875],[7.59096,45.95846],[7.59133,45.95825],[7.59178,45.95824],[7.59167,45.95851],[7.5907,45.95909],[7.58995,45.95924],[7.58958,45.9594],[7.5895,45.95936],[7.58968,45.95917]],[[7.58795,45.96039],[7.58853,45.9603],[7.58853,45.9604],[7.58834,45.96056],[7.58786,45.96068],[7.58795,45.96039]],[[7.59123,45.96221],[7.5911,45.96181],[7.59175,45.96176],[7.59198,45.9619],[7.59158,45.96219],[7.59123,45.96221]],[[7.59257,45.96228],[7.59253,45.96215],[7.59317,45.96198],[7.59314,45.96221],[7.59296,45.96232],[7.59257,45.96228]]]}},{"type":"Feature","properties":{"name":"Ghiacciaio del Castor","nameDe":null,"areaKm2":1.0753,"osmId":9094028},"geometry":{"type":"Polygon","coordinates":[[[7.7919,45.91964],[7.79264,45.91961],[7.79316,45.91948],[7.79353,45.91925],[7.79402,45.91871],[7.79468,45.91894],[7.79587,45.91853],[7.79711,45.91841],[7.79507,45.91942],[7.79711,45.91975],[7.79787,45.919],[7.7984,45.91888],[7.79758,45.91862],[7.79835,45.91796],[7.79898,45.91756],[7.79894,45.9172],[7.79758,45.91683],[7.79751,45.91635],[7.7991,45.9164],[7.79962,45.91605],[7.79931,45.91532],[7.79893,45.91526],[7.79643,45.91381],[7.79569,45.91268],[7.79406,45.91193],[7.79081,45.91132],[7.78967,45.91023],[7.78858,45.91],[7.78867,45.90961],[7.78751,45.90951],[7.78719,45.90956],[7.78695,45.90982],[7.78657,45.91054],[7.78581,45.91087],[7.78669,45.91084],[7.78593,45.91111],[7.78442,45.91129],[7.78408,45.91139],[7.78351,45.91182],[7.78335,45.91185],[7.78303,45.91187],[7.78282,45.9118],[7.78257,45.91163],[7.78215,45.91114],[7.78171,45.91107],[7.78106,45.91112],[7.78042,45.91108],[7.77963,45.91131],[7.77919,45.91134],[7.77841,45.91123],[7.77771,45.91096],[7.77727,45.91107],[7.77624,45.91084],[7.77603,45.91088],[7.77535,45.91076],[7.77474,45.91085],[7.77433,45.91069],[7.77356,45.91017],[7.77355,45.91061],[7.77269,45.91016],[7.7723,45.9101],[7.77212,45.91019],[7.77203,45.91042],[7.77209,45.9108],[7.77227,45.91102],[7.7717,45.91096],[7.7711,45.91107],[7.77079,45.91089],[7.77031,45.9108],[7.76995,45.91083],[7.76933,45.91111],[7.76791,45.91095],[7.76741,45.91108],[7.7665,45.91112],[7.76551,45.91127],[7.76488,45.91103],[7.76525,45.91149],[7.76584,45.91189],[7.76708,45.91198],[7.7678,45.91213],[7.76782,45.91223],[7.76767,45.91228],[7.76603,45.91215],[7.76484,45.91183],[7.76495,45.91206],[7.76668,45.91316],[7.76772,45.91339],[7.76854,45.91287],[7.76961,45.91292],[7.77189,45.91367],[7.77403,45.9142],[7.77726,45.91366],[7.77753,45.9134],[7.77916,45.91346],[7.78037,45.9137],[7.78114,45.91402],[7.78174,45.9139],[7.78271,45.9139],[7.78459,45.91413],[7.78487,45.91467],[7.78609,45.91455],[7.7872,45.91456],[7.78784,45.91431],[7.78807,45.9143],[7.78915,45.91485],[7.78928,45.9151],[7.78893,45.91543],[7.78891,45.91564],[7.78966,45.91599],[7.79049,45.91676],[7.79088,45.91678],[7.79097,45.9173],[7.79078,45.9176],[7.79019,45.91769],[7.79013,45.91796],[7.79087,45.91892],[7.79094,45.91932],[7.7919,45.91964]],[[7.79283,45.91475],[7.7944,45.91477],[7.79511,45.91503],[7.79536,45.91541],[7.79476,45.91579],[7.79434,45.91574],[7.79397,45.91532],[7.79326,45.91565],[7.79314,45.91499],[7.7928,45.91503],[7.7927,45.9153],[7.79257,45.91487],[7.79283,45.91475]],[[7.79269,45.916],[7.79423,45.91672],[7.79403,45.91723],[7.79441,45.91786],[7.79287,45.9176],[7.79242,45.91659],[7.79269,45.916]]]}},{"type":"Feature","properties":{"name":"Glacier de Moming","nameDe":"Mominggletscher","areaKm2":3.113,"osmId":9430492},"geometry":{"type":"Polygon","coordinates":[[[7.66938,46.07129],[7.66966,46.07215],[7.66962,46.0725],[7.67024,46.07355],[7.6699,46.0739],[7.66874,46.07412],[7.66835,46.0738],[7.6683,46.0735],[7.66857,46.07342],[7.66931,46.07357],[7.66949,46.0733],[7.66861,46.0723],[7.66803,46.07232],[7.66798,46.07167],[7.66657,46.07121],[7.66484,46.07294],[7.66473,46.07385],[7.66516,46.07409],[7.66503,46.07426],[7.66545,46.07453],[7.66605,46.07463],[7.66751,46.0754],[7.66839,46.07419],[7.66859,46.07417],[7.66861,46.07456],[7.66889,46.07487],[7.66875,46.07529],[7.66888,46.07551],[7.66922,46.07562],[7.66939,46.07587],[7.66966,46.07592],[7.67014,46.07558],[7.67039,46.07505],[7.67093,46.07475],[7.67117,46.07394],[7.67142,46.07448],[7.67141,46.07487],[7.67181,46.07573],[7.67133,46.07608],[7.66999,46.07635],[7.66887,46.07678],[7.6685,46.07721],[7.6671,46.0781],[7.66656,46.07837],[7.66556,46.07795],[7.66592,46.07745],[7.66689,46.0772],[7.66725,46.07654],[7.66709,46.07604],[7.66548,46.07537],[7.66435,46.07585],[7.66158,46.07632],[7.66137,46.07693],[7.66298,46.077],[7.66338,46.07734],[7.66328,46.07811],[7.66398,46.07858],[7.66413,46.07988],[7.66228,46.08112],[7.66159,46.0825],[7.66056,46.08507],[7.65809,46.08805],[7.65867,46.08836],[7.65944,46.08835],[7.66132,46.08794],[7.66294,46.08821],[7.66267,46.08919],[7.66313,46.08983],[7.66492,46.08908],[7.666,46.0873],[7.66742,46.08673],[7.66749,46.08784],[7.66914,46.08902],[7.6698,46.08904],[7.67234,46.08682],[7.67598,46.08601],[7.67704,46.08438],[7.6791,46.08232],[7.68219,46.08078],[7.68597,46.07992],[7.68839,46.07972],[7.68845,46.08097],[7.68933,46.0811],[7.69084,46.08075],[7.69215,46.07974],[7.69725,46.0797],[7.69677,46.07911],[7.69676,46.07822],[7.69569,46.07764],[7.69679,46.07583],[7.6943,46.07451],[7.69263,46.07282],[7.69065,46.07063],[7.69033,46.06847],[7.68982,46.06777],[7.68889,46.06803],[7.68767,46.06944],[7.68774,46.07035],[7.68987,46.07256],[7.69223,46.07398],[7.69199,46.0755],[7.69325,46.07571],[7.69346,46.07668],[7.69071,46.07722],[7.68862,46.07693],[7.68794,46.07595],[7.68667,46.07492],[7.68448,46.07421],[7.68211,46.07391],[7.68221,46.07286],[7.68268,46.07255],[7.68275,46.07185],[7.6812,46.07125],[7.67887,46.07139],[7.67621,46.07192],[7.67467,46.07079],[7.67288,46.07111],[7.67185,46.07112],[7.67055,46.0705],[7.66976,46.07051],[7.6686,46.07101],[7.66868,46.07128],[7.66938,46.07129]]]}},{"type":"Feature","properties":{"name":"Schönbielgletscher","nameDe":null,"areaKm2":2.4722,"osmId":12421130},"geometry":{"type":"MultiPolygon","coordinates":[[[[7.61541,46.01227],[7.61566,46.01141],[7.61635,46.01071],[7.61699,46.01056],[7.61434,46.00622],[7.61719,46.00503],[7.619,46.00444],[7.62112,46.00339],[7.62264,46.00241],[7.62357,46.00115],[7.62476,46.00026],[7.62602,45.9998],[7.62725,45.99967],[7.62903,45.99896],[7.62846,45.99813],[7.62657,45.99744],[7.6246,45.99718],[7.61946,46.00057],[7.61806,46.00082],[7.61673,46.00067],[7.61506,45.99929],[7.61127,45.99638],[7.61082,45.99647],[7.61072,45.99718],[7.61223,45.99938],[7.61579,46.00074],[7.61671,46.00126],[7.61347,46.00165],[7.61009,46.00267],[7.60975,46.00439],[7.61001,46.00526],[7.60912,46.00586],[7.60842,46.00676],[7.60841,46.00793],[7.60883,46.0085],[7.60878,46.00904],[7.60893,46.00948],[7.60942,46.01009],[7.61064,46.01034],[7.6117,46.01172],[7.61376,46.01267],[7.61541,46.01227]]],[[[7.6173,46.01804],[7.61785,46.01977],[7.61644,46.02027],[7.61587,46.02175],[7.61507,46.02267],[7.61549,46.02352],[7.61656,46.0251],[7.61747,46.02568],[7.61742,46.02659],[7.61833,46.02748],[7.61868,46.02842],[7.61953,46.02937],[7.62259,46.02934],[7.62451,46.02954],[7.62552,46.02976],[7.62626,46.02911],[7.6264,46.02636],[7.62709,46.02508],[7.62829,46.0237],[7.62674,46.02362],[7.62632,46.02241],[7.62726,46.02147],[7.62771,46.02026],[7.62743,46.01881],[7.62794,46.01808],[7.62793,46.01681],[7.62738,46.01623],[7.62597,46.01531],[7.62564,46.01443],[7.62563,46.01342],[7.62493,46.01279],[7.62361,46.01281],[7.62192,46.01271],[7.6216,46.01292],[7.6178,46.01244],[7.61717,46.01253],[7.61633,46.01289],[7.61554,46.01344],[7.61319,46.01387],[7.61404,46.01529],[7.6161,46.01641],[7.6173,46.01804]]]]}},{"type":"Feature","properties":{"name":"Längfluhgletscher","nameDe":null,"areaKm2":1.0158,"osmId":13911270},"geometry":{"type":"Polygon","coordinates":[[[7.8676,46.01671],[7.86679,46.01658],[7.8652,46.01717],[7.86237,46.01775],[7.86142,46.01773],[7.86045,46.01869],[7.85991,46.01883],[7.85992,46.01819],[7.85923,46.01832],[7.85891,46.01819],[7.85829,46.01847],[7.85761,46.01842],[7.85703,46.01847],[7.85733,46.01926],[7.85693,46.01946],[7.85737,46.01951],[7.85799,46.01991],[7.85946,46.0195],[7.85966,46.01976],[7.85966,46.0201],[7.85804,46.02039],[7.85584,46.02158],[7.85537,46.022],[7.8561,46.02229],[7.85567,46.02309],[7.85581,46.02377],[7.85468,46.02482],[7.8548,46.02502],[7.85501,46.02508],[7.85681,46.02437],[7.85792,46.02404],[7.85922,46.02398],[7.86077,46.02364],[7.86213,46.0236],[7.86308,46.02288],[7.86463,46.02269],[7.86432,46.02319],[7.86364,46.02353],[7.86316,46.0242],[7.8628,46.02452],[7.86366,46.02482],[7.86391,46.02532],[7.86275,46.02623],[7.86184,46.02649],[7.86053,46.02725],[7.85925,46.02819],[7.85807,46.02846],[7.85794,46.02911],[7.85823,46.02932],[7.85879,46.02942],[7.86088,46.02893],[7.86209,46.02834],[7.86552,46.02739],[7.86727,46.02613],[7.87038,46.02309],[7.86999,46.02222],[7.87123,46.02137],[7.87298,46.02147],[7.87338,46.02136],[7.87354,46.02068],[7.87296,46.02019],[7.87271,46.01976],[7.87135,46.0197],[7.87076,46.0195],[7.87049,46.01922],[7.87308,46.01744],[7.87085,46.01649],[7.86894,46.01611],[7.8676,46.01671]],[[7.85974,46.02213],[7.86006,46.02153],[7.86018,46.02096],[7.86064,46.02074],[7.8613,46.02058],[7.86135,46.02023],[7.8619,46.02001],[7.86252,46.02022],[7.86269,46.02044],[7.86159,46.02096],[7.86122,46.02162],[7.86077,46.02193],[7.86,46.02221],[7.85974,46.02213]]]}},{"type":"Feature","properties":{"name":null,"nameDe":null,"areaKm2":0.2288,"osmId":14779691},"geometry":{"type":"MultiPolygon","coordinates":[[[[7.67654,46.0306],[7.67598,46.02967],[7.67465,46.02869],[7.67393,46.02893],[7.67291,46.02993],[7.67326,46.03052],[7.67255,46.03153],[7.67348,46.03168],[7.67553,46.03103],[7.67654,46.0306]]],[[[7.6694,46.03271],[7.66892,46.03238],[7.66886,46.03199],[7.66779,46.03183],[7.66618,46.03107],[7.66517,46.03262],[7.66573,46.03401],[7.66944,46.03551],[7.67133,46.03527],[7.673,46.03367],[7.67159,46.03228],[7.67077,46.0326],[7.6694,46.03271]]]]}},{"type":"Feature","properties":{"name":"Weisshorngletscher","nameDe":null,"areaKm2":0.8263,"osmId":14779692},"geometry":{"type":"MultiPolygon","coordinates":[[[[7.70344,46.09934],[7.70381,46.09905],[7.70489,46.09907],[7.70526,46.09817],[7.70509,46.09729],[7.704,46.09651],[7.70389,46.09622],[7.70214,46.09499],[7.70163,46.0949],[7.70178,46.09636],[7.70119,46.09625],[7.7008,46.09518],[7.70048,46.09519],[7.70031,46.09476],[7.70037,46.09399],[7.69918,46.09359],[7.69835,46.09319],[7.69857,46.09227],[7.69961,46.09106],[7.69914,46.09101],[7.69806,46.08914],[7.69752,46.08897],[7.69702,46.08902],[7.69645,46.0894],[7.69584,46.08965],[7.69489,46.09035],[7.694,46.09011],[7.69375,46.09037],[7.69456,46.09161],[7.69437,46.09324],[7.69326,46.09375],[7.69265,46.09432],[7.691,46.09432],[7.6907,46.09486],[7.69241,46.09571],[7.69153,46.09637],[7.6907,46.09681],[7.69248,46.09768],[7.69394,46.09798],[7.69608,46.09826],[7.69649,46.09715],[7.69715,46.0962],[7.69899,46.09628],[7.69928,46.09706],[7.7005,46.09732],[7.70042,46.09838],[7.70209,46.09934],[7.70243,46.09922],[7.70344,46.09934]]],[[[7.69479,46.10171],[7.69438,46.10241],[7.6962,46.10365],[7.69721,46.10361],[7.69861,46.10376],[7.69908,46.10451],[7.69867,46.10478],[7.70082,46.10607],[7.70342,46.10636],[7.70434,46.10552],[7.70402,46.1052],[7.70415,46.10485],[7.7051,46.1048],[7.70519,46.1041],[7.70404,46.10322],[7.70445,46.10232],[7.70391,46.10157],[7.70248,46.10085],[7.7008,46.10206],[7.69479,46.10171]]]]}},{"type":"Feature","properties":{"name":"Breithorngletscher","nameDe":null,"areaKm2":2.0544,"osmId":14779693},"geometry":{"type":"MultiPolygon","coordinates":[[[[7.75465,45.94153],[7.75369,45.94168],[7.7533,45.94156],[7.7534,45.94069],[7.75434,45.93968],[7.74969,45.9407],[7.74945,45.94198],[7.7511,45.94189],[7.75269,45.94197],[7.7534,45.9423],[7.7511,45.9429],[7.74966,45.94376],[7.74976,45.94427],[7.74906,45.94495],[7.74804,45.94473],[7.74743,45.94423],[7.74598,45.94417],[7.74561,45.94485],[7.7455,45.94569],[7.74728,45.94539],[7.7484,45.94582],[7.74813,45.94629],[7.74681,45.94675],[7.74627,45.94752],[7.74591,45.94786],[7.74632,45.94869],[7.74739,45.9492],[7.74886,45.94886],[7.74905,45.94744],[7.74943,45.94729],[7.74993,45.94739],[7.75017,45.94805],[7.75069,45.94835],[7.75179,45.948],[7.75287,45.94749],[7.75281,45.94658],[7.75356,45.94611],[7.75328,45.94479],[7.75331,45.94448],[7.75459,45.94419],[7.75433,45.94302],[7.75609,45.9412],[7.75597,45.94052],[7.75529,45.94073],[7.75465,45.94153]]],[[[7.76732,45.94721],[7.76782,45.94542],[7.76984,45.94406],[7.76981,45.94323],[7.76879,45.94198],[7.76845,45.94075],[7.76651,45.93952],[7.76417,45.93909],[7.76208,45.93981],[7.75969,45.94021],[7.75771,45.94043],[7.75713,45.94075],[7.75699,45.94109],[7.75805,45.94174],[7.75836,45.94312],[7.75903,45.94372],[7.75875,45.94455],[7.75901,45.94515],[7.7588,45.94593],[7.75742,45.94709],[7.75567,45.9474],[7.75635,45.94828],[7.7554,45.9486],[7.75578,45.94954],[7.75529,45.95046],[7.75551,45.95096],[7.75626,45.95164],[7.75626,45.95303],[7.75538,45.95451],[7.75549,45.95592],[7.75597,45.95755],[7.75821,45.95966],[7.75918,45.96079],[7.76235,45.96299],[7.76418,45.96239],[7.76435,45.96173],[7.76431,45.96047],[7.76276,45.95781],[7.76095,45.95657],[7.76047,45.95634],[7.7609,45.95592],[7.7607,45.95506],[7.76135,45.95426],[7.76156,45.95341],[7.76389,45.95116],[7.76629,45.95007],[7.76676,45.9494],[7.76664,45.94901],[7.76731,45.94875],[7.76732,45.94721]]],[[[7.7509,45.95108],[7.74972,45.95164],[7.74911,45.95156],[7.74813,45.95169],[7.74822,45.95202],[7.74867,45.9522],[7.74961,45.95332],[7.75055,45.95349],[7.75424,45.95126],[7.75412,45.95085],[7.75388,45.95062],[7.75269,45.94861],[7.75204,45.94904],[7.75211,45.95025],[7.75181,45.95076],[7.7509,45.95108]]],[[[7.76699,45.95264],[7.76716,45.95221],[7.76787,45.95184],[7.76763,45.95074],[7.76699,45.95101],[7.76656,45.95178],[7.76605,45.9522],[7.76659,45.95275],[7.76699,45.95264]]]]}},{"type":"Feature","properties":{"name":"Schwärzegletscher","nameDe":null,"areaKm2":3.8027,"osmId":14779747},"geometry":{"type":"MultiPolygon","coordinates":[[[[7.77614,45.95898],[7.77757,45.95746],[7.77864,45.95711],[7.78021,45.95326],[7.78495,45.94887],[7.78623,45.94807],[7.7917,45.94675],[7.79272,45.94618],[7.79402,45.94446],[7.79073,45.94205],[7.78976,45.94113],[7.78887,45.94072],[7.78774,45.9395],[7.78723,45.93956],[7.78649,45.93993],[7.78603,45.94048],[7.78435,45.94112],[7.7842,45.94054],[7.78521,45.93994],[7.78603,45.93977],[7.78674,45.9392],[7.78744,45.93823],[7.78744,45.93735],[7.78633,45.93625],[7.78662,45.9356],[7.78735,45.93469],[7.7869,45.93407],[7.78717,45.93347],[7.7869,45.93196],[7.78716,45.93123],[7.78716,45.93038],[7.78816,45.92986],[7.7883,45.92909],[7.78792,45.92833],[7.78717,45.9283],[7.78675,45.92849],[7.7866,45.92887],[7.78607,45.92832],[7.78644,45.92794],[7.78591,45.92776],[7.78451,45.92776],[7.78422,45.92743],[7.78378,45.92741],[7.7837,45.9272],[7.78309,45.92684],[7.78187,45.92728],[7.78199,45.92789],[7.78196,45.92821],[7.78177,45.92839],[7.78213,45.92851],[7.78346,45.92831],[7.78376,45.92841],[7.7839,45.92856],[7.7835,45.92894],[7.78373,45.92921],[7.78368,45.92944],[7.78399,45.92945],[7.78487,45.92969],[7.78615,45.93029],[7.78656,45.93102],[7.78413,45.93099],[7.78136,45.92963],[7.78054,45.9295],[7.77876,45.93237],[7.77775,45.93329],[7.77556,45.93411],[7.77404,45.93478],[7.77387,45.93672],[7.77432,45.93812],[7.77354,45.93846],[7.7723,45.93933],[7.77105,45.94273],[7.77154,45.94445],[7.77108,45.94576],[7.76977,45.94647],[7.76871,45.94808],[7.76913,45.94961],[7.76953,45.952],[7.76927,45.95545],[7.76809,45.95942],[7.77068,45.95911],[7.77496,45.95923],[7.77614,45.95898]],[[7.78548,45.94419],[7.78649,45.9434],[7.78863,45.94149],[7.78904,45.94168],[7.78867,45.94271],[7.7878,45.94332],[7.78672,45.94448],[7.78611,45.94471],[7.78541,45.94455],[7.78548,45.94419]],[[7.7829,45.94337],[7.78367,45.94317],[7.78562,45.94199],[7.78639,45.94162],[7.78662,45.94171],[7.78607,45.94274],[7.78556,45.94337],[7.78451,45.94389],[7.78415,45.94453],[7.7834,45.94485],[7.78259,45.94433],[7.7829,45.94337]]],[[[7.77007,45.96114],[7.76965,45.9619],[7.76965,45.96319],[7.76905,45.96525],[7.76802,45.96645],[7.77577,45.96548],[7.77721,45.96451],[7.77763,45.9615],[7.77636,45.96073],[7.77395,45.96119],[7.77007,45.96114]]]]}},{"type":"Feature","properties":{"name":"Gornergletscher","nameDe":null,"areaKm2":14.8947,"osmId":14779748},"geometry":{"type":"MultiPolygon","coordinates":[[[[7.80844,45.97595],[7.81173,45.97602],[7.81268,45.97641],[7.81216,45.97706],[7.81146,45.97722],[7.80945,45.97749],[7.80799,45.97751],[7.80797,45.9777],[7.80751,45.97773],[7.80747,45.97821],[7.80793,45.97863],[7.8087,45.97916],[7.80938,45.97935],[7.80945,45.97948],[7.80991,45.97963],[7.81184,45.98022],[7.8126,45.9803],[7.81382,45.9801],[7.81436,45.98017],[7.81568,45.98007],[7.81647,45.97972],[7.81732,45.97995],[7.8199,45.97991],[7.82325,45.97934],[7.82669,45.97833],[7.82779,45.97831],[7.82899,45.97802],[7.83059,45.97814],[7.83339,45.97779],[7.83443,45.97748],[7.83552,45.97695],[7.83702,45.97549],[7.83662,45.97511],[7.83671,45.975],[7.83864,45.97445],[7.83981,45.97435],[7.84153,45.97368],[7.84367,45.97297],[7.84425,45.97291],[7.84476,45.97311],[7.84618,45.97254],[7.84746,45.97241],[7.84925,45.97299],[7.84997,45.97371],[7.84971,45.97419],[7.84674,45.9746],[7.84583,45.97511],[7.8425,45.9761],[7.84068,45.97631],[7.8391,45.97705],[7.8399,45.97746],[7.83962,45.97772],[7.84247,45.97832],[7.84408,45.9785],[7.84496,45.97849],[7.84582,45.97831],[7.84717,45.9782],[7.84794,45.97828],[7.84725,45.9789],[7.84738,45.9793],[7.84839,45.97989],[7.84866,45.98016],[7.84831,45.98057],[7.84965,45.98114],[7.8494,45.98167],[7.84814,45.98183],[7.84711,45.98224],[7.84765,45.98264],[7.84727,45.98302],[7.84676,45.98312],[7.84802,45.98377],[7.85117,45.98431],[7.85399,45.98422],[7.85481,45.98432],[7.85459,45.98476],[7.85405,45.9852],[7.8902,45.98254],[7.89064,45.98175],[7.89277,45.98054],[7.89297,45.97939],[7.8926,45.9782],[7.89026,45.97739],[7.88763,45.97733],[7.88437,45.97575],[7.88273,45.97585],[7.88207,45.97542],[7.87902,45.97414],[7.87655,45.973],[7.87698,45.97253],[7.87797,45.97227],[7.87804,45.97173],[7.87981,45.96999],[7.87952,45.96938],[7.87712,45.96972],[7.87669,45.96944],[7.87745,45.96891],[7.87951,45.96853],[7.88121,45.96769],[7.88101,45.96709],[7.87986,45.9663],[7.87981,45.96558],[7.88047,45.96544],[7.88143,45.96411],[7.88122,45.96365],[7.88037,45.96286],[7.87852,45.96193],[7.87767,45.96201],[7.87721,45.96191],[7.87715,45.9612],[7.87759,45.95951],[7.87611,45.956],[7.87644,45.95494],[7.87798,45.95444],[7.87707,45.95413],[7.87514,45.95418],[7.87467,45.95378],[7.8746,45.95333],[7.87583,45.95217],[7.87728,45.95159],[7.87753,45.95116],[7.87738,45.95085],[7.87768,45.95027],[7.87728,45.94931],[7.87614,45.94883],[7.8743,45.94911],[7.87268,45.94984],[7.87147,45.95093],[7.87085,45.95158],[7.8712,45.9527],[7.87155,45.9529],[7.87108,45.95317],[7.87029,45.95399],[7.8698,45.95487],[7.8684,45.95598],[7.86789,45.95627],[7.86773,45.95578],[7.86798,45.9554],[7.86836,45.95422],[7.86822,45.95372],[7.86752,45.95384],[7.86679,45.95471],[7.86301,45.95639],[7.8624,45.95769],[7.86222,45.95876],[7.85997,45.95988],[7.85316,45.96073],[7.84937,45.96062],[7.84649,45.96108],[7.84579,45.9611],[7.84524,45.96087],[7.83926,45.9616],[7.83798,45.9623],[7.83705,45.96339],[7.8357,45.96467],[7.83314,45.96615],[7.83029,45.968],[7.82572,45.96951],[7.82571,45.9697],[7.82644,45.96984],[7.82616,45.97034],[7.82423,45.97042],[7.82249,45.97109],[7.82146,45.97136],[7.81804,45.97166],[7.81801,45.97219],[7.81577,45.97229],[7.81581,45.97248],[7.81462,45.97266],[7.81428,45.97334],[7.81067,45.97457],[7.80705,45.97421],[7.80512,45.97412],[7.80455,45.97464],[7.80378,45.97492],[7.80395,45.97505],[7.80463,45.97514],[7.80476,45.9753],[7.80844,45.97595]],[[7.84979,45.97782],[7.84988,45.9779],[7.84979,45.97804],[7.84879,45.97826],[7.84853,45.9782],[7.84877,45.97795],[7.84979,45.97782]]],[[[7.8036,45.97267],[7.80455,45.97164],[7.80543,45.97183],[7.80595,45.97152],[7.80531,45.97042],[7.80464,45.96991],[7.80475,45.9687],[7.80098,45.96663],[7.79514,45.96585],[7.79154,45.96422],[7.79021,45.96372],[7.78783,45.9643],[7.78479,45.96531],[7.78154,45.96558],[7.77782,45.96545],[7.77577,45.96548],[7.76802,45.96645],[7.76594,45.96836],[7.76266,45.96988],[7.75517,45.97231],[7.75356,45.97338],[7.75184,45.97397],[7.75134,45.97462],[7.75274,45.97473],[7.75187,45.9757],[7.75358,45.97531],[7.7546,45.97545],[7.75707,45.97516],[7.76005,45.97561],[7.76249,45.97518],[7.76547,45.97501],[7.76806,45.97459],[7.77057,45.97491],[7.77612,45.97462],[7.7805,45.97416],[7.78625,45.97478],[7.78997,45.975],[7.79253,45.97495],[7.7959,45.97441],[7.79825,45.97414],[7.79963,45.97356],[7.80036,45.97364],[7.80243,45.97285],[7.80267,45.97291],[7.8036,45.97267]]]]}},{"type":"Feature","properties":{"name":"Matterhorngletscher","nameDe":null,"areaKm2":1.3447,"osmId":14779829},"geometry":{"type":"MultiPolygon","coordinates":[[[[7.64808,45.98535],[7.64887,45.98433],[7.64842,45.98424],[7.64721,45.98454],[7.64614,45.98465],[7.64512,45.98504],[7.64468,45.98543],[7.64465,45.98575],[7.64582,45.986],[7.64599,45.98707],[7.64621,45.98744],[7.64661,45.98743],[7.64695,45.98729],[7.64763,45.98672],[7.64808,45.98535]]],[[[7.65022,45.98818],[7.65192,45.98718],[7.65271,45.98744],[7.65313,45.98911],[7.65386,45.98939],[7.65524,45.98937],[7.65668,45.989],[7.65728,45.989],[7.65704,45.98941],[7.65743,45.99088],[7.6585,45.99083],[7.66057,45.99159],[7.6626,45.99205],[7.66455,45.99179],[7.66522,45.99131],[7.66533,45.98977],[7.66674,45.98936],[7.66791,45.98784],[7.66791,45.98738],[7.66858,45.98683],[7.66972,45.9864],[7.67083,45.98584],[7.67219,45.98556],[7.67263,45.98493],[7.67311,45.9838],[7.67452,45.98297],[7.67494,45.98242],[7.67411,45.982],[7.67357,45.98185],[7.67232,45.98213],[7.67155,45.98207],[7.66942,45.98275],[7.66778,45.98383],[7.66628,45.98512],[7.66477,45.98595],[7.66495,45.98531],[7.66527,45.98533],[7.66708,45.98376],[7.66908,45.98226],[7.66914,45.98182],[7.66801,45.98208],[7.66424,45.98266],[7.6629,45.98268],[7.66137,45.98213],[7.66134,45.98128],[7.65991,45.98059],[7.65814,45.98093],[7.65685,45.98103],[7.65646,45.98137],[7.6561,45.98205],[7.65511,45.98298],[7.65469,45.98352],[7.65423,45.98364],[7.65382,45.98389],[7.65329,45.98489],[7.65109,45.9854],[7.65012,45.98665],[7.65017,45.9872],[7.65009,45.98774],[7.65021,45.98785],[7.65022,45.98818]]]]}},{"type":"Feature","properties":{"name":"Feegletscher","nameDe":null,"areaKm2":12.7622,"osmId":14779881},"geometry":{"type":"MultiPolygon","coordinates":[[[[7.8723,46.08494],[7.87335,46.08569],[7.87679,46.08695],[7.87913,46.08857],[7.87782,46.08858],[7.87627,46.08787],[7.87016,46.08588],[7.86811,46.08445],[7.86681,46.08416],[7.86529,46.0849],[7.86404,46.0862],[7.86477,46.08659],[7.86518,46.08816],[7.86732,46.08866],[7.86859,46.08959],[7.87067,46.09045],[7.86999,46.09108],[7.86823,46.09174],[7.86928,46.09289],[7.86948,46.09371],[7.86947,46.09452],[7.8692,46.09476],[7.86914,46.09515],[7.86935,46.09556],[7.87124,46.09596],[7.87413,46.09595],[7.87353,46.09701],[7.8743,46.09755],[7.87385,46.09813],[7.87645,46.09834],[7.87696,46.09864],[7.87743,46.09875],[7.87892,46.09879],[7.87942,46.09902],[7.88017,46.09915],[7.88144,46.09885],[7.88233,46.09913],[7.88512,46.09777],[7.88532,46.09782],[7.88546,46.09739],[7.88359,46.09588],[7.88202,46.09602],[7.8814,46.09532],[7.87881,46.09439],[7.88045,46.09319],[7.88315,46.09373],[7.88369,46.09286],[7.88596,46.09279],[7.88436,46.09182],[7.88448,46.09064],[7.88739,46.0917],[7.88719,46.08897],[7.8877,46.08655],[7.88485,46.08396],[7.88479,46.08002],[7.88387,46.0785],[7.87979,46.07335],[7.877,46.07092],[7.87554,46.06891],[7.87459,46.06791],[7.87323,46.06774],[7.86987,46.0668],[7.86892,46.06622],[7.86958,46.06601],[7.87636,46.06789],[7.87767,46.06832],[7.87787,46.06976],[7.88004,46.07149],[7.88099,46.07236],[7.88126,46.07215],[7.88093,46.07091],[7.8813,46.07011],[7.88287,46.0712],[7.88377,46.07456],[7.88471,46.0763],[7.88748,46.0804],[7.88776,46.08164],[7.88924,46.08391],[7.89009,46.08429],[7.89175,46.08397],[7.89057,46.08312],[7.89047,46.08053],[7.89079,46.07884],[7.89314,46.07824],[7.89277,46.07448],[7.8901,46.07344],[7.88946,46.0726],[7.88706,46.07087],[7.88523,46.06898],[7.884,46.06697],[7.88475,46.06748],[7.88613,46.0694],[7.88774,46.07072],[7.89021,46.07199],[7.89279,46.07211],[7.89391,46.07304],[7.89522,46.07476],[7.89557,46.07771],[7.89565,46.08108],[7.89653,46.08243],[7.89711,46.08481],[7.89797,46.08662],[7.89825,46.08683],[7.89904,46.08651],[7.89922,46.08568],[7.89996,46.08631],[7.90078,46.08521],[7.90067,46.08421],[7.90148,46.08362],[7.90125,46.0831],[7.90114,46.08118],[7.90161,46.08071],[7.90343,46.07956],[7.90496,46.08051],[7.90591,46.08],[7.90656,46.07817],[7.90765,46.07866],[7.90738,46.07707],[7.90782,46.07623],[7.90749,46.07457],[7.90691,46.07329],[7.90604,46.07237],[7.90571,46.0716],[7.90804,46.07242],[7.90952,46.07306],[7.91155,46.07224],[7.91276,46.07162],[7.91433,46.07097],[7.91489,46.07117],[7.91529,46.07165],[7.91529,46.07214],[7.91504,46.07274],[7.91522,46.07308],[7.91583,46.07321],[7.9164,46.0741],[7.91698,46.07367],[7.91697,46.07265],[7.9173,46.07236],[7.9176,46.07176],[7.91705,46.07059],[7.91602,46.07033],[7.91506,46.06978],[7.91307,46.06664],[7.91263,46.0661],[7.91207,46.06599],[7.91194,46.06545],[7.91213,46.06518],[7.9123,46.06464],[7.91056,46.06466],[7.90851,46.06383],[7.90841,46.06299],[7.90766,46.06223],[7.9054,46.06088],[7.90615,46.06057],[7.9067,46.05975],[7.90593,46.05854],[7.90438,46.05795],[7.90345,46.05942],[7.90278,46.05929],[7.90195,46.05869],[7.90171,46.05766],[7.90326,46.05742],[7.90307,46.05653],[7.90445,46.05685],[7.90424,46.05592],[7.9023,46.05448],[7.90091,46.0533],[7.90036,46.05358],[7.90026,46.05399],[7.89884,46.0534],[7.89834,46.05229],[7.89838,46.05174],[7.89802,46.05133],[7.89738,46.05089],[7.8973,46.05055],[7.8955,46.04845],[7.89461,46.04611],[7.89408,46.04658],[7.89273,46.04713],[7.89272,46.04695],[7.89301,46.04666],[7.89287,46.04642],[7.89325,46.04608],[7.89492,46.0455],[7.89495,46.04534],[7.89387,46.04471],[7.89364,46.04467],[7.89349,46.04452],[7.89294,46.04445],[7.89186,46.04525],[7.89007,46.04602],[7.88878,46.04633],[7.88791,46.04665],[7.88704,46.04682],[7.88499,46.04836],[7.88527,46.04911],[7.88492,46.05108],[7.88518,46.05306],[7.88681,46.05726],[7.88818,46.05967],[7.89145,46.06688],[7.89183,46.0683],[7.89118,46.06894],[7.88779,46.0643],[7.88836,46.06336],[7.88406,46.05675],[7.88406,46.05546],[7.88355,46.05314],[7.88286,46.05168],[7.88183,46.05083],[7.8828,46.04993],[7.88282,46.04881],[7.88134,46.04892],[7.8795,46.04855],[7.87788,46.04856],[7.87685,46.04885],[7.8728,46.04968],[7.87136,46.05162],[7.86856,46.05438],[7.87021,46.05477],[7.87108,46.05484],[7.87261,46.05472],[7.87379,46.0541],[7.87417,46.05419],[7.87382,46.05503],[7.8713,46.05551],[7.87091,46.05575],[7.87027,46.05588],[7.86981,46.05653],[7.86958,46.05719],[7.8691,46.05752],[7.86806,46.05796],[7.86756,46.05826],[7.86662,46.05928],[7.86662,46.05946],[7.86742,46.05971],[7.86727,46.05997],[7.86759,46.06029],[7.86768,46.06053],[7.86753,46.06057],[7.8685,46.06083],[7.86947,46.06121],[7.86948,46.06135],[7.86935,46.06141],[7.86885,46.06265],[7.86848,46.06264],[7.8684,46.06271],[7.86856,46.0633],[7.86722,46.06337],[7.86736,46.06293],[7.86695,46.06218],[7.86722,46.0618],[7.8672,46.06139],[7.86704,46.06135],[7.86658,46.06085],[7.86635,46.06047],[7.86635,46.06009],[7.86568,46.06011],[7.86498,46.06045],[7.8644,46.06049],[7.86284,46.06117],[7.86266,46.06176],[7.86361,46.06159],[7.86373,46.06202],[7.86364,46.06291],[7.8637,46.06356],[7.8642,46.06626],[7.86385,46.06688],[7.86225,46.06795],[7.86127,46.06935],[7.86201,46.06988],[7.86168,46.07067],[7.8623,46.0711],[7.86309,46.0708],[7.86449,46.06987],[7.87206,46.07114],[7.87178,46.07185],[7.86928,46.07304],[7.8675,46.07371],[7.86638,46.0746],[7.86641,46.07605],[7.86528,46.07727],[7.86451,46.07825],[7.86458,46.07948],[7.86602,46.08016],[7.86746,46.08133],[7.86901,46.08184],[7.86909,46.08308],[7.8723,46.08494]]],[[[7.86361,46.08193],[7.86357,46.08274],[7.86483,46.08306],[7.8676,46.0821],[7.86754,46.08152],[7.86702,46.08149],[7.86609,46.08178],[7.8649,46.08165],[7.86361,46.08193]]]]}},{"type":"Feature","properties":{"name":"Schaligletscher","nameDe":null,"areaKm2":1.4206,"osmId":14784779},"geometry":{"type":"MultiPolygon","coordinates":[[[[7.71985,46.0836],[7.71935,46.08361],[7.71898,46.08322],[7.71865,46.08241],[7.7178,46.08125],[7.71828,46.08045],[7.71759,46.08017],[7.71648,46.08006],[7.71535,46.08039],[7.71482,46.08096],[7.71403,46.08131],[7.71323,46.08141],[7.71242,46.08112],[7.71171,46.08132],[7.71157,46.08167],[7.71182,46.08195],[7.71157,46.08235],[7.71124,46.08242],[7.71069,46.0843],[7.71082,46.0863],[7.71046,46.08706],[7.70911,46.08723],[7.70849,46.08766],[7.70782,46.0878],[7.70707,46.08864],[7.7069,46.09024],[7.70704,46.09125],[7.70754,46.09197],[7.70875,46.09275],[7.70977,46.09306],[7.71026,46.09259],[7.7104,46.09127],[7.71064,46.09068],[7.71055,46.08969],[7.71025,46.08924],[7.71045,46.08904],[7.7108,46.08915],[7.71114,46.08959],[7.71156,46.08956],[7.71163,46.08926],[7.71217,46.08932],[7.71182,46.09047],[7.71217,46.09111],[7.71211,46.0921],[7.71284,46.09295],[7.71546,46.09446],[7.71779,46.09565],[7.71861,46.09671],[7.71932,46.09678],[7.72012,46.09762],[7.72083,46.0977],[7.72121,46.09702],[7.72098,46.09639],[7.72093,46.09435],[7.72125,46.09342],[7.72111,46.09285],[7.72051,46.09282],[7.72009,46.09231],[7.7195,46.09284],[7.71949,46.09328],[7.71866,46.09336],[7.71838,46.09316],[7.71932,46.09205],[7.71873,46.09195],[7.71864,46.09171],[7.7196,46.09149],[7.72077,46.0906],[7.72064,46.09009],[7.72008,46.08985],[7.72073,46.08857],[7.72099,46.08679],[7.72219,46.08602],[7.72176,46.08497],[7.72034,46.08485],[7.72015,46.08398],[7.71985,46.0836]],[[7.71357,46.08391],[7.71397,46.0841],[7.71407,46.08464],[7.71396,46.08522],[7.71348,46.08573],[7.7132,46.08562],[7.71313,46.0843],[7.71357,46.08391]],[[7.71263,46.08554],[7.713,46.08577],[7.71306,46.08615],[7.71298,46.08692],[7.71249,46.08663],[7.71201,46.08588],[7.71263,46.08554]]],[[[7.72435,46.09538],[7.72568,46.09536],[7.72651,46.09483],[7.72753,46.09568],[7.72947,46.09653],[7.72976,46.09608],[7.72951,46.09546],[7.72912,46.09504],[7.72982,46.09394],[7.72946,46.09269],[7.72657,46.09133],[7.72563,46.09026],[7.72459,46.09005],[7.72466,46.09119],[7.72405,46.09221],[7.72346,46.09352],[7.72435,46.09538]]]]}},{"type":"Feature","properties":{"name":"Turtmanngletscher","nameDe":null,"areaKm2":0.8694,"osmId":14785653},"geometry":{"type":"MultiPolygon","coordinates":[[[[7.72542,46.11913],[7.72468,46.11872],[7.72395,46.11861],[7.72016,46.11903],[7.71873,46.11881],[7.71822,46.11882],[7.7176,46.11957],[7.71798,46.12],[7.72561,46.12],[7.72523,46.11952],[7.72542,46.11913]]],[[[7.7174,46.11947],[7.7177,46.11921],[7.71767,46.11892],[7.71704,46.11837],[7.71576,46.11789],[7.7147,46.11782],[7.7124,46.11915],[7.71173,46.12],[7.71745,46.12],[7.71731,46.11981],[7.7174,46.11947]]],[[[7.70901,46.11758],[7.71168,46.11676],[7.71351,46.11686],[7.71392,46.11663],[7.71363,46.11593],[7.71268,46.11486],[7.71187,46.11421],[7.70992,46.11495],[7.70898,46.1156],[7.70854,46.11557],[7.70894,46.11481],[7.70913,46.11416],[7.70832,46.11314],[7.70661,46.11387],[7.70407,46.11464],[7.7021,46.11582],[7.69851,46.11669],[7.69491,46.11718],[7.69299,46.11785],[7.69046,46.11858],[7.68896,46.12],[7.70832,46.12],[7.70854,46.119],[7.70901,46.11758]]]]}},{"type":"Feature","properties":{"name":"Glacier du Mountet","nameDe":"Mountetgletscher","areaKm2":2.1903,"osmId":14785700},"geometry":{"type":"Polygon","coordinates":[[[7.66689,46.06188],[7.66651,46.06292],[7.66685,46.06391],[7.66658,46.06454],[7.66771,46.06564],[7.66796,46.06641],[7.66629,46.06599],[7.6665,46.06688],[7.66577,46.06701],[7.66549,46.06732],[7.66549,46.06745],[7.66992,46.06953],[7.672,46.06989],[7.67716,46.06954],[7.67875,46.06987],[7.68257,46.06951],[7.68322,46.06927],[7.68523,46.06886],[7.68569,46.06816],[7.68585,46.06763],[7.68505,46.06731],[7.68394,46.06733],[7.68289,46.06799],[7.68094,46.0684],[7.67954,46.06831],[7.67921,46.06803],[7.68121,46.06785],[7.68209,46.06737],[7.68353,46.06711],[7.68555,46.06697],[7.68601,46.06627],[7.68591,46.06552],[7.68552,46.0652],[7.68533,46.06489],[7.68407,46.06492],[7.68384,46.06422],[7.68452,46.06378],[7.68466,46.06255],[7.68408,46.06142],[7.68356,46.05967],[7.68243,46.05851],[7.68091,46.05829],[7.67944,46.05829],[7.6785,46.05738],[7.68013,46.0564],[7.68151,46.05654],[7.68181,46.05694],[7.68116,46.05772],[7.68254,46.05818],[7.68456,46.05844],[7.68445,46.05725],[7.68334,46.05631],[7.68325,46.05517],[7.68252,46.05436],[7.68125,46.05341],[7.68021,46.05276],[7.67899,46.05229],[7.67836,46.05256],[7.67716,46.05351],[7.67582,46.0538],[7.67526,46.05456],[7.67499,46.05541],[7.67351,46.0563],[7.66925,46.05608],[7.66644,46.05632],[7.66531,46.05674],[7.66515,46.05823],[7.66376,46.05822],[7.66407,46.05919],[7.66617,46.05987],[7.66763,46.06068],[7.66689,46.06188]],[[7.67596,46.05897],[7.67642,46.05882],[7.67676,46.05884],[7.67696,46.05908],[7.67655,46.05938],[7.67596,46.05897]],[[7.68174,46.06047],[7.68221,46.06032],[7.68254,46.06034],[7.68274,46.06058],[7.68233,46.06088],[7.68174,46.06047]],[[7.68095,46.06292],[7.68141,46.06277],[7.68175,46.06279],[7.68195,46.06303],[7.68154,46.06333],[7.68095,46.06292]],[[7.67194,46.06659],[7.67284,46.0664],[7.67445,46.06661],[7.67509,46.06688],[7.67516,46.06705],[7.67315,46.06704],[7.67222,46.06723],[7.67169,46.0671],[7.67194,46.06659]]]}},{"type":"Feature","properties":{"name":"Glacier de Ferpècle","nameDe":"Ferpèclegletscher","areaKm2":4.0571,"osmId":14785734},"geometry":{"type":"Polygon","coordinates":[[[7.58096,46.01705],[7.58116,46.01635],[7.58108,46.01599],[7.58154,46.01549],[7.58227,46.01503],[7.583,46.01469],[7.58515,46.01509],[7.58805,46.01581],[7.58677,46.01643],[7.58571,46.01661],[7.58556,46.01679],[7.585,46.01676],[7.58399,46.01705],[7.58203,46.02017],[7.58293,46.02047],[7.58399,46.02038],[7.58501,46.02081],[7.58554,46.0201],[7.58639,46.02095],[7.5857,46.02147],[7.58585,46.02196],[7.58641,46.02202],[7.59194,46.02041],[7.59327,46.01963],[7.59375,46.01855],[7.59508,46.01858],[7.59669,46.01921],[7.59883,46.01945],[7.59928,46.01982],[7.59917,46.02004],[7.59844,46.02066],[7.59777,46.02107],[7.59726,46.02107],[7.59696,46.02123],[7.59733,46.02177],[7.59858,46.02193],[7.60033,46.02094],[7.59956,46.02042],[7.59943,46.02019],[7.60025,46.01968],[7.60189,46.01961],[7.60292,46.01904],[7.60329,46.01811],[7.6025,46.01682],[7.60086,46.01546],[7.60121,46.01509],[7.60288,46.01467],[7.60399,46.01411],[7.60303,46.01298],[7.60322,46.01251],[7.60179,46.01111],[7.60202,46.00998],[7.60089,46.00842],[7.60142,46.00756],[7.60176,46.00655],[7.60254,46.00533],[7.60237,46.00276],[7.6014,46.0021],[7.59953,46.00239],[7.59825,46.00101],[7.59522,46.0012],[7.5928,46.00011],[7.59118,45.99983],[7.58904,45.99982],[7.58715,45.9972],[7.58725,45.99568],[7.58623,45.99486],[7.58455,45.99375],[7.58306,45.99257],[7.58246,45.99163],[7.58,45.98984],[7.58,46.01817],[7.58096,46.01705]],[[7.59837,46.01229],[7.59746,46.01196],[7.59668,46.01155],[7.59653,46.011],[7.59738,46.01075],[7.5994,46.01207],[7.59979,46.01218],[7.5997,46.0124],[7.59932,46.01246],[7.59885,46.01224],[7.59837,46.01229]]]}},{"type":"Feature","properties":{"name":"Ghiacciaio di Tsa de Tsan","nameDe":null,"areaKm2":0.0771,"osmId":14785811},"geometry":{"type":"Polygon","coordinates":[[[7.58199,45.97626],[7.58168,45.97496],[7.58,45.97476],[7.58,45.98077],[7.58263,45.97671],[7.58199,45.97626]]]}},{"type":"Feature","properties":{"name":"Hohlichtgletscher","nameDe":null,"areaKm2":3.5622,"osmId":14862154},"geometry":{"type":"Polygon","coordinates":[[[7.72478,46.05365],[7.72392,46.05427],[7.72327,46.05558],[7.72236,46.05675],[7.72099,46.05769],[7.71927,46.05906],[7.72073,46.05917],[7.72184,46.05992],[7.72184,46.0613],[7.72248,46.06305],[7.7207,46.06382],[7.71767,46.06362],[7.71676,46.06336],[7.71589,46.06382],[7.71412,46.06344],[7.7126,46.06369],[7.71151,46.06349],[7.7117,46.06305],[7.7125,46.06239],[7.71234,46.06196],[7.71167,46.06185],[7.70917,46.06215],[7.7079,46.06328],[7.70723,46.06296],[7.70662,46.0621],[7.70505,46.06232],[7.70686,46.06083],[7.70588,46.06001],[7.70508,46.0599],[7.70401,46.05936],[7.70396,46.05882],[7.7032,46.05817],[7.70143,46.05852],[7.69868,46.05844],[7.69751,46.05972],[7.69599,46.0625],[7.69467,46.06406],[7.69467,46.06463],[7.69438,46.06516],[7.69456,46.0666],[7.69482,46.06746],[7.6945,46.06787],[7.69429,46.06859],[7.69424,46.06924],[7.69516,46.07031],[7.69782,46.07102],[7.69982,46.07181],[7.70012,46.07248],[7.7002,46.07313],[7.70061,46.074],[7.70025,46.07396],[7.69975,46.07353],[7.69856,46.07307],[7.69749,46.07388],[7.69831,46.0748],[7.69849,46.07587],[7.69944,46.07647],[7.7006,46.07655],[7.70196,46.07639],[7.70262,46.07439],[7.70294,46.0742],[7.70319,46.07439],[7.70273,46.07607],[7.70179,46.07775],[7.70165,46.07988],[7.70192,46.08097],[7.70246,46.08146],[7.70346,46.08173],[7.70361,46.08152],[7.70575,46.08088],[7.70638,46.07999],[7.70626,46.07931],[7.70552,46.07936],[7.7054,46.07974],[7.70507,46.07957],[7.70485,46.07923],[7.70541,46.0785],[7.70551,46.0781],[7.70533,46.07762],[7.70569,46.07759],[7.70589,46.07779],[7.7074,46.07803],[7.70814,46.07784],[7.70796,46.07731],[7.70733,46.07716],[7.70647,46.07728],[7.70559,46.07658],[7.70551,46.07635],[7.7059,46.07569],[7.70651,46.07537],[7.70627,46.07483],[7.70665,46.07441],[7.70637,46.07417],[7.70667,46.07387],[7.70672,46.07324],[7.70728,46.07312],[7.70857,46.07352],[7.70929,46.07451],[7.71066,46.07385],[7.71056,46.07337],[7.71025,46.07305],[7.70926,46.0729],[7.70915,46.07313],[7.70832,46.0727],[7.70811,46.07194],[7.70786,46.07153],[7.70667,46.07089],[7.70616,46.07073],[7.70529,46.07131],[7.7046,46.07195],[7.70421,46.07178],[7.70432,46.0716],[7.70487,46.07126],[7.70558,46.07058],[7.70621,46.07023],[7.70646,46.06971],[7.70814,46.0695],[7.70971,46.06903],[7.71023,46.06973],[7.7107,46.07066],[7.71167,46.07137],[7.71386,46.07233],[7.7153,46.07334],[7.71617,46.07275],[7.71804,46.07243],[7.71767,46.07166],[7.71834,46.07089],[7.71907,46.07091],[7.71844,46.07062],[7.71811,46.06976],[7.71719,46.06891],[7.7175,46.0683],[7.71808,46.06798],[7.7185,46.06796],[7.7189,46.06814],[7.71899,46.06856],[7.71934,46.06873],[7.72139,46.06846],[7.72153,46.06809],[7.72218,46.06809],[7.72231,46.06782],[7.72362,46.06791],[7.72414,46.0682],[7.72402,46.06866],[7.72413,46.06995],[7.72549,46.06888],[7.72603,46.06835],[7.72565,46.06528],[7.72631,46.06422],[7.72633,46.06322],[7.72603,46.06201],[7.72639,46.06158],[7.72781,46.06101],[7.72898,46.06],[7.7288,46.05877],[7.72914,46.05847],[7.72963,46.05839],[7.72971,46.05661],[7.73047,46.05613],[7.73278,46.05605],[7.73394,46.05612],[7.73431,46.05625],[7.73238,46.0574],[7.7315,46.05758],[7.73067,46.05785],[7.7304,46.05848],[7.73086,46.06094],[7.7311,46.06146],[7.73101,46.06203],[7.73176,46.06195],[7.73313,46.06159],[7.73399,46.06171],[7.73354,46.06117],[7.73358,46.0605],[7.73334,46.06024],[7.7338,46.05955],[7.73427,46.05905],[7.7352,46.05863],[7.73526,46.0594],[7.73589,46.05952],[7.73729,46.05855],[7.73798,46.05778],[7.73843,46.05652],[7.73782,46.05644],[7.73664,46.05648],[7.73559,46.05684],[7.73503,46.05681],[7.73579,46.05618],[7.73624,46.05564],[7.73831,46.05518],[7.7375,46.05427],[7.73722,46.05418],[7.73613,46.05439],[7.7352,46.05441],[7.73409,46.0542],[7.73262,46.05534],[7.73209,46.05529],[7.7318,46.05496],[7.72933,46.05439],[7.72805,46.05374],[7.72758,46.05335],[7.7269,46.05337],[7.72616,46.05366],[7.72583,46.05424],[7.72649,46.05474],[7.72806,46.05499],[7.72811,46.05626],[7.72768,46.05719],[7.72763,46.05801],[7.72737,46.05907],[7.72644,46.05996],[7.72588,46.06027],[7.72484,46.0605],[7.72329,46.06035],[7.72361,46.05911],[7.72401,46.05836],[7.72516,46.0583],[7.72579,46.05703],[7.72605,46.05559],[7.72544,46.0545],[7.72526,46.05383],[7.72511,46.05369],[7.72478,46.05365]],[[7.73456,46.05731],[7.73415,46.05761],[7.73383,46.05747],[7.73374,46.05724],[7.73512,46.05653],[7.73456,46.05731]]]}},{"type":"Feature","properties":{"name":null,"nameDe":null,"areaKm2":0.0164,"osmId":14863442},"geometry":{"type":"Polygon","coordinates":[[[7.6519,45.9804],[7.65128,45.98071],[7.65119,45.9814],[7.65081,45.98179],[7.65098,45.98204],[7.65118,45.98218],[7.65153,45.98217],[7.65285,45.98107],[7.6519,45.9804]]]}},{"type":"Feature","properties":{"name":"Zwillingsgletscher","nameDe":null,"areaKm2":4.6322,"osmId":14973909},"geometry":{"type":"MultiPolygon","coordinates":[[[[7.8108,45.93769],[7.81132,45.93752],[7.81133,45.93736],[7.81166,45.93706],[7.81189,45.9364],[7.81219,45.93611],[7.81302,45.93578],[7.81348,45.93584],[7.81391,45.936],[7.8142,45.93589],[7.81526,45.93584],[7.81548,45.93576],[7.81553,45.93523],[7.8161,45.93499],[7.81722,45.93504],[7.81723,45.9347],[7.81776,45.93367],[7.81692,45.93304],[7.81721,45.93276],[7.81646,45.93241],[7.81521,45.93269],[7.81498,45.93255],[7.81488,45.93225],[7.81428,45.93204],[7.81423,45.93171],[7.81382,45.93157],[7.81343,45.9316],[7.81333,45.93132],[7.81293,45.93112],[7.81275,45.93136],[7.81125,45.93196],[7.81089,45.93194],[7.81024,45.93283],[7.81036,45.93336],[7.8107,45.93372],[7.81108,45.93395],[7.81131,45.93428],[7.81158,45.93428],[7.81182,45.93474],[7.81174,45.93493],[7.811,45.93477],[7.81076,45.93479],[7.81061,45.93555],[7.81073,45.93572],[7.8107,45.936],[7.81045,45.9372],[7.8105,45.93757],[7.8108,45.93769]]],[[[7.79471,45.92205],[7.79524,45.92256],[7.79426,45.9225],[7.79429,45.92279],[7.79412,45.92295],[7.79347,45.92227],[7.79301,45.92216],[7.79177,45.92323],[7.79167,45.9239],[7.79229,45.92389],[7.79229,45.9247],[7.79333,45.92456],[7.79359,45.92505],[7.79331,45.92605],[7.7933,45.92665],[7.79427,45.92639],[7.79396,45.92695],[7.79359,45.927],[7.79318,45.92679],[7.79276,45.92635],[7.7921,45.9261],[7.79147,45.92562],[7.78911,45.92666],[7.78931,45.92742],[7.79081,45.92901],[7.7907,45.92926],[7.79056,45.92936],[7.79049,45.92908],[7.78993,45.9297],[7.78979,45.92998],[7.78995,45.93023],[7.78978,45.93092],[7.78987,45.93178],[7.789,45.93273],[7.78888,45.93357],[7.7887,45.93407],[7.78913,45.9341],[7.78912,45.93497],[7.78884,45.93554],[7.78917,45.93608],[7.78921,45.93737],[7.7895,45.93799],[7.78987,45.93868],[7.79089,45.9397],[7.7921,45.94196],[7.7932,45.94237],[7.7939,45.9425],[7.7946,45.94313],[7.79587,45.94465],[7.79699,45.94527],[7.79748,45.94739],[7.79766,45.95067],[7.79799,45.9527],[7.80081,45.95075],[7.80338,45.94817],[7.8051,45.94422],[7.8067,45.94151],[7.80536,45.94218],[7.80657,45.94079],[7.80707,45.94061],[7.80966,45.93893],[7.80977,45.93864],[7.80972,45.93816],[7.80993,45.93725],[7.81014,45.93701],[7.81007,45.93619],[7.80971,45.93601],[7.809,45.93547],[7.80845,45.9346],[7.80849,45.93359],[7.80872,45.93321],[7.8089,45.93239],[7.80884,45.93216],[7.80806,45.93161],[7.80787,45.93127],[7.80792,45.93094],[7.80947,45.93074],[7.81018,45.93089],[7.81048,45.9313],[7.81091,45.93115],[7.81145,45.93079],[7.81168,45.93053],[7.81203,45.93038],[7.8121,45.92987],[7.81183,45.92953],[7.81129,45.92957],[7.81108,45.92949],[7.81108,45.92924],[7.81074,45.92906],[7.81048,45.92912],[7.81004,45.93041],[7.80971,45.92921],[7.80909,45.92936],[7.80958,45.93048],[7.80888,45.93037],[7.80814,45.93043],[7.80807,45.92987],[7.80792,45.92965],[7.80797,45.92912],[7.80817,45.92908],[7.80801,45.92789],[7.809,45.92722],[7.80903,45.92695],[7.80885,45.92675],[7.80874,45.9263],[7.80854,45.92619],[7.80855,45.926],[7.80802,45.92612],[7.80811,45.92583],[7.80783,45.92569],[7.80784,45.92525],[7.80672,45.92524],[7.8068,45.92571],[7.80601,45.92575],[7.80516,45.92538],[7.80261,45.92385],[7.80276,45.92354],[7.80406,45.92369],[7.80475,45.92397],[7.80617,45.92475],[7.80708,45.92468],[7.80676,45.92464],[7.80664,45.92435],[7.80616,45.92433],[7.80612,45.92413],[7.80656,45.92397],[7.80745,45.92401],[7.8086,45.92431],[7.80931,45.92466],[7.8099,45.92461],[7.8114,45.92658],[7.81163,45.92707],[7.81162,45.92747],[7.81375,45.92725],[7.8148,45.92791],[7.81735,45.9277],[7.81803,45.92738],[7.81921,45.92712],[7.81869,45.92697],[7.81817,45.92633],[7.81663,45.92547],[7.81661,45.92512],[7.81585,45.92485],[7.81538,45.92446],[7.81513,45.92443],[7.81437,45.92383],[7.81401,45.92379],[7.81383,45.92365],[7.81289,45.92351],[7.81207,45.92292],[7.8095,45.92161],[7.80877,45.92131],[7.80875,45.92112],[7.80859,45.92102],[7.80796,45.92104],[7.80784,45.92077],[7.80725,45.92034],[7.80648,45.91947],[7.80595,45.9185],[7.80567,45.91819],[7.80561,45.91781],[7.80445,45.91709],[7.80435,45.91664],[7.8029,45.91621],[7.80126,45.91646],[7.80033,45.91682],[7.79966,45.91752],[7.79961,45.91799],[7.7984,45.91888],[7.79787,45.919],[7.79711,45.91975],[7.79507,45.91942],[7.79327,45.92088],[7.79332,45.92167],[7.79321,45.92177],[7.79411,45.92128],[7.79471,45.92205]]]]}},{"type":"Feature","properties":{"name":"Furgggletscher / Oberer Theodulgletscher","nameDe":null,"areaKm2":4.2964,"osmId":14973910},"geometry":{"type":"MultiPolygon","coordinates":[[[[7.68838,45.95523],[7.68776,45.95576],[7.6885,45.95643],[7.68906,45.95622],[7.68967,45.9561],[7.69037,45.95553],[7.69007,45.95513],[7.68919,45.95508],[7.68838,45.95523]]],[[[7.68413,45.95907],[7.68238,45.96027],[7.68246,45.96151],[7.68033,45.96406],[7.67982,45.96569],[7.67927,45.96703],[7.67961,45.96843],[7.67778,45.97063],[7.67631,45.97303],[7.6768,45.97402],[7.67703,45.97494],[7.67785,45.97574],[7.67863,45.97668],[7.679,45.97727],[7.68013,45.97772],[7.68376,45.97971],[7.68443,45.97911],[7.68477,45.97907],[7.68525,45.97928],[7.68501,45.97977],[7.68436,45.98015],[7.68448,45.98045],[7.68692,45.98082],[7.68726,45.97863],[7.68602,45.97728],[7.68503,45.97507],[7.68505,45.97479],[7.68555,45.97438],[7.68521,45.97116],[7.68647,45.9725],[7.68718,45.97186],[7.68768,45.97053],[7.68876,45.96856],[7.68985,45.96847],[7.68986,45.96688],[7.69019,45.96443],[7.68941,45.96374],[7.69012,45.96171],[7.69208,45.96142],[7.69333,45.96285],[7.69262,45.96405],[7.69334,45.96454],[7.69573,45.96271],[7.69553,45.96183],[7.69605,45.96056],[7.69663,45.95979],[7.69755,45.95929],[7.69806,45.95952],[7.69794,45.9603],[7.69867,45.96049],[7.69903,45.96113],[7.69855,45.96217],[7.69752,45.96289],[7.69697,45.96301],[7.69662,45.96338],[7.69661,45.96373],[7.69866,45.96468],[7.70069,45.965],[7.70157,45.96507],[7.70209,45.96464],[7.70285,45.96528],[7.70342,45.96652],[7.70516,45.96683],[7.70659,45.96569],[7.70879,45.96634],[7.70991,45.96614],[7.71078,45.96526],[7.7117,45.96476],[7.71189,45.96456],[7.71243,45.96425],[7.71288,45.96518],[7.71324,45.96548],[7.71332,45.96591],[7.71422,45.96579],[7.71461,45.96554],[7.7147,45.9652],[7.71494,45.96493],[7.71488,45.96466],[7.71416,45.96369],[7.71435,45.96333],[7.71506,45.96302],[7.71478,45.96236],[7.71477,45.96193],[7.71527,45.96181],[7.71585,45.96249],[7.71698,45.96331],[7.7177,45.9641],[7.71897,45.96379],[7.71912,45.96348],[7.71863,45.96199],[7.71907,45.96082],[7.71814,45.9594],[7.71829,45.95843],[7.71734,45.95745],[7.71774,45.95694],[7.71902,45.95718],[7.71933,45.95684],[7.71965,45.9548],[7.71861,45.95312],[7.71765,45.95216],[7.71741,45.95132],[7.71834,45.94959],[7.7127,45.94731],[7.71358,45.95045],[7.71129,45.95185],[7.71109,45.95236],[7.7111,45.9528],[7.71055,45.95338],[7.7102,45.95357],[7.70995,45.9534],[7.70998,45.95252],[7.70879,45.95121],[7.70683,45.95096],[7.70659,45.95011],[7.70577,45.95027],[7.70499,45.95078],[7.7044,45.95095],[7.70455,45.9514],[7.70662,45.95437],[7.706,45.95545],[7.70405,45.95558],[7.70352,45.95554],[7.70404,45.95499],[7.70362,45.95467],[7.7039,45.95412],[7.70157,45.95301],[7.70053,45.9532],[7.7003,45.95435],[7.70004,45.95459],[7.69654,45.95542],[7.69487,45.95564],[7.69318,45.95635],[7.69186,45.95663],[7.69102,45.9578],[7.68898,45.95788],[7.68784,45.95755],[7.6867,45.95787],[7.68647,45.95817],[7.68413,45.95907]],[[7.7107,45.95447],[7.71078,45.95455],[7.71089,45.95438],[7.71112,45.95473],[7.71088,45.95476],[7.71065,45.95469],[7.71051,45.95453],[7.7107,45.95447]],[[7.70177,45.96197],[7.70212,45.96154],[7.70288,45.96148],[7.70316,45.96219],[7.70447,45.96165],[7.70495,45.96189],[7.7049,45.96234],[7.7043,45.96307],[7.70386,45.96266],[7.70342,45.9627],[7.70203,45.96321],[7.70129,45.96287],[7.70177,45.96197]]]]}},{"type":"Feature","properties":{"name":"Findelgletscher","nameDe":null,"areaKm2":10.6852,"osmId":18040364},"geometry":{"type":"MultiPolygon","coordinates":[[[[7.8319,45.98921],[7.8285,45.99033],[7.82768,45.99222],[7.82904,45.99216],[7.8309,45.99075],[7.83176,45.99047],[7.83232,45.99104],[7.83749,45.98932],[7.83956,45.98859],[7.84035,45.98784],[7.83997,45.98657],[7.8396,45.98609],[7.83572,45.98673],[7.83336,45.98764],[7.83223,45.98821],[7.8319,45.98921]]],[[[7.83866,45.99282],[7.83969,45.99298],[7.84137,45.99225],[7.84214,45.99005],[7.84257,45.99027],[7.84453,45.99192],[7.84473,45.99293],[7.84526,45.99305],[7.84588,45.99236],[7.84701,45.99216],[7.84761,45.99307],[7.84751,45.99372],[7.84793,45.99437],[7.84812,45.99512],[7.84851,45.99581],[7.84888,45.99616],[7.84916,45.99626],[7.85076,45.9948],[7.85082,45.99394],[7.85356,45.99139],[7.85274,45.99041],[7.85077,45.99021],[7.85134,45.98954],[7.8525,45.98941],[7.85313,45.98971],[7.85549,45.98903],[7.85608,45.98916],[7.85685,45.98955],[7.85669,45.99151],[7.857,45.99305],[7.85523,45.99433],[7.85349,45.99641],[7.85185,45.99772],[7.84899,45.99854],[7.84628,45.99956],[7.84554,46.00112],[7.84531,46.00232],[7.84609,46.00199],[7.84801,46.00138],[7.84893,46.00179],[7.85055,46.00167],[7.84986,46.00277],[7.84844,46.00471],[7.84633,46.00656],[7.84426,46.00739],[7.84178,46.00769],[7.84064,46.0085],[7.83792,46.00876],[7.83642,46.0084],[7.83419,46.00901],[7.83487,46.00934],[7.83594,46.0096],[7.83821,46.00985],[7.84588,46.01024],[7.84861,46.00985],[7.85099,46.00928],[7.85339,46.00854],[7.85696,46.00685],[7.86099,46.00575],[7.86787,46.00414],[7.87035,46.00391],[7.87236,46.00382],[7.87397,46.00394],[7.87722,46.00363],[7.87934,46.00369],[7.8832,46.00315],[7.886,46.00356],[7.88683,46.00307],[7.89239,46.00333],[7.89593,46.00421],[7.9004,46.0032],[7.9056,46.00283],[7.90571,46.00151],[7.90616,45.9999],[7.90629,45.99898],[7.90746,45.99818],[7.90802,45.99649],[7.90695,45.99527],[7.90552,45.9917],[7.9036,45.98932],[7.90349,45.99019],[7.90237,45.98986],[7.90207,45.98932],[7.90272,45.98836],[7.90126,45.98755],[7.90107,45.98632],[7.89649,45.98394],[7.89615,45.98306],[7.89622,45.98243],[7.89413,45.98082],[7.89321,45.98169],[7.89135,45.98236],[7.8902,45.98254],[7.85405,45.9852],[7.84751,45.98581],[7.84262,45.98572],[7.84132,45.98687],[7.84104,45.98853],[7.83988,45.9895],[7.84013,45.99053],[7.83937,45.99194],[7.83866,45.99282]],[[7.89533,45.98518],[7.89595,45.98498],[7.89593,45.9852],[7.89552,45.9855],[7.89512,45.98566],[7.89454,45.98567],[7.89533,45.98518]],[[7.85948,45.98937],[7.85939,45.98898],[7.85978,45.98849],[7.85967,45.98798],[7.85905,45.98729],[7.85951,45.98656],[7.86042,45.98701],[7.8608,45.98762],[7.86067,45.98852],[7.86039,45.98928],[7.85982,45.98976],[7.85948,45.98937]],[[7.87891,45.98874],[7.87914,45.98872],[7.87926,45.98878],[7.87904,45.98901],[7.87858,45.98902],[7.87891,45.98874]],[[7.90398,45.99534],[7.90405,45.99513],[7.90469,45.99532],[7.90467,45.9956],[7.90433,45.99555],[7.90398,45.99534]]]]}},{"type":"Feature","properties":{"name":"Ghiacciaio del Monte Rosa","nameDe":null,"areaKm2":1.8092,"osmId":18070368},"geometry":{"type":"MultiPolygon","coordinates":[[[[7.87339,45.93282],[7.87145,45.93348],[7.87143,45.93414],[7.87228,45.93476],[7.87221,45.93538],[7.87171,45.93579],[7.87124,45.93598],[7.87215,45.9366],[7.87191,45.93714],[7.87189,45.9376],[7.87237,45.93835],[7.87292,45.93852],[7.87489,45.93852],[7.87883,45.93977],[7.8803,45.93993],[7.88144,45.94026],[7.88267,45.94039],[7.88325,45.94007],[7.88373,45.93943],[7.88374,45.93885],[7.88315,45.93856],[7.87953,45.93753],[7.87879,45.93809],[7.87734,45.9374],[7.87569,45.9374],[7.87559,45.93657],[7.87453,45.9359],[7.87419,45.93527],[7.87431,45.93401],[7.87461,45.93315],[7.87436,45.93266],[7.87339,45.93282]]],[[[7.88259,45.93606],[7.88191,45.93565],[7.88224,45.93525],[7.88412,45.9355],[7.8845,45.93501],[7.88512,45.93469],[7.88667,45.93514],[7.88713,45.93562],[7.88843,45.9355],[7.89015,45.93426],[7.89086,45.93426],[7.89176,45.93489],[7.89169,45.9358],[7.89194,45.93687],[7.8926,45.93775],[7.89197,45.93843],[7.89157,45.93929],[7.89206,45.94014],[7.89347,45.94119],[7.89403,45.94177],[7.89438,45.94247],[7.89576,45.94278],[7.89683,45.94379],[7.89828,45.94437],[7.90003,45.94591],[7.90134,45.94655],[7.90216,45.94743],[7.90261,45.94809],[7.90301,45.9484],[7.90378,45.94864],[7.90494,45.9487],[7.90621,45.94811],[7.90706,45.94719],[7.90861,45.94662],[7.90865,45.94525],[7.907,45.94441],[7.9051,45.94281],[7.9034,45.94211],[7.90268,45.94225],[7.90211,45.94199],[7.90136,45.94101],[7.90104,45.94017],[7.90052,45.9396],[7.89938,45.9394],[7.89915,45.93867],[7.8985,45.93773],[7.89835,45.93637],[7.8984,45.93529],[7.89806,45.93427],[7.8978,45.93396],[7.89729,45.93444],[7.89724,45.9351],[7.89693,45.93561],[7.89546,45.93364],[7.89542,45.93316],[7.89631,45.93273],[7.89514,45.93082],[7.89518,45.92811],[7.89424,45.92813],[7.89374,45.92799],[7.89317,45.92772],[7.89265,45.9272],[7.89164,45.92702],[7.89112,45.92683],[7.88976,45.92674],[7.889,45.92674],[7.88836,45.92683],[7.8882,45.92735],[7.88776,45.92781],[7.88827,45.92827],[7.88889,45.93077],[7.88744,45.93131],[7.88763,45.9319],[7.88843,45.9327],[7.88921,45.93368],[7.88688,45.93396],[7.88388,45.93401],[7.88172,45.93324],[7.88125,45.93257],[7.88072,45.93291],[7.87993,45.93308],[7.8798,45.93354],[7.88082,45.93463],[7.88019,45.93476],[7.87911,45.93452],[7.87825,45.93345],[7.87687,45.93326],[7.87667,45.93352],[7.87668,45.93444],[7.87857,45.93592],[7.88151,45.93684],[7.88259,45.93606]]]]}},{"type":"Feature","properties":{"name":"Wandgletscher","nameDe":null,"areaKm2":0.3888,"osmId":18078658},"geometry":{"type":"MultiPolygon","coordinates":[[[[7.8694,46.04911],[7.86895,46.04819],[7.86848,46.04749],[7.8656,46.04754],[7.8645,46.0479],[7.86236,46.04906],[7.86117,46.04928],[7.86,46.05006],[7.86006,46.05019],[7.86212,46.05066],[7.86265,46.05051],[7.86363,46.04974],[7.86648,46.05011],[7.8694,46.04911]]],[[[7.86292,46.05145],[7.86626,46.05192],[7.86658,46.0521],[7.86677,46.05233],[7.8657,46.0527],[7.86476,46.05255],[7.86337,46.05271],[7.86227,46.05301],[7.86118,46.0535],[7.86114,46.05389],[7.86154,46.05448],[7.86235,46.05483],[7.85995,46.05531],[7.86179,46.0555],[7.86281,46.05529],[7.86429,46.05512],[7.86487,46.05434],[7.86666,46.05407],[7.86735,46.0543],[7.86856,46.05438],[7.87136,46.05162],[7.86933,46.05202],[7.86912,46.05187],[7.87071,46.05081],[7.87069,46.04974],[7.86983,46.04966],[7.86801,46.05031],[7.86574,46.05048],[7.86365,46.05101],[7.86292,46.05145]]]]}},{"type":"Feature","properties":{"name":"Glacier de Moming","nameDe":"Mominggletscher","areaKm2":0.9697,"osmId":18226902},"geometry":{"type":"MultiPolygon","coordinates":[[[[7.67727,46.08542],[7.67704,46.08438],[7.67598,46.08601],[7.67577,46.08739],[7.67676,46.08792],[7.67702,46.08796],[7.67808,46.08721],[7.67727,46.08542]]],[[[7.67436,46.093],[7.67526,46.0932],[7.67562,46.09361],[7.67618,46.09347],[7.67859,46.09133],[7.68133,46.08978],[7.68425,46.08883],[7.68562,46.0899],[7.6872,46.09021],[7.68842,46.08977],[7.68946,46.08906],[7.69107,46.08813],[7.69286,46.08769],[7.6946,46.08698],[7.69482,46.0863],[7.69627,46.08561],[7.69616,46.08497],[7.69668,46.08425],[7.69697,46.08348],[7.69474,46.08208],[7.69489,46.08169],[7.69369,46.08169],[7.6906,46.08109],[7.6882,46.08133],[7.68614,46.08169],[7.68339,46.0824],[7.68162,46.083],[7.68172,46.08356],[7.68243,46.08394],[7.68399,46.08413],[7.68532,46.08457],[7.68531,46.08592],[7.68183,46.08844],[7.67855,46.08843],[7.67647,46.0892],[7.67378,46.09239],[7.67436,46.093]]]]}},{"type":"Feature","properties":{"name":"Ghiacciaio Sud delle Locce","nameDe":null,"areaKm2":0.392,"osmId":20805264},"geometry":{"type":"MultiPolygon","coordinates":[[[[7.9114,45.91951],[7.91125,45.9197],[7.91054,45.91974],[7.91034,45.92005],[7.91034,45.92006],[7.91146,45.92079],[7.91222,45.92104],[7.91255,45.9215],[7.91254,45.92192],[7.91268,45.92222],[7.9132,45.92228],[7.91435,45.92202],[7.91529,45.92153],[7.91939,45.92045],[7.91968,45.9199],[7.91934,45.91931],[7.91881,45.9188],[7.91795,45.91858],[7.91681,45.91864],[7.91617,45.91816],[7.91505,45.91805],[7.91361,45.91821],[7.91265,45.91881],[7.91082,45.91913],[7.91082,45.91936],[7.9114,45.91951]]],[[[7.91032,45.92041],[7.9101,45.9207],[7.90944,45.92056],[7.90858,45.92049],[7.90812,45.92089],[7.90819,45.92151],[7.90855,45.92205],[7.90812,45.92253],[7.90698,45.92266],[7.90642,45.92252],[7.90566,45.92272],[7.90497,45.9232],[7.90399,45.92366],[7.90353,45.92347],[7.9029,45.92291],[7.90226,45.92291],[7.90157,45.92343],[7.90125,45.924],[7.90023,45.92404],[7.89945,45.92435],[7.89896,45.92474],[7.89741,45.92471],[7.89678,45.92514],[7.89681,45.92563],[7.89757,45.92559],[7.8984,45.92536],[7.89916,45.92539],[7.90018,45.92572],[7.9017,45.92538],[7.90226,45.92498],[7.90242,45.92434],[7.90297,45.92402],[7.90414,45.92441],[7.9051,45.92485],[7.90601,45.92498],[7.90687,45.92466],[7.90837,45.92374],[7.90957,45.92287],[7.91018,45.92221],[7.91055,45.92164],[7.91111,45.92116],[7.91127,45.92085],[7.91034,45.92006],[7.91032,45.92041]]]]}},{"type":"Feature","properties":{"name":"Ghiacciaio delle Vigne","nameDe":null,"areaKm2":0.9297,"osmId":20805265},"geometry":{"type":"Polygon","coordinates":[[[7.89394,45.91901],[7.89368,45.92028],[7.89364,45.92104],[7.89333,45.92139],[7.89168,45.92164],[7.88795,45.92161],[7.88699,45.92143],[7.88592,45.92097],[7.88471,45.92119],[7.88354,45.92087],[7.87998,45.92163],[7.88034,45.92197],[7.88041,45.92315],[7.88076,45.92369],[7.88167,45.92418],[7.88211,45.92486],[7.88352,45.9257],[7.88515,45.92577],[7.88681,45.92483],[7.89127,45.92543],[7.89175,45.92525],[7.89371,45.92588],[7.89473,45.92604],[7.89475,45.92563],[7.89432,45.92503],[7.89262,45.92464],[7.89321,45.9243],[7.89386,45.92284],[7.89489,45.92267],[7.89525,45.92306],[7.89579,45.92296],[7.89629,45.92236],[7.89893,45.92139],[7.90209,45.92156],[7.90327,45.92058],[7.90238,45.91975],[7.9017,45.91864],[7.90106,45.91731],[7.90066,45.91616],[7.89691,45.9139],[7.89498,45.91487],[7.8928,45.91752],[7.89333,45.91787],[7.89394,45.91901]]]}},{"type":"Feature","properties":{"name":"Hohberggletscher","nameDe":null,"areaKm2":2.4699,"osmId":21052944},"geometry":{"type":"Polygon","coordinates":[[[7.82332,46.11288],[7.82376,46.113],[7.82351,46.11319],[7.82376,46.11336],[7.82352,46.11346],[7.82283,46.11353],[7.82264,46.11366],[7.82281,46.11386],[7.82266,46.11409],[7.82285,46.11427],[7.82267,46.11461],[7.82244,46.11473],[7.8229,46.11525],[7.82363,46.11529],[7.82421,46.1158],[7.82757,46.11579],[7.82853,46.1156],[7.83085,46.11537],[7.83272,46.11531],[7.8348,46.11514],[7.83686,46.11546],[7.83732,46.11502],[7.83831,46.11456],[7.84031,46.11325],[7.84191,46.11249],[7.8425,46.11092],[7.84532,46.10833],[7.84836,46.10842],[7.85351,46.10842],[7.8566,46.10859],[7.85922,46.1081],[7.86175,46.10619],[7.86346,46.10516],[7.86555,46.10341],[7.86666,46.10232],[7.86728,46.10157],[7.86621,46.09969],[7.86568,46.09904],[7.86218,46.09791],[7.86248,46.09715],[7.86115,46.09668],[7.86158,46.09607],[7.86011,46.09536],[7.85945,46.0947],[7.85846,46.0944],[7.85668,46.09506],[7.85587,46.09634],[7.85522,46.09829],[7.85355,46.10006],[7.85322,46.10077],[7.8551,46.10091],[7.85599,46.1012],[7.85451,46.10234],[7.85305,46.10227],[7.85141,46.1024],[7.85102,46.10193],[7.85119,46.10133],[7.85081,46.10063],[7.84973,46.10104],[7.84828,46.10194],[7.84592,46.10395],[7.84218,46.10344],[7.8426,46.10448],[7.83982,46.10643],[7.83718,46.10924],[7.83631,46.10954],[7.83475,46.11096],[7.83324,46.11158],[7.83068,46.11159],[7.82918,46.11091],[7.82609,46.11207],[7.82335,46.11166],[7.82285,46.1118],[7.82257,46.11225],[7.82264,46.11254],[7.82332,46.11288]],[[7.85842,46.10125],[7.85883,46.10129],[7.85927,46.10152],[7.8593,46.10178],[7.85898,46.10206],[7.85814,46.10217],[7.85788,46.10175],[7.85792,46.10138],[7.85842,46.10125]]]}}]}